// Generated by photo2header.py - do not edit by hand.
// Speaker avatar 360x360 RGB565 (Bayer 8x8 dither).
#pragma once
#include <stdint.h>

static const uint16_t SPEAKER_PHOTO[129600] = {
  0x2945,0x2965,0x2945,0x2965,0x2945,0x2965,0x2945,0x2965,0x2945,0x2965,0x2945,0x2965,0x2945,0x2965,0x2945,0x2965,
  0x2945,0x2965,0x2945,0x2945,0x2144,0x2945,0x2945,0x2945,0x2144,0x2945,0x2144,0x2945,0x2144,0x2965,0x2945,0x2965,
  0x2945,0x2965,0x2945,0x2965,0x2144,0x2945,0x2945,0x2945,0x2144,0x2945,0x2945,0x2945,0x2144,0x2945,0x2144,0x2945,
  0x2144,0x2945,0x2144,0x2945,0x2144,0x2945,0x2144,0x2945,0x2144,0x2945,0x2144,0x2945,0x2124,0x2945,0x2124,0x2945,
  0x2124,0x2945,0x2124,0x2945,0x2124,0x2945,0x2124,0x2945,0x2144,0x2945,0x2124,0x2925,0x2124,0x2124,0x2124,0x2945,
  0x2124,0x2945,0x2124,0x2925,0x2124,0x2124,0x2124,0x2925,0x2124,0x2124,0x2124,0x2945,0x2124,0x2124,0x2104,0x2124,
  0x2104,0x2124,0x2104,0x2124,0x1903,0x2124,0x2104,0x2124,0x2104,0x2124,0x2104,0x2124,0x2104,0x2124,0x2104,0x2104,
  0x1903,0x2124,0x2104,0x2124,0x2104,0x2124,0x2104,0x2104,0x1903,0x2104,0x2104,0x2104,0x1903,0x2104,0x1903,0x2104,
  0x1903,0x2104,0x2104,0x2104,0x1903,0x2104,0x1903,0x2104,0x18e3,0x2104,0x1903,0x2104,0x1903,0x2104,0x1903,0x2104,
  0x18e3,0x2104,0x18e3,0x2104,0x18e3,0x2104,0x18e3,0x2104,0x18e3,0x18e3,0x18e3,0x20e4,0x18e3,0x2104,0x18e3,0x20e4,
  0x18e3,0x18e3,0x18e3,0x20e4,0x18e3,0x2104,0x18e3,0x18e3,0x18e3,0x18e3,0x18e3,0x18e3,0x18e3,0x18e3,0x18c3,0x18e3,
  0x18c3,0x18e3,0x18c3,0x18c3,0x18c3,0x18e3,0x18c3,0x18c3,0x10c2,0x18e3,0x18c3,0x18c3,0x10c2,0x18c3,0x18c3,0x18c3,
  0x10c2,0x18c3,0x10c2,0x18c3,0x10a2,0x18c3,0x10a2,0x18c3,0x10c2,0x18c3,0x10c2,0x18c3,0x10c2,0x18c3,0x10a2,0x18c3,
  0x10a2,0x18c3,0x10a2,0x18c3,0x10a2,0x18c3,0x10a2,0x18c3,0x10a2,0x18c3,0x10a2,0x18c3,0x10a2,0x18c3,0x10a2,0x18c3,
  0x10a2,0x18c3,0x10a2,0x18c3,0x10a2,0x18c3,0x10a2,0x10a2,0x10a2,0x10a2,0x10a2,0x10a2,0x10a2,0x10a2,0x10a2,0x10a2,
  0x10a2,0x10a2,0x1082,0x10a2,0x1082,0x10a2,0x1082,0x10a2,0x10a2,0x10a2,0x1082,0x10a2,0x1082,0x10a2,0x1082,0x10a2,
  0x1082,0x10a2,0x1082,0x10a2,0x1082,0x10a2,0x1082,0x10a2,0x1082,0x1082,0x1082,0x1082,0x0881,0x1082,0x1082,0x1082,
  0x0881,0x1082,0x1082,0x1082,0x0881,0x1082,0x1082,0x1082,0x0881,0x1082,0x1082,0x1082,0x0881,0x1082,0x0881,0x1082,
  0x0881,0x1082,0x0881,0x1082,0x0881,0x1082,0x0881,0x1082,0x0881,0x1082,0x0881,0x1082,0x0881,0x1082,0x0861,0x1082,
  0x0861,0x1082,0x0861,0x1082,0x0861,0x1082,0x0861,0x1082,0x0861,0x1082,0x0861,0x1082,0x0861,0x1082,0x0861,0x1082,
  0x0861,0x1082,0x0861,0x1082,0x0861,0x0861,0x0861,0x1082,0x0861,0x0861,0x0861,0x1062,0x0861,0x0861,0x0861,0x1062,
  0x0861,0x0861,0x0861,0x1062,0x0861,0x0861,0x0861,0x1062,0x0861,0x0861,0x0861,0x0861,0x0841,0x0861,0x0841,0x0861,
  0x0861,0x0861,0x0861,0x0861,0x0861,0x0861,0x0861,0x0861,0x2965,0x2945,0x2965,0x2945,0x2965,0x2945,0x3166,0x2945,
  0x2965,0x2945,0x2965,0x2945,0x2965,0x2945,0x2965,0x2945,0x2965,0x2945,0x2965,0x2945,0x2965,0x2945,0x2965,0x2945,
  0x2965,0x2945,0x2965,0x2945,0x2965,0x2945,0x2965,0x2945,0x2965,0x2945,0x2965,0x2945,0x2965,0x2945,0x2965,0x2945,
  0x2965,0x2945,0x2965,0x2945,0x2945,0x2945,0x2945,0x2945,0x2945,0x2945,0x2945,0x2945,0x2945,0x2945,0x2945,0x2945,
  0x2945,0x2945,0x2945,0x2945,0x2945,0x2144,0x2945,0x2945,0x2945,0x2144,0x2945,0x2945,0x2945,0x2124,0x2945,0x2124,
  0x2945,0x2124,0x2945,0x2124,0x2925,0x2124,0x2945,0x2124,0x2945,0x2124,0x2945,0x2124,0x2945,0x2124,0x2945,0x2124,
  0x2945,0x2124,0x2945,0x2124,0x2925,0x2124,0x2925,0x2104,0x2124,0x2124,0x2925,0x2124,0x2124,0x2124,0x2925,0x2124,
  0x2124,0x2124,0x2925,0x2124,0x2124,0x2104,0x2124,0x2104,0x2124,0x2104,0x2124,0x2104,0x2124,0x2104,0x2124,0x2104,
  0x2124,0x2104,0x2124,0x2104,0x2124,0x2104,0x2104,0x2104,0x2104,0x2104,0x2104,0x2104,0x2124,0x2104,0x2104,0x2104,
  0x2104,0x2104,0x2104,0x2104,0x2104,0x2104,0x2104,0x2104,0x2104,0x1903,0x2104,0x18e3,0x2104,0x18e3,0x2104,0x2104,
  0x2104,0x18e3,0x2104,0x18e3,0x2104,0x1903,0x2104,0x18e3,0x2104,0x18e3,0x2104,0x18e3,0x2104,0x18e3,0x2104,0x18e3,
  0x20e4,0x18e3,0x20e4,0x18e3,0x2104,0x18e3,0x20e4,0x18e3,0x18e3,0x18e3,0x18e3,0x18c3,0x18e3,0x18c3,0x18e3,0x18c3,
  0x18e3,0x18c3,0x18e3,0x18c3,0x18e3,0x18c3,0x18e3,0x18c3,0x18c3,0x18c3,0x18c3,0x18c3,0x18c3,0x10c2,0x18c3,0x18c3,
  0x18c3,0x18c3,0x18c3,0x18c3,0x18c3,0x10c2,0x18c3,0x18c3,0x18c3,0x10c2,0x18c3,0x18c3,0x18c3,0x10c2,0x18c3,0x10a2,
  0x18c3,0x10a2,0x18c3,0x10a2,0x18c3,0x10c2,0x18c3,0x18c3,0x18c3,0x10a2,0x18c3,0x10a2,0x18c3,0x10a2,0x18c3,0x10a2,
  0x18a3,0x10a2,0x18a3,0x10a2,0x18a3,0x10a2,0x18a3,0x10a2,0x18a3,0x10a2,0x18a3,0x10a2,0x10a2,0x10a2,0x10a2,0x1082,
  0x18a3,0x10a2,0x18a3,0x1082,0x10a2,0x10a2,0x18a3,0x10a2,0x10a2,0x1082,0x10a2,0x1082,0x10a2,0x1082,0x10a2,0x1082,
  0x10a2,0x1082,0x10a2,0x1082,0x10a2,0x1082,0x10a2,0x1082,0x10a2,0x1082,0x10a2,0x1082,0x10a2,0x1082,0x10a2,0x1082,
  0x10a2,0x1082,0x10a2,0x1082,0x10a2,0x1082,0x1082,0x1082,0x1082,0x1082,0x1082,0x1082,0x1082,0x1082,0x1082,0x1082,
  0x1082,0x1082,0x1082,0x1082,0x1082,0x1082,0x1082,0x1082,0x1082,0x0881,0x1082,0x1082,0x1082,0x0881,0x1082,0x1082,
  0x1082,0x0881,0x1082,0x1082,0x1082,0x0881,0x1082,0x0861,0x1082,0x0861,0x1082,0x0861,0x1082,0x0861,0x1082,0x0861,
  0x1082,0x0861,0x1082,0x0861,0x1082,0x0861,0x1082,0x0861,0x1082,0x0861,0x1082,0x0861,0x1082,0x0861,0x1082,0x0861,
  0x1082,0x0861,0x1062,0x0861,0x0861,0x0861,0x1062,0x0861,0x1062,0x0861,0x1062,0x0861,0x1062,0x0861,0x1062,0x0861,
  0x2945,0x2965,0x2945,0x2965,0x2945,0x2965,0x2945,0x2965,0x2945,0x2965,0x2945,0x2965,0x2945,0x2965,0x2945,0x2965,
  0x2945,0x2965,0x2945,0x2965,0x2945,0x2945,0x2945,0x2945,0x2945,0x2945,0x2144,0x2945,0x2945,0x2965,0x2945,0x2965,
  0x2945,0x2965,0x2945,0x2965,0x2945,0x2945,0x2144,0x2945,0x2945,0x2945,0x2144,0x2945,0x2144,0x2945,0x2144,0x2945,
  0x2144,0x2945,0x2144,0x2945,0x2144,0x2945,0x2144,0x2945,0x2144,0x2945,0x2144,0x2945,0x2124,0x2945,0x2124,0x2945,
  0x2124,0x2945,0x2124,0x2945,0x2124,0x2945,0x2124,0x2945,0x2124,0x2945,0x2124,0x2124,0x2124,0x2945,0x2124,0x2124,
  0x2124,0x2925,0x2124,0x2124,0x2124,0x2925,0x2124,0x2945,0x2124,0x2925,0x2124,0x2124,0x2104,0x2124,0x2124,0x2124,
  0x2104,0x2124,0x2124,0x2124,0x2104,0x2124,0x2104,0x2124,0x2104,0x2124,0x2104,0x2124,0x2104,0x2124,0x2104,0x2104,
  0x2104,0x2124,0x2104,0x2124,0x2104,0x2124,0x2104,0x2104,0x2104,0x2104,0x1903,0x2104,0x2104,0x2104,0x1903,0x2104,
  0x1903,0x2104,0x18e3,0x2104,0x2104,0x2104,0x1903,0x2104,0x1903,0x2104,0x1903,0x2104,0x1903,0x2104,0x1903,0x2104,
  0x18e3,0x2104,0x18e3,0x2104,0x18e3,0x2104,0x18e3,0x2104,0x18e3,0x2104,0x18e3,0x18e3,0x18e3,0x2104,0x18e3,0x18e3,
  0x18e3,0x20e4,0x18e3,0x18e3,0x18e3,0x20e4,0x18e3,0x18e3,0x18e3,0x18e3,0x18e3,0x18e3,0x18e3,0x18e3,0x18e3,0x18e3,
  0x18c3,0x18e3,0x18c3,0x18e3,0x18c3,0x18e3,0x10c2,0x18c3,0x18c3,0x18e3,0x18c3,0x18c3,0x18c3,0x18c3,0x10c2,0x18c3,
  0x10c2,0x18c3,0x10c2,0x18c3,0x10c2,0x18c3,0x10a2,0x18c3,0x10c2,0x18c3,0x10c2,0x18c3,0x10c2,0x18c3,0x10a2,0x18c3,
  0x10a2,0x18c3,0x10a2,0x18c3,0x10a2,0x18c3,0x10a2,0x18c3,0x10a2,0x18c3,0x10a2,0x18c3,0x10a2,0x18c3,0x10a2,0x18c3,
  0x10a2,0x18a3,0x10a2,0x10a2,0x10a2,0x18a3,0x10a2,0x10a2,0x10a2,0x18a3,0x10a2,0x10a2,0x10a2,0x18a3,0x10a2,0x10a2,
  0x10a2,0x10a2,0x10a2,0x10a2,0x1082,0x10a2,0x1082,0x10a2,0x10a2,0x10a2,0x1082,0x10a2,0x1082,0x10a2,0x1082,0x10a2,
  0x1082,0x10a2,0x1082,0x10a2,0x1082,0x10a2,0x1082,0x10a2,0x1082,0x1082,0x0881,0x1082,0x1082,0x1082,0x0881,0x1082,
  0x1082,0x1082,0x0881,0x1082,0x1082,0x1082,0x0881,0x1082,0x1082,0x1082,0x0881,0x1082,0x1082,0x1082,0x0881,0x1082,
  0x0881,0x1082,0x0881,0x1082,0x0881,0x1082,0x0881,0x1082,0x0881,0x1082,0x0881,0x1082,0x0881,0x1082,0x0861,0x1082,
  0x0861,0x1082,0x0861,0x1082,0x0861,0x1082,0x0861,0x1082,0x0861,0x1082,0x0861,0x1082,0x0861,0x1082,0x0861,0x1082,
  0x0861,0x1082,0x0861,0x1082,0x0861,0x1062,0x0861,0x1082,0x0861,0x1062,0x0861,0x0861,0x0861,0x1062,0x0861,0x0861,
  0x0861,0x0861,0x0861,0x0861,0x0861,0x1062,0x0861,0x0861,0x0861,0x1062,0x0861,0x0861,0x0841,0x0861,0x0841,0x0861,
  0x0861,0x0861,0x0861,0x0861,0x0861,0x0861,0x0861,0x0861,0x3166,0x2965,0x2965,0x2945,0x3166,0x2965,0x2965,0x2945,
  0x2965,0x2945,0x2965,0x2945,0x2965,0x2945,0x2965,0x2945,0x2965,0x2945,0x2965,0x2945,0x3166,0x2965,0x2965,0x2945,
  0x2965,0x2945,0x2965,0x2945,0x2965,0x2945,0x2965,0x2945,0x2965,0x2945,0x2965,0x2945,0x2965,0x2945,0x2965,0x2945,
  0x2965,0x2945,0x2965,0x2945,0x2945,0x2945,0x2945,0x2945,0x2945,0x2945,0x2945,0x2945,0x2945,0x2945,0x2945,0x2945,
  0x2945,0x2945,0x2945,0x2144,0x2945,0x2945,0x2945,0x2144,0x2945,0x2945,0x2945,0x2144,0x2945,0x2124,0x2945,0x2124,
  0x2945,0x2124,0x2945,0x2124,0x2945,0x2124,0x2945,0x2124,0x2945,0x2124,0x2945,0x2124,0x2945,0x2124,0x2945,0x2124,
  0x2945,0x2124,0x2925,0x2124,0x2925,0x2124,0x2945,0x2124,0x2925,0x2124,0x2925,0x2124,0x2124,0x2104,0x2124,0x2104,
  0x2124,0x2104,0x2124,0x2104,0x2124,0x2104,0x2124,0x2104,0x2124,0x2104,0x2124,0x2124,0x2925,0x2124,0x2124,0x2104,
  0x2124,0x2104,0x2124,0x2104,0x2124,0x2104,0x2104,0x2104,0x2104,0x2104,0x2104,0x2104,0x2124,0x2104,0x2124,0x2104,
  0x2124,0x2104,0x2104,0x2104,0x2104,0x2104,0x2104,0x2104,0x2104,0x2104,0x2104,0x18e3,0x2104,0x18e3,0x2104,0x18e3,
  0x2104,0x18e3,0x2104,0x18e3,0x2104,0x18e3,0x2104,0x18e3,0x2104,0x18e3,0x2104,0x18e3,0x2104,0x18e3,0x2104,0x18e3,
  0x20e4,0x18e3,0x20e4,0x18e3,0x20e4,0x18e3,0x20e4,0x18e3,0x20e4,0x18e3,0x18e3,0x18e3,0x18e3,0x18c3,0x18e3,0x18c3,
  0x18e3,0x18c3,0x18e3,0x18c3,0x18e3,0x18c3,0x18e3,0x18c3,0x18c3,0x18c3,0x18c3,0x18c3,0x18c3,0x18c3,0x18c3,0x18c3,
  0x18c3,0x18c3,0x18c3,0x18c3,0x18c3,0x18c3,0x18c3,0x10c2,0x18c3,0x18c3,0x18c3,0x10c2,0x18c3,0x18c3,0x18c3,0x10a2,
  0x18c3,0x18c3,0x18c3,0x10a2,0x18c3,0x10a2,0x18c3,0x10a2,0x18c3,0x10a2,0x18c3,0x10a2,0x18a3,0x10a2,0x18c3,0x10a2,
  0x18c3,0x10a2,0x18c3,0x10a2,0x18c3,0x10a2,0x18c3,0x10a2,0x18a3,0x10a2,0x18a3,0x10a2,0x18a3,0x10a2,0x10a2,0x1082,
  0x18a3,0x10a2,0x10a2,0x1082,0x18a3,0x10a2,0x10a2,0x10a2,0x10a2,0x1082,0x10a2,0x1082,0x10a2,0x1082,0x10a2,0x1082,
  0x10a2,0x1082,0x10a2,0x1082,0x10a2,0x1082,0x10a2,0x1082,0x10a2,0x1082,0x10a2,0x1082,0x10a2,0x1082,0x10a2,0x1082,
  0x10a2,0x1082,0x10a2,0x1082,0x10a2,0x1082,0x1082,0x1082,0x1082,0x1082,0x1082,0x1082,0x1082,0x1082,0x1082,0x1082,
  0x1082,0x1082,0x1082,0x1082,0x1082,0x1082,0x1082,0x0881,0x1082,0x1082,0x1082,0x0881,0x1082,0x1082,0x1082,0x0881,
  0x1082,0x1082,0x1082,0x0881,0x1082,0x1082,0x1082,0x0861,0x1082,0x0861,0x1082,0x0861,0x1082,0x0861,0x1082,0x0861,
  0x1082,0x0861,0x1082,0x0861,0x1082,0x0861,0x1082,0x0861,0x1082,0x0861,0x1082,0x0861,0x1082,0x0861,0x1082,0x0861,
  0x1082,0x0861,0x1062,0x0861,0x1062,0x0861,0x0861,0x0861,0x1062,0x0861,0x1062,0x0861,0x1062,0x0861,0x1062,0x0861,
  0x2965,0x2965,0x2945,0x2965,0x2945,0x2965,0x2965,0x2965,0x2945,0x2965,0x2945,0x2965,0x2945,0x2965,0x2945,0x2965,
  0x2945,0x2965,0x2945,0x2965,0x2945,0x2965,0x2945,0x2965,0x2945,0x2945,0x2945,0x2965,0x2945,0x2965,0x2945,0x2965,
  0x2945,0x2965,0x2945,0x2965,0x2144,0x2945,0x2945,0x2965,0x2144,0x2945,0x2144,0x2945,0x2144,0x2945,0x2144,0x2945,
  0x2144,0x2945,0x2144,0x2945,0x2144,0x2945,0x2144,0x2945,0x2144,0x2945,0x2144,0x2945,0x2124,0x2945,0x2124,0x2945,
  0x2124,0x2945,0x2124,0x2945,0x2124,0x2945,0x2124,0x2945,0x2124,0x2945,0x2124,0x2945,0x2124,0x2945,0x2124,0x2925,
  0x2124,0x2124,0x2124,0x2925,0x2124,0x2945,0x2124,0x2124,0x2124,0x2124,0x2124,0x2925,0x2124,0x2124,0x2124,0x2124,
  0x2104,0x2124,0x2124,0x2124,0x2104,0x2124,0x2104,0x2124,0x2104,0x2124,0x2104,0x2124,0x2104,0x2124,0x2104,0x2124,
  0x2104,0x2124,0x2104,0x2104,0x1903,0x2104,0x2104,0x2104,0x1903,0x2104,0x2104,0x2104,0x1903,0x2104,0x1903,0x2104,
  0x1903,0x2104,0x18e3,0x2104,0x1903,0x2104,0x2104,0x2104,0x1903,0x2104,0x1903,0x2104,0x1903,0x2104,0x1903,0x2104,
  0x18e3,0x2104,0x18e3,0x2104,0x18e3,0x2104,0x18e3,0x2104,0x18e3,0x2104,0x18e3,0x2104,0x18e3,0x2104,0x18e3,0x2104,
  0x18e3,0x18e3,0x18e3,0x20e4,0x18e3,0x18e3,0x18e3,0x20e4,0x18e3,0x18e3,0x18e3,0x18e3,0x18e3,0x18e3,0x18c3,0x18e3,
  0x18c3,0x18e3,0x18c3,0x18e3,0x18c3,0x18e3,0x18c3,0x18e3,0x18c3,0x18e3,0x18c3,0x18c3,0x10c2,0x18c3,0x18c3,0x18c3,
  0x10c2,0x18c3,0x18c3,0x18c3,0x10c2,0x18c3,0x10c2,0x18c3,0x10c2,0x18c3,0x10c2,0x18c3,0x10c2,0x18c3,0x10a2,0x18c3,
  0x10a2,0x18c3,0x10a2,0x18c3,0x10a2,0x18c3,0x10a2,0x18c3,0x10a2,0x18c3,0x10a2,0x18c3,0x10a2,0x18c3,0x10a2,0x18c3,
  0x10a2,0x10a2,0x10a2,0x18a3,0x10a2,0x10a2,0x10a2,0x18a3,0x10a2,0x10a2,0x10a2,0x18a3,0x10a2,0x10a2,0x10a2,0x18a3,
  0x10a2,0x10a2,0x10a2,0x10a2,0x10a2,0x10a2,0x1082,0x10a2,0x10a2,0x10a2,0x1082,0x10a2,0x1082,0x10a2,0x1082,0x10a2,
  0x1082,0x10a2,0x1082,0x10a2,0x1082,0x10a2,0x1082,0x10a2,0x1082,0x1082,0x1082,0x1082,0x0881,0x1082,0x1082,0x1082,
  0x0881,0x1082,0x1082,0x1082,0x0881,0x1082,0x1082,0x1082,0x0881,0x1082,0x1082,0x1082,0x0881,0x1082,0x0881,0x1082,
  0x0881,0x1082,0x0881,0x1082,0x0881,0x1082,0x0881,0x1082,0x0881,0x1082,0x0881,0x1082,0x0881,0x1082,0x0861,0x1082,
  0x0861,0x1082,0x0861,0x1082,0x0861,0x1082,0x0861,0x1082,0x0861,0x1082,0x0861,0x1082,0x0861,0x1082,0x0861,0x1082,
  0x0861,0x1082,0x0861,0x1082,0x0861,0x0861,0x0861,0x1082,0x0861,0x0861,0x0861,0x1062,0x0861,0x0861,0x0861,0x1062,
  0x0861,0x0861,0x0861,0x1062,0x0861,0x0861,0x0861,0x1062,0x0861,0x0861,0x0861,0x0861,0x0841,0x0861,0x0841,0x0861,
  0x0861,0x0861,0x0861,0x0861,0x0861,0x0861,0x0861,0x0861,0x3166,0x2965,0x3166,0x2965,0x2965,0x2965,0x3166,0x2965,
  0x2965,0x2965,0x3166,0x2965,0x2965,0x2965,0x2965,0x2945,0x2965,0x2965,0x3166,0x2965,0x3166,0x2965,0x3166,0x2945,
  0x2965,0x2945,0x2965,0x2945,0x2965,0x2945,0x2965,0x2945,0x2965,0x2945,0x2965,0x2945,0x2945,0x2945,0x2965,0x2945,
  0x2965,0x2945,0x2945,0x2945,0x2945,0x2945,0x2945,0x2945,0x2945,0x2945,0x2945,0x2945,0x2945,0x2945,0x2945,0x2945,
  0x2945,0x2945,0x2945,0x2945,0x2945,0x2144,0x2945,0x2945,0x2945,0x2144,0x2945,0x2945,0x2945,0x2124,0x2945,0x2124,
  0x2945,0x2144,0x2945,0x2945,0x2945,0x2124,0x2945,0x2124,0x2945,0x2124,0x2945,0x2124,0x2945,0x2124,0x2925,0x2124,
  0x2945,0x2124,0x2945,0x2124,0x2945,0x2124,0x2945,0x2124,0x2925,0x2124,0x2945,0x2124,0x2124,0x2124,0x2925,0x2124,
  0x2124,0x2124,0x2925,0x2124,0x2124,0x2124,0x2925,0x2104,0x2124,0x2124,0x2925,0x2104,0x2124,0x2104,0x2104,0x2104,
  0x2104,0x2104,0x2124,0x2104,0x2124,0x2104,0x2104,0x2104,0x2104,0x2104,0x2104,0x2104,0x2124,0x2104,0x2104,0x2104,
  0x2104,0x2104,0x2104,0x2104,0x2104,0x2104,0x2104,0x2104,0x2104,0x1903,0x2104,0x18e3,0x2104,0x18e3,0x2104,0x18e3,
  0x2104,0x18e3,0x2104,0x2104,0x2104,0x18e3,0x2104,0x18e3,0x2104,0x18e3,0x2104,0x18e3,0x20e4,0x18e3,0x2104,0x18e3,
  0x2104,0x18e3,0x2104,0x18e3,0x18e3,0x18e3,0x20e4,0x18e3,0x20e4,0x18e3,0x18e3,0x18e3,0x18e3,0x18e3,0x18e3,0x18c3,
  0x18e3,0x18e3,0x20e4,0x18c3,0x18e3,0x18c3,0x18e3,0x18c3,0x18c3,0x18c3,0x18e3,0x18c3,0x18e3,0x18c3,0x18c3,0x18c3,
  0x18e3,0x18c3,0x18c3,0x18c3,0x18c3,0x10c2,0x18c3,0x18c3,0x18c3,0x10c2,0x18c3,0x18c3,0x18c3,0x10c2,0x18c3,0x10a2,
  0x18c3,0x10c2,0x18c3,0x18c3,0x18c3,0x10a2,0x18c3,0x18c3,0x18c3,0x10a2,0x18c3,0x10a2,0x18c3,0x10a2,0x18c3,0x10a2,
  0x18a3,0x10a2,0x18a3,0x10a2,0x18a3,0x10a2,0x18c3,0x10a2,0x18c3,0x10a2,0x18c3,0x10a2,0x18a3,0x10a2,0x10a2,0x1082,
  0x18a3,0x10a2,0x18a3,0x1082,0x10a2,0x10a2,0x18a3,0x10a2,0x10a2,0x1082,0x10a2,0x1082,0x10a2,0x1082,0x10a2,0x1082,
  0x10a2,0x1082,0x10a2,0x1082,0x10a2,0x1082,0x10a2,0x1082,0x10a2,0x1082,0x10a2,0x1082,0x10a2,0x1082,0x10a2,0x1082,
  0x10a2,0x1082,0x10a2,0x1082,0x10a2,0x1082,0x1082,0x1082,0x1082,0x1082,0x1082,0x1082,0x1082,0x1082,0x1082,0x1082,
  0x1082,0x1082,0x1082,0x1082,0x1082,0x1082,0x1082,0x1082,0x1082,0x0881,0x1082,0x1082,0x1082,0x0881,0x1082,0x1082,
  0x1082,0x0881,0x1082,0x1082,0x1082,0x0881,0x1082,0x0861,0x1082,0x0861,0x1082,0x0861,0x1082,0x0861,0x1082,0x0861,
  0x1082,0x0861,0x1082,0x0861,0x1082,0x0861,0x1082,0x0861,0x1082,0x0861,0x1082,0x0861,0x1082,0x0861,0x1082,0x0861,
  0x1082,0x0861,0x1062,0x0861,0x0861,0x0861,0x1062,0x0861,0x1062,0x0861,0x1062,0x0861,0x1062,0x0861,0x1062,0x0861,
  0x2965,0x2965,0x2945,0x2965,0x2945,0x2965,0x2965,0x2965,0x2945,0x2965,0x2945,0x2965,0x2945,0x2965,0x2945,0x2965,
  0x2945,0x2965,0x2945,0x2965,0x2965,0x2965,0x2945,0x2965,0x2945,0x2965,0x2945,0x2965,0x2945,0x2965,0x2945,0x2965,
  0x2945,0x2965,0x2945,0x2965,0x2144,0x2945,0x2945,0x2965,0x2945,0x2945,0x2144,0x2945,0x2144,0x2945,0x2144,0x2945,
  0x2144,0x2945,0x2144,0x2945,0x2144,0x2945,0x2144,0x2945,0x2144,0x2945,0x2144,0x2945,0x2124,0x2945,0x2124,0x2945,
  0x2124,0x2945,0x2124,0x2945,0x2124,0x2945,0x2124,0x2945,0x2124,0x2945,0x2144,0x2945,0x2124,0x2925,0x2124,0x2945,
  0x2124,0x2945,0x2124,0x2124,0x2124,0x2124,0x2124,0x2945,0x2124,0x2945,0x2124,0x2124,0x2124,0x2124,0x2124,0x2124,
  0x2124,0x2124,0x2124,0x2124,0x2104,0x2124,0x2104,0x2124,0x2104,0x2124,0x2104,0x2124,0x2104,0x2124,0x2104,0x2124,
  0x2104,0x2124,0x2104,0x2124,0x2104,0x2124,0x2104,0x2124,0x2104,0x2104,0x1903,0x2104,0x2104,0x2104,0x1903,0x2104,
  0x1903,0x2104,0x1903,0x2104,0x2104,0x2104,0x1903,0x2104,0x18e3,0x2104,0x1903,0x2104,0x1903,0x2104,0x1903,0x2104,
  0x18e3,0x2104,0x18e3,0x2104,0x18e3,0x2104,0x18e3,0x18e3,0x18e3,0x2104,0x18e3,0x2104,0x18e3,0x20e4,0x18e3,0x2104,
  0x18e3,0x20e4,0x18e3,0x18e3,0x18e3,0x18e3,0x18e3,0x18e3,0x18e3,0x20e4,0x18e3,0x18e3,0x18c3,0x20e4,0x18e3,0x18e3,
  0x18e3,0x18e3,0x18e3,0x18e3,0x18c3,0x18e3,0x18c3,0x18e3,0x18c3,0x18e3,0x18c3,0x18c3,0x18c3,0x18c3,0x10c2,0x18c3,
  0x10c2,0x18c3,0x10c2,0x18c3,0x18c3,0x18c3,0x10c2,0x18c3,0x18c3,0x18c3,0x10c2,0x18c3,0x10c2,0x18c3,0x10a2,0x18c3,
  0x10a2,0x18c3,0x10a2,0x18c3,0x10a2,0x18c3,0x10a2,0x18c3,0x10c2,0x18c3,0x10a2,0x18c3,0x10a2,0x18a3,0x10a2,0x18c3,
  0x10a2,0x18c3,0x10a2,0x18c3,0x10a2,0x18c3,0x10a2,0x10a2,0x10a2,0x10a2,0x10a2,0x10a2,0x10a2,0x18a3,0x10a2,0x10a2,
  0x10a2,0x18a3,0x10a2,0x10a2,0x10a2,0x10a2,0x1082,0x10a2,0x10a2,0x10a2,0x1082,0x10a2,0x1082,0x10a2,0x1082,0x10a2,
  0x1082,0x10a2,0x1082,0x10a2,0x1082,0x10a2,0x1082,0x10a2,0x1082,0x1082,0x0881,0x1082,0x1082,0x1082,0x0881,0x1082,
  0x1082,0x1082,0x0881,0x1082,0x1082,0x1082,0x0881,0x1082,0x1082,0x1082,0x0881,0x1082,0x1082,0x1082,0x0881,0x1082,
  0x0881,0x1082,0x0881,0x1082,0x0881,0x1082,0x0881,0x1082,0x0881,0x1082,0x0881,0x1082,0x0881,0x1082,0x0861,0x1082,
  0x0861,0x1082,0x0861,0x1082,0x0861,0x1082,0x0861,0x1082,0x0861,0x1082,0x0861,0x1082,0x0861,0x1082,0x0861,0x1082,
  0x0861,0x1082,0x0861,0x1082,0x0861,0x1062,0x0861,0x1082,0x0861,0x1062,0x0861,0x0861,0x0861,0x1062,0x0861,0x0861,
  0x0861,0x0861,0x0861,0x0861,0x0861,0x1062,0x0861,0x0861,0x0861,0x1062,0x0861,0x0861,0x0841,0x0861,0x0841,0x0861,
  0x0861,0x0861,0x0861,0x0861,0x0861,0x0861,0x0861,0x0861,0x2965,0x2965,0x2965,0x2965,0x3166,0x2965,0x3166,0x2965,
  0x3166,0x2965,0x3166,0x2965,0x3166,0x2965,0x3166,0x2965,0x3166,0x2965,0x2965,0x2945,0x2965,0x2945,0x2965,0x2945,
  0x2965,0x2945,0x2965,0x2945,0x2965,0x2945,0x2965,0x2945,0x2965,0x2945,0x2965,0x2945,0x2965,0x2945,0x2965,0x2945,
  0x2945,0x2945,0x2965,0x2945,0x2945,0x2945,0x2945,0x2945,0x2945,0x2945,0x2945,0x2945,0x2945,0x2945,0x2945,0x2945,
  0x2945,0x2945,0x2945,0x2144,0x2945,0x2945,0x2945,0x2124,0x2945,0x2124,0x2945,0x2124,0x2945,0x2945,0x2965,0x2945,
  0x2945,0x2945,0x2945,0x2945,0x2945,0x2945,0x2945,0x2124,0x2945,0x2124,0x2945,0x2124,0x2945,0x2124,0x2945,0x2124,
  0x2945,0x2124,0x2945,0x2124,0x2945,0x2124,0x2945,0x2124,0x2925,0x2124,0x2925,0x2124,0x2945,0x2104,0x2124,0x2124,
  0x2925,0x2124,0x2925,0x2124,0x2124,0x2104,0x2124,0x2104,0x2124,0x2104,0x2124,0x2104,0x2124,0x2104,0x2124,0x2104,
  0x2124,0x2124,0x2124,0x2104,0x2124,0x2104,0x2124,0x2104,0x2124,0x2104,0x2124,0x2104,0x2124,0x2104,0x2124,0x2104,
  0x2124,0x2104,0x2104,0x2104,0x2104,0x2104,0x2104,0x1903,0x2104,0x2104,0x2104,0x2104,0x2104,0x2104,0x2104,0x18e3,
  0x2104,0x18e3,0x2104,0x18e3,0x2104,0x18e3,0x2104,0x18e3,0x2104,0x18e3,0x2104,0x18e3,0x2104,0x18e3,0x2104,0x18e3,
  0x2104,0x18e3,0x2104,0x18e3,0x20e4,0x18e3,0x2104,0x18e3,0x2104,0x18e3,0x2104,0x18e3,0x2104,0x18e3,0x20e4,0x18e3,
  0x18e3,0x18c3,0x18e3,0x18c3,0x18e3,0x18c3,0x18e3,0x18c3,0x18e3,0x18c3,0x18e3,0x18c3,0x18e3,0x18c3,0x18e3,0x18c3,
  0x18c3,0x18c3,0x18e3,0x18c3,0x18c3,0x18c3,0x18c3,0x18c3,0x18c3,0x18c3,0x18c3,0x18c3,0x18c3,0x18c3,0x18c3,0x10c2,
  0x18c3,0x18c3,0x18c3,0x10c2,0x18c3,0x10a2,0x18c3,0x10c2,0x18c3,0x18c3,0x18c3,0x10a2,0x18c3,0x10a2,0x18c3,0x10a2,
  0x18c3,0x10a2,0x18c3,0x10a2,0x18c3,0x10a2,0x18c3,0x10a2,0x18a3,0x10a2,0x18a3,0x10a2,0x18a3,0x10a2,0x10a2,0x1082,
  0x18a3,0x10a2,0x10a2,0x1082,0x18a3,0x10a2,0x10a2,0x10a2,0x18a3,0x10a2,0x10a2,0x10a2,0x18a3,0x10a2,0x10a2,0x1082,
  0x10a2,0x1082,0x10a2,0x1082,0x10a2,0x1082,0x10a2,0x1082,0x10a2,0x1082,0x10a2,0x1082,0x10a2,0x1082,0x10a2,0x1082,
  0x10a2,0x1082,0x10a2,0x1082,0x10a2,0x1082,0x10a2,0x1082,0x10a2,0x1082,0x10a2,0x1082,0x10a2,0x1082,0x1082,0x1082,
  0x1082,0x1082,0x1082,0x1082,0x1082,0x1082,0x1082,0x1082,0x1082,0x1082,0x1082,0x0881,0x1082,0x1082,0x1082,0x0881,
  0x1082,0x1082,0x1082,0x0881,0x1082,0x1082,0x1082,0x0881,0x1082,0x1082,0x1082,0x0881,0x1082,0x0861,0x1082,0x0861,
  0x1082,0x0861,0x1082,0x0861,0x1082,0x0861,0x1082,0x0861,0x1082,0x0861,0x1082,0x0861,0x1062,0x0861,0x1062,0x0861,
  0x1062,0x0861,0x1062,0x0861,0x1062,0x0861,0x1062,0x0861,0x1062,0x0861,0x0861,0x0861,0x1062,0x0861,0x0861,0x0841,
  0x2945,0x2965,0x2945,0x2965,0x2965,0x2965,0x2965,0x2965,0x2965,0x2965,0x2965,0x2965,0x2965,0x2965,0x2965,0x3186,
  0x2965,0x2965,0x2965,0x2965,0x2965,0x2965,0x2945,0x2965,0x2945,0x2965,0x2945,0x2965,0x2945,0x2965,0x2945,0x2965,
  0x2945,0x2965,0x2945,0x2965,0x2945,0x2965,0x2945,0x2945,0x2144,0x2945,0x2945,0x2945,0x2144,0x2945,0x2144,0x2945,
  0x2144,0x2945,0x2144,0x2945,0x2144,0x2945,0x2144,0x2945,0x2144,0x2945,0x2124,0x2945,0x2124,0x2945,0x2124,0x2945,
  0x2124,0x2945,0x2124,0x2945,0x2124,0x2945,0x2124,0x2945,0x2124,0x2945,0x2124,0x2945,0x2124,0x2945,0x2124,0x2945,
  0x2124,0x2945,0x2124,0x2925,0x2124,0x2124,0x2124,0x2945,0x2124,0x2124,0x2124,0x2925,0x2124,0x2124,0x2124,0x2124,
  0x2104,0x2124,0x2104,0x2124,0x2104,0x2124,0x2104,0x2124,0x2124,0x2124,0x2124,0x2124,0x2104,0x2124,0x2104,0x2124,
  0x2104,0x2124,0x2104,0x2124,0x2104,0x2124,0x2104,0x2104,0x1903,0x2124,0x2104,0x2124,0x2104,0x2124,0x2104,0x2104,
  0x1903,0x2104,0x2104,0x2104,0x1903,0x2104,0x2104,0x2104,0x1903,0x2104,0x1903,0x2104,0x1903,0x2104,0x18e3,0x2104,
  0x18e3,0x2104,0x1903,0x2104,0x1903,0x2104,0x18e3,0x2104,0x18e3,0x2104,0x18e3,0x2104,0x18e3,0x18e3,0x18e3,0x2104,
  0x18e3,0x2104,0x18e3,0x2104,0x18e3,0x18e3,0x18e3,0x2104,0x18e3,0x18e3,0x18e3,0x18e3,0x18e3,0x18e3,0x18e3,0x20e4,
  0x18e3,0x18e3,0x18e3,0x18e3,0x18e3,0x18e3,0x18e3,0x18e3,0x18c3,0x18e3,0x18c3,0x18e3,0x18c3,0x18e3,0x18c3,0x18e3,
  0x18c3,0x18c3,0x18c3,0x18c3,0x10c2,0x18c3,0x18c3,0x18c3,0x10c2,0x18c3,0x18c3,0x18c3,0x10c2,0x18c3,0x10c2,0x18c3,
  0x10c2,0x18c3,0x10c2,0x18c3,0x10a2,0x18c3,0x10a2,0x18c3,0x10a2,0x18c3,0x10a2,0x18c3,0x10a2,0x18c3,0x10a2,0x18c3,
  0x10a2,0x18c3,0x10a2,0x18c3,0x10a2,0x18c3,0x10a2,0x18a3,0x10a2,0x10a2,0x10a2,0x18a3,0x10a2,0x10a2,0x10a2,0x10a2,
  0x1082,0x10a2,0x10a2,0x10a2,0x1082,0x10a2,0x1082,0x10a2,0x10a2,0x10a2,0x10a2,0x10a2,0x1082,0x10a2,0x1082,0x10a2,
  0x1082,0x10a2,0x1082,0x10a2,0x1082,0x10a2,0x1082,0x10a2,0x1082,0x10a2,0x1082,0x10a2,0x1082,0x10a2,0x1082,0x10a2,
  0x1082,0x10a2,0x1082,0x10a2,0x0881,0x1082,0x1082,0x1082,0x0881,0x10a2,0x1082,0x10a2,0x0881,0x1082,0x1082,0x1082,
  0x0881,0x1082,0x1082,0x1082,0x0881,0x1082,0x0881,0x1082,0x0881,0x1082,0x0881,0x1082,0x0881,0x1082,0x0881,0x1082,
  0x0881,0x1082,0x0861,0x1082,0x0861,0x1082,0x0861,0x1082,0x0861,0x1082,0x0861,0x1082,0x0861,0x1082,0x0861,0x1082,
  0x0861,0x1082,0x0861,0x1082,0x0861,0x1082,0x0861,0x1082,0x0861,0x1082,0x0861,0x1082,0x0861,0x1082,0x0861,0x1082,
  0x0861,0x1082,0x0861,0x1062,0x0861,0x0861,0x0861,0x0861,0x0861,0x0861,0x0861,0x0861,0x0861,0x0861,0x0861,0x0861,
  0x0861,0x0861,0x0841,0x0861,0x0841,0x0861,0x0841,0x0861,0x3166,0x2965,0x3166,0x2965,0x2965,0x2965,0x3166,0x2965,
  0x3166,0x2965,0x3166,0x2965,0x3166,0x2965,0x3186,0x2965,0x3166,0x2965,0x3166,0x2965,0x2965,0x2965,0x3166,0x2965,
  0x2965,0x2945,0x2965,0x2945,0x2965,0x2965,0x3166,0x2965,0x2965,0x2945,0x2965,0x2945,0x2965,0x2945,0x2965,0x2945,
  0x2965,0x2945,0x2965,0x2945,0x2945,0x2945,0x2945,0x2945,0x2945,0x2945,0x2945,0x2945,0x2945,0x2945,0x2945,0x2945,
  0x2945,0x2945,0x2945,0x2124,0x2945,0x2124,0x2945,0x2945,0x2945,0x2945,0x2945,0x2945,0x2945,0x2124,0x2945,0x2124,
  0x2945,0x2124,0x2945,0x2124,0x2945,0x2124,0x2945,0x2124,0x2945,0x2124,0x2945,0x2124,0x2945,0x2124,0x2945,0x2124,
  0x2945,0x2124,0x2945,0x2124,0x2945,0x2124,0x2925,0x2124,0x2124,0x2124,0x2925,0x2124,0x2925,0x2104,0x2925,0x2124,
  0x2925,0x2124,0x2925,0x2124,0x2124,0x2124,0x2925,0x2124,0x2124,0x2124,0x2925,0x2124,0x2925,0x2124,0x2124,0x2104,
  0x2124,0x2104,0x2124,0x2104,0x2124,0x2104,0x2124,0x2104,0x2124,0x2104,0x2124,0x2104,0x2124,0x2104,0x2124,0x2104,
  0x2124,0x2104,0x2104,0x2104,0x2104,0x1903,0x2104,0x2104,0x2104,0x2104,0x2104,0x2104,0x2104,0x1903,0x2104,0x18e3,
  0x2104,0x18e3,0x2104,0x18e3,0x2104,0x18e3,0x2104,0x2104,0x2104,0x1903,0x2104,0x18e3,0x2104,0x18e3,0x2104,0x18e3,
  0x2104,0x18e3,0x2104,0x18e3,0x2104,0x18e3,0x2104,0x18e3,0x20e4,0x18e3,0x20e4,0x18e3,0x18e3,0x18e3,0x20e4,0x18e3,
  0x18e3,0x18e3,0x20e4,0x18c3,0x18e3,0x18c3,0x20e4,0x18c3,0x18e3,0x18c3,0x18e3,0x18c3,0x18e3,0x18c3,0x18e3,0x18c3,
  0x18e3,0x18c3,0x18e3,0x18c3,0x18c3,0x18c3,0x18c3,0x18c3,0x18c3,0x18c3,0x18c3,0x18c3,0x18c3,0x10c2,0x18c3,0x18c3,
  0x18c3,0x10c2,0x18c3,0x18c3,0x18c3,0x10a2,0x18c3,0x18c3,0x18c3,0x10c2,0x18c3,0x10a2,0x18c3,0x10a2,0x18c3,0x10a2,
  0x18c3,0x10a2,0x18c3,0x10a2,0x18c3,0x10a2,0x18c3,0x10a2,0x18a3,0x10a2,0x18c3,0x10a2,0x10a2,0x10a2,0x18a3,0x10a2,
  0x18c3,0x10a2,0x18c3,0x10a2,0x10a2,0x10a2,0x18a3,0x10a2,0x10a2,0x10a2,0x18a3,0x10a2,0x10a2,0x10a2,0x18a3,0x1082,
  0x10a2,0x1082,0x10a2,0x1082,0x10a2,0x1082,0x10a2,0x1082,0x10a2,0x1082,0x10a2,0x1082,0x10a2,0x1082,0x10a2,0x1082,
  0x10a2,0x1082,0x10a2,0x1082,0x10a2,0x1082,0x10a2,0x1082,0x10a2,0x1082,0x10a2,0x1082,0x10a2,0x1082,0x1082,0x1082,
  0x1082,0x1082,0x1082,0x1082,0x1082,0x1082,0x1082,0x1082,0x1082,0x0881,0x1082,0x1082,0x1082,0x0881,0x1082,0x1082,
  0x1082,0x0881,0x1082,0x1082,0x1082,0x0881,0x1082,0x1082,0x1082,0x0881,0x1082,0x1082,0x1082,0x0861,0x1082,0x0861,
  0x1082,0x0861,0x1082,0x0861,0x1082,0x0861,0x1082,0x0861,0x1082,0x0861,0x1082,0x0861,0x1082,0x0861,0x1062,0x0861,
  0x1062,0x0861,0x1062,0x0861,0x1062,0x0861,0x1062,0x0861,0x1062,0x0861,0x1062,0x0861,0x0861,0x0861,0x1062,0x0861,
  0x2965,0x2965,0x2965,0x2965,0x2945,0x2965,0x2945,0x2965,0x2965,0x2965,0x2965,0x2965,0x2965,0x2965,0x2945,0x2965,
  0x2945,0x2965,0x2945,0x2965,0x2945,0x2965,0x2965,0x2965,0x2945,0x2965,0x2945,0x2965,0x2945,0x2965,0x2965,0x2965,
  0x2945,0x2965,0x2945,0x2965,0x2945,0x2965,0x2945,0x2945,0x2945,0x2945,0x2144,0x2945,0x2144,0x2945,0x2144,0x2945,
  0x2144,0x2945,0x2144,0x2945,0x2144,0x2945,0x2144,0x2945,0x2144,0x2945,0x2144,0x2945,0x2124,0x2945,0x2124,0x2945,
  0x2945,0x2945,0x2144,0x2945,0x2124,0x2945,0x2124,0x2945,0x2124,0x2945,0x2124,0x2945,0x2124,0x2945,0x2124,0x2945,
  0x2124,0x2945,0x2124,0x2945,0x2124,0x2925,0x2124,0x2945,0x2124,0x2925,0x2124,0x2124,0x2124,0x2925,0x2124,0x2124,
  0x2124,0x2925,0x2124,0x2124,0x2124,0x2124,0x2104,0x2124,0x2124,0x2124,0x2104,0x2124,0x2104,0x2124,0x2104,0x2124,
  0x2104,0x2124,0x2104,0x2124,0x2104,0x2124,0x2104,0x2104,0x2104,0x2104,0x2104,0x2124,0x2104,0x2124,0x1903,0x2104,
  0x2104,0x2104,0x1903,0x2104,0x2104,0x2104,0x1903,0x2104,0x2104,0x2104,0x1903,0x2104,0x1903,0x2104,0x18e3,0x2104,
  0x1903,0x2104,0x1903,0x2104,0x1903,0x2104,0x18e3,0x2104,0x18e3,0x2104,0x18e3,0x2104,0x18e3,0x2104,0x18e3,0x2104,
  0x18e3,0x2104,0x18e3,0x2104,0x18e3,0x2104,0x18e3,0x18e3,0x18e3,0x20e4,0x18e3,0x18e3,0x18e3,0x18e3,0x18e3,0x18e3,
  0x18e3,0x18e3,0x18c3,0x18e3,0x18c3,0x18e3,0x18c3,0x18e3,0x18c3,0x18e3,0x18e3,0x18e3,0x18c3,0x18e3,0x18c3,0x18e3,
  0x18c3,0x18c3,0x18c3,0x18e3,0x18c3,0x18c3,0x10c2,0x18c3,0x18c3,0x18c3,0x10c2,0x18c3,0x10c2,0x18c3,0x10c2,0x18c3,
  0x10c2,0x18c3,0x10c2,0x18c3,0x10a2,0x18c3,0x10a2,0x18c3,0x10a2,0x18c3,0x10a2,0x18c3,0x10a2,0x18c3,0x10a2,0x18c3,
  0x10a2,0x18c3,0x10a2,0x18c3,0x10a2,0x18c3,0x10a2,0x18c3,0x10a2,0x18c3,0x10a2,0x18c3,0x10a2,0x18c3,0x10a2,0x10a2,
  0x10a2,0x18a3,0x10a2,0x10a2,0x1082,0x10a2,0x1082,0x10a2,0x10a2,0x18c3,0x10a2,0x10a2,0x1082,0x10a2,0x1082,0x10a2,
  0x1082,0x10a2,0x1082,0x10a2,0x1082,0x10a2,0x1082,0x10a2,0x1082,0x10a2,0x1082,0x10a2,0x1082,0x10a2,0x1082,0x10a2,
  0x1082,0x10a2,0x1082,0x10a2,0x1082,0x1082,0x0881,0x1082,0x1082,0x10a2,0x1082,0x10a2,0x1082,0x1082,0x0881,0x1082,
  0x1082,0x1082,0x0881,0x1082,0x1082,0x1082,0x0881,0x1082,0x0881,0x1082,0x0881,0x1082,0x0881,0x1082,0x0881,0x1082,
  0x0881,0x1082,0x0861,0x1082,0x0861,0x1082,0x0861,0x1082,0x0861,0x1082,0x0861,0x1082,0x0861,0x1082,0x0861,0x1082,
  0x0861,0x1082,0x0861,0x1082,0x0861,0x1082,0x0861,0x1082,0x0861,0x1082,0x0861,0x1082,0x0861,0x1082,0x0861,0x1082,
  0x0861,0x1082,0x0861,0x0861,0x0861,0x1062,0x0861,0x0861,0x0861,0x0861,0x0861,0x0861,0x0861,0x0861,0x0861,0x0861,
  0x0861,0x0861,0x0861,0x0861,0x0841,0x0861,0x0841,0x0861,0x3186,0x2965,0x3166,0x2965,0x3166,0x2965,0x2965,0x2965,
  0x3166,0x2965,0x3166,0x2965,0x3166,0x2965,0x3166,0x2965,0x3166,0x2965,0x2965,0x2965,0x3166,0x2965,0x3166,0x2965,
  0x3166,0x2945,0x2965,0x2965,0x3166,0x2945,0x2965,0x2945,0x2965,0x2945,0x2965,0x2945,0x2965,0x2945,0x2965,0x2945,
  0x2965,0x2945,0x2965,0x2945,0x2965,0x2945,0x2965,0x2945,0x2965,0x2945,0x2965,0x2945,0x2965,0x2945,0x2965,0x2945,
  0x2965,0x2945,0x2945,0x2124,0x2945,0x2124,0x2945,0x2945,0x2965,0x2124,0x2945,0x2144,0x2945,0x2945,0x2945,0x2144,
  0x2945,0x2124,0x2945,0x2124,0x2945,0x2124,0x2945,0x2144,0x2945,0x2124,0x2945,0x2124,0x2945,0x2124,0x2945,0x2124,
  0x2945,0x2124,0x2945,0x2124,0x2945,0x2124,0x2945,0x2124,0x2945,0x2124,0x2945,0x2124,0x2945,0x2124,0x2925,0x2124,
  0x2925,0x2124,0x2124,0x2124,0x2925,0x2124,0x2124,0x2124,0x2925,0x2124,0x2124,0x2104,0x2124,0x2104,0x2124,0x2104,
  0x2124,0x2124,0x2124,0x2104,0x2124,0x2104,0x2124,0x2104,0x2124,0x2104,0x2124,0x2104,0x2124,0x2104,0x2124,0x2104,
  0x2124,0x2104,0x2104,0x2104,0x2104,0x2104,0x2104,0x1903,0x2104,0x2104,0x2104,0x2104,0x2104,0x2104,0x2104,0x1903,
  0x2104,0x2104,0x2104,0x18e3,0x2104,0x18e3,0x2104,0x18e3,0x2104,0x18e3,0x2104,0x18e3,0x2104,0x18e3,0x2104,0x18e3,
  0x2104,0x18e3,0x2104,0x18e3,0x2104,0x18e3,0x20e4,0x18e3,0x20e4,0x18e3,0x18e3,0x18e3,0x20e4,0x18e3,0x18e3,0x18e3,
  0x20e4,0x18e3,0x20e4,0x18c3,0x18e3,0x18c3,0x18e3,0x18c3,0x18e3,0x18c3,0x18e3,0x18c3,0x18e3,0x18c3,0x18e3,0x18c3,
  0x18e3,0x18c3,0x18e3,0x18c3,0x18c3,0x18c3,0x18c3,0x18c3,0x18c3,0x18c3,0x18c3,0x18c3,0x18c3,0x18c3,0x18c3,0x10c2,
  0x18c3,0x18c3,0x18c3,0x10c2,0x18c3,0x10a2,0x18c3,0x10c2,0x18c3,0x18c3,0x18c3,0x10a2,0x18c3,0x10a2,0x18c3,0x10a2,
  0x18c3,0x10a2,0x18c3,0x10a2,0x18c3,0x10a2,0x18c3,0x10a2,0x18a3,0x10a2,0x18c3,0x10a2,0x18a3,0x10a2,0x18a3,0x10a2,
  0x18a3,0x10a2,0x10a2,0x1082,0x18a3,0x10a2,0x10a2,0x10a2,0x18a3,0x10a2,0x10a2,0x10a2,0x18a3,0x10a2,0x10a2,0x1082,
  0x10a2,0x1082,0x10a2,0x1082,0x10a2,0x1082,0x10a2,0x1082,0x10a2,0x1082,0x10a2,0x1082,0x10a2,0x1082,0x10a2,0x1082,
  0x10a2,0x1082,0x10a2,0x1082,0x10a2,0x1082,0x10a2,0x1082,0x10a2,0x1082,0x10a2,0x1082,0x10a2,0x1082,0x1082,0x1082,
  0x1082,0x1082,0x1082,0x1082,0x1082,0x1082,0x1082,0x1082,0x1082,0x1082,0x1082,0x0881,0x1082,0x1082,0x1082,0x0881,
  0x1082,0x1082,0x1082,0x0881,0x1082,0x1082,0x1082,0x0881,0x1082,0x1082,0x1082,0x0881,0x1082,0x0861,0x1082,0x0861,
  0x1082,0x0861,0x1082,0x0861,0x1082,0x0861,0x1082,0x0861,0x1082,0x0861,0x1082,0x0861,0x1082,0x0861,0x1082,0x0861,
  0x1082,0x0861,0x1062,0x0861,0x1062,0x0861,0x1062,0x0861,0x1062,0x0861,0x1062,0x0861,0x1062,0x0861,0x0861,0x0861,
  0x2965,0x2965,0x2945,0x2965,0x2945,0x2965,0x2965,0x2965,0x2965,0x2965,0x2965,0x2965,0x2965,0x2965,0x2945,0x2965,
  0x2945,0x2965,0x2945,0x2965,0x2945,0x2965,0x2965,0x2965,0x2945,0x2965,0x2945,0x2965,0x2945,0x2945,0x2945,0x2965,
  0x2945,0x2965,0x2945,0x2965,0x2144,0x2945,0x2945,0x2965,0x2945,0x2965,0x2945,0x2945,0x2144,0x2945,0x2945,0x2945,
  0x2144,0x2945,0x2945,0x2945,0x2144,0x2945,0x2945,0x2945,0x2144,0x2945,0x2144,0x2945,0x2124,0x2945,0x2124,0x2945,
  0x2144,0x2945,0x2124,0x2945,0x2124,0x2945,0x2144,0x2945,0x2124,0x2945,0x2124,0x2945,0x2124,0x2945,0x2124,0x2945,
  0x2124,0x2945,0x2124,0x2945,0x2124,0x2945,0x2124,0x2945,0x2124,0x2124,0x2124,0x2925,0x2124,0x2124,0x2124,0x2124,
  0x2124,0x2124,0x2124,0x2124,0x2124,0x2124,0x2124,0x2124,0x2104,0x2124,0x2104,0x2124,0x2104,0x2124,0x2104,0x2124,
  0x2104,0x2124,0x2104,0x2124,0x2104,0x2124,0x2104,0x2124,0x2104,0x2124,0x2104,0x2124,0x2104,0x2124,0x2104,0x2104,
  0x1903,0x2104,0x2104,0x2104,0x1903,0x2104,0x2104,0x2104,0x1903,0x2104,0x1903,0x2104,0x1903,0x2104,0x18e3,0x2104,
  0x1903,0x2104,0x1903,0x2104,0x18e3,0x2104,0x1903,0x2104,0x18e3,0x2104,0x18e3,0x2104,0x18e3,0x2104,0x18e3,0x2104,
  0x18e3,0x18e3,0x18e3,0x20e4,0x18e3,0x18e3,0x18e3,0x20e4,0x18e3,0x18e3,0x18e3,0x2104,0x18e3,0x18e3,0x18e3,0x20e4,
  0x18e3,0x18e3,0x18e3,0x18e3,0x18c3,0x18e3,0x18c3,0x18e3,0x18c3,0x18e3,0x18c3,0x18e3,0x18c3,0x18e3,0x18c3,0x18e3,
  0x18c3,0x18c3,0x18c3,0x18e3,0x18c3,0x18e3,0x18c3,0x18c3,0x10c2,0x18c3,0x18c3,0x18c3,0x10c2,0x18c3,0x10c2,0x18c3,
  0x10c2,0x18c3,0x10c2,0x18c3,0x10a2,0x18c3,0x10a2,0x18c3,0x10a2,0x18c3,0x10a2,0x18c3,0x10a2,0x18c3,0x10a2,0x18c3,
  0x10a2,0x18c3,0x10a2,0x18c3,0x10a2,0x18c3,0x10a2,0x18c3,0x10a2,0x18c3,0x10a2,0x18c3,0x10a2,0x18c3,0x10a2,0x10a2,
  0x10a2,0x10a2,0x10a2,0x18a3,0x10a2,0x18c3,0x1082,0x10a2,0x1082,0x10a2,0x1082,0x1082,0x1082,0x10a2,0x1082,0x10a2,
  0x1082,0x10a2,0x1082,0x10a2,0x1082,0x10a2,0x1082,0x10a2,0x1082,0x10a2,0x1082,0x10a2,0x1082,0x10a2,0x1082,0x10a2,
  0x1082,0x10a2,0x1082,0x10a2,0x0881,0x1082,0x1082,0x1082,0x0881,0x10a2,0x1082,0x10a2,0x0881,0x1082,0x1082,0x1082,
  0x0881,0x1082,0x1082,0x1082,0x0881,0x1082,0x0881,0x1082,0x0881,0x1082,0x0881,0x1082,0x0881,0x1082,0x0881,0x1082,
  0x0881,0x1082,0x0861,0x1082,0x0861,0x1082,0x0861,0x1082,0x0861,0x1082,0x0861,0x1082,0x0861,0x1082,0x0861,0x1082,
  0x0861,0x1082,0x0861,0x1082,0x0861,0x1082,0x0861,0x1082,0x0861,0x1082,0x0861,0x1082,0x0861,0x1082,0x0861,0x1082,
  0x0861,0x1082,0x0861,0x1082,0x0861,0x0861,0x0861,0x1062,0x0861,0x0861,0x0861,0x0861,0x0861,0x0861,0x0861,0x0861,
  0x0861,0x0861,0x0861,0x0861,0x0861,0x0861,0x0861,0x0861,0x3166,0x2965,0x2965,0x2945,0x2965,0x2965,0x3186,0x2965,
  0x3166,0x2965,0x3166,0x2965,0x3166,0x2965,0x3166,0x2965,0x3166,0x2965,0x3166,0x2965,0x3186,0x2965,0x3166,0x2965,
  0x2965,0x2965,0x3166,0x2965,0x3166,0x2945,0x2965,0x2945,0x2965,0x2965,0x3166,0x2965,0x2945,0x2945,0x2965,0x2965,
  0x2965,0x2965,0x2965,0x2945,0x2965,0x2945,0x2965,0x2945,0x2965,0x2945,0x2965,0x2945,0x2965,0x2945,0x2965,0x2945,
  0x2965,0x2945,0x2945,0x2945,0x2965,0x2945,0x2945,0x2945,0x2945,0x2144,0x2945,0x2945,0x2945,0x2144,0x2945,0x2945,
  0x2945,0x2144,0x2945,0x2945,0x2945,0x2144,0x2945,0x2945,0x2945,0x2144,0x2945,0x2124,0x2945,0x2124,0x2945,0x2124,
  0x2945,0x2124,0x2945,0x2124,0x2945,0x2124,0x2945,0x2124,0x2945,0x2124,0x2945,0x2124,0x2945,0x2124,0x2945,0x2124,
  0x2124,0x2104,0x2925,0x2124,0x2925,0x2124,0x2925,0x2124,0x2925,0x2124,0x2925,0x2124,0x2925,0x2124,0x2124,0x2104,
  0x2124,0x2104,0x2124,0x2104,0x2124,0x2104,0x2124,0x2104,0x2124,0x2104,0x2124,0x2104,0x2124,0x2104,0x2124,0x2104,
  0x2124,0x2104,0x2104,0x2104,0x2104,0x1903,0x2104,0x2104,0x2124,0x2104,0x2104,0x2104,0x2104,0x2104,0x2104,0x2104,
  0x2104,0x1903,0x2104,0x2104,0x2104,0x1903,0x2104,0x18e3,0x2104,0x18e3,0x2104,0x18e3,0x2104,0x18e3,0x20e4,0x18e3,
  0x2104,0x18e3,0x2104,0x18e3,0x2104,0x18e3,0x2104,0x18e3,0x2104,0x18e3,0x2104,0x18e3,0x2104,0x18e3,0x20e4,0x18e3,
  0x18e3,0x18c3,0x18e3,0x18c3,0x18e3,0x18c3,0x20e4,0x18c3,0x18e3,0x18c3,0x18e3,0x18e3,0x18e3,0x18c3,0x18e3,0x18c3,
  0x18e3,0x18c3,0x18e3,0x18c3,0x18c3,0x18c3,0x18c3,0x18c3,0x18c3,0x18c3,0x18c3,0x18c3,0x18c3,0x10c2,0x18c3,0x18c3,
  0x18c3,0x10c2,0x18c3,0x18c3,0x18c3,0x10a2,0x18c3,0x18c3,0x18c3,0x10c2,0x18c3,0x10a2,0x18c3,0x10a2,0x18c3,0x10a2,
  0x18c3,0x10a2,0x18c3,0x10a2,0x18c3,0x10a2,0x18c3,0x10a2,0x18c3,0x10a2,0x18c3,0x10a2,0x18a3,0x10a2,0x18a3,0x10a2,
  0x18c3,0x10a2,0x18a3,0x10a2,0x10a2,0x10a2,0x18a3,0x10a2,0x10a2,0x10a2,0x18a3,0x10a2,0x10a2,0x10a2,0x18a3,0x1082,
  0x10a2,0x1082,0x10a2,0x1082,0x10a2,0x1082,0x10a2,0x1082,0x10a2,0x1082,0x10a2,0x1082,0x10a2,0x1082,0x10a2,0x1082,
  0x10a2,0x1082,0x10a2,0x1082,0x10a2,0x1082,0x10a2,0x1082,0x10a2,0x1082,0x10a2,0x1082,0x10a2,0x1082,0x1082,0x1082,
  0x1082,0x1082,0x1082,0x1082,0x1082,0x1082,0x1082,0x1082,0x1082,0x0881,0x1082,0x1082,0x1082,0x0881,0x1082,0x1082,
  0x1082,0x0881,0x1082,0x1082,0x1082,0x0881,0x1082,0x1082,0x1082,0x0881,0x1082,0x1082,0x1082,0x0861,0x1082,0x0861,
  0x1082,0x0861,0x1082,0x0861,0x1082,0x0861,0x1082,0x0861,0x1082,0x0861,0x1082,0x0861,0x1082,0x0861,0x1082,0x0861,
  0x1082,0x0861,0x1062,0x0861,0x1062,0x0861,0x1062,0x0861,0x1062,0x0861,0x1082,0x0861,0x1062,0x0861,0x1062,0x0861,
  0x2945,0x2965,0x2965,0x2965,0x2965,0x3166,0x2965,0x2965,0x2945,0x2965,0x2945,0x2965,0x2965,0x2965,0x2965,0x2965,
  0x2965,0x3166,0x2965,0x3186,0x2965,0x3166,0x2945,0x2965,0x2945,0x2965,0x2945,0x2965,0x2945,0x2965,0x2945,0x2965,
  0x2945,0x2965,0x2945,0x2965,0x2945,0x2965,0x2945,0x2965,0x2945,0x2965,0x2945,0x2965,0x2945,0x2965,0x2945,0x2965,
  0x2945,0x2945,0x2144,0x2945,0x2945,0x2945,0x2144,0x2945,0x2945,0x2945,0x2124,0x2945,0x2945,0x2945,0x2144,0x2945,
  0x2124,0x2945,0x2144,0x2945,0x2144,0x2945,0x2124,0x2945,0x2144,0x2945,0x2124,0x2124,0x2124,0x2945,0x2144,0x2945,
  0x2124,0x2945,0x2124,0x2945,0x2124,0x2945,0x2124,0x2124,0x2124,0x2945,0x2124,0x2124,0x2124,0x2925,0x2124,0x2124,
  0x2124,0x2925,0x2124,0x2124,0x2124,0x2124,0x2124,0x2124,0x2104,0x2124,0x2124,0x2124,0x2124,0x2124,0x2124,0x2124,
  0x2104,0x2124,0x2104,0x2124,0x2104,0x2124,0x2104,0x2124,0x2104,0x2124,0x1903,0x2104,0x2104,0x2104,0x1903,0x2104,
  0x2104,0x2104,0x1903,0x2104,0x2104,0x2104,0x1903,0x2104,0x2104,0x2104,0x1903,0x2104,0x18e3,0x2104,0x18e3,0x2104,
  0x1903,0x2104,0x18e3,0x2104,0x18e3,0x2104,0x1903,0x2104,0x18e3,0x2104,0x1903,0x2104,0x18e3,0x2104,0x18e3,0x2104,
  0x18e3,0x2104,0x18e3,0x2104,0x18e3,0x2104,0x18e3,0x18e3,0x18e3,0x18e3,0x18e3,0x18e3,0x18e3,0x20e4,0x18e3,0x18e3,
  0x18c3,0x18e3,0x18c3,0x18e3,0x18e3,0x20e4,0x18e3,0x18e3,0x18c3,0x18e3,0x18e3,0x18e3,0x18c3,0x18e3,0x18c3,0x18e3,
  0x18c3,0x18c3,0x18c3,0x18e3,0x18c3,0x18e3,0x10c2,0x18c3,0x18c3,0x18c3,0x10c2,0x18c3,0x18c3,0x18c3,0x10c2,0x18c3,
  0x10c2,0x18c3,0x10a2,0x18c3,0x10c2,0x18c3,0x10a2,0x18c3,0x10c2,0x18c3,0x10c2,0x18c3,0x10c2,0x18c3,0x10a2,0x18c3,
  0x10a2,0x18c3,0x10a2,0x18c3,0x10a2,0x18c3,0x10a2,0x18c3,0x10a2,0x18c3,0x10a2,0x10a2,0x10a2,0x18a3,0x10a2,0x10a2,
  0x10a2,0x18a3,0x10a2,0x10a2,0x10a2,0x18a3,0x10a2,0x10a2,0x10a2,0x18a3,0x10a2,0x10a2,0x1082,0x10a2,0x1082,0x10a2,
  0x1082,0x10a2,0x1082,0x10a2,0x1082,0x10a2,0x1082,0x10a2,0x1082,0x10a2,0x1082,0x10a2,0x1082,0x10a2,0x1082,0x10a2,
  0x1082,0x10a2,0x1082,0x10a2,0x1082,0x10a2,0x1082,0x10a2,0x1082,0x1082,0x0881,0x1082,0x1082,0x1082,0x0881,0x1082,
  0x1082,0x1082,0x0881,0x1082,0x1082,0x1082,0x0881,0x1082,0x1082,0x1082,0x0881,0x1082,0x1082,0x1082,0x0881,0x1082,
  0x0881,0x1082,0x0861,0x1082,0x0861,0x1082,0x0861,0x1082,0x0861,0x1082,0x0861,0x1082,0x0861,0x1082,0x0861,0x1082,
  0x0861,0x1082,0x0861,0x1082,0x0861,0x1082,0x0861,0x1082,0x0861,0x1062,0x0861,0x1082,0x0861,0x1082,0x0861,0x1082,
  0x0861,0x1082,0x0861,0x0861,0x0861,0x1082,0x0861,0x0861,0x0861,0x0861,0x0861,0x0861,0x0861,0x0861,0x0861,0x0861,
  0x0861,0x0861,0x0861,0x0861,0x0861,0x0861,0x0841,0x0861,0x2965,0x2965,0x3186,0x2965,0x3186,0x2965,0x3186,0x2965,
  0x3166,0x2945,0x2965,0x2965,0x3166,0x2965,0x3166,0x2965,0x3186,0x2965,0x3186,0x2965,0x3186,0x2965,0x2965,0x2965,
  0x3166,0x2965,0x3166,0x2965,0x3166,0x2965,0x2965,0x2965,0x3166,0x2965,0x2965,0x2945,0x3166,0x2965,0x2965,0x2945,
  0x2965,0x2945,0x2965,0x2945,0x2965,0x2945,0x2965,0x2945,0x2965,0x2945,0x2965,0x2945,0x2965,0x2945,0x2965,0x2945,
  0x2965,0x2945,0x2945,0x2945,0x2965,0x2945,0x2965,0x2945,0x2945,0x2945,0x2945,0x2945,0x2945,0x2945,0x2945,0x2144,
  0x2945,0x2945,0x2945,0x2124,0x2945,0x2124,0x2945,0x2144,0x2945,0x2124,0x2945,0x2144,0x2945,0x2124,0x2945,0x2124,
  0x2945,0x2124,0x2945,0x2124,0x2945,0x2124,0x2925,0x2124,0x2925,0x2124,0x2925,0x2124,0x2925,0x2124,0x2124,0x2124,
  0x2925,0x2124,0x2124,0x2124,0x2925,0x2124,0x2925,0x2124,0x2124,0x2104,0x2104,0x2104,0x2124,0x2104,0x2124,0x2104,
  0x2124,0x2104,0x2124,0x2104,0x2124,0x2104,0x2124,0x2104,0x2124,0x2104,0x2124,0x2104,0x2124,0x2104,0x2124,0x2104,
  0x2124,0x2104,0x2124,0x2104,0x2104,0x2104,0x2124,0x2104,0x2104,0x2104,0x2104,0x1903,0x2104,0x2104,0x2104,0x1903,
  0x2104,0x2104,0x2104,0x2104,0x2104,0x18e3,0x2104,0x18e3,0x2104,0x18e3,0x2104,0x18e3,0x2104,0x2104,0x2104,0x18e3,
  0x2104,0x18e3,0x2104,0x18e3,0x2104,0x18e3,0x2104,0x18e3,0x2104,0x18e3,0x2104,0x18e3,0x20e4,0x18e3,0x20e4,0x18e3,
  0x20e4,0x18e3,0x18e3,0x18c3,0x18e3,0x18c3,0x18e3,0x18c3,0x20e4,0x18e3,0x18e3,0x18e3,0x18e3,0x18c3,0x18e3,0x18c3,
  0x18e3,0x18c3,0x18e3,0x18c3,0x18e3,0x18c3,0x18c3,0x18c3,0x18c3,0x18c3,0x18c3,0x18c3,0x18c3,0x18c3,0x18c3,0x10c2,
  0x18c3,0x18c3,0x18c3,0x18c3,0x18c3,0x18c3,0x18c3,0x10c2,0x18c3,0x18c3,0x18c3,0x10a2,0x18c3,0x10a2,0x18c3,0x10a2,
  0x18c3,0x10a2,0x18c3,0x10a2,0x18c3,0x10a2,0x18c3,0x10a2,0x18c3,0x10a2,0x18c3,0x10a2,0x18a3,0x10a2,0x18c3,0x10a2,
  0x18a3,0x10a2,0x18a3,0x10a2,0x18a3,0x10a2,0x18a3,0x10a2,0x18a3,0x10a2,0x10a2,0x10a2,0x18a3,0x10a2,0x10a2,0x10a2,
  0x18a3,0x10a2,0x10a2,0x1082,0x10a2,0x1082,0x10a2,0x1082,0x10a2,0x1082,0x10a2,0x1082,0x10a2,0x1082,0x10a2,0x1082,
  0x10a2,0x1082,0x10a2,0x1082,0x10a2,0x1082,0x10a2,0x1082,0x10a2,0x1082,0x10a2,0x1082,0x10a2,0x1082,0x10a2,0x1082,
  0x10a2,0x1082,0x10a2,0x1082,0x10a2,0x1082,0x1082,0x1082,0x1082,0x1082,0x1082,0x0881,0x1082,0x1082,0x1082,0x0881,
  0x1082,0x1082,0x1082,0x0861,0x1082,0x1082,0x1082,0x0881,0x1082,0x1082,0x1082,0x0881,0x1082,0x0861,0x1082,0x0861,
  0x1082,0x0861,0x1082,0x0861,0x1082,0x0861,0x1082,0x0861,0x1082,0x0861,0x1082,0x0861,0x1082,0x0861,0x1082,0x0861,
  0x1062,0x0861,0x1082,0x0861,0x1062,0x0861,0x1062,0x0861,0x1062,0x0861,0x1062,0x0861,0x1062,0x0861,0x0861,0x0861,
  0x2965,0x2965,0x2965,0x3166,0x2965,0x2965,0x2965,0x2965,0x2965,0x2965,0x2965,0x2965,0x2945,0x2965,0x2945,0x2965,
  0x2945,0x2965,0x2945,0x2965,0x2945,0x2965,0x2965,0x2965,0x2965,0x2965,0x2965,0x2965,0x2965,0x2965,0x2945,0x2965,
  0x2945,0x2965,0x2945,0x2965,0x2945,0x2965,0x2945,0x2965,0x2945,0x2965,0x2945,0x2965,0x2945,0x2965,0x2945,0x2965,
  0x2144,0x2945,0x2945,0x2945,0x2144,0x2945,0x2945,0x2945,0x2144,0x2945,0x2945,0x2965,0x2945,0x2965,0x2945,0x2945,
  0x2144,0x2945,0x2144,0x2945,0x2144,0x2945,0x2124,0x2945,0x2124,0x2945,0x2144,0x2945,0x2144,0x2945,0x2124,0x2945,
  0x2124,0x2945,0x2124,0x2945,0x2124,0x2945,0x2124,0x2945,0x2124,0x2945,0x2124,0x2945,0x2124,0x2124,0x2124,0x2925,
  0x2124,0x2124,0x2124,0x2925,0x2124,0x2124,0x2104,0x2124,0x2104,0x2124,0x2104,0x2124,0x2104,0x2124,0x2104,0x2124,
  0x2104,0x2124,0x2104,0x2124,0x2104,0x2124,0x2104,0x2124,0x2104,0x2124,0x2104,0x2124,0x2104,0x2124,0x2104,0x2124,
  0x2104,0x2124,0x2104,0x2104,0x1903,0x2104,0x2104,0x2104,0x1903,0x2104,0x1903,0x2104,0x1903,0x2104,0x1903,0x2104,
  0x1903,0x2104,0x1903,0x2104,0x1903,0x2104,0x1903,0x2104,0x18e3,0x2104,0x1903,0x2104,0x18e3,0x2104,0x18e3,0x2104,
  0x18e3,0x2104,0x18e3,0x2104,0x18e3,0x18e3,0x18e3,0x18e3,0x18e3,0x18e3,0x18e3,0x2104,0x18e3,0x18c3,0x18c3,0x18c3,
  0x18c3,0x18e3,0x18e3,0x18e3,0x18c3,0x18e3,0x18e3,0x2104,0x18e3,0x18e3,0x18c3,0x18e3,0x18c3,0x18e3,0x18c3,0x18e3,
  0x18c3,0x18e3,0x18e3,0x18e3,0x10c2,0x18c3,0x18c3,0x18e3,0x18c3,0x18e3,0x18c3,0x18c3,0x10c2,0x18c3,0x10c2,0x18c3,
  0x10c2,0x18c3,0x10c2,0x18c3,0x10a2,0x18c3,0x10a2,0x18c3,0x10c2,0x18c3,0x10c2,0x18c3,0x10c2,0x18c3,0x10c2,0x18c3,
  0x10a2,0x18c3,0x10a2,0x18c3,0x10a2,0x18c3,0x10a2,0x18c3,0x10a2,0x18c3,0x10a2,0x18a3,0x10a2,0x10a2,0x10a2,0x18a3,
  0x10a2,0x10a2,0x10a2,0x18a3,0x10a2,0x10a2,0x10a2,0x10a2,0x10a2,0x10a2,0x1082,0x10a2,0x10a2,0x10a2,0x10a2,0x10a2,
  0x10a2,0x10a2,0x10a2,0x10a2,0x1082,0x10a2,0x1082,0x10a2,0x1082,0x10a2,0x1082,0x10a2,0x1082,0x10a2,0x1082,0x10a2,
  0x1082,0x10a2,0x1082,0x10a2,0x1082,0x10a2,0x1082,0x10a2,0x1082,0x1082,0x1082,0x1082,0x0881,0x1082,0x1082,0x1082,
  0x0881,0x1082,0x1082,0x1082,0x0881,0x1082,0x1082,0x1082,0x0881,0x1082,0x1082,0x1082,0x0881,0x1082,0x0881,0x1082,
  0x0881,0x1082,0x0861,0x1082,0x0861,0x1082,0x0861,0x1082,0x0861,0x1082,0x0861,0x1082,0x0861,0x1082,0x0861,0x1082,
  0x0861,0x1082,0x0861,0x1082,0x0861,0x1082,0x0861,0x1082,0x0861,0x1082,0x0861,0x1082,0x0861,0x1082,0x0861,0x1082,
  0x0861,0x1082,0x0861,0x1082,0x0861,0x0861,0x0861,0x0861,0x0861,0x0861,0x0861,0x1062,0x0861,0x0861,0x0861,0x0861,
  0x0861,0x0861,0x0861,0x0861,0x0861,0x0861,0x0841,0x0861,0x3186,0x2965,0x3166,0x2965,0x3186,0x2965,0x3166,0x2965,
  0x3166,0x2965,0x3186,0x2945,0x2965,0x2965,0x3166,0x2965,0x2965,0x2965,0x3166,0x2965,0x2965,0x2965,0x3166,0x2965,
  0x3166,0x2965,0x3166,0x2965,0x3166,0x2965,0x3166,0x2965,0x2965,0x2965,0x2965,0x2945,0x2965,0x2965,0x2965,0x2945,
  0x2965,0x2945,0x2965,0x2945,0x2965,0x2945,0x2965,0x2945,0x2965,0x2945,0x2965,0x2945,0x2965,0x2945,0x2965,0x2945,
  0x2965,0x2945,0x2965,0x2945,0x2965,0x2945,0x2965,0x2945,0x2945,0x2945,0x2945,0x2945,0x2945,0x2144,0x2945,0x2945,
  0x2945,0x2144,0x2945,0x2945,0x2945,0x2124,0x2945,0x2945,0x2945,0x2124,0x2945,0x2945,0x2945,0x2124,0x2945,0x2945,
  0x2945,0x2144,0x2945,0x2124,0x2945,0x2124,0x2945,0x2124,0x2945,0x2124,0x2945,0x2124,0x2945,0x2124,0x2925,0x2124,
  0x2925,0x2124,0x2925,0x2124,0x2124,0x2104,0x2925,0x2124,0x2925,0x2124,0x2925,0x2104,0x2124,0x2104,0x2124,0x2104,
  0x2124,0x2104,0x2124,0x2104,0x2124,0x2104,0x2124,0x2104,0x2124,0x2104,0x2124,0x2104,0x2124,0x2104,0x2124,0x2104,
  0x2124,0x2104,0x2104,0x2104,0x2104,0x1903,0x2104,0x2104,0x2124,0x2104,0x2104,0x2104,0x2104,0x2104,0x2124,0x2104,
  0x2104,0x1903,0x2104,0x2104,0x2104,0x18e3,0x2104,0x2104,0x2104,0x1903,0x2104,0x18e3,0x2104,0x18e3,0x2104,0x18e3,
  0x2104,0x18e3,0x2104,0x18e3,0x2104,0x18e3,0x20e4,0x18e3,0x2104,0x18e3,0x2104,0x18e3,0x20e4,0x18e3,0x2104,0x2104,
  0x2104,0x18e3,0x20e4,0x18e3,0x20e4,0x18e3,0x20e4,0x18c3,0x18e3,0x18c3,0x18e3,0x18e3,0x18e3,0x18c3,0x18c3,0x18c3,
  0x18e3,0x18c3,0x18e3,0x18c3,0x18e3,0x18c3,0x18c3,0x18c3,0x18c3,0x18c3,0x18e3,0x18c3,0x18c3,0x10c2,0x18c3,0x18c3,
  0x18c3,0x18c3,0x18c3,0x18c3,0x18c3,0x18c3,0x18c3,0x18c3,0x18c3,0x10c2,0x18c3,0x18c3,0x18c3,0x10a2,0x18c3,0x10a2,
  0x18c3,0x10a2,0x18c3,0x10a2,0x18c3,0x10a2,0x18c3,0x10a2,0x18c3,0x10a2,0x18c3,0x10a2,0x18a3,0x10a2,0x18a3,0x10a2,
  0x18a3,0x10a2,0x18a3,0x10a2,0x18c3,0x10a2,0x18a3,0x10a2,0x18a3,0x10a2,0x18a3,0x10a2,0x10a2,0x10a2,0x18a3,0x10a2,
  0x10a2,0x10a2,0x10a2,0x1082,0x10a2,0x1082,0x10a2,0x1082,0x10a2,0x1082,0x10a2,0x1082,0x10a2,0x1082,0x10a2,0x1082,
  0x10a2,0x1082,0x10a2,0x1082,0x10a2,0x1082,0x10a2,0x1082,0x10a2,0x1082,0x10a2,0x1082,0x10a2,0x1082,0x10a2,0x1082,
  0x10a2,0x1082,0x10a2,0x1082,0x10a2,0x1082,0x1082,0x1082,0x1082,0x0881,0x1082,0x1082,0x1082,0x0881,0x1082,0x1082,
  0x1082,0x0881,0x1082,0x0861,0x1082,0x0881,0x1082,0x1082,0x1082,0x0881,0x1082,0x1082,0x1082,0x0861,0x1082,0x0861,
  0x1082,0x0881,0x1082,0x0861,0x1082,0x0861,0x1082,0x0861,0x1082,0x0861,0x1082,0x0861,0x1082,0x0861,0x1062,0x0861,
  0x1082,0x0861,0x1082,0x0861,0x1062,0x0861,0x1062,0x0861,0x1062,0x0861,0x1062,0x0861,0x1062,0x0861,0x1062,0x0861,
  0x2965,0x3166,0x2965,0x2965,0x2965,0x3186,0x2965,0x2965,0x2965,0x3186,0x2965,0x2965,0x2945,0x3166,0x2965,0x3186,
  0x2965,0x3186,0x2965,0x3186,0x2965,0x3166,0x2965,0x2965,0x2945,0x2965,0x2945,0x2965,0x2945,0x2965,0x2945,0x2965,
  0x2945,0x2965,0x2945,0x2965,0x2945,0x2965,0x2945,0x2965,0x2945,0x2965,0x2945,0x2965,0x2945,0x2965,0x2945,0x2965,
  0x2945,0x2945,0x2144,0x2945,0x2945,0x2945,0x2144,0x2945,0x2945,0x2945,0x2144,0x2945,0x2144,0x2945,0x2144,0x2945,
  0x2124,0x2945,0x2144,0x2945,0x2144,0x2945,0x2124,0x2945,0x2144,0x2945,0x2124,0x2124,0x2124,0x2945,0x2124,0x2945,
  0x2124,0x2945,0x2124,0x2945,0x2124,0x2925,0x2124,0x2945,0x2124,0x2945,0x2124,0x2945,0x2124,0x2945,0x2124,0x2945,
  0x2124,0x2945,0x2124,0x2945,0x2124,0x2945,0x2124,0x2945,0x2124,0x2925,0x2124,0x2124,0x2104,0x2124,0x2104,0x2124,
  0x2124,0x2124,0x2124,0x2124,0x2104,0x2124,0x2104,0x2124,0x2104,0x2124,0x2104,0x2124,0x2104,0x2124,0x2104,0x2124,
  0x2104,0x2124,0x2104,0x2124,0x2104,0x2104,0x1903,0x2104,0x2104,0x2124,0x2104,0x2124,0x2104,0x2104,0x1903,0x2104,
  0x2104,0x2104,0x1903,0x2104,0x1903,0x2104,0x1903,0x2104,0x1903,0x2104,0x18e3,0x2104,0x18e3,0x2104,0x18e3,0x2104,
  0x18e3,0x20e4,0x18e3,0x18e3,0x18e3,0x20e4,0x18e3,0x2104,0x18e3,0x2104,0x18e3,0x2104,0x18e3,0x18e3,0x18c3,0x18e3,
  0x18c3,0x18c3,0x10c2,0x18c3,0x18c3,0x18c3,0x10c2,0x18c3,0x18c3,0x18c3,0x18c3,0x18c3,0x18c3,0x18e3,0x18e3,0x18e3,
  0x18c3,0x18c3,0x18c3,0x18e3,0x18c3,0x18c3,0x10c2,0x18c3,0x18c3,0x18c3,0x10c2,0x18c3,0x18c3,0x18c3,0x10c2,0x18c3,
  0x10c2,0x18e3,0x10c2,0x18c3,0x10a2,0x18c3,0x10c2,0x18c3,0x10c2,0x18c3,0x10c2,0x18c3,0x10c2,0x18c3,0x10c2,0x18c3,
  0x10a2,0x18c3,0x10a2,0x18c3,0x10a2,0x18c3,0x10a2,0x18c3,0x10a2,0x18c3,0x10a2,0x10a2,0x10a2,0x18a3,0x10a2,0x10a2,
  0x10a2,0x18a3,0x10a2,0x10a2,0x10a2,0x18a3,0x10a2,0x10a2,0x10a2,0x10a2,0x10a2,0x10a2,0x10a2,0x10a2,0x10a2,0x10a2,
  0x1082,0x10a2,0x1082,0x10a2,0x1082,0x10a2,0x1082,0x10a2,0x1082,0x10a2,0x1082,0x10a2,0x1082,0x10a2,0x1082,0x10a2,
  0x1082,0x10a2,0x1082,0x10a2,0x1082,0x10a2,0x1082,0x10a2,0x1082,0x1082,0x0881,0x1082,0x1082,0x1082,0x0881,0x1082,
  0x1082,0x1082,0x0881,0x1082,0x1082,0x1082,0x0881,0x1082,0x1082,0x1082,0x0881,0x1082,0x1082,0x1082,0x0881,0x1082,
  0x0881,0x1082,0x0861,0x1082,0x0861,0x1082,0x0861,0x1082,0x0861,0x1082,0x0861,0x1082,0x0861,0x1082,0x0861,0x1082,
  0x0861,0x1082,0x0861,0x1082,0x0861,0x1062,0x0861,0x1082,0x0861,0x1082,0x0861,0x1082,0x0861,0x1082,0x0861,0x1082,
  0x0861,0x1082,0x0861,0x1082,0x0861,0x0861,0x0861,0x0861,0x0861,0x1062,0x0861,0x0861,0x0861,0x0861,0x0861,0x0861,
  0x0861,0x0861,0x0861,0x0861,0x0861,0x0861,0x0841,0x0861,0x3186,0x2965,0x2965,0x2965,0x3186,0x2965,0x2965,0x2965,
  0x3186,0x2965,0x3186,0x2965,0x3166,0x2965,0x3166,0x2965,0x3166,0x2965,0x2965,0x2965,0x3166,0x2965,0x3166,0x2965,
  0x3166,0x2965,0x2965,0x2945,0x2965,0x2965,0x2965,0x2965,0x3166,0x2965,0x2965,0x2945,0x3166,0x2965,0x2965,0x2945,
  0x2965,0x2945,0x2965,0x2945,0x2965,0x2945,0x2965,0x2945,0x2965,0x2945,0x2965,0x2945,0x2965,0x2945,0x2965,0x2945,
  0x2965,0x2945,0x2945,0x2945,0x2945,0x2945,0x2945,0x2144,0x2945,0x2945,0x2945,0x2945,0x2945,0x2945,0x2945,0x2144,
  0x2945,0x2945,0x2945,0x2124,0x2925,0x2124,0x2945,0x2945,0x2945,0x2124,0x2945,0x2144,0x2945,0x2124,0x2945,0x2124,
  0x2945,0x2945,0x2945,0x2124,0x2945,0x2124,0x2945,0x2124,0x2945,0x2124,0x2945,0x2124,0x2945,0x2124,0x2945,0x2124,
  0x2945,0x2124,0x2925,0x2124,0x2124,0x2124,0x2124,0x2124,0x2925,0x2124,0x2925,0x2104,0x2124,0x2104,0x2124,0x2104,
  0x2124,0x2104,0x2124,0x2124,0x2925,0x2124,0x2124,0x2124,0x2925,0x2124,0x2124,0x2124,0x2124,0x2104,0x2124,0x2104,
  0x2124,0x2104,0x2104,0x2104,0x2104,0x2104,0x2104,0x2104,0x2124,0x2104,0x2104,0x2104,0x2104,0x2104,0x2124,0x2104,
  0x2104,0x2104,0x2104,0x18e3,0x2104,0x2104,0x2104,0x1903,0x2104,0x18e3,0x2104,0x18e3,0x2104,0x18e3,0x18e3,0x18c3,
  0x18e3,0x18c3,0x18c3,0x18c3,0x18c3,0x18c3,0x18e3,0x18c3,0x18c3,0x10a2,0x18a3,0x10a2,0x18a3,0x10a2,0x10a2,0x1082,
  0x10a2,0x10a2,0x18a3,0x10a2,0x18a3,0x18c3,0x18e3,0x18c3,0x18e3,0x18c3,0x18e3,0x18e3,0x20e4,0x18e3,0x18e3,0x18c3,
  0x18e3,0x18c3,0x18e3,0x18c3,0x18e3,0x18c3,0x18c3,0x18c3,0x18c3,0x18c3,0x18e3,0x18c3,0x18c3,0x18c3,0x18c3,0x18c3,
  0x18c3,0x18c3,0x18c3,0x18c3,0x18c3,0x18c3,0x18c3,0x18c3,0x18c3,0x18c3,0x18c3,0x10c2,0x18c3,0x18c3,0x18c3,0x10a2,
  0x18c3,0x10a2,0x18c3,0x10a2,0x18c3,0x10a2,0x18c3,0x10a2,0x18c3,0x10a2,0x18c3,0x10a2,0x18a3,0x10a2,0x18c3,0x10a2,
  0x18c3,0x10a2,0x18c3,0x10a2,0x18a3,0x10a2,0x18a3,0x10a2,0x18a3,0x10a2,0x10a2,0x10a2,0x18a3,0x10a2,0x10a2,0x10a2,
  0x18a3,0x10a2,0x10a2,0x10a2,0x18a3,0x10a2,0x10a2,0x10a2,0x18a3,0x10a2,0x10a2,0x1082,0x10a2,0x1082,0x10a2,0x1082,
  0x10a2,0x1082,0x10a2,0x1082,0x10a2,0x1082,0x10a2,0x1082,0x10a2,0x1082,0x10a2,0x1082,0x10a2,0x1082,0x10a2,0x1082,
  0x10a2,0x1082,0x10a2,0x1082,0x10a2,0x1082,0x1082,0x1082,0x1082,0x1082,0x1082,0x0881,0x1082,0x1082,0x1082,0x0881,
  0x1082,0x1082,0x1082,0x0861,0x1082,0x1082,0x1082,0x0881,0x1082,0x1082,0x1082,0x0881,0x1082,0x0861,0x1082,0x0861,
  0x1082,0x0861,0x1082,0x0861,0x1082,0x0861,0x1082,0x0861,0x1082,0x0861,0x1082,0x0861,0x1082,0x0861,0x1062,0x0861,
  0x1082,0x0861,0x1082,0x0861,0x1062,0x0861,0x1062,0x0861,0x1062,0x0861,0x1062,0x0861,0x1062,0x0861,0x0861,0x0861,
  0x2985,0x2965,0x2945,0x2965,0x2965,0x3186,0x2945,0x3166,0x2965,0x2965,0x2965,0x3186,0x2965,0x2965,0x2945,0x2965,
  0x2945,0x2965,0x2945,0x2965,0x2945,0x2965,0x2965,0x2965,0x2965,0x2965,0x2945,0x2965,0x2945,0x2965,0x2945,0x2965,
  0x2945,0x2965,0x2945,0x2965,0x2945,0x2965,0x2945,0x2965,0x2945,0x2965,0x2945,0x2965,0x2945,0x2965,0x2945,0x2965,
  0x2144,0x2945,0x2945,0x2945,0x2144,0x2945,0x2945,0x2945,0x2144,0x2945,0x2945,0x2945,0x2144,0x2945,0x2144,0x2945,
  0x2144,0x2945,0x2144,0x2945,0x2144,0x2945,0x2124,0x2945,0x2144,0x2945,0x2124,0x2945,0x2124,0x2945,0x2124,0x2945,
  0x2124,0x2945,0x2124,0x2945,0x2124,0x2124,0x2124,0x2945,0x2124,0x2945,0x2124,0x2945,0x2124,0x2124,0x2124,0x2945,
  0x2124,0x2945,0x2124,0x2945,0x2124,0x2945,0x2124,0x2925,0x2124,0x2124,0x2104,0x2124,0x2104,0x2124,0x2124,0x2124,
  0x2124,0x2124,0x2124,0x2124,0x2104,0x2124,0x2104,0x2124,0x2104,0x2124,0x2104,0x2124,0x2104,0x2124,0x2104,0x2124,
  0x2104,0x2124,0x2104,0x2124,0x2104,0x2124,0x2104,0x2104,0x1903,0x2104,0x1903,0x2104,0x18e3,0x2104,0x18e3,0x2104,
  0x1903,0x2104,0x2104,0x2104,0x1903,0x2104,0x2104,0x2104,0x1903,0x2104,0x18e3,0x2104,0x18e3,0x2104,0x18e3,0x20e4,
  0x18e3,0x18e3,0x18c3,0x18c3,0x18c3,0x18c3,0x10a2,0x18c3,0x10a2,0x18c3,0x10a2,0x18a3,0x10a2,0x2104,0x1903,0x2104,
  0x18e3,0x18e3,0x18c3,0x18c3,0x10a2,0x10a2,0x10a2,0x10a2,0x1082,0x10a2,0x0861,0x10a2,0x0881,0x1082,0x0881,0x1082,
  0x0881,0x10a2,0x10a2,0x18c3,0x10c2,0x18e3,0x18c3,0x18e3,0x10c2,0x18c3,0x18c3,0x18c3,0x10c2,0x18c3,0x10c2,0x18c3,
  0x10c2,0x18c3,0x18c3,0x18c3,0x10c2,0x18c3,0x10c2,0x18c3,0x10c2,0x18c3,0x10c2,0x18c3,0x10c2,0x18c3,0x10c2,0x18c3,
  0x10c2,0x18c3,0x10c2,0x18c3,0x10a2,0x18c3,0x10a2,0x18c3,0x10a2,0x18c3,0x10a2,0x18a3,0x10a2,0x10a2,0x10a2,0x18a3,
  0x10a2,0x10a2,0x10a2,0x18a3,0x10a2,0x10a2,0x10a2,0x18a3,0x10a2,0x10a2,0x10a2,0x10a2,0x10a2,0x10a2,0x10a2,0x10a2,
  0x10a2,0x10a2,0x10a2,0x10a2,0x1082,0x10a2,0x1082,0x10a2,0x1082,0x10a2,0x1082,0x10a2,0x1082,0x10a2,0x1082,0x10a2,
  0x1082,0x10a2,0x1082,0x10a2,0x1082,0x10a2,0x1082,0x10a2,0x1082,0x1082,0x1082,0x1082,0x0881,0x1082,0x1082,0x1082,
  0x0881,0x1082,0x1082,0x1082,0x0881,0x1082,0x1082,0x1082,0x0881,0x1082,0x1082,0x1082,0x0881,0x1082,0x0881,0x1082,
  0x0881,0x1082,0x0861,0x1082,0x0861,0x1082,0x0861,0x1082,0x0861,0x1082,0x0861,0x1082,0x0861,0x1082,0x0861,0x1082,
  0x0861,0x1082,0x0861,0x1082,0x0861,0x1082,0x0861,0x1082,0x0861,0x1082,0x0861,0x1082,0x0861,0x1082,0x0861,0x1082,
  0x0861,0x1082,0x0861,0x0861,0x0861,0x0861,0x0861,0x1062,0x0841,0x0861,0x0861,0x1062,0x0861,0x0861,0x0861,0x0861,
  0x0861,0x0861,0x0861,0x0861,0x0861,0x0861,0x0841,0x0861,0x3186,0x2965,0x3166,0x2965,0x3186,0x2965,0x3166,0x2965,
  0x3166,0x2965,0x3166,0x2965,0x3186,0x2965,0x3166,0x2965,0x3166,0x2965,0x3186,0x2965,0x3186,0x2965,0x3186,0x2965,
  0x3166,0x2965,0x3166,0x2965,0x3166,0x2965,0x3166,0x2965,0x2965,0x2965,0x3166,0x2965,0x2965,0x2965,0x2965,0x2945,
  0x2965,0x2945,0x2965,0x2965,0x2965,0x2945,0x2965,0x2945,0x2965,0x2945,0x2965,0x2945,0x2965,0x2945,0x2965,0x2945,
  0x2965,0x2945,0x2965,0x2945,0x2965,0x2945,0x2965,0x2945,0x2965,0x2945,0x2945,0x2945,0x2945,0x2144,0x2945,0x2945,
  0x2945,0x2945,0x2965,0x2945,0x2945,0x2124,0x2945,0x2945,0x2945,0x2124,0x2945,0x2945,0x2945,0x2124,0x2945,0x2124,
  0x2945,0x2124,0x2945,0x2124,0x2945,0x2124,0x2945,0x2124,0x2945,0x2124,0x2945,0x2124,0x2945,0x2124,0x2925,0x2124,
  0x2124,0x2124,0x2124,0x2104,0x2925,0x2124,0x2925,0x2124,0x2925,0x2124,0x2925,0x2124,0x2124,0x2104,0x2124,0x2104,
  0x2124,0x2124,0x2925,0x2104,0x2124,0x2104,0x2124,0x2104,0x2124,0x2104,0x2925,0x2124,0x2124,0x2104,0x2124,0x2104,
  0x2124,0x2104,0x2124,0x2104,0x2124,0x2104,0x2124,0x2104,0x2124,0x2104,0x2124,0x2104,0x2124,0x2104,0x2104,0x18e3,
  0x2104,0x1903,0x2104,0x18e3,0x2104,0x18e3,0x18c3,0x10a2,0x18a3,0x10a2,0x18c3,0x18c3,0x18c3,0x10c2,0x18c3,0x18c3,
  0x18c3,0x18c3,0x18e3,0x18c3,0x18e3,0x1903,0x2104,0x18e3,0x2104,0x18e3,0x20e4,0x18c3,0x18c3,0x18c3,0x18e3,0x18c3,
  0x18a3,0x1082,0x1082,0x1082,0x10a2,0x0881,0x1062,0x0861,0x0861,0x0861,0x1082,0x1082,0x10a2,0x10a2,0x18c3,0x18c3,
  0x18e3,0x18c3,0x18e3,0x18c3,0x18e3,0x18c3,0x18c3,0x18c3,0x18c3,0x18c3,0x18e3,0x18c3,0x18e3,0x18c3,0x18c3,0x18c3,
  0x18c3,0x18c3,0x18c3,0x18c3,0x18c3,0x18c3,0x18c3,0x18c3,0x18c3,0x18c3,0x18c3,0x18c3,0x18c3,0x10c2,0x18c3,0x10a2,
  0x18c3,0x10a2,0x18c3,0x10a2,0x18c3,0x10a2,0x18c3,0x10a2,0x18c3,0x10a2,0x18c3,0x10a2,0x18c3,0x10a2,0x18a3,0x10a2,
  0x18a3,0x10a2,0x18a3,0x10a2,0x18c3,0x10a2,0x18c3,0x10a2,0x18c3,0x10a2,0x18a3,0x10a2,0x10a2,0x10a2,0x18a3,0x10a2,
  0x10a2,0x10a2,0x18a3,0x10a2,0x10a2,0x1082,0x18a3,0x10a2,0x10a2,0x10a2,0x10a2,0x1082,0x10a2,0x1082,0x10a2,0x1082,
  0x10a2,0x1082,0x10a2,0x1082,0x10a2,0x1082,0x10a2,0x1082,0x10a2,0x1082,0x10a2,0x1082,0x10a2,0x1082,0x10a2,0x1082,
  0x10a2,0x1082,0x10a2,0x1082,0x10a2,0x1082,0x1082,0x1082,0x1082,0x0881,0x1082,0x1082,0x1082,0x0881,0x1082,0x1082,
  0x1082,0x0881,0x1082,0x0861,0x1082,0x0881,0x1082,0x1082,0x1082,0x0881,0x1082,0x1082,0x1082,0x0881,0x1082,0x0861,
  0x1082,0x0861,0x1082,0x0861,0x1082,0x0861,0x1082,0x0861,0x1082,0x0861,0x1082,0x0861,0x1082,0x0861,0x1082,0x0861,
  0x1062,0x0861,0x1082,0x0861,0x1062,0x0861,0x1062,0x0861,0x1062,0x0861,0x1062,0x0861,0x1062,0x0861,0x1062,0x0861,
  0x2965,0x3166,0x2965,0x2965,0x2965,0x3166,0x2965,0x2965,0x2965,0x2965,0x2945,0x2965,0x2945,0x2965,0x2965,0x2965,
  0x2945,0x2965,0x2965,0x2965,0x2965,0x3166,0x2965,0x2965,0x2965,0x2965,0x2965,0x2965,0x2945,0x3186,0x2965,0x2965,
  0x2965,0x2965,0x2965,0x2965,0x2945,0x2965,0x2945,0x2965,0x2945,0x2965,0x2945,0x2965,0x2945,0x2965,0x2945,0x2965,
  0x2945,0x2945,0x2945,0x2965,0x2945,0x2945,0x2144,0x2945,0x2945,0x2965,0x2945,0x2965,0x2945,0x2965,0x2945,0x2965,
  0x2945,0x2945,0x2144,0x2945,0x2144,0x2945,0x2144,0x2945,0x2144,0x2945,0x2144,0x2945,0x2124,0x2945,0x2144,0x2945,
  0x2124,0x2925,0x2124,0x2945,0x2144,0x2945,0x2124,0x2945,0x2124,0x2945,0x2124,0x2945,0x2124,0x2945,0x2144,0x2945,
  0x2124,0x2945,0x2124,0x2124,0x2124,0x2124,0x2124,0x2124,0x2124,0x2925,0x2124,0x2124,0x2124,0x2925,0x2124,0x2124,
  0x2124,0x2124,0x2124,0x2124,0x2124,0x2124,0x2104,0x2124,0x2104,0x2124,0x2104,0x2124,0x2104,0x2124,0x2104,0x2124,
  0x2104,0x2124,0x2104,0x2124,0x2104,0x2124,0x2104,0x2124,0x2104,0x2104,0x1903,0x2104,0x1903,0x2104,0x1903,0x2104,
  0x2104,0x2104,0x18e3,0x2104,0x2104,0x2104,0x1903,0x2104,0x1903,0x20e4,0x10a2,0x18c3,0x10a2,0x10a2,0x10a2,0x18c3,
  0x1082,0x10a2,0x10c2,0x2104,0x18e3,0x18e3,0x10c2,0x18c3,0x10c2,0x18e3,0x18c3,0x18e3,0x18c3,0x2104,0x10c2,0x18c3,
  0x18c3,0x18e3,0x18c3,0x18c3,0x18c3,0x18e3,0x10c2,0x18c3,0x1082,0x10a2,0x1082,0x10a2,0x1082,0x1082,0x0861,0x0861,
  0x0861,0x0861,0x0841,0x0861,0x0861,0x1082,0x1082,0x10a2,0x10a2,0x18c3,0x18c3,0x18c3,0x18c3,0x18e3,0x18c3,0x18e3,
  0x18c3,0x18c3,0x18c3,0x18e3,0x18c3,0x18c3,0x10c2,0x18c3,0x18c3,0x18c3,0x10c2,0x18c3,0x10c2,0x18c3,0x10c2,0x18c3,
  0x10c2,0x18c3,0x10a2,0x18c3,0x10a2,0x18c3,0x10a2,0x18c3,0x10a2,0x18c3,0x10a2,0x18c3,0x10a2,0x18c3,0x10a2,0x18c3,
  0x10a2,0x18c3,0x10a2,0x18c3,0x10a2,0x10a2,0x10a2,0x10a2,0x10a2,0x10a2,0x10a2,0x10a2,0x10a2,0x18a3,0x10a2,0x10a2,
  0x10a2,0x10a2,0x1082,0x10a2,0x10a2,0x10a2,0x1082,0x10a2,0x1082,0x10a2,0x1082,0x10a2,0x1082,0x1082,0x1082,0x10a2,
  0x1082,0x10a2,0x1082,0x10a2,0x1082,0x10a2,0x1082,0x10a2,0x1082,0x10a2,0x1082,0x10a2,0x1082,0x10a2,0x0881,0x1082,
  0x1082,0x1082,0x0881,0x1082,0x1082,0x1082,0x0881,0x1082,0x1082,0x1082,0x0881,0x1082,0x1082,0x1082,0x0881,0x1082,
  0x0881,0x1082,0x0881,0x1082,0x0881,0x1082,0x0881,0x1082,0x0861,0x1082,0x0861,0x1082,0x0861,0x1082,0x0861,0x1082,
  0x0861,0x1082,0x0861,0x1082,0x0881,0x1082,0x0861,0x1082,0x0861,0x1082,0x0861,0x1082,0x0861,0x1082,0x0861,0x1082,
  0x0861,0x1082,0x0861,0x1082,0x0861,0x1082,0x0861,0x1082,0x0861,0x1062,0x0861,0x0861,0x0861,0x0861,0x0861,0x0861,
  0x0861,0x0861,0x0861,0x0861,0x0861,0x0861,0x0861,0x0861,0x3186,0x2965,0x3186,0x2965,0x3186,0x2965,0x3186,0x2965,
  0x3186,0x2965,0x3166,0x2965,0x3166,0x2965,0x3186,0x2965,0x3186,0x2965,0x3186,0x2965,0x3186,0x2965,0x3186,0x2965,
  0x3186,0x2965,0x3166,0x2965,0x3166,0x2965,0x2965,0x2965,0x3166,0x2965,0x3186,0x2965,0x3166,0x2965,0x2965,0x2965,
  0x3166,0x2965,0x2965,0x2945,0x2965,0x2945,0x2965,0x2945,0x2965,0x2945,0x2965,0x2945,0x2965,0x2945,0x2965,0x2945,
  0x2965,0x2945,0x2965,0x2945,0x2965,0x2945,0x2965,0x2945,0x2965,0x2945,0x2965,0x2945,0x2945,0x2945,0x2945,0x2945,
  0x2945,0x2945,0x2945,0x2124,0x2945,0x2945,0x2945,0x2144,0x2945,0x2124,0x2945,0x2144,0x2945,0x2124,0x2945,0x2945,
  0x2945,0x2945,0x2945,0x2144,0x2945,0x2945,0x2945,0x2124,0x2945,0x2124,0x2945,0x2124,0x2945,0x2124,0x2945,0x2124,
  0x2945,0x2124,0x2945,0x2124,0x2945,0x2124,0x2945,0x2124,0x2945,0x2124,0x2925,0x2124,0x2925,0x2124,0x2925,0x2124,
  0x2925,0x2124,0x2925,0x2124,0x2925,0x2124,0x2925,0x2124,0x2925,0x2124,0x2124,0x2104,0x2124,0x2104,0x2124,0x2104,
  0x2124,0x2104,0x2124,0x2104,0x2104,0x2104,0x2124,0x2104,0x2104,0x2104,0x2104,0x2104,0x2104,0x2104,0x2124,0x18e3,
  0x18e3,0x10a2,0x10a2,0x1082,0x18a3,0x1082,0x18c3,0x18e3,0x20e4,0x18c3,0x18c3,0x18c3,0x2104,0x18c3,0x18c3,0x18c3,
  0x20e4,0x18c3,0x18c3,0x18c3,0x18e3,0x18c3,0x18e3,0x18c3,0x18c3,0x18c3,0x18e3,0x18e3,0x18e3,0x18c3,0x18e3,0x10c2,
  0x18c3,0x10a2,0x18c3,0x1082,0x10a2,0x1082,0x1082,0x0881,0x1082,0x1082,0x1082,0x0861,0x1062,0x0841,0x0861,0x0841,
  0x1062,0x1082,0x18c3,0x10a2,0x18e3,0x18c3,0x18e3,0x18c3,0x18e3,0x18c3,0x18e3,0x18c3,0x18e3,0x18c3,0x18e3,0x18c3,
  0x18e3,0x18c3,0x18c3,0x18c3,0x18c3,0x18c3,0x18c3,0x18c3,0x18c3,0x18c3,0x18c3,0x10c2,0x18c3,0x18c3,0x18c3,0x10c2,
  0x18c3,0x10a2,0x18c3,0x10a2,0x18c3,0x10a2,0x18c3,0x10a2,0x18c3,0x10a2,0x18c3,0x10a2,0x18c3,0x10a2,0x18c3,0x10a2,
  0x18c3,0x10a2,0x18c3,0x10a2,0x18a3,0x10a2,0x18c3,0x10a2,0x18a3,0x10a2,0x10a2,0x10a2,0x18a3,0x10a2,0x10a2,0x10a2,
  0x18a3,0x10a2,0x10a2,0x10a2,0x18a3,0x10a2,0x10a2,0x1082,0x18a3,0x10a2,0x10a2,0x10a2,0x18a3,0x1082,0x10a2,0x1082,
  0x10a2,0x1082,0x10a2,0x1082,0x10a2,0x1082,0x10a2,0x1082,0x10a2,0x1082,0x10a2,0x1082,0x10a2,0x1082,0x10a2,0x1082,
  0x10a2,0x1082,0x10a2,0x1082,0x10a2,0x1082,0x10a2,0x1082,0x1082,0x1082,0x1082,0x1082,0x1082,0x1082,0x1082,0x1082,
  0x1082,0x1082,0x1082,0x0881,0x1082,0x1082,0x1082,0x0881,0x1082,0x0861,0x1082,0x0861,0x1082,0x1082,0x1082,0x0861,
  0x1082,0x1082,0x1082,0x0881,0x1082,0x0861,0x1082,0x0861,0x1082,0x0861,0x1082,0x0861,0x1082,0x0861,0x1082,0x0861,
  0x1082,0x0861,0x1062,0x0861,0x1062,0x0861,0x1062,0x0861,0x1062,0x0861,0x1062,0x0861,0x1062,0x0861,0x1062,0x0861,
  0x2965,0x2965,0x2965,0x3166,0x2965,0x2965,0x2965,0x3166,0x2965,0x2965,0x2965,0x2965,0x2965,0x2965,0x2965,0x3166,
  0x2965,0x2965,0x2965,0x3166,0x2965,0x3186,0x2965,0x3166,0x2965,0x2965,0x2965,0x2965,0x2965,0x2965,0x2965,0x2965,
  0x2945,0x2965,0x2965,0x2965,0x2945,0x2965,0x2945,0x2965,0x2945,0x2965,0x2945,0x2965,0x2945,0x2965,0x2945,0x2965,
  0x2945,0x2965,0x2945,0x2965,0x2945,0x2965,0x2945,0x2965,0x2144,0x2945,0x2945,0x2965,0x2945,0x2965,0x2945,0x2965,
  0x2945,0x2945,0x2945,0x2945,0x2144,0x2945,0x2144,0x2945,0x2144,0x2945,0x2124,0x2945,0x2144,0x2945,0x2124,0x2945,
  0x2124,0x2945,0x2124,0x2945,0x2124,0x2945,0x2124,0x2945,0x2124,0x2945,0x2124,0x2945,0x2124,0x2945,0x2124,0x2945,
  0x2124,0x2945,0x2124,0x2945,0x2124,0x2945,0x2124,0x2945,0x2124,0x2124,0x2124,0x2124,0x2124,0x2124,0x2124,0x2925,
  0x2124,0x2124,0x2124,0x2124,0x2124,0x2124,0x2124,0x2925,0x2124,0x2124,0x2104,0x2124,0x2104,0x2124,0x2104,0x2124,
  0x2104,0x2124,0x2104,0x2124,0x2104,0x2124,0x2104,0x2124,0x2104,0x2124,0x2104,0x2104,0x1903,0x2104,0x2104,0x2124,
  0x1903,0x2104,0x2104,0x2124,0x18e3,0x18e3,0x10a2,0x1082,0x1082,0x10a2,0x10a2,0x18c3,0x18c3,0x18e3,0x18c3,0x18c3,
  0x18c3,0x18c3,0x10a2,0x18c3,0x18c3,0x18e3,0x18c3,0x18e3,0x18e3,0x18e3,0x18c3,0x18c3,0x18c3,0x18c3,0x18c3,0x18e3,
  0x10c2,0x18c3,0x18c3,0x18e3,0x10a2,0x18c3,0x10c2,0x18c3,0x10a2,0x10a2,0x10a2,0x18a3,0x10a2,0x10a2,0x1082,0x1082,
  0x0881,0x1082,0x0861,0x1062,0x0841,0x0841,0x0040,0x0841,0x0841,0x0861,0x0841,0x0861,0x0881,0x10a2,0x10a2,0x18c3,
  0x18c3,0x18c3,0x18c3,0x18c3,0x10c2,0x18c3,0x18c3,0x18c3,0x10c2,0x18c3,0x10c2,0x18c3,0x10c2,0x18c3,0x10c2,0x18c3,
  0x10c2,0x18c3,0x10a2,0x18c3,0x10a2,0x18c3,0x10a2,0x18c3,0x10a2,0x18c3,0x10a2,0x18c3,0x10a2,0x18c3,0x10a2,0x18c3,
  0x10a2,0x18c3,0x10a2,0x18c3,0x10a2,0x10a2,0x10a2,0x18a3,0x10a2,0x10a2,0x10a2,0x18a3,0x10a2,0x10a2,0x10a2,0x18a3,
  0x10a2,0x10a2,0x1082,0x10a2,0x10a2,0x10a2,0x1082,0x10a2,0x1082,0x10a2,0x1082,0x10a2,0x10a2,0x10a2,0x1082,0x1082,
  0x1082,0x10a2,0x1082,0x10a2,0x1082,0x10a2,0x1082,0x10a2,0x1082,0x10a2,0x1082,0x10a2,0x1082,0x10a2,0x1082,0x1082,
  0x0881,0x1082,0x1082,0x1082,0x0881,0x1082,0x1082,0x1082,0x0881,0x1082,0x1082,0x1082,0x0881,0x1082,0x1082,0x1082,
  0x0881,0x1082,0x0881,0x1082,0x0881,0x1082,0x0881,0x1082,0x0861,0x1082,0x0861,0x1082,0x0861,0x1082,0x0861,0x1082,
  0x0861,0x1082,0x0861,0x1082,0x0881,0x1082,0x0861,0x1082,0x0861,0x1082,0x0861,0x1082,0x0861,0x1082,0x0861,0x1082,
  0x0861,0x1082,0x0861,0x1082,0x0861,0x1082,0x0861,0x1082,0x0861,0x0861,0x0861,0x0861,0x0861,0x0861,0x0861,0x0861,
  0x0861,0x0861,0x0861,0x0861,0x0861,0x0861,0x0861,0x0861,0x3186,0x2965,0x3186,0x2965,0x3186,0x2965,0x3186,0x2965,
  0x3186,0x2965,0x3186,0x2965,0x3186,0x2965,0x3186,0x2965,0x3186,0x2965,0x3186,0x2965,0x3186,0x2965,0x3186,0x2965,
  0x3186,0x2965,0x3166,0x2965,0x3166,0x2965,0x3186,0x2965,0x3166,0x2965,0x3166,0x2965,0x2965,0x2965,0x3166,0x2965,
  0x2965,0x2965,0x3166,0x2945,0x2965,0x2945,0x2965,0x2945,0x2965,0x2965,0x2965,0x2945,0x2965,0x2945,0x2965,0x2945,
  0x2965,0x2945,0x2965,0x2945,0x2965,0x2945,0x2965,0x2945,0x2965,0x2945,0x2965,0x2945,0x2945,0x2945,0x2945,0x2945,
  0x2965,0x2144,0x2945,0x2945,0x2965,0x2945,0x2945,0x2945,0x2945,0x2945,0x2945,0x2945,0x2945,0x2945,0x2945,0x2945,
  0x2945,0x2124,0x2945,0x2124,0x2945,0x2124,0x2945,0x2945,0x2945,0x2144,0x2945,0x2945,0x2945,0x2124,0x2945,0x2124,
  0x2945,0x2124,0x2925,0x2124,0x2945,0x2124,0x2945,0x2124,0x2945,0x2124,0x2925,0x2124,0x2925,0x2124,0x2945,0x2124,
  0x2925,0x2124,0x2925,0x2124,0x2124,0x2124,0x2925,0x2124,0x2124,0x2124,0x2925,0x2104,0x2124,0x2104,0x2124,0x2104,
  0x2124,0x2104,0x2124,0x2104,0x2124,0x2104,0x2124,0x2124,0x2104,0x18e3,0x2104,0x18e3,0x2104,0x18c3,0x10a2,0x1082,
  0x18c3,0x10c2,0x18e3,0x18c3,0x18c3,0x18c3,0x18c3,0x18c3,0x18c3,0x10a2,0x18c3,0x18c3,0x18e3,0x18e3,0x2104,0x18c3,
  0x18e3,0x18c3,0x18e3,0x18c3,0x18c3,0x18c3,0x18c3,0x18c3,0x18c3,0x10a2,0x18c3,0x10a2,0x18c3,0x10a2,0x18c3,0x10a2,
  0x18a3,0x10a2,0x18c3,0x18c3,0x18c3,0x10a2,0x18a3,0x1082,0x10a2,0x1082,0x1082,0x0861,0x1082,0x0861,0x1062,0x0861,
  0x0861,0x0841,0x0841,0x0841,0x0861,0x0861,0x10a2,0x10a2,0x18c3,0x18c3,0x18c3,0x18c3,0x18e3,0x18c3,0x18e3,0x18c3,
  0x18e3,0x18c3,0x18c3,0x18c3,0x18c3,0x18c3,0x18c3,0x18c3,0x18c3,0x18c3,0x18c3,0x18c3,0x18c3,0x18c3,0x18c3,0x18c3,
  0x18c3,0x10a2,0x18c3,0x10a2,0x18c3,0x10a2,0x18c3,0x10a2,0x18c3,0x10a2,0x18c3,0x10a2,0x18c3,0x10a2,0x18c3,0x10a2,
  0x18c3,0x10a2,0x18c3,0x10a2,0x18a3,0x10a2,0x18c3,0x10a2,0x18a3,0x10a2,0x18a3,0x10a2,0x18a3,0x10a2,0x18a3,0x10a2,
  0x10a2,0x10a2,0x18a3,0x10a2,0x18c3,0x10a2,0x10a2,0x1082,0x10a2,0x10a2,0x10a2,0x1082,0x10a2,0x10a2,0x18a3,0x10a2,
  0x10a2,0x1082,0x10a2,0x1082,0x10a2,0x1082,0x10a2,0x1082,0x10a2,0x1082,0x10a2,0x1082,0x10a2,0x1082,0x10a2,0x1082,
  0x10a2,0x1082,0x10a2,0x1082,0x10a2,0x1082,0x10a2,0x1082,0x1082,0x1082,0x1082,0x1082,0x1082,0x0881,0x1082,0x1082,
  0x1082,0x0881,0x1082,0x1082,0x1082,0x0881,0x1082,0x1082,0x1082,0x0881,0x1082,0x0861,0x1082,0x1082,0x1082,0x0861,
  0x1082,0x0881,0x1082,0x1082,0x1082,0x0861,0x1082,0x0861,0x1082,0x0861,0x1082,0x0861,0x1082,0x0861,0x1082,0x0861,
  0x1082,0x0861,0x1062,0x0861,0x1062,0x0861,0x1062,0x0861,0x1062,0x0861,0x1062,0x0861,0x1062,0x0861,0x1062,0x0861,
  0x2965,0x3186,0x2965,0x3186,0x2965,0x3186,0x2965,0x2965,0x2965,0x3186,0x2965,0x3186,0x2965,0x2965,0x2965,0x3186,
  0x2965,0x3166,0x2965,0x2965,0x2965,0x3166,0x2965,0x2965,0x2965,0x2965,0x2965,0x2965,0x2965,0x2965,0x2965,0x2965,
  0x2965,0x3186,0x2965,0x2965,0x2945,0x2965,0x2945,0x2965,0x2945,0x2965,0x2945,0x2965,0x2945,0x2965,0x2945,0x2965,
  0x2945,0x2965,0x2144,0x2945,0x2945,0x2945,0x2945,0x2965,0x2945,0x2965,0x2945,0x2965,0x2945,0x2965,0x2945,0x2965,
  0x2945,0x2945,0x2144,0x2945,0x2144,0x2945,0x2144,0x2945,0x2945,0x2945,0x2144,0x2945,0x2945,0x2945,0x2124,0x2945,
  0x2144,0x2945,0x2144,0x2945,0x2124,0x2945,0x2124,0x2945,0x2124,0x2945,0x2124,0x2945,0x2124,0x2945,0x2144,0x2945,
  0x2144,0x2945,0x2144,0x2945,0x2124,0x2925,0x2124,0x2945,0x2124,0x2925,0x2124,0x2124,0x2124,0x2925,0x2124,0x2124,
  0x2124,0x2124,0x2124,0x2124,0x2124,0x2925,0x2124,0x2124,0x2124,0x2124,0x2124,0x2124,0x2124,0x2124,0x2124,0x2124,
  0x2124,0x2124,0x2104,0x2124,0x2104,0x2124,0x2104,0x2124,0x2104,0x2124,0x2104,0x2104,0x2104,0x2104,0x1903,0x2104,
  0x18c3,0x18c3,0x10a2,0x18c3,0x18c3,0x18e3,0x18c3,0x18e3,0x18c3,0x18e3,0x18c3,0x18c3,0x18c3,0x2104,0x18e3,0x2104,
  0x18e3,0x18e3,0x18e3,0x2104,0x1903,0x2104,0x18e3,0x18c3,0x10a2,0x18c3,0x10a2,0x18c3,0x10a2,0x18c3,0x10a2,0x10a2,
  0x10a2,0x10a2,0x1082,0x1082,0x10a2,0x18a3,0x10a2,0x10a2,0x10a2,0x10a2,0x10a2,0x10a2,0x10a2,0x10a2,0x10a2,0x10a2,
  0x10a2,0x10a2,0x1082,0x1082,0x0881,0x1082,0x0861,0x0861,0x0841,0x0861,0x0861,0x0861,0x0841,0x0841,0x0841,0x0861,
  0x0861,0x18a3,0x10a2,0x18c3,0x18c3,0x18c3,0x10c2,0x18c3,0x18c3,0x18c3,0x10c2,0x18c3,0x10c2,0x18c3,0x10c2,0x18c3,
  0x10a2,0x18c3,0x10c2,0x18c3,0x10c2,0x18c3,0x10a2,0x18c3,0x10a2,0x18c3,0x10a2,0x18c3,0x10a2,0x18c3,0x10a2,0x18c3,
  0x10a2,0x18c3,0x10a2,0x18c3,0x10a2,0x18a3,0x10a2,0x10a2,0x10a2,0x18a3,0x10a2,0x10a2,0x10a2,0x18a3,0x10a2,0x10a2,
  0x10a2,0x10a2,0x1082,0x10a2,0x10a2,0x10a2,0x1082,0x10a2,0x1082,0x10a2,0x10a2,0x10a2,0x10a2,0x10a2,0x1082,0x10a2,
  0x1082,0x10a2,0x1082,0x10a2,0x1082,0x10a2,0x1082,0x10a2,0x1082,0x10a2,0x1082,0x10a2,0x1082,0x10a2,0x0881,0x1082,
  0x1082,0x1082,0x0881,0x1082,0x1082,0x1082,0x0881,0x1082,0x1082,0x1082,0x0881,0x1082,0x1082,0x1082,0x0881,0x1082,
  0x0881,0x1082,0x0881,0x1082,0x0881,0x1082,0x0881,0x1082,0x0861,0x1082,0x0861,0x1082,0x0861,0x1082,0x0881,0x1082,
  0x0861,0x1082,0x0861,0x1082,0x0881,0x1082,0x0861,0x1082,0x0861,0x1082,0x0861,0x1082,0x0861,0x1082,0x0861,0x1082,
  0x0861,0x1082,0x0861,0x1082,0x0861,0x1082,0x0861,0x1082,0x0861,0x1082,0x0861,0x0861,0x0861,0x1062,0x0861,0x0861,
  0x0861,0x0861,0x0861,0x0861,0x0861,0x0861,0x0861,0x0861,0x3186,0x2965,0x3186,0x2965,0x3186,0x2965,0x3186,0x2965,
  0x3186,0x2965,0x3186,0x2965,0x3186,0x2965,0x3186,0x2965,0x3186,0x2965,0x3166,0x2965,0x3166,0x2965,0x3166,0x2965,
  0x3166,0x2965,0x3166,0x2965,0x3166,0x2945,0x2965,0x2965,0x3186,0x2965,0x3186,0x2965,0x3166,0x2965,0x2965,0x2965,
  0x3166,0x2965,0x2965,0x2965,0x3166,0x2965,0x2965,0x2945,0x2965,0x2945,0x2965,0x2945,0x2965,0x2945,0x2965,0x2945,
  0x3166,0x2965,0x2965,0x2945,0x2965,0x2945,0x2965,0x2945,0x2965,0x2945,0x2965,0x2945,0x2945,0x2945,0x2945,0x2945,
  0x2945,0x2945,0x2965,0x2945,0x2945,0x2945,0x2945,0x2144,0x2945,0x2945,0x2945,0x2144,0x2945,0x2945,0x2945,0x2144,
  0x2945,0x2124,0x2945,0x2124,0x2945,0x2945,0x2945,0x2945,0x2945,0x2945,0x2945,0x2124,0x2945,0x2124,0x2945,0x2124,
  0x2945,0x2124,0x2945,0x2124,0x2945,0x2124,0x2945,0x2124,0x2945,0x2124,0x2925,0x2124,0x2945,0x2124,0x2925,0x2124,
  0x2925,0x2124,0x2925,0x2124,0x2925,0x2124,0x2925,0x2124,0x2925,0x2124,0x2124,0x2104,0x2124,0x2104,0x2124,0x2104,
  0x2124,0x2104,0x2124,0x2104,0x2104,0x2104,0x18e3,0x18c3,0x18c3,0x18c3,0x20e4,0x18e3,0x18e3,0x18e3,0x20e4,0x2104,
  0x2104,0x2104,0x2124,0x2104,0x2124,0x2945,0x2965,0x2945,0x3166,0x2124,0x2124,0x2104,0x2104,0x2104,0x2104,0x18e3,
  0x18e3,0x10a2,0x18c3,0x10a2,0x18c3,0x10a2,0x18c3,0x10a2,0x18a3,0x10a2,0x18a3,0x10a2,0x18a3,0x10a2,0x18c3,0x10a2,
  0x18a3,0x10a2,0x18c3,0x10a2,0x18c3,0x10a2,0x18a3,0x10a2,0x18a3,0x10a2,0x10a2,0x1082,0x10a2,0x1082,0x1082,0x0861,
  0x1082,0x0861,0x1062,0x0861,0x1062,0x0841,0x0861,0x0841,0x0841,0x0861,0x1082,0x1082,0x18a3,0x18c3,0x18c3,0x18c3,
  0x18e3,0x18c3,0x18c3,0x18c3,0x18c3,0x18c3,0x18c3,0x10c2,0x18c3,0x18c3,0x18c3,0x18c3,0x18e3,0x18c3,0x18c3,0x10c2,
  0x18c3,0x10a2,0x18c3,0x10a2,0x18c3,0x10a2,0x18c3,0x10a2,0x18c3,0x10a2,0x18c3,0x10a2,0x18c3,0x10a2,0x18c3,0x10a2,
  0x18c3,0x10a2,0x18c3,0x10a2,0x18a3,0x10a2,0x18c3,0x10a2,0x18a3,0x10a2,0x10a2,0x10a2,0x18a3,0x10a2,0x10a2,0x10a2,
  0x18a3,0x10a2,0x18c3,0x10a2,0x18a3,0x10a2,0x18a3,0x10a2,0x18a3,0x1082,0x10a2,0x1082,0x10a2,0x10a2,0x10a2,0x10a2,
  0x18a3,0x1082,0x10a2,0x1082,0x10a2,0x1082,0x10a2,0x1082,0x10a2,0x1082,0x10a2,0x1082,0x10a2,0x1082,0x10a2,0x1082,
  0x10a2,0x1082,0x10a2,0x1082,0x10a2,0x1082,0x10a2,0x1082,0x1082,0x1082,0x1082,0x1082,0x1082,0x1082,0x1082,0x1082,
  0x1082,0x1082,0x1082,0x0881,0x1082,0x1082,0x1082,0x1082,0x1082,0x1082,0x1082,0x0881,0x1082,0x1082,0x1082,0x0861,
  0x1082,0x1082,0x1082,0x0881,0x1082,0x0861,0x1082,0x0861,0x1082,0x0861,0x1082,0x0861,0x1082,0x0861,0x1082,0x0861,
  0x1082,0x0861,0x1082,0x0861,0x1082,0x0861,0x1082,0x0861,0x1082,0x0861,0x1062,0x0861,0x1062,0x0861,0x1062,0x0861,
  0x2965,0x3186,0x2965,0x3186,0x2965,0x3186,0x2965,0x3166,0x2965,0x3186,0x2965,0x3186,0x2965,0x2965,0x2965,0x3186,
  0x2965,0x2965,0x2965,0x2965,0x2945,0x2965,0x2965,0x2965,0x2965,0x2965,0x2945,0x2965,0x2945,0x2965,0x2965,0x3166,
  0x2965,0x2965,0x2945,0x2965,0x2965,0x2965,0x2965,0x2965,0x2965,0x2965,0x2965,0x2965,0x2945,0x2965,0x2945,0x2965,
  0x2144,0x2945,0x2945,0x2945,0x2144,0x2945,0x2945,0x2965,0x2965,0x2965,0x2945,0x2965,0x2945,0x2965,0x2945,0x2965,
  0x2945,0x2945,0x2945,0x2945,0x2144,0x2945,0x2144,0x2945,0x2124,0x2945,0x2945,0x2965,0x2144,0x2945,0x2945,0x2945,
  0x2144,0x2945,0x2945,0x2945,0x2124,0x2945,0x2144,0x2945,0x2124,0x2945,0x2124,0x2945,0x2124,0x2945,0x2144,0x2945,
  0x2124,0x2945,0x2124,0x2925,0x2124,0x2945,0x2124,0x2945,0x2124,0x2945,0x2124,0x2945,0x2124,0x2124,0x2124,0x2925,
  0x2124,0x2124,0x2124,0x2945,0x2124,0x2124,0x2124,0x2124,0x2124,0x2124,0x2124,0x2124,0x2104,0x2124,0x2104,0x2124,
  0x2104,0x2124,0x2104,0x2124,0x2104,0x2104,0x2104,0x2124,0x2104,0x2124,0x2104,0x2104,0x18e3,0x18c3,0x10a2,0x18a3,
  0x18c3,0x2104,0x2124,0x2124,0x18e3,0x18e3,0x18e3,0x2124,0x2124,0x2945,0x2965,0x2965,0x2144,0x3186,0x2965,0x3186,
  0x2985,0x2965,0x2104,0x2104,0x1903,0x2104,0x18e3,0x2104,0x18e3,0x18c3,0x10a2,0x18c3,0x10a2,0x10a2,0x10c2,0x18e3,
  0x10a2,0x10a2,0x10a2,0x18e3,0x10a2,0x18c3,0x10a2,0x18c3,0x10a2,0x10a2,0x10a2,0x18c3,0x10a2,0x10a2,0x10a2,0x10a2,
  0x1082,0x10a2,0x1082,0x1082,0x0881,0x1082,0x1082,0x1082,0x1082,0x1082,0x0861,0x1082,0x0881,0x1082,0x0861,0x0861,
  0x0040,0x0020,0x0040,0x0861,0x0861,0x1082,0x10a2,0x18c3,0x10c2,0x18c3,0x10c2,0x18c3,0x10c2,0x18c3,0x18c3,0x18c3,
  0x10a2,0x18c3,0x10c2,0x18c3,0x10c2,0x18c3,0x10c2,0x18c3,0x10a2,0x18c3,0x10a2,0x18c3,0x10a2,0x18c3,0x10a2,0x18c3,
  0x10a2,0x18c3,0x10a2,0x18c3,0x10a2,0x18c3,0x10a2,0x18c3,0x10a2,0x18c3,0x10a2,0x18c3,0x10a2,0x10a2,0x10a2,0x18a3,
  0x10a2,0x10a2,0x10a2,0x10a2,0x10a2,0x10a2,0x1082,0x10a2,0x1082,0x10a2,0x10a2,0x18a3,0x1082,0x10a2,0x10a2,0x18a3,
  0x1082,0x1082,0x1082,0x10a2,0x1082,0x10a2,0x1082,0x10a2,0x1082,0x10a2,0x1082,0x10a2,0x1082,0x10a2,0x1082,0x1082,
  0x0881,0x1082,0x1082,0x1082,0x0881,0x1082,0x1082,0x1082,0x0881,0x1082,0x1082,0x1082,0x0881,0x1082,0x1082,0x1082,
  0x0881,0x1082,0x0881,0x1082,0x0881,0x1082,0x0881,0x1082,0x0861,0x1082,0x0861,0x1082,0x0861,0x1082,0x0881,0x1082,
  0x0861,0x1082,0x0861,0x1082,0x0881,0x1082,0x0861,0x1082,0x0861,0x1082,0x0861,0x1082,0x0861,0x1082,0x0861,0x1082,
  0x0861,0x1082,0x0861,0x1082,0x0861,0x1082,0x0861,0x1082,0x0861,0x1082,0x0861,0x1062,0x0861,0x0861,0x0861,0x1062,
  0x0861,0x0861,0x0861,0x0861,0x0861,0x0861,0x0861,0x0861,0x3186,0x2985,0x3186,0x2965,0x3166,0x2965,0x3186,0x2965,
  0x3186,0x2965,0x3186,0x2965,0x3186,0x2965,0x3186,0x3186,0x2965,0x2965,0x3186,0x3186,0x3186,0x2965,0x3186,0x2965,
  0x3186,0x2965,0x3166,0x2965,0x3166,0x2965,0x3166,0x2965,0x3186,0x2965,0x3186,0x2965,0x2965,0x2945,0x3166,0x2965,
  0x2965,0x2965,0x3166,0x2945,0x2965,0x2965,0x3166,0x2965,0x2965,0x2965,0x2965,0x2945,0x2965,0x2945,0x3166,0x2965,
  0x2965,0x2945,0x2965,0x2945,0x2965,0x2945,0x2965,0x2945,0x2965,0x2965,0x3166,0x2945,0x2965,0x2945,0x2945,0x2945,
  0x2965,0x2945,0x2965,0x2945,0x2945,0x2945,0x2945,0x2945,0x2945,0x2144,0x2945,0x2124,0x2945,0x2124,0x2945,0x2945,
  0x2945,0x2144,0x2945,0x2945,0x2945,0x2144,0x2945,0x2945,0x2945,0x2124,0x2945,0x2124,0x2925,0x2144,0x2945,0x2124,
  0x2945,0x2124,0x2945,0x2124,0x2945,0x2124,0x2945,0x2124,0x2945,0x2124,0x2945,0x2124,0x2945,0x2124,0x2925,0x2124,
  0x2124,0x2124,0x2945,0x2124,0x2124,0x2124,0x2925,0x2124,0x2925,0x2124,0x2925,0x2124,0x2124,0x2104,0x2925,0x2124,
  0x2124,0x2104,0x20e4,0x18c3,0x18c3,0x0861,0x18a3,0x2104,0x2925,0x2104,0x2104,0x2124,0x2945,0x2945,0x31a6,0x2965,
  0x3186,0x31a6,0x39a7,0x31a6,0x39c7,0x39c7,0x41e8,0x39c7,0x2965,0x2144,0x2945,0x2124,0x2945,0x2144,0x2945,0x2124,
  0x2104,0x18c3,0x2104,0x18e3,0x18e3,0x18e3,0x18c3,0x18c3,0x20e4,0x10c2,0x10a2,0x1082,0x18c3,0x10c2,0x18c3,0x10a2,
  0x18a3,0x1082,0x10a2,0x10a2,0x10a2,0x1082,0x10a2,0x10a2,0x18c3,0x1082,0x1082,0x1082,0x1082,0x1082,0x10a2,0x1082,
  0x10a2,0x1082,0x18a3,0x1082,0x1082,0x0881,0x1082,0x0861,0x0861,0x0861,0x0861,0x0841,0x0841,0x0841,0x1082,0x1082,
  0x18c3,0x10a2,0x18c3,0x18c3,0x18e3,0x18c3,0x18e3,0x18c3,0x18c3,0x18c3,0x18c3,0x18c3,0x18c3,0x10c2,0x18c3,0x10a2,
  0x18c3,0x10a2,0x18c3,0x10a2,0x18c3,0x10a2,0x18c3,0x10a2,0x18c3,0x10a2,0x18c3,0x10a2,0x18c3,0x10a2,0x18c3,0x10a2,
  0x18c3,0x10a2,0x18c3,0x10a2,0x18c3,0x10a2,0x18c3,0x10a2,0x18c3,0x10a2,0x18c3,0x10a2,0x18a3,0x10a2,0x18a3,0x10a2,
  0x10a2,0x10a2,0x18a3,0x10a2,0x10a2,0x10a2,0x10a2,0x1082,0x10a2,0x1082,0x18a3,0x10a2,0x10a2,0x1082,0x10a2,0x1082,
  0x10a2,0x1082,0x10a2,0x1082,0x10a2,0x1082,0x10a2,0x1082,0x10a2,0x1082,0x10a2,0x1082,0x10a2,0x1082,0x10a2,0x1082,
  0x10a2,0x1082,0x10a2,0x1082,0x10a2,0x1082,0x1082,0x1082,0x1082,0x0881,0x1082,0x1082,0x1082,0x0881,0x1082,0x1082,
  0x1082,0x1082,0x1082,0x1082,0x1082,0x1082,0x1082,0x1082,0x1082,0x0881,0x1082,0x1082,0x1082,0x0881,0x1082,0x1082,
  0x1082,0x0881,0x1082,0x1082,0x1082,0x0861,0x1082,0x0861,0x1082,0x0861,0x1082,0x0861,0x1082,0x0861,0x1082,0x0861,
  0x1062,0x0861,0x1082,0x0861,0x1062,0x0861,0x1062,0x0861,0x1082,0x0861,0x1082,0x0861,0x1062,0x0861,0x1062,0x0861,
  0x2985,0x3186,0x2965,0x3186,0x2965,0x3186,0x2965,0x3186,0x2985,0x3166,0x2965,0x2965,0x2965,0x3166,0x2965,0x3186,
  0x2965,0x3166,0x2965,0x3186,0x2965,0x3166,0x2965,0x2965,0x2965,0x3166,0x2965,0x2965,0x2965,0x2965,0x2965,0x2965,
  0x2965,0x2965,0x2965,0x2965,0x2945,0x2965,0x2945,0x2965,0x2965,0x2965,0x2965,0x2965,0x2945,0x2965,0x2945,0x2965,
  0x2945,0x2965,0x2144,0x2945,0x2945,0x2965,0x2945,0x2965,0x2945,0x2965,0x2144,0x2945,0x2945,0x2945,0x2144,0x2945,
  0x2945,0x2945,0x2144,0x2945,0x2144,0x2945,0x2144,0x2945,0x2945,0x2945,0x2144,0x2945,0x2144,0x2945,0x2144,0x2945,
  0x2945,0x2945,0x2124,0x2945,0x2124,0x2945,0x2124,0x2945,0x2124,0x2945,0x2124,0x2945,0x2124,0x2945,0x2124,0x2945,
  0x2124,0x2945,0x2124,0x2124,0x2124,0x2945,0x2124,0x2945,0x2124,0x2925,0x2124,0x2124,0x2124,0x2945,0x2124,0x2945,
  0x2124,0x2925,0x2124,0x2124,0x2124,0x2124,0x2104,0x2124,0x2104,0x2124,0x2104,0x2124,0x2124,0x2124,0x2124,0x2124,
  0x2124,0x2124,0x2124,0x2124,0x2104,0x2945,0x2144,0x2104,0x10a2,0x18c3,0x1082,0x10a2,0x18c3,0x20e4,0x1903,0x2945,
  0x2945,0x2965,0x2965,0x31a6,0x31a6,0x39c7,0x39e7,0x4208,0x39e7,0x39e7,0x39c7,0x39c7,0x31a6,0x31a6,0x31a6,0x31a6,
  0x2985,0x31a6,0x31a6,0x2965,0x2104,0x2124,0x2945,0x2965,0x2144,0x2124,0x1903,0x2124,0x2104,0x2104,0x18c3,0x18e3,
  0x1903,0x18e3,0x10a2,0x10a2,0x10a2,0x18c3,0x10a2,0x18c3,0x10a2,0x18a3,0x10a2,0x10a2,0x10a2,0x10a2,0x1082,0x1082,
  0x1082,0x10a2,0x0881,0x1082,0x0861,0x1062,0x0861,0x1082,0x1082,0x10a2,0x0881,0x1082,0x0881,0x1082,0x0861,0x1082,
  0x0861,0x1082,0x0861,0x0861,0x0841,0x0841,0x0040,0x0861,0x0861,0x10a2,0x10a2,0x18e3,0x18c3,0x18c3,0x10a2,0x18c3,
  0x18c3,0x18c3,0x10c2,0x18c3,0x10c2,0x18c3,0x10a2,0x18c3,0x10a2,0x18c3,0x10a2,0x18c3,0x10a2,0x18c3,0x10a2,0x18c3,
  0x10a2,0x18c3,0x10a2,0x18c3,0x10a2,0x18c3,0x10a2,0x18c3,0x10a2,0x18a3,0x10a2,0x10a2,0x10a2,0x18c3,0x10a2,0x18c3,
  0x10a2,0x18c3,0x10a2,0x10a2,0x10a2,0x10a2,0x10a2,0x10a2,0x1082,0x10a2,0x1082,0x10a2,0x1082,0x10a2,0x1082,0x10a2,
  0x1082,0x10a2,0x1082,0x10a2,0x1082,0x10a2,0x1082,0x10a2,0x1082,0x10a2,0x1082,0x10a2,0x1082,0x10a2,0x0881,0x1082,
  0x1082,0x10a2,0x1082,0x10a2,0x1082,0x1082,0x0881,0x1082,0x1082,0x1082,0x0881,0x1082,0x1082,0x1082,0x0881,0x1082,
  0x0861,0x1082,0x0861,0x1082,0x0861,0x1082,0x0881,0x1082,0x0881,0x1082,0x0881,0x1082,0x0881,0x1082,0x0881,0x1082,
  0x0861,0x1082,0x0861,0x1082,0x0861,0x1082,0x0861,0x1082,0x0861,0x1082,0x0861,0x1082,0x0861,0x1082,0x0861,0x1082,
  0x0861,0x1082,0x0861,0x0861,0x0861,0x1062,0x0861,0x0861,0x0861,0x0861,0x0861,0x0861,0x0861,0x1062,0x0861,0x1082,
  0x0861,0x1062,0x0861,0x0861,0x0861,0x0861,0x0861,0x0861,0x3186,0x3186,0x3186,0x3186,0x3186,0x2965,0x3186,0x3186,
  0x3186,0x2965,0x3166,0x2965,0x3166,0x2965,0x3186,0x2965,0x3186,0x2965,0x3186,0x2965,0x3186,0x3186,0x3186,0x2965,
  0x3186,0x2965,0x3186,0x2965,0x3186,0x2965,0x2965,0x2965,0x3166,0x2965,0x3166,0x2965,0x3166,0x2965,0x3166,0x2965,
  0x3186,0x2965,0x3186,0x2965,0x3166,0x2965,0x2965,0x2965,0x3166,0x2965,0x2965,0x2945,0x2965,0x2945,0x2965,0x2945,
  0x2965,0x2945,0x2965,0x2945,0x2965,0x2945,0x2965,0x2945,0x2965,0x2945,0x2945,0x2945,0x2945,0x2945,0x2945,0x2945,
  0x2965,0x2945,0x2965,0x2945,0x2945,0x2945,0x2945,0x2945,0x2965,0x2945,0x2945,0x2945,0x2945,0x2945,0x2945,0x2144,
  0x2945,0x2945,0x2945,0x2144,0x2945,0x2945,0x2945,0x2124,0x2945,0x2124,0x2945,0x2144,0x2945,0x2945,0x2945,0x2124,
  0x2945,0x2124,0x2945,0x2124,0x2945,0x2124,0x2945,0x2124,0x2945,0x2124,0x2945,0x2124,0x2945,0x2124,0x2925,0x2124,
  0x2925,0x2124,0x2925,0x2124,0x2945,0x2124,0x2945,0x2124,0x2925,0x2124,0x2945,0x2124,0x2124,0x2104,0x18e3,0x10a2,
  0x10a2,0x10a2,0x10a2,0x18e3,0x2945,0x2965,0x3186,0x3186,0x39e7,0x39e7,0x4208,0x4208,0x4208,0x39e7,0x4208,0x4208,
  0x4208,0x39e7,0x39e7,0x39c7,0x39c7,0x3186,0x31a6,0x3186,0x3186,0x31a6,0x39c7,0x3186,0x3166,0x2945,0x2945,0x2945,
  0x2945,0x2124,0x2925,0x2144,0x2945,0x18e3,0x18c3,0x18e3,0x2124,0x2104,0x20e4,0x18c3,0x18c3,0x18c3,0x18e3,0x18c3,
  0x18e3,0x18c3,0x18c3,0x10a2,0x18c3,0x10a2,0x18c3,0x1082,0x10a2,0x1082,0x10a2,0x1082,0x10a2,0x0861,0x0861,0x0861,
  0x10a2,0x1082,0x1082,0x1082,0x10a2,0x1082,0x1082,0x1082,0x10a2,0x1082,0x1082,0x0861,0x1062,0x0841,0x0841,0x0020,
  0x0841,0x0841,0x1082,0x10a2,0x18c3,0x18c3,0x18e3,0x18c3,0x18e3,0x18c3,0x18c3,0x10c2,0x18c3,0x18c3,0x18c3,0x10c2,
  0x18c3,0x18c3,0x18c3,0x10c2,0x18c3,0x18c3,0x18c3,0x10a2,0x18c3,0x10a2,0x18c3,0x10a2,0x18c3,0x18c3,0x18c3,0x10a2,
  0x18c3,0x10a2,0x18c3,0x10a2,0x18c3,0x10a2,0x18c3,0x10a2,0x18c3,0x10a2,0x18c3,0x10a2,0x18c3,0x10a2,0x18a3,0x10a2,
  0x18a3,0x10a2,0x18a3,0x10a2,0x18a3,0x10a2,0x10a2,0x10a2,0x18a3,0x1082,0x10a2,0x10a2,0x18a3,0x1082,0x10a2,0x1082,
  0x10a2,0x1082,0x10a2,0x1082,0x10a2,0x1082,0x10a2,0x1082,0x10a2,0x1082,0x10a2,0x1082,0x10a2,0x1082,0x10a2,0x1082,
  0x10a2,0x1082,0x10a2,0x1082,0x10a2,0x1082,0x1082,0x1082,0x1082,0x1082,0x1082,0x1082,0x1082,0x1082,0x1082,0x1082,
  0x1082,0x1082,0x1082,0x1082,0x1082,0x1082,0x1082,0x1082,0x1082,0x1082,0x1082,0x0881,0x1082,0x1082,0x1082,0x0881,
  0x1082,0x1082,0x1082,0x0881,0x1082,0x0861,0x1082,0x0861,0x1082,0x0861,0x1082,0x0861,0x1082,0x0861,0x1082,0x0861,
  0x1082,0x0861,0x1082,0x0861,0x1082,0x0861,0x1082,0x0861,0x1082,0x0861,0x1082,0x0861,0x1062,0x0861,0x1062,0x0861,
  0x2965,0x3186,0x2985,0x3186,0x2965,0x3186,0x2965,0x3186,0x2965,0x3186,0x2965,0x3186,0x2965,0x2965,0x2965,0x3186,
  0x2965,0x3186,0x2965,0x3166,0x2965,0x3186,0x2965,0x3186,0x2965,0x2965,0x2965,0x3166,0x2965,0x2965,0x2965,0x2965,
  0x2965,0x2965,0x2965,0x3166,0x2945,0x2965,0x2965,0x2965,0x2965,0x2965,0x2965,0x2965,0x2965,0x2965,0x2965,0x2965,
  0x2945,0x2965,0x2945,0x2965,0x2945,0x2965,0x2945,0x2965,0x2945,0x2965,0x2945,0x2965,0x2945,0x2965,0x2945,0x2965,
  0x2945,0x2945,0x2945,0x2945,0x2144,0x2965,0x2945,0x2965,0x2144,0x2945,0x2144,0x2945,0x2144,0x2945,0x2945,0x2945,
  0x2144,0x2945,0x2144,0x2945,0x2124,0x2945,0x2124,0x2945,0x2124,0x2945,0x2124,0x2945,0x2124,0x2945,0x2124,0x2945,
  0x2124,0x2945,0x2124,0x2945,0x2124,0x2945,0x2124,0x2945,0x2124,0x2945,0x2124,0x2945,0x2124,0x2945,0x2124,0x2925,
  0x2124,0x2124,0x2124,0x2925,0x2124,0x2124,0x2124,0x2925,0x2124,0x2124,0x2124,0x2945,0x2124,0x2945,0x2124,0x2124,
  0x2104,0x2124,0x2124,0x2124,0x18e3,0x10a2,0x0881,0x10a2,0x18c3,0x18e3,0x2104,0x2965,0x31a6,0x39c7,0x39c7,0x39e7,
  0x3a07,0x4208,0x4208,0x4208,0x3a07,0x4208,0x4208,0x4208,0x39e7,0x39e7,0x39e7,0x4208,0x39e7,0x39e7,0x31a6,0x39a7,
  0x31a6,0x31a6,0x3186,0x31a6,0x31a6,0x39c7,0x2965,0x3166,0x2945,0x2945,0x2124,0x2945,0x2124,0x2104,0x18e3,0x2104,
  0x1903,0x2104,0x18e3,0x18e3,0x10a2,0x18c3,0x18c3,0x18e3,0x18c3,0x18c3,0x10c2,0x18e3,0x10c2,0x18c3,0x10a2,0x18a3,
  0x10a2,0x10a2,0x0881,0x10a2,0x1082,0x1082,0x0861,0x0861,0x0881,0x1082,0x0861,0x1082,0x0881,0x1082,0x0861,0x1082,
  0x1082,0x10a2,0x1082,0x1082,0x0881,0x1082,0x0841,0x0861,0x0040,0x0841,0x0020,0x0841,0x0861,0x18c3,0x18c3,0x18e3,
  0x18c3,0x18c3,0x10c2,0x18c3,0x10a2,0x18c3,0x10a2,0x18c3,0x10a2,0x18c3,0x10a2,0x18c3,0x10a2,0x18c3,0x10a2,0x18c3,
  0x10a2,0x18c3,0x10a2,0x18c3,0x10a2,0x18c3,0x10a2,0x18c3,0x10a2,0x18c3,0x10a2,0x18c3,0x10a2,0x18c3,0x10a2,0x18c3,
  0x10a2,0x18c3,0x10a2,0x18a3,0x10a2,0x10a2,0x10a2,0x10a2,0x10a2,0x10a2,0x10a2,0x10a2,0x10a2,0x10a2,0x1082,0x10a2,
  0x1082,0x10a2,0x1082,0x10a2,0x1082,0x10a2,0x1082,0x10a2,0x1082,0x10a2,0x1082,0x10a2,0x1082,0x10a2,0x1082,0x1082,
  0x1082,0x10a2,0x1082,0x10a2,0x1082,0x1082,0x1082,0x1082,0x0881,0x1082,0x1082,0x1082,0x0881,0x1082,0x0881,0x1082,
  0x0881,0x1082,0x0881,0x1082,0x0881,0x1082,0x0881,0x1082,0x0881,0x1082,0x0881,0x1082,0x0881,0x1082,0x0881,0x1082,
  0x0861,0x1082,0x0861,0x1082,0x0861,0x1082,0x0861,0x1082,0x0861,0x1082,0x0861,0x1082,0x0861,0x1082,0x0861,0x1082,
  0x0861,0x1082,0x0861,0x1082,0x0861,0x1082,0x0861,0x1062,0x0861,0x0861,0x0861,0x0861,0x0861,0x0861,0x0861,0x1062,
  0x0861,0x0861,0x0861,0x1062,0x0861,0x0861,0x0861,0x0861,0x3186,0x2985,0x3186,0x3186,0x3186,0x2965,0x3186,0x2965,
  0x3186,0x2985,0x3186,0x3186,0x3186,0x2965,0x3186,0x2965,0x3186,0x2965,0x3186,0x2965,0x3186,0x2965,0x3186,0x2965,
  0x3186,0x2965,0x3186,0x2965,0x3186,0x2965,0x3166,0x2965,0x3186,0x2965,0x3186,0x2965,0x2965,0x2965,0x3166,0x2965,
  0x3166,0x2965,0x3166,0x2965,0x3186,0x2965,0x3166,0x2965,0x2965,0x2965,0x3166,0x2965,0x3166,0x2965,0x3166,0x2965,
  0x2965,0x2945,0x2965,0x2945,0x2965,0x2945,0x2965,0x2945,0x2965,0x2945,0x2965,0x2945,0x2965,0x2945,0x2965,0x2945,
  0x2945,0x2945,0x2945,0x2945,0x2965,0x2945,0x2965,0x2945,0x2945,0x2945,0x2945,0x2945,0x2945,0x2144,0x2945,0x2945,
  0x2945,0x2144,0x2945,0x2945,0x2945,0x2144,0x2945,0x2945,0x2945,0x2144,0x2945,0x2945,0x2945,0x2124,0x2945,0x2124,
  0x2945,0x2124,0x2945,0x2124,0x2945,0x2124,0x2945,0x2124,0x2945,0x2124,0x2945,0x2124,0x2945,0x2124,0x2945,0x2124,
  0x2945,0x2124,0x2945,0x2124,0x2925,0x2124,0x2925,0x2124,0x2945,0x2104,0x2104,0x10a2,0x1082,0x1082,0x18c3,0x18e3,
  0x2925,0x2945,0x31a6,0x39e7,0x4208,0x4208,0x4a29,0x4228,0x4a29,0x4228,0x4228,0x4208,0x4208,0x4228,0x4a49,0x4208,
  0x4208,0x3a07,0x4a29,0x4228,0x4a29,0x4208,0x41e8,0x39c7,0x39e7,0x31c6,0x39a7,0x3186,0x39c7,0x39c7,0x39a7,0x2965,
  0x2945,0x2144,0x2945,0x2124,0x2925,0x2945,0x2925,0x2104,0x2104,0x18e3,0x2104,0x18e3,0x18e3,0x18c3,0x20e4,0x18e3,
  0x18e3,0x18c3,0x18c3,0x18e3,0x18e3,0x10a2,0x18c3,0x18c3,0x18c3,0x10a2,0x10a2,0x1082,0x18a3,0x10a2,0x10a2,0x1082,
  0x1082,0x1082,0x1082,0x1082,0x1082,0x0861,0x1082,0x1082,0x10a2,0x1082,0x10a2,0x1082,0x10a2,0x1082,0x1082,0x1082,
  0x0861,0x0841,0x0861,0x0841,0x0861,0x0861,0x1082,0x10a2,0x18c3,0x18c3,0x18e3,0x18c3,0x18e3,0x18c3,0x18c3,0x18c3,
  0x18c3,0x10c2,0x18c3,0x18c3,0x18c3,0x10c2,0x18c3,0x18c3,0x18c3,0x10c2,0x18c3,0x18c3,0x18c3,0x10c2,0x18c3,0x18c3,
  0x18c3,0x10a2,0x18c3,0x10a2,0x18c3,0x10a2,0x18c3,0x10a2,0x18c3,0x10a2,0x18c3,0x10a2,0x18c3,0x10a2,0x18c3,0x10a2,
  0x18a3,0x10a2,0x18a3,0x10a2,0x18a3,0x10a2,0x18a3,0x10a2,0x10a2,0x10a2,0x18a3,0x10a2,0x10a2,0x1082,0x10a2,0x1082,
  0x10a2,0x1082,0x10a2,0x1082,0x10a2,0x1082,0x10a2,0x1082,0x10a2,0x1082,0x10a2,0x1082,0x10a2,0x1082,0x10a2,0x1082,
  0x10a2,0x1082,0x10a2,0x1082,0x10a2,0x1082,0x1082,0x1082,0x1082,0x1082,0x1082,0x1082,0x1082,0x1082,0x1082,0x1082,
  0x1082,0x1082,0x1082,0x1082,0x1082,0x1082,0x1082,0x1082,0x1082,0x0881,0x1082,0x1082,0x1082,0x0881,0x1082,0x1082,
  0x1082,0x0881,0x1082,0x1082,0x1082,0x0861,0x1082,0x0861,0x1082,0x0861,0x1082,0x0861,0x1082,0x0861,0x1082,0x0861,
  0x1082,0x0861,0x1082,0x0861,0x1062,0x0861,0x1062,0x0861,0x1082,0x0861,0x1082,0x0861,0x1062,0x0861,0x1062,0x0861,
  0x2985,0x3186,0x2965,0x3186,0x2965,0x3186,0x2965,0x3186,0x2965,0x3186,0x2985,0x3186,0x2965,0x3166,0x2965,0x3186,
  0x2965,0x3166,0x2965,0x3186,0x2965,0x3166,0x2965,0x3186,0x2965,0x3186,0x2965,0x3186,0x2965,0x2965,0x2965,0x2965,
  0x2965,0x3166,0x2965,0x2965,0x2965,0x2965,0x2965,0x2965,0x2965,0x3166,0x2965,0x2965,0x2965,0x3166,0x2965,0x2965,
  0x2945,0x2965,0x2945,0x2965,0x2965,0x2965,0x2945,0x2965,0x2945,0x2965,0x2945,0x2965,0x2945,0x2965,0x2945,0x2965,
  0x2945,0x2965,0x2945,0x2965,0x2945,0x2945,0x2144,0x2945,0x2144,0x2945,0x2144,0x2945,0x2945,0x2945,0x2144,0x2945,
  0x2945,0x2945,0x2144,0x2945,0x2144,0x2945,0x2124,0x2945,0x2124,0x2945,0x2124,0x2945,0x2124,0x2945,0x2144,0x2945,
  0x2124,0x2945,0x2124,0x2945,0x2124,0x2945,0x2124,0x2945,0x2124,0x2945,0x2124,0x2945,0x2124,0x2945,0x2124,0x2945,
  0x2124,0x2945,0x2124,0x2124,0x2124,0x2945,0x2124,0x2945,0x2124,0x2124,0x2124,0x2124,0x2104,0x2124,0x2124,0x2124,
  0x18e3,0x18c3,0x0881,0x0861,0x1082,0x18e3,0x2104,0x2945,0x2965,0x39c7,0x39e7,0x4228,0x4228,0x4a49,0x4248,0x4a69,
  0x4a49,0x4a69,0x4228,0x4208,0x3a07,0x4a29,0x4228,0x4228,0x4228,0x4228,0x4228,0x4a49,0x4208,0x41e8,0x39e7,0x4208,
  0x39e7,0x39e7,0x31a6,0x31a6,0x3186,0x39c7,0x39c7,0x31a6,0x3186,0x31a6,0x2985,0x3186,0x2965,0x2945,0x2144,0x2945,
  0x2104,0x2124,0x2124,0x2124,0x18e3,0x2104,0x18e3,0x18e3,0x18c3,0x18c3,0x10c2,0x18e3,0x10c2,0x18c3,0x10a2,0x18c3,
  0x10a2,0x10a2,0x1082,0x10a2,0x1082,0x10a2,0x0881,0x1082,0x1082,0x10a2,0x0881,0x1082,0x0861,0x1082,0x0881,0x1082,
  0x1082,0x1082,0x0881,0x10a2,0x1082,0x10a2,0x1082,0x1082,0x0861,0x1082,0x0861,0x0861,0x0841,0x0841,0x0020,0x0861,
  0x1082,0x10a2,0x10c2,0x18c3,0x18c3,0x18c3,0x10a2,0x18c3,0x10a2,0x18c3,0x10a2,0x18c3,0x10a2,0x18c3,0x10a2,0x18c3,
  0x10a2,0x18c3,0x10a2,0x18c3,0x10a2,0x18c3,0x10a2,0x18c3,0x10a2,0x18c3,0x10a2,0x18c3,0x10a2,0x18c3,0x10a2,0x18c3,
  0x10a2,0x18c3,0x10a2,0x10a2,0x10a2,0x18a3,0x10a2,0x10a2,0x10a2,0x18a3,0x10a2,0x10a2,0x10a2,0x10a2,0x10a2,0x10a2,
  0x1082,0x10a2,0x1082,0x10a2,0x1082,0x10a2,0x1082,0x10a2,0x1082,0x10a2,0x1082,0x10a2,0x1082,0x10a2,0x0881,0x1082,
  0x1082,0x10a2,0x1082,0x10a2,0x1082,0x1082,0x0881,0x1082,0x1082,0x1082,0x0881,0x1082,0x1082,0x1082,0x0881,0x1082,
  0x1082,0x1082,0x0881,0x1082,0x1082,0x1082,0x0881,0x1082,0x0881,0x1082,0x0881,0x1082,0x0881,0x1082,0x0881,0x1082,
  0x0861,0x1082,0x0861,0x1082,0x0861,0x1082,0x0861,0x1082,0x0861,0x1082,0x0861,0x1082,0x0861,0x1082,0x0861,0x1082,
  0x0861,0x1082,0x0861,0x1082,0x0861,0x1082,0x0861,0x1082,0x0861,0x1082,0x0861,0x0861,0x0861,0x0861,0x0861,0x0861,
  0x0861,0x1062,0x0861,0x0861,0x0861,0x0861,0x0861,0x0861,0x3186,0x3186,0x3186,0x2965,0x3166,0x2965,0x3186,0x3186,
  0x3186,0x3186,0x3186,0x2965,0x3186,0x2965,0x3186,0x2985,0x3166,0x2965,0x3186,0x3186,0x3186,0x2965,0x3186,0x2965,
  0x3186,0x2965,0x3186,0x2965,0x3186,0x2965,0x2965,0x2965,0x3166,0x2965,0x3166,0x2965,0x3186,0x2965,0x3186,0x2965,
  0x3186,0x2965,0x3186,0x2965,0x3186,0x2965,0x3166,0x2965,0x3166,0x2965,0x2965,0x2965,0x3166,0x2965,0x2965,0x2945,
  0x2965,0x2945,0x2965,0x2945,0x2965,0x2945,0x2965,0x2945,0x2965,0x2945,0x2965,0x2945,0x2945,0x2945,0x2945,0x2144,
  0x2945,0x2945,0x2945,0x2945,0x2965,0x2945,0x2965,0x2945,0x2965,0x2945,0x2965,0x2945,0x2965,0x2945,0x2945,0x2144,
  0x2945,0x2945,0x2945,0x2144,0x2945,0x2945,0x2965,0x2945,0x2945,0x2945,0x2945,0x2124,0x2945,0x2124,0x2945,0x2124,
  0x2945,0x2124,0x2945,0x2124,0x2945,0x2945,0x2945,0x2144,0x2945,0x2945,0x2945,0x2124,0x2945,0x2124,0x2945,0x2124,
  0x2945,0x2124,0x2945,0x2124,0x2925,0x2124,0x2945,0x2104,0x18c3,0x0861,0x1062,0x10c2,0x2925,0x2945,0x2965,0x3186,
  0x41e8,0x4228,0x4a49,0x4a49,0x4a69,0x4a69,0x526a,0x4a69,0x4a69,0x4a49,0x4a49,0x4208,0x4228,0x4a49,0x4a69,0x4a49,
  0x4a69,0x4a69,0x4a69,0x4a49,0x4a29,0x39e7,0x4a29,0x4228,0x4208,0x39e7,0x4208,0x39e7,0x39c7,0x39c7,0x41e8,0x39c7,
  0x39c7,0x31a6,0x3186,0x2965,0x3186,0x2965,0x3186,0x2965,0x2945,0x2124,0x2124,0x2104,0x2925,0x2104,0x2104,0x18e3,
  0x18e3,0x18c3,0x18e3,0x18c3,0x18c3,0x18c3,0x18c3,0x10a2,0x18a3,0x10a2,0x18c3,0x10a2,0x10a2,0x1082,0x1082,0x1082,
  0x18a3,0x10a2,0x18a3,0x1082,0x1082,0x1082,0x10a2,0x1082,0x1082,0x1082,0x10a2,0x1082,0x10a2,0x1082,0x10a2,0x1082,
  0x10a2,0x1082,0x1082,0x0841,0x0861,0x0841,0x0841,0x0020,0x0841,0x0861,0x18a3,0x10c2,0x18c3,0x18c3,0x18c3,0x18c3,
  0x18c3,0x18c3,0x18c3,0x18c3,0x18c3,0x18c3,0x18c3,0x10c2,0x18c3,0x18c3,0x18c3,0x10c2,0x18c3,0x18c3,0x18c3,0x10c2,
  0x18c3,0x18c3,0x18c3,0x10a2,0x18c3,0x10a2,0x18c3,0x10a2,0x18c3,0x10a2,0x18c3,0x10a2,0x18c3,0x10a2,0x18c3,0x10a2,
  0x18c3,0x10a2,0x18a3,0x10a2,0x18a3,0x10a2,0x18a3,0x10a2,0x18a3,0x10a2,0x10a2,0x10a2,0x18a3,0x1082,0x10a2,0x1082,
  0x10a2,0x1082,0x10a2,0x1082,0x10a2,0x1082,0x10a2,0x1082,0x10a2,0x1082,0x10a2,0x1082,0x10a2,0x1082,0x10a2,0x1082,
  0x10a2,0x1082,0x10a2,0x1082,0x10a2,0x1082,0x10a2,0x1082,0x10a2,0x1082,0x10a2,0x1082,0x10a2,0x1082,0x1082,0x1082,
  0x1082,0x1082,0x1082,0x1082,0x1082,0x1082,0x1082,0x1082,0x1082,0x1082,0x1082,0x0881,0x1082,0x1082,0x1082,0x0881,
  0x1082,0x1082,0x1082,0x0881,0x1082,0x0861,0x1082,0x0861,0x1082,0x0861,0x1082,0x0881,0x1082,0x0861,0x1082,0x0861,
  0x1082,0x0861,0x1082,0x0861,0x1082,0x0861,0x1082,0x0861,0x1082,0x0861,0x1082,0x0861,0x1062,0x0861,0x1062,0x0861,
  0x2965,0x3186,0x2965,0x3186,0x2965,0x3186,0x2965,0x3186,0x2965,0x3186,0x2985,0x3186,0x2965,0x3186,0x2965,0x3186,
  0x2965,0x2965,0x2965,0x3186,0x2985,0x3186,0x2965,0x3186,0x2965,0x2965,0x2965,0x2965,0x2965,0x3186,0x2965,0x2965,
  0x2945,0x2965,0x2965,0x3186,0x2965,0x2965,0x2965,0x3186,0x2965,0x2965,0x2945,0x3186,0x2965,0x3186,0x2965,0x3186,
  0x2965,0x3186,0x2965,0x2965,0x2965,0x2965,0x2965,0x2965,0x2965,0x2965,0x2945,0x2945,0x2144,0x2945,0x2945,0x2945,
  0x2945,0x2965,0x2945,0x2945,0x2144,0x2945,0x2945,0x2945,0x2945,0x2945,0x2945,0x2945,0x2144,0x2945,0x2144,0x2965,
  0x2945,0x2945,0x2945,0x2945,0x2144,0x2945,0x2144,0x2945,0x2144,0x2945,0x2144,0x2945,0x2144,0x2945,0x2144,0x2945,
  0x2144,0x2945,0x2144,0x2945,0x2124,0x2124,0x2124,0x2945,0x2124,0x2945,0x2124,0x2945,0x2124,0x2945,0x2124,0x2925,
  0x2124,0x2124,0x2124,0x2945,0x2124,0x2124,0x2124,0x2945,0x2124,0x2124,0x2104,0x2945,0x2144,0x2124,0x10a2,0x1082,
  0x0861,0x10a2,0x18e3,0x2945,0x2965,0x3186,0x31a6,0x4208,0x4228,0x4a69,0x4a69,0x528a,0x4a49,0x4a69,0x4a49,0x4a49,
  0x4a49,0x4a69,0x4a69,0x528a,0x4a69,0x4a69,0x4a69,0x4a69,0x4228,0x4a49,0x4228,0x4a69,0x4a49,0x4a49,0x4208,0x39e7,
  0x39e7,0x4208,0x39e7,0x39c7,0x31a6,0x39c7,0x39c7,0x39e7,0x39c7,0x39c7,0x39c7,0x39c7,0x31a6,0x31a6,0x2945,0x2965,
  0x2945,0x2945,0x2104,0x2124,0x18e3,0x2104,0x18e3,0x20e4,0x18e3,0x18e3,0x18c3,0x18c3,0x10c2,0x18c3,0x10a2,0x18c3,
  0x10a2,0x10a2,0x1082,0x10a2,0x10a2,0x10a2,0x0881,0x1082,0x0881,0x10a2,0x10c2,0x10a2,0x0881,0x1082,0x1082,0x10a2,
  0x1082,0x10a2,0x1082,0x10a2,0x0881,0x10a2,0x1082,0x10a2,0x0861,0x1082,0x0881,0x1082,0x0861,0x0841,0x0020,0x0821,
  0x0000,0x0020,0x0841,0x10a2,0x10a2,0x18e3,0x18c3,0x18c3,0x10a2,0x18c3,0x10a2,0x18c3,0x10c2,0x18c3,0x10a2,0x18c3,
  0x10a2,0x18c3,0x10a2,0x18c3,0x10a2,0x18c3,0x10a2,0x18c3,0x10a2,0x18c3,0x10a2,0x18c3,0x10a2,0x18c3,0x10a2,0x18c3,
  0x10a2,0x18c3,0x10a2,0x18c3,0x10a2,0x10a2,0x10a2,0x18a3,0x10a2,0x10a2,0x10a2,0x18a3,0x10a2,0x10a2,0x10a2,0x10a2,
  0x10a2,0x10a2,0x1082,0x10a2,0x1082,0x10a2,0x1082,0x10a2,0x1082,0x10a2,0x1082,0x10a2,0x1082,0x10a2,0x1082,0x10a2,
  0x1082,0x10a2,0x1082,0x10a2,0x1082,0x1082,0x1082,0x1082,0x0881,0x1082,0x1082,0x1082,0x0881,0x1082,0x1082,0x1082,
  0x0881,0x1082,0x1082,0x1082,0x0881,0x1082,0x0881,0x1082,0x0881,0x1082,0x0881,0x1082,0x0881,0x1082,0x0861,0x1082,
  0x0861,0x1082,0x0861,0x1082,0x0881,0x1082,0x0881,0x1082,0x0861,0x1082,0x0861,0x1082,0x0861,0x1082,0x0861,0x1082,
  0x0861,0x1082,0x0861,0x1082,0x0861,0x1082,0x0861,0x1082,0x0861,0x1082,0x0861,0x1082,0x0861,0x1082,0x0861,0x1082,
  0x0861,0x1082,0x0861,0x1062,0x0841,0x0861,0x0861,0x1082,0x3186,0x2965,0x3186,0x2965,0x3186,0x2965,0x3186,0x3186,
  0x3186,0x3186,0x3186,0x3186,0x3186,0x2965,0x3186,0x3186,0x3186,0x2965,0x3186,0x2965,0x3186,0x2985,0x3186,0x3186,
  0x3186,0x2965,0x3166,0x2965,0x3186,0x2965,0x3186,0x2965,0x3186,0x2965,0x3186,0x2965,0x3166,0x2965,0x3186,0x2965,
  0x3186,0x2965,0x3166,0x2965,0x3186,0x2965,0x3186,0x2965,0x3186,0x2965,0x3166,0x2965,0x2965,0x2965,0x3166,0x2965,
  0x2965,0x2965,0x2965,0x2945,0x2965,0x2945,0x2965,0x2945,0x2965,0x2945,0x2965,0x2945,0x2945,0x2945,0x2965,0x2945,
  0x2965,0x2945,0x2965,0x2945,0x2965,0x2945,0x2945,0x2945,0x2965,0x2945,0x2965,0x2945,0x2945,0x2144,0x2945,0x2945,
  0x2945,0x2945,0x2945,0x2945,0x2945,0x2945,0x2945,0x2945,0x2945,0x2945,0x2945,0x2945,0x2945,0x2124,0x2945,0x2124,
  0x2945,0x2144,0x2945,0x2945,0x2945,0x2124,0x2945,0x2124,0x2945,0x2124,0x2925,0x2124,0x2945,0x2144,0x2945,0x2945,
  0x2945,0x2124,0x2945,0x2124,0x20e4,0x1082,0x1082,0x1082,0x18c3,0x1903,0x2965,0x3186,0x39e7,0x4208,0x4a49,0x4a49,
  0x528a,0x52aa,0x5aab,0x528a,0x528a,0x528a,0x528a,0x4a69,0x52aa,0x528a,0x528a,0x4a69,0x4a69,0x4a49,0x4a49,0x4a49,
  0x4a49,0x4228,0x4a49,0x4a49,0x4a49,0x4228,0x4a49,0x4228,0x4a29,0x4228,0x4a29,0x39e7,0x39e7,0x39c7,0x4208,0x4208,
  0x4208,0x39c7,0x39e7,0x31a6,0x39c7,0x39c7,0x3186,0x2945,0x2965,0x2144,0x2124,0x2104,0x2124,0x2104,0x2104,0x18e3,
  0x2104,0x18e3,0x2104,0x18e3,0x18e3,0x18c3,0x18c3,0x18c3,0x18c3,0x10a2,0x18a3,0x10a2,0x18c3,0x10a2,0x10a2,0x1082,
  0x10a2,0x10a2,0x18c3,0x10a2,0x18a3,0x10a2,0x10a2,0x1082,0x10a2,0x1082,0x10a2,0x1082,0x10a2,0x1082,0x10a2,0x10a2,
  0x1082,0x1082,0x1082,0x1082,0x1082,0x0861,0x1062,0x0841,0x0841,0x0020,0x0841,0x0841,0x1082,0x10a2,0x18c3,0x18c3,
  0x18c3,0x18c3,0x18c3,0x18c3,0x18c3,0x18c3,0x18c3,0x18c3,0x18c3,0x10c2,0x18c3,0x18c3,0x18c3,0x10c2,0x18c3,0x18c3,
  0x18c3,0x10a2,0x18c3,0x10a2,0x18c3,0x10a2,0x18c3,0x10a2,0x18c3,0x10a2,0x18c3,0x10a2,0x18c3,0x10a2,0x18c3,0x10a2,
  0x18c3,0x10a2,0x18c3,0x10a2,0x18c3,0x10a2,0x18a3,0x10a2,0x18a3,0x10a2,0x10a2,0x1082,0x10a2,0x10a2,0x18a3,0x10a2,
  0x10a2,0x10a2,0x18a3,0x10a2,0x10a2,0x10a2,0x18a3,0x10a2,0x10a2,0x1082,0x10a2,0x1082,0x10a2,0x1082,0x10a2,0x1082,
  0x10a2,0x1082,0x10a2,0x1082,0x10a2,0x1082,0x10a2,0x1082,0x10a2,0x1082,0x10a2,0x1082,0x10a2,0x1082,0x1082,0x1082,
  0x1082,0x1082,0x1082,0x1082,0x1082,0x0881,0x1082,0x1082,0x1082,0x0881,0x1082,0x1082,0x1082,0x1082,0x1082,0x1082,
  0x1082,0x0881,0x1082,0x1082,0x1082,0x0861,0x1082,0x0861,0x1082,0x0861,0x1082,0x0861,0x1082,0x0861,0x1082,0x0861,
  0x1082,0x0861,0x1082,0x0861,0x1082,0x0861,0x1082,0x0861,0x1082,0x0861,0x1082,0x0861,0x0861,0x0861,0x1082,0x0861,
  0x2965,0x3186,0x2965,0x3186,0x2965,0x3166,0x2965,0x3186,0x2965,0x3186,0x2965,0x3186,0x2965,0x3166,0x2965,0x3186,
  0x2965,0x3166,0x2965,0x2965,0x2965,0x3186,0x2965,0x3186,0x2965,0x3186,0x2965,0x3186,0x2965,0x3166,0x2965,0x3186,
  0x2985,0x3186,0x2965,0x2965,0x2965,0x3166,0x2965,0x2965,0x2965,0x2965,0x2965,0x2965,0x2965,0x2965,0x2965,0x2965,
  0x2945,0x2965,0x2945,0x2965,0x2945,0x2965,0x2945,0x2965,0x2945,0x2965,0x2945,0x2965,0x2945,0x2965,0x2945,0x2965,
  0x2945,0x2965,0x2945,0x2945,0x2945,0x2945,0x2144,0x2945,0x2945,0x2945,0x2144,0x2945,0x2945,0x2945,0x2144,0x2945,
  0x2945,0x2945,0x2144,0x2945,0x2144,0x2945,0x2144,0x2945,0x2144,0x2945,0x2144,0x2945,0x2144,0x2945,0x2144,0x2945,
  0x2144,0x2945,0x2144,0x2945,0x2144,0x2945,0x2124,0x2945,0x2124,0x2945,0x2124,0x2945,0x2124,0x2945,0x2124,0x2945,
  0x2124,0x2925,0x2124,0x2124,0x2124,0x2945,0x2124,0x2124,0x2124,0x2945,0x2124,0x18e3,0x0881,0x0841,0x0841,0x18c3,
  0x1903,0x2965,0x31a6,0x39e7,0x4228,0x526a,0x4a89,0x528a,0x4a69,0x52aa,0x4a89,0x4a69,0x4a69,0x52aa,0x52aa,0x528a,
  0x4a69,0x526a,0x4a69,0x4a69,0x4a69,0x4a69,0x4a69,0x4a69,0x4248,0x4a49,0x4228,0x4a49,0x4248,0x4a49,0x4208,0x4228,
  0x4208,0x4a29,0x4228,0x4228,0x4208,0x4208,0x39e7,0x4228,0x39e7,0x39e7,0x31a6,0x31a6,0x3186,0x39c7,0x2965,0x2945,
  0x2945,0x2965,0x2124,0x2104,0x2104,0x2104,0x18e3,0x18e3,0x18e3,0x18e3,0x18c3,0x18e3,0x18e3,0x18e3,0x18c3,0x18c3,
  0x10c2,0x18c3,0x10a2,0x18c3,0x10a2,0x18a3,0x10a2,0x10a2,0x10a2,0x10a2,0x1082,0x10a2,0x10a2,0x18a3,0x10a2,0x10a2,
  0x0881,0x10a2,0x1082,0x1082,0x1082,0x10a2,0x1082,0x10a2,0x1082,0x1082,0x0881,0x1082,0x0881,0x1082,0x0881,0x0861,
  0x0841,0x0841,0x0000,0x0020,0x0020,0x0861,0x0881,0x18c3,0x10c2,0x18c3,0x10c2,0x18c3,0x10a2,0x18c3,0x10a2,0x18c3,
  0x10a2,0x18c3,0x10a2,0x18c3,0x10a2,0x18c3,0x10a2,0x18c3,0x10a2,0x18c3,0x10a2,0x18c3,0x10a2,0x18c3,0x10a2,0x18c3,
  0x10a2,0x18c3,0x10a2,0x18c3,0x10a2,0x18a3,0x10a2,0x10a2,0x10a2,0x10a2,0x10a2,0x10a2,0x10a2,0x10a2,0x10a2,0x10a2,
  0x10a2,0x10a2,0x1082,0x10a2,0x1082,0x10a2,0x1082,0x10a2,0x1082,0x10a2,0x1082,0x10a2,0x1082,0x10a2,0x1082,0x10a2,
  0x1082,0x10a2,0x1082,0x10a2,0x1082,0x1082,0x0881,0x1082,0x1082,0x1082,0x0881,0x1082,0x1082,0x1082,0x0881,0x1082,
  0x1082,0x1082,0x0881,0x1082,0x1082,0x1082,0x0881,0x1082,0x0881,0x1082,0x0881,0x1082,0x0881,0x1082,0x0861,0x1082,
  0x0861,0x1082,0x0861,0x1082,0x0881,0x1082,0x0881,0x1082,0x0861,0x1082,0x0861,0x1082,0x0861,0x1082,0x0861,0x1082,
  0x0861,0x1082,0x0861,0x1082,0x0861,0x1082,0x0861,0x1082,0x0861,0x1082,0x0861,0x1082,0x0861,0x1082,0x0861,0x1082,
  0x0861,0x1082,0x0861,0x0861,0x0841,0x0861,0x0861,0x0861,0x3186,0x3186,0x3186,0x2965,0x3186,0x2965,0x3186,0x2965,
  0x3186,0x2965,0x3186,0x2965,0x3186,0x2965,0x3186,0x2965,0x3186,0x2965,0x3186,0x2965,0x3186,0x2965,0x3186,0x2985,
  0x3186,0x2965,0x3186,0x2985,0x3186,0x2965,0x3186,0x2965,0x3186,0x2965,0x3186,0x2965,0x3186,0x2965,0x3186,0x2965,
  0x3186,0x2965,0x3166,0x2965,0x3166,0x2965,0x2965,0x2965,0x3166,0x2965,0x2965,0x2945,0x2965,0x2945,0x2965,0x2945,
  0x2965,0x2945,0x2965,0x2965,0x3166,0x2965,0x2965,0x2965,0x3166,0x2965,0x2965,0x2945,0x2965,0x2945,0x2965,0x2945,
  0x2965,0x2945,0x2965,0x2945,0x2965,0x2945,0x2945,0x2945,0x2965,0x2945,0x2965,0x2945,0x2945,0x2945,0x2945,0x2945,
  0x2945,0x2945,0x2945,0x2945,0x2945,0x2945,0x2945,0x2945,0x2945,0x2945,0x2945,0x2945,0x2945,0x2945,0x2945,0x2144,
  0x2945,0x2945,0x2945,0x2144,0x2945,0x2124,0x2945,0x2124,0x2945,0x2124,0x2945,0x2144,0x2945,0x2124,0x2925,0x2124,
  0x2945,0x2124,0x18e3,0x0861,0x1082,0x0861,0x18a3,0x2104,0x3166,0x31a6,0x4228,0x4248,0x528a,0x52aa,0x5acb,0x52aa,
  0x5aab,0x52aa,0x52aa,0x528a,0x52aa,0x52aa,0x52aa,0x528a,0x5aab,0x528a,0x528a,0x4a69,0x4a69,0x4a49,0x4a49,0x4a69,
  0x528a,0x4a69,0x528a,0x4a69,0x526a,0x4a49,0x4a49,0x4228,0x4a49,0x4228,0x4a49,0x4a49,0x4a49,0x4208,0x4228,0x3a07,
  0x4208,0x39e7,0x4208,0x31a6,0x31a6,0x39c7,0x31a6,0x2965,0x3166,0x2965,0x2965,0x2144,0x2945,0x2104,0x2104,0x18e3,
  0x2104,0x18e3,0x20e4,0x18e3,0x2104,0x18e3,0x18e3,0x18c3,0x18e3,0x18c3,0x18c3,0x10a2,0x18c3,0x10a2,0x18c3,0x10a2,
  0x18c3,0x10a2,0x18a3,0x10a2,0x18c3,0x10a2,0x18a3,0x10a2,0x10a2,0x1082,0x10a2,0x1082,0x10a2,0x10a2,0x10a2,0x10a2,
  0x18a3,0x1082,0x10a2,0x1082,0x1082,0x1082,0x1082,0x0861,0x1062,0x0841,0x0841,0x0000,0x0020,0x0020,0x0861,0x0861,
  0x18a3,0x18c3,0x18e3,0x18c3,0x18c3,0x18c3,0x18c3,0x10c2,0x18c3,0x18c3,0x18c3,0x10c2,0x18c3,0x18c3,0x18c3,0x10c2,
  0x18c3,0x10a2,0x18c3,0x10a2,0x18c3,0x10a2,0x18c3,0x10a2,0x18c3,0x10a2,0x18c3,0x10a2,0x18c3,0x10a2,0x18c3,0x10a2,
  0x18c3,0x10a2,0x18c3,0x10a2,0x18c3,0x10a2,0x18a3,0x10a2,0x18a3,0x10a2,0x10a2,0x10a2,0x18a3,0x10a2,0x10a2,0x10a2,
  0x18a3,0x10a2,0x10a2,0x10a2,0x18a3,0x10a2,0x10a2,0x10a2,0x10a2,0x1082,0x10a2,0x1082,0x10a2,0x1082,0x10a2,0x1082,
  0x10a2,0x1082,0x10a2,0x1082,0x10a2,0x1082,0x10a2,0x1082,0x10a2,0x1082,0x10a2,0x1082,0x10a2,0x1082,0x1082,0x1082,
  0x1082,0x1082,0x1082,0x1082,0x1082,0x1082,0x1082,0x0881,0x1082,0x1082,0x1082,0x0881,0x1082,0x1082,0x1082,0x0881,
  0x1082,0x1082,0x1082,0x0881,0x1082,0x0861,0x1082,0x0861,0x1082,0x0861,0x1082,0x0861,0x1082,0x0861,0x1082,0x0861,
  0x1082,0x0861,0x1082,0x0861,0x1082,0x0861,0x1082,0x0861,0x1082,0x0861,0x1082,0x0861,0x1062,0x0861,0x1082,0x0861,
  0x2985,0x3186,0x2985,0x3186,0x2985,0x3186,0x2965,0x3186,0x2965,0x3186,0x2965,0x3186,0x2965,0x3186,0x2965,0x3166,
  0x2965,0x2965,0x2965,0x3186,0x2965,0x3186,0x2985,0x3186,0x2965,0x3186,0x2985,0x3186,0x2965,0x2965,0x2965,0x2965,
  0x2965,0x3186,0x2965,0x3186,0x2965,0x2965,0x2965,0x3166,0x2965,0x2965,0x2965,0x3166,0x2965,0x2965,0x2965,0x2965,
  0x2945,0x2965,0x2965,0x2965,0x2945,0x2965,0x2945,0x2965,0x2945,0x2965,0x2945,0x2965,0x2945,0x2965,0x2945,0x2965,
  0x2945,0x2965,0x2945,0x2965,0x2144,0x2965,0x2945,0x2965,0x2945,0x2945,0x2945,0x2945,0x2144,0x2945,0x2144,0x2945,
  0x2144,0x2945,0x2144,0x2945,0x2144,0x2945,0x2144,0x2945,0x2144,0x2945,0x2144,0x2945,0x2144,0x2945,0x2144,0x2945,
  0x2144,0x2945,0x2144,0x2945,0x2144,0x2945,0x2144,0x2945,0x2124,0x2945,0x2124,0x2945,0x2124,0x2945,0x2124,0x2945,
  0x2124,0x2945,0x2124,0x2945,0x2124,0x2945,0x2144,0x2945,0x1903,0x18c3,0x0861,0x0861,0x1082,0x18c3,0x18e3,0x2965,
  0x31a6,0x4228,0x4a69,0x52aa,0x52aa,0x5acb,0x52aa,0x5acb,0x52ca,0x5acb,0x5acb,0x5aeb,0x52aa,0x52aa,0x4a89,0x52aa,
  0x4a69,0x4a69,0x4a69,0x526a,0x4a69,0x528a,0x4a69,0x528a,0x4a69,0x528a,0x4a69,0x528a,0x4a69,0x4a69,0x4a49,0x528a,
  0x4a69,0x4a69,0x4a49,0x4a69,0x4228,0x4228,0x4208,0x4208,0x39e7,0x4208,0x4228,0x39e7,0x3186,0x39c7,0x31a6,0x31a6,
  0x2965,0x2965,0x2945,0x2945,0x2144,0x2945,0x2104,0x2104,0x1903,0x2104,0x18e3,0x2104,0x18e3,0x18e3,0x18c3,0x18e3,
  0x18c3,0x18c3,0x18c3,0x18c3,0x10c2,0x18c3,0x10a2,0x18a3,0x10a2,0x10a2,0x10a2,0x10a2,0x10a2,0x10a2,0x10a2,0x18a3,
  0x10a2,0x10a2,0x1082,0x10a2,0x1082,0x10a2,0x1082,0x10a2,0x10a2,0x10a2,0x1082,0x1082,0x0861,0x1082,0x0861,0x1062,
  0x0861,0x1082,0x0841,0x0821,0x0000,0x0000,0x0000,0x0841,0x0861,0x10a2,0x10a2,0x18c3,0x10c2,0x18c3,0x10a2,0x18c3,
  0x10a2,0x18c3,0x10a2,0x18c3,0x10a2,0x18c3,0x10a2,0x18c3,0x10a2,0x18c3,0x10a2,0x18c3,0x10a2,0x18c3,0x10a2,0x18c3,
  0x10a2,0x18c3,0x10a2,0x18c3,0x10a2,0x10a2,0x10a2,0x18a3,0x10a2,0x10a2,0x10a2,0x18a3,0x10a2,0x10a2,0x10a2,0x10a2,
  0x10a2,0x10a2,0x10a2,0x10a2,0x10a2,0x10a2,0x1082,0x10a2,0x1082,0x10a2,0x1082,0x10a2,0x1082,0x10a2,0x1082,0x10a2,
  0x1082,0x10a2,0x1082,0x10a2,0x1082,0x1082,0x1082,0x1082,0x0881,0x1082,0x1082,0x1082,0x0881,0x1082,0x1082,0x1082,
  0x0881,0x1082,0x1082,0x1082,0x0881,0x1082,0x0881,0x1082,0x0881,0x1082,0x0881,0x1082,0x0881,0x1082,0x0861,0x1082,
  0x0861,0x1082,0x0861,0x1082,0x0881,0x1082,0x0881,0x1082,0x0861,0x1082,0x0861,0x1082,0x0861,0x1082,0x0861,0x1082,
  0x0861,0x1082,0x0861,0x1082,0x0861,0x1082,0x0861,0x1082,0x0861,0x1082,0x0861,0x1062,0x0861,0x0861,0x0861,0x1062,
  0x0861,0x1082,0x0861,0x1082,0x0861,0x1082,0x0861,0x1082,0x3186,0x3186,0x3186,0x3186,0x3186,0x2985,0x3186,0x3186,
  0x3186,0x2985,0x3186,0x2965,0x3186,0x2965,0x3186,0x2965,0x3186,0x2985,0x3186,0x2965,0x3186,0x2985,0x31a6,0x3186,
  0x3186,0x3186,0x3186,0x3186,0x3186,0x2965,0x3186,0x2965,0x3166,0x2965,0x3186,0x3186,0x3186,0x2965,0x3186,0x2965,
  0x3166,0x2965,0x3186,0x2965,0x3166,0x2965,0x3166,0x2965,0x3166,0x2965,0x3166,0x2965,0x3186,0x2965,0x3186,0x2965,
  0x3186,0x2965,0x2965,0x2965,0x2965,0x2965,0x3166,0x2945,0x2965,0x2965,0x3166,0x2945,0x2965,0x2945,0x2965,0x2945,
  0x2965,0x2945,0x2965,0x2945,0x2965,0x2945,0x2945,0x2945,0x2945,0x2945,0x2945,0x2945,0x2965,0x2945,0x2945,0x2945,
  0x2945,0x2945,0x2945,0x2945,0x2945,0x2945,0x2945,0x2945,0x2945,0x2945,0x2945,0x2945,0x2945,0x2945,0x2945,0x2945,
  0x2945,0x2144,0x2945,0x2945,0x2945,0x2124,0x2945,0x2124,0x2945,0x2144,0x2945,0x2124,0x2945,0x2945,0x2945,0x2104,
  0x18c3,0x0861,0x1062,0x1082,0x18e3,0x2104,0x3166,0x39c7,0x4a49,0x528a,0x5acb,0x5acb,0x5acb,0x52ca,0x5acb,0x5acb,
  0x5acb,0x52aa,0x5aab,0x5acb,0x5acb,0x52aa,0x52aa,0x52aa,0x52aa,0x528a,0x528a,0x528a,0x528a,0x528a,0x528a,0x528a,
  0x528a,0x4a89,0x528a,0x4a69,0x528a,0x4a69,0x4a69,0x4a69,0x528a,0x4a49,0x4a69,0x4a69,0x4a69,0x4228,0x4a29,0x4208,
  0x4208,0x4208,0x4a29,0x39e7,0x39c7,0x39e7,0x41e8,0x39c7,0x31a6,0x3186,0x3186,0x2945,0x2945,0x2124,0x2124,0x2104,
  0x2124,0x2104,0x2104,0x2104,0x2104,0x18e3,0x20e4,0x18e3,0x18e3,0x18c3,0x20e4,0x18e3,0x18c3,0x10c2,0x18c3,0x10a2,
  0x10a2,0x10a2,0x18c3,0x10a2,0x18a3,0x10a2,0x18c3,0x18c3,0x18c3,0x10a2,0x18a3,0x10a2,0x10a2,0x1082,0x10a2,0x1082,
  0x10a2,0x10a2,0x10a2,0x1082,0x1082,0x0881,0x1082,0x1082,0x1082,0x0881,0x1082,0x0861,0x0841,0x0020,0x0020,0x0000,
  0x0841,0x0841,0x10a2,0x10a2,0x18c3,0x10c2,0x18c3,0x18c3,0x18c3,0x10c2,0x18c3,0x18c3,0x18c3,0x10c2,0x18c3,0x18c3,
  0x18c3,0x10a2,0x18c3,0x10a2,0x18c3,0x10a2,0x18c3,0x10a2,0x18c3,0x10a2,0x18c3,0x10a2,0x18c3,0x10a2,0x18c3,0x10a2,
  0x18c3,0x10a2,0x18c3,0x10a2,0x18c3,0x10a2,0x18a3,0x10a2,0x18a3,0x10a2,0x18c3,0x10a2,0x18a3,0x10a2,0x18a3,0x10a2,
  0x10a2,0x10a2,0x18a3,0x10a2,0x10a2,0x10a2,0x18a3,0x10a2,0x10a2,0x1082,0x10a2,0x1082,0x10a2,0x1082,0x10a2,0x1082,
  0x10a2,0x1082,0x10a2,0x1082,0x10a2,0x1082,0x10a2,0x1082,0x10a2,0x1082,0x10a2,0x1082,0x10a2,0x1082,0x1082,0x1082,
  0x1082,0x1082,0x1082,0x1082,0x1082,0x0881,0x1082,0x1082,0x1082,0x0881,0x1082,0x1082,0x1082,0x1082,0x1082,0x1082,
  0x1082,0x0881,0x1082,0x1082,0x1082,0x0861,0x1082,0x0861,0x1082,0x0861,0x1082,0x0861,0x1082,0x0861,0x1082,0x0861,
  0x1082,0x0861,0x1082,0x0861,0x1082,0x0861,0x1082,0x0861,0x1082,0x0861,0x1082,0x0861,0x1082,0x0861,0x1062,0x0861,
  0x2965,0x3186,0x2965,0x3186,0x2965,0x3186,0x2965,0x3186,0x2985,0x3186,0x2965,0x3186,0x2965,0x3186,0x2965,0x3186,
  0x2965,0x3186,0x2965,0x3186,0x2965,0x3186,0x3186,0x3186,0x2965,0x3186,0x2985,0x3186,0x2965,0x3186,0x2965,0x3186,
  0x2965,0x3166,0x2965,0x2965,0x2965,0x3186,0x2965,0x2965,0x2965,0x3166,0x2965,0x2965,0x2965,0x2965,0x2965,0x2965,
  0x2945,0x2965,0x2965,0x2965,0x2965,0x2965,0x2965,0x2965,0x2965,0x2965,0x2144,0x2965,0x2945,0x2965,0x2945,0x2965,
  0x2945,0x2965,0x2945,0x2965,0x2945,0x2965,0x2945,0x2965,0x2945,0x2945,0x2144,0x2945,0x2945,0x2945,0x2144,0x2945,
  0x2144,0x2945,0x2144,0x2945,0x2945,0x2945,0x2144,0x2945,0x2144,0x2945,0x2144,0x2945,0x2144,0x2945,0x2144,0x2945,
  0x2144,0x2945,0x2144,0x2945,0x2144,0x2945,0x2144,0x2945,0x2144,0x2945,0x2124,0x2945,0x2124,0x2945,0x2124,0x2945,
  0x2124,0x2945,0x2124,0x2945,0x2144,0x2945,0x18e3,0x1082,0x0841,0x1082,0x0881,0x10a2,0x18e3,0x2965,0x39c7,0x4a49,
  0x52ca,0x62ec,0x52ca,0x5acb,0x52ca,0x5aeb,0x5aeb,0x5aeb,0x52ca,0x5acb,0x4a89,0x52aa,0x52aa,0x52aa,0x4a89,0x52aa,
  0x52aa,0x52aa,0x4a89,0x52aa,0x528a,0x52aa,0x528a,0x528a,0x528a,0x528a,0x4a89,0x528a,0x4a69,0x528a,0x4a69,0x52aa,
  0x528a,0x4a69,0x4a49,0x528a,0x4248,0x4a49,0x4a69,0x4a69,0x4a49,0x4a49,0x4228,0x4228,0x39e7,0x39e7,0x39e7,0x39c7,
  0x31a6,0x39c7,0x2985,0x2945,0x2144,0x2945,0x2124,0x2124,0x2124,0x2124,0x1903,0x2124,0x18e3,0x18e3,0x18c3,0x18e3,
  0x18c3,0x18e3,0x10c2,0x18c3,0x10a2,0x18c3,0x10c2,0x18e3,0x10c2,0x18a3,0x10a2,0x10a2,0x10a2,0x18c3,0x10a2,0x18c3,
  0x10a2,0x18c3,0x10a2,0x10a2,0x1082,0x10a2,0x1082,0x10a2,0x1082,0x10a2,0x1082,0x10a2,0x1082,0x1082,0x1082,0x1082,
  0x0861,0x1082,0x0861,0x1082,0x0841,0x0841,0x0020,0x0020,0x0000,0x0020,0x0841,0x10a2,0x10c2,0x18c3,0x10a2,0x18c3,
  0x10a2,0x18c3,0x10a2,0x18c3,0x10a2,0x18c3,0x10a2,0x18c3,0x10a2,0x18c3,0x10a2,0x18c3,0x10a2,0x18c3,0x10a2,0x18c3,
  0x10a2,0x18c3,0x10a2,0x18c3,0x10a2,0x18a3,0x10a2,0x10a2,0x10a2,0x10a2,0x10a2,0x10a2,0x10a2,0x10a2,0x10a2,0x10a2,
  0x10a2,0x10a2,0x10a2,0x10a2,0x10a2,0x10a2,0x1082,0x10a2,0x1082,0x10a2,0x1082,0x10a2,0x1082,0x10a2,0x1082,0x10a2,
  0x1082,0x10a2,0x1082,0x10a2,0x1082,0x1082,0x0881,0x1082,0x1082,0x1082,0x0881,0x1082,0x1082,0x1082,0x0881,0x1082,
  0x1082,0x1082,0x0881,0x1082,0x1082,0x1082,0x0881,0x1082,0x0881,0x1082,0x0881,0x1082,0x0881,0x1082,0x0861,0x1082,
  0x0861,0x1082,0x0861,0x1082,0x0881,0x1082,0x0881,0x1082,0x0861,0x1082,0x0861,0x1082,0x0861,0x1082,0x0861,0x1082,
  0x0861,0x1082,0x0861,0x1082,0x0861,0x1082,0x0861,0x1082,0x0861,0x1082,0x0861,0x0861,0x0861,0x1062,0x0861,0x0861,
  0x0861,0x0861,0x0861,0x0861,0x0861,0x0861,0x0841,0x0861,0x3186,0x3186,0x31a6,0x3186,0x3186,0x3186,0x3186,0x2985,
  0x3186,0x2965,0x3186,0x2965,0x3186,0x3186,0x3186,0x3186,0x3186,0x3186,0x3186,0x2985,0x3186,0x2965,0x3186,0x3186,
  0x3186,0x2965,0x3186,0x3186,0x3166,0x3186,0x3186,0x2965,0x3186,0x2965,0x3186,0x2965,0x31a6,0x3186,0x3186,0x2965,
  0x3166,0x2965,0x3186,0x2965,0x3166,0x2965,0x3186,0x2965,0x3186,0x2965,0x3166,0x2965,0x3186,0x2965,0x3166,0x2965,
  0x3186,0x2965,0x3166,0x2965,0x3166,0x2965,0x3166,0x2965,0x2965,0x2945,0x2965,0x2945,0x2965,0x2945,0x2965,0x2945,
  0x2945,0x2945,0x2965,0x2945,0x2945,0x2945,0x2965,0x2945,0x2965,0x2945,0x2965,0x2945,0x2965,0x2945,0x2965,0x2945,
  0x2965,0x2945,0x2965,0x2945,0x2965,0x2945,0x2965,0x2945,0x2945,0x2945,0x2945,0x2945,0x2945,0x2945,0x2945,0x2144,
  0x2945,0x2945,0x2945,0x2144,0x2945,0x2124,0x2945,0x2124,0x2945,0x2945,0x2945,0x2144,0x2925,0x18c3,0x1062,0x0861,
  0x1082,0x0861,0x10a2,0x2104,0x3186,0x4208,0x528a,0x5acb,0x5aeb,0x5acb,0x5acb,0x5acb,0x62ec,0x5aeb,0x5aeb,0x5acb,
  0x62ec,0x5acb,0x5acb,0x52aa,0x5acb,0x52aa,0x5acb,0x52aa,0x5aab,0x52aa,0x5acb,0x52aa,0x5aab,0x52aa,0x5acb,0x52aa,
  0x5acb,0x52aa,0x5aab,0x528a,0x528a,0x4a69,0x52aa,0x528a,0x528a,0x4a69,0x52aa,0x52aa,0x52aa,0x4a69,0x4a49,0x4a69,
  0x526a,0x4228,0x4228,0x4228,0x4a49,0x39e7,0x39c7,0x3186,0x39a7,0x31a6,0x39a7,0x2965,0x3186,0x2965,0x2945,0x2124,
  0x2925,0x2104,0x2124,0x2104,0x2925,0x2124,0x2104,0x18e3,0x2104,0x18e3,0x18e3,0x18e3,0x2104,0x18e3,0x18c3,0x18c3,
  0x18e3,0x18c3,0x18c3,0x10c2,0x18c3,0x10a2,0x18c3,0x10c2,0x18c3,0x18c3,0x18c3,0x10a2,0x18a3,0x10a2,0x10a2,0x1082,
  0x18a3,0x10a2,0x18a3,0x10a2,0x18a3,0x10a2,0x10a2,0x1082,0x10a2,0x1082,0x1082,0x1082,0x1082,0x0841,0x0841,0x0020,
  0x0020,0x0000,0x0020,0x0020,0x1082,0x18c3,0x18c3,0x10a2,0x18c3,0x10a2,0x18c3,0x10a2,0x18c3,0x18c3,0x18c3,0x10c2,
  0x18c3,0x18c3,0x18c3,0x10a2,0x18c3,0x18c3,0x18c3,0x10a2,0x18c3,0x10a2,0x18c3,0x10a2,0x18a3,0x10a2,0x18a3,0x10a2,
  0x18a3,0x10a2,0x18a3,0x10a2,0x18c3,0x10a2,0x18a3,0x10a2,0x18a3,0x10a2,0x18c3,0x10a2,0x18a3,0x10a2,0x18a3,0x10a2,
  0x18a3,0x10a2,0x18a3,0x10a2,0x18a3,0x10a2,0x10a2,0x10a2,0x18a3,0x10a2,0x10a2,0x10a2,0x10a2,0x1082,0x10a2,0x1082,
  0x10a2,0x1082,0x10a2,0x1082,0x10a2,0x1082,0x10a2,0x1082,0x10a2,0x1082,0x10a2,0x1082,0x10a2,0x1082,0x1082,0x1082,
  0x1082,0x1082,0x1082,0x1082,0x1082,0x1082,0x1082,0x1082,0x1082,0x1082,0x1082,0x1082,0x1082,0x1082,0x1082,0x0881,
  0x1082,0x1082,0x1082,0x0881,0x1082,0x1082,0x1082,0x0881,0x1082,0x1082,0x1082,0x0881,0x1082,0x0861,0x1082,0x0861,
  0x1082,0x0861,0x1082,0x0861,0x1082,0x0861,0x1082,0x0861,0x1082,0x0861,0x1082,0x0861,0x1082,0x0861,0x1082,0x0861,
  0x2965,0x3186,0x3186,0x3186,0x2965,0x3186,0x3186,0x3186,0x2965,0x3186,0x2965,0x3186,0x2965,0x3186,0x2965,0x3186,
  0x2965,0x3186,0x2965,0x3186,0x2965,0x2965,0x2965,0x3186,0x2965,0x3186,0x2985,0x3186,0x2965,0x3186,0x2965,0x3186,
  0x2965,0x3186,0x2965,0x3166,0x2965,0x3186,0x2965,0x3186,0x2965,0x2965,0x2965,0x2965,0x2965,0x2965,0x2965,0x3166,
  0x2965,0x2965,0x2945,0x2965,0x2965,0x2965,0x2965,0x2965,0x2945,0x2965,0x2965,0x2965,0x2945,0x2965,0x2965,0x2965,
  0x2945,0x2965,0x2945,0x2965,0x2945,0x2945,0x2945,0x2945,0x2144,0x2945,0x2945,0x2965,0x2144,0x2945,0x2945,0x2945,
  0x2144,0x2945,0x2945,0x2945,0x2144,0x2945,0x2945,0x2945,0x2144,0x2945,0x2945,0x2945,0x2144,0x2945,0x2945,0x2945,
  0x2124,0x2945,0x2124,0x2945,0x2144,0x2945,0x2144,0x2945,0x2124,0x2945,0x2124,0x2945,0x2124,0x2945,0x2144,0x2945,
  0x2144,0x2945,0x2104,0x2124,0x10a2,0x0861,0x0861,0x1082,0x0861,0x10a2,0x18e3,0x2965,0x39e7,0x4a69,0x52aa,0x62ec,
  0x5aeb,0x5aeb,0x5acb,0x5aeb,0x5aeb,0x5aeb,0x52aa,0x5aab,0x52aa,0x5acb,0x52aa,0x5acb,0x52ca,0x5acb,0x52ca,0x5acb,
  0x52aa,0x5acb,0x52aa,0x5aab,0x52ca,0x5aeb,0x52ca,0x52aa,0x52aa,0x52aa,0x52aa,0x52aa,0x528a,0x52aa,0x52aa,0x52aa,
  0x4a69,0x528a,0x4a89,0x52aa,0x528a,0x528a,0x4a49,0x4a69,0x4248,0x4228,0x4228,0x4a29,0x4228,0x4228,0x39c7,0x31a6,
  0x31a6,0x39c7,0x3186,0x3166,0x2985,0x2965,0x2945,0x2945,0x2124,0x2124,0x2104,0x2104,0x2104,0x2124,0x18e3,0x20e4,
  0x18e3,0x18e3,0x18c3,0x18e3,0x18e3,0x18e3,0x18c3,0x18c3,0x18c3,0x18e3,0x18c3,0x18e3,0x10c2,0x18c3,0x10a2,0x18c3,
  0x10a2,0x18c3,0x10a2,0x18c3,0x10a2,0x10a2,0x10a2,0x10a2,0x10a2,0x10a2,0x10a2,0x10a2,0x10a2,0x10a2,0x1082,0x1082,
  0x0881,0x1082,0x1082,0x10a2,0x0861,0x0861,0x0841,0x0841,0x0000,0x0020,0x0000,0x0000,0x0040,0x10a2,0x10c2,0x18c3,
  0x10c2,0x18c3,0x10a2,0x18c3,0x10c2,0x18c3,0x10a2,0x18c3,0x10a2,0x18c3,0x10a2,0x18c3,0x10a2,0x18c3,0x10a2,0x18c3,
  0x10a2,0x18c3,0x10a2,0x18a3,0x10a2,0x10a2,0x10a2,0x10a2,0x10a2,0x10a2,0x10a2,0x18a3,0x10a2,0x10a2,0x10a2,0x10a2,
  0x10a2,0x10a2,0x10a2,0x18a3,0x10a2,0x10a2,0x10a2,0x10a2,0x10a2,0x10a2,0x10a2,0x10a2,0x1082,0x10a2,0x1082,0x10a2,
  0x1082,0x10a2,0x1082,0x10a2,0x1082,0x10a2,0x1082,0x1082,0x0881,0x10a2,0x1082,0x10a2,0x0881,0x1082,0x1082,0x10a2,
  0x1082,0x1082,0x1082,0x1082,0x0881,0x1082,0x0881,0x1082,0x0881,0x1082,0x0881,0x1082,0x0881,0x1082,0x0881,0x1082,
  0x0881,0x1082,0x0881,0x1082,0x0861,0x1082,0x0861,0x1082,0x0861,0x1082,0x0861,0x1082,0x0861,0x1082,0x0861,0x1082,
  0x0861,0x1082,0x0861,0x1082,0x0861,0x1082,0x0861,0x1082,0x0861,0x1082,0x0861,0x1082,0x0861,0x0861,0x0861,0x1062,
  0x0861,0x1082,0x0861,0x1082,0x0861,0x0861,0x0861,0x1062,0x3186,0x3186,0x3186,0x3186,0x3186,0x3186,0x31a6,0x3186,
  0x3186,0x2985,0x3186,0x2965,0x3186,0x2985,0x3186,0x2965,0x3186,0x2965,0x3186,0x2965,0x3186,0x2965,0x3186,0x3186,
  0x3186,0x2965,0x3186,0x3186,0x3186,0x2985,0x3186,0x2965,0x3186,0x2965,0x3186,0x2965,0x2965,0x2965,0x3186,0x2965,
  0x3186,0x2965,0x3166,0x2965,0x3166,0x2965,0x3166,0x2965,0x3186,0x2965,0x3166,0x2965,0x3166,0x2965,0x3166,0x2965,
  0x2965,0x2965,0x3186,0x2965,0x2965,0x2965,0x3166,0x2965,0x2965,0x2945,0x2965,0x2945,0x2965,0x2945,0x2965,0x2945,
  0x2945,0x2945,0x2965,0x2945,0x2945,0x2945,0x2965,0x2945,0x2965,0x2945,0x2965,0x2945,0x2965,0x2945,0x2965,0x2945,
  0x2965,0x2945,0x2965,0x2945,0x2965,0x2945,0x2965,0x2945,0x2945,0x2144,0x2945,0x2945,0x2945,0x2945,0x2945,0x2945,
  0x2945,0x2144,0x2945,0x2945,0x2945,0x2144,0x2945,0x2945,0x2945,0x2124,0x2925,0x18c3,0x1082,0x0841,0x10a2,0x1082,
  0x1082,0x2104,0x3186,0x39e7,0x528a,0x52ca,0x5aeb,0x5aeb,0x630c,0x5b0b,0x630c,0x5aeb,0x630c,0x5aeb,0x5acb,0x52aa,
  0x52aa,0x52aa,0x5acb,0x5acb,0x62ec,0x5aeb,0x5aeb,0x5acb,0x5aeb,0x5acb,0x5acb,0x5acb,0x62ec,0x5aeb,0x5acb,0x52aa,
  0x5acb,0x52aa,0x5acb,0x5acb,0x5aeb,0x5aeb,0x5aeb,0x5acb,0x52aa,0x4a89,0x528a,0x528a,0x52aa,0x52aa,0x5aab,0x4a69,
  0x4a49,0x4a49,0x526a,0x4a69,0x4a69,0x4a49,0x4208,0x39c7,0x39c7,0x39c7,0x39a7,0x3186,0x31a6,0x2985,0x3166,0x2945,
  0x2945,0x2124,0x2925,0x2124,0x2124,0x2104,0x2124,0x2104,0x2104,0x1903,0x2104,0x18e3,0x20e4,0x18e3,0x20e4,0x18e3,
  0x18e3,0x18e3,0x20e4,0x18e3,0x18e3,0x18c3,0x18c3,0x18c3,0x18c3,0x10c2,0x18c3,0x18c3,0x18c3,0x10a2,0x18c3,0x10a2,
  0x18a3,0x10a2,0x18a3,0x10a2,0x18a3,0x10a2,0x18a3,0x1082,0x10a2,0x1082,0x10a2,0x10a2,0x10a2,0x0881,0x1082,0x0861,
  0x0841,0x0020,0x0020,0x0000,0x0020,0x0841,0x10a2,0x18c3,0x18e3,0x18c3,0x18c3,0x18c3,0x18e3,0x10c2,0x18c3,0x18c3,
  0x18c3,0x10c2,0x18c3,0x10a2,0x18c3,0x10c2,0x18c3,0x10a2,0x18c3,0x10a2,0x18c3,0x10a2,0x18c3,0x10a2,0x18c3,0x10a2,
  0x18c3,0x10a2,0x18c3,0x10a2,0x18c3,0x10a2,0x18a3,0x10a2,0x18a3,0x10a2,0x18c3,0x10a2,0x18a3,0x10a2,0x18a3,0x10a2,
  0x18a3,0x10a2,0x18a3,0x10a2,0x10a2,0x10a2,0x18a3,0x10a2,0x10a2,0x10a2,0x18a3,0x10a2,0x10a2,0x1082,0x10a2,0x1082,
  0x10a2,0x1082,0x10a2,0x1082,0x10a2,0x1082,0x10a2,0x1082,0x10a2,0x1082,0x10a2,0x1082,0x10a2,0x1082,0x1082,0x1082,
  0x1082,0x1082,0x1082,0x1082,0x1082,0x1082,0x1082,0x1082,0x1082,0x1082,0x1082,0x1082,0x1082,0x0881,0x1082,0x1082,
  0x1082,0x0881,0x1082,0x1082,0x1082,0x0881,0x1082,0x1082,0x1082,0x0881,0x1082,0x1082,0x1082,0x0861,0x1082,0x0861,
  0x1082,0x0861,0x1082,0x0861,0x1082,0x0861,0x1082,0x0861,0x1082,0x0861,0x1082,0x0861,0x1082,0x0861,0x1082,0x0861,
  0x3186,0x3186,0x2965,0x3186,0x2965,0x3186,0x3186,0x3186,0x2965,0x3186,0x2965,0x3186,0x2965,0x3186,0x2965,0x3186,
  0x2965,0x3186,0x2965,0x3186,0x2965,0x3186,0x2965,0x3186,0x2965,0x3166,0x2965,0x3186,0x2965,0x3186,0x2965,0x3186,
  0x2965,0x3186,0x2965,0x2965,0x2965,0x2965,0x2965,0x3186,0x2965,0x3186,0x2965,0x3186,0x2965,0x2965,0x2945,0x2965,
  0x2965,0x3166,0x2965,0x2965,0x2965,0x3186,0x2965,0x2965,0x2945,0x2965,0x2965,0x2965,0x2945,0x2965,0x2965,0x2965,
  0x2945,0x2965,0x2945,0x2965,0x2945,0x2965,0x2945,0x2965,0x2945,0x2965,0x2945,0x2965,0x2945,0x2945,0x2945,0x2945,
  0x2945,0x2945,0x2144,0x2945,0x2945,0x2945,0x2144,0x2945,0x2945,0x2945,0x2144,0x2945,0x2945,0x2945,0x2144,0x2945,
  0x2144,0x2945,0x2144,0x2945,0x2144,0x2945,0x2144,0x2945,0x2144,0x2945,0x2124,0x2945,0x2144,0x2945,0x2124,0x2945,
  0x2945,0x2925,0x1903,0x1082,0x0861,0x1082,0x0861,0x1082,0x18e3,0x3186,0x39e7,0x4a69,0x52ca,0x630c,0x5aeb,0x630c,
  0x5b0b,0x630c,0x5aeb,0x5aeb,0x5acb,0x5aeb,0x5acb,0x5acb,0x52aa,0x5acb,0x52ca,0x5aeb,0x5aeb,0x5aeb,0x5acb,0x5aeb,
  0x5aeb,0x62ec,0x52ca,0x5acb,0x5acb,0x5acb,0x52aa,0x52aa,0x52aa,0x5acb,0x52ca,0x5acb,0x5acb,0x5aeb,0x52ca,0x5acb,
  0x52aa,0x52aa,0x4a89,0x528a,0x528a,0x5acb,0x52aa,0x528a,0x4a69,0x526a,0x4a69,0x4a69,0x4a49,0x4a49,0x4208,0x39e7,
  0x39c7,0x39c7,0x31a6,0x31a6,0x3186,0x3186,0x2965,0x2965,0x2945,0x2945,0x2124,0x2945,0x2104,0x2104,0x2124,0x2124,
  0x18e3,0x2104,0x1903,0x18e3,0x18c3,0x18e3,0x18e3,0x18e3,0x18c3,0x18e3,0x18e3,0x18e3,0x18e3,0x18e3,0x18c3,0x18c3,
  0x10a2,0x18c3,0x10a2,0x18c3,0x10c2,0x18c3,0x10a2,0x18c3,0x10a2,0x10a2,0x10a2,0x10a2,0x10a2,0x18a3,0x10a2,0x10a2,
  0x10a2,0x10a2,0x10a2,0x10a2,0x1082,0x1082,0x0861,0x1082,0x0861,0x0841,0x0020,0x0000,0x0000,0x0020,0x0020,0x0861,
  0x10a2,0x18c3,0x10c2,0x18c3,0x10a2,0x18c3,0x10a2,0x18c3,0x10a2,0x18c3,0x10a2,0x18c3,0x10a2,0x18c3,0x10a2,0x18c3,
  0x10a2,0x18c3,0x10a2,0x18c3,0x10a2,0x18c3,0x10a2,0x10a2,0x10a2,0x18a3,0x10a2,0x10a2,0x10a2,0x18a3,0x10a2,0x10a2,
  0x10a2,0x10a2,0x10a2,0x10a2,0x10a2,0x10a2,0x10a2,0x10a2,0x10a2,0x10a2,0x10a2,0x10a2,0x1082,0x10a2,0x1082,0x10a2,
  0x1082,0x10a2,0x1082,0x10a2,0x1082,0x10a2,0x1082,0x1082,0x1082,0x10a2,0x1082,0x10a2,0x1082,0x1082,0x0881,0x10a2,
  0x1082,0x1082,0x0881,0x1082,0x1082,0x1082,0x0881,0x1082,0x0881,0x1082,0x0881,0x1082,0x0881,0x1082,0x0881,0x1082,
  0x0881,0x1082,0x0881,0x1082,0x0861,0x1082,0x0861,0x1082,0x0861,0x1082,0x0861,0x1082,0x0861,0x1082,0x0861,0x1082,
  0x0861,0x1082,0x0861,0x1082,0x0861,0x1082,0x0861,0x1082,0x0861,0x1082,0x0861,0x1082,0x0861,0x1082,0x0861,0x1082,
  0x0861,0x1082,0x0861,0x1082,0x0861,0x1062,0x0861,0x0861,0x31a6,0x3186,0x3186,0x2965,0x3186,0x3186,0x31a6,0x3186,
  0x3186,0x3186,0x3186,0x2985,0x3186,0x3186,0x3186,0x2985,0x3186,0x3186,0x3186,0x2985,0x3186,0x3186,0x3186,0x2965,
  0x3186,0x2965,0x3186,0x2985,0x3186,0x3186,0x3186,0x2965,0x3186,0x2965,0x3186,0x2965,0x3186,0x2965,0x3186,0x2965,
  0x3186,0x2965,0x3186,0x2985,0x3186,0x2965,0x2965,0x2965,0x3186,0x2965,0x3166,0x2965,0x3186,0x2965,0x3186,0x2965,
  0x3166,0x2965,0x3186,0x2965,0x3166,0x2965,0x3166,0x2965,0x2965,0x2965,0x2965,0x2965,0x2965,0x2945,0x2965,0x2945,
  0x2965,0x2945,0x2965,0x2945,0x2965,0x2945,0x2965,0x2945,0x2965,0x2945,0x2965,0x2945,0x2965,0x2945,0x2965,0x2945,
  0x2965,0x2945,0x2965,0x2945,0x2965,0x2945,0x2965,0x2945,0x2965,0x2945,0x2945,0x2945,0x2945,0x2945,0x2945,0x2945,
  0x2945,0x2945,0x2945,0x2144,0x2945,0x2124,0x2925,0x2945,0x2945,0x18e3,0x10a2,0x0861,0x1082,0x1082,0x18c3,0x18c3,
  0x2965,0x39e7,0x526a,0x52aa,0x630c,0x630c,0x630c,0x630c,0x630c,0x5aeb,0x630c,0x5acb,0x5acb,0x5acb,0x5aeb,0x5acb,
  0x5aeb,0x5aeb,0x5aeb,0x5acb,0x5aeb,0x5acb,0x5aeb,0x5aeb,0x5aeb,0x5aeb,0x5aeb,0x5acb,0x5acb,0x5acb,0x5acb,0x52aa,
  0x5acb,0x52aa,0x5acb,0x52aa,0x5acb,0x52aa,0x5aab,0x52aa,0x5acb,0x5acb,0x5acb,0x52aa,0x5acb,0x52aa,0x52aa,0x52aa,
  0x528a,0x4a69,0x4a69,0x4a49,0x4a49,0x4a49,0x4228,0x3a07,0x41e8,0x39c7,0x39a7,0x31a6,0x31a6,0x3186,0x3186,0x2965,
  0x3186,0x2945,0x2945,0x2945,0x2124,0x18e3,0x2124,0x2104,0x20e4,0x2104,0x2104,0x18e3,0x20e4,0x18e3,0x2104,0x1903,
  0x20e4,0x18e3,0x2104,0x1903,0x2104,0x18e3,0x18e3,0x18c3,0x18e3,0x18c3,0x18c3,0x18c3,0x18c3,0x18c3,0x18c3,0x10c2,
  0x18c3,0x10a2,0x18c3,0x10a2,0x18c3,0x10a2,0x18a3,0x10a2,0x18c3,0x10a2,0x18a3,0x10a2,0x18a3,0x1082,0x1082,0x1082,
  0x1082,0x0861,0x0841,0x0020,0x0020,0x0000,0x0000,0x0020,0x1082,0x18c3,0x18e3,0x18c3,0x18c3,0x18c3,0x18c3,0x10c2,
  0x18c3,0x18c3,0x18c3,0x10a2,0x18c3,0x18c3,0x18c3,0x10a2,0x18c3,0x10a2,0x18c3,0x10a2,0x18c3,0x10a2,0x18c3,0x10a2,
  0x18c3,0x10a2,0x18c3,0x10a2,0x18c3,0x10a2,0x18c3,0x10a2,0x18c3,0x10a2,0x18c3,0x10a2,0x18a3,0x10a2,0x18a3,0x10a2,
  0x18a3,0x10a2,0x18a3,0x10a2,0x18a3,0x10a2,0x10a2,0x10a2,0x18a3,0x10a2,0x10a2,0x10a2,0x10a2,0x1082,0x10a2,0x1082,
  0x10a2,0x1082,0x10a2,0x1082,0x10a2,0x1082,0x10a2,0x1082,0x10a2,0x1082,0x10a2,0x1082,0x10a2,0x1082,0x1082,0x1082,
  0x1082,0x1082,0x1082,0x1082,0x1082,0x1082,0x1082,0x1082,0x1082,0x1082,0x1082,0x1082,0x1082,0x1082,0x1082,0x0881,
  0x1082,0x1082,0x1082,0x0881,0x1082,0x1082,0x1082,0x0881,0x1082,0x1082,0x1082,0x0881,0x1082,0x0861,0x1082,0x0861,
  0x1082,0x0861,0x1082,0x0881,0x1082,0x0861,0x1082,0x0861,0x1082,0x0861,0x1082,0x0861,0x1082,0x0861,0x1082,0x0861,
  0x3186,0x3186,0x2965,0x3186,0x2985,0x3186,0x2965,0x3186,0x2985,0x3186,0x2965,0x3186,0x2965,0x3186,0x2985,0x3186,
  0x2985,0x3186,0x2965,0x3186,0x2965,0x3186,0x2965,0x3186,0x2965,0x3186,0x2965,0x3186,0x2985,0x3186,0x2965,0x3186,
  0x2965,0x3186,0x2965,0x3166,0x2985,0x3186,0x2965,0x2965,0x2965,0x3186,0x2965,0x3186,0x2965,0x2965,0x2965,0x3166,
  0x2965,0x3186,0x2945,0x2965,0x2965,0x2965,0x2965,0x2965,0x2945,0x2965,0x2965,0x2965,0x2945,0x2965,0x2965,0x2965,
  0x2945,0x2965,0x2945,0x2965,0x2945,0x2965,0x2945,0x2965,0x2144,0x2965,0x2945,0x2965,0x2144,0x2945,0x2945,0x2945,
  0x2144,0x2945,0x2945,0x2945,0x2144,0x2945,0x2945,0x2945,0x2144,0x2945,0x2945,0x2945,0x2144,0x2945,0x2945,0x2945,
  0x2144,0x2945,0x2945,0x2945,0x2144,0x2945,0x2945,0x2945,0x2144,0x2945,0x2144,0x2945,0x2124,0x2945,0x2124,0x2945,
  0x1903,0x10a2,0x0040,0x1082,0x0861,0x1082,0x2104,0x2965,0x31a6,0x528a,0x5acb,0x62ec,0x5b0b,0x630c,0x5b0b,0x630c,
  0x5aeb,0x630c,0x5b0b,0x630c,0x5acb,0x5acb,0x5acb,0x5aeb,0x5aeb,0x630c,0x5aeb,0x5aeb,0x5acb,0x5aeb,0x5acb,0x62ec,
  0x52aa,0x5aeb,0x5acb,0x5acb,0x52ca,0x5aeb,0x5acb,0x5aeb,0x5acb,0x5aeb,0x5acb,0x5acb,0x52aa,0x5acb,0x52aa,0x5acb,
  0x52ca,0x5acb,0x52ca,0x5acb,0x52ca,0x52aa,0x528a,0x52aa,0x52aa,0x528a,0x4a49,0x4a49,0x4248,0x4a49,0x4228,0x4208,
  0x39c7,0x39c7,0x3186,0x31a6,0x3186,0x3186,0x2965,0x3166,0x2965,0x2965,0x2144,0x2965,0x2124,0x2124,0x2124,0x2124,
  0x1903,0x2124,0x2104,0x2104,0x18e3,0x2104,0x18e3,0x2104,0x18e3,0x2104,0x1903,0x2104,0x18e3,0x18e3,0x18e3,0x18e3,
  0x18c3,0x18c3,0x18c3,0x18e3,0x18c3,0x18c3,0x10c2,0x18c3,0x10a2,0x18c3,0x10a2,0x18c3,0x10a2,0x10a2,0x10a2,0x10a2,
  0x1082,0x10a2,0x10a2,0x18a3,0x10a2,0x10a2,0x1082,0x1082,0x0881,0x0861,0x0841,0x0841,0x0000,0x0000,0x0000,0x0020,
  0x0020,0x1082,0x10a2,0x18c3,0x10a2,0x18c3,0x10a2,0x18c3,0x10a2,0x18c3,0x10a2,0x18c3,0x10a2,0x18c3,0x10a2,0x18c3,
  0x10a2,0x18c3,0x10a2,0x18c3,0x10a2,0x18c3,0x10a2,0x18c3,0x10a2,0x10a2,0x10a2,0x18c3,0x10a2,0x18c3,0x10a2,0x18a3,
  0x10a2,0x10a2,0x10a2,0x18a3,0x10a2,0x10a2,0x10a2,0x10a2,0x10a2,0x10a2,0x10a2,0x10a2,0x1082,0x10a2,0x1082,0x10a2,
  0x1082,0x10a2,0x1082,0x10a2,0x1082,0x10a2,0x1082,0x1082,0x0881,0x10a2,0x1082,0x10a2,0x0881,0x1082,0x1082,0x10a2,
  0x1082,0x1082,0x1082,0x1082,0x0881,0x1082,0x0881,0x1082,0x0881,0x1082,0x0881,0x1082,0x0881,0x1082,0x0881,0x1082,
  0x0881,0x1082,0x0881,0x1082,0x0861,0x1082,0x0861,0x1082,0x0861,0x1082,0x0861,0x1082,0x0861,0x1082,0x0861,0x1082,
  0x0861,0x1082,0x0861,0x1082,0x0861,0x1082,0x0861,0x1082,0x0861,0x1082,0x0861,0x1082,0x0861,0x1082,0x0861,0x1082,
  0x0861,0x1082,0x0861,0x1082,0x0861,0x0861,0x0861,0x1062,0x31a6,0x3186,0x3186,0x3186,0x31a6,0x3186,0x3186,0x3186,
  0x3186,0x3186,0x3186,0x3186,0x3186,0x3186,0x3186,0x2965,0x3186,0x2965,0x3186,0x2965,0x3186,0x2985,0x3186,0x2965,
  0x3186,0x3186,0x3186,0x2965,0x3186,0x2985,0x3186,0x2965,0x3186,0x2965,0x3186,0x2965,0x3186,0x2965,0x3186,0x2965,
  0x3186,0x2965,0x3166,0x2965,0x3186,0x2965,0x3186,0x3186,0x3186,0x2965,0x3166,0x2965,0x3186,0x2965,0x3166,0x2965,
  0x3166,0x2965,0x3186,0x2965,0x2965,0x2965,0x3166,0x2965,0x2965,0x2965,0x3166,0x2965,0x2965,0x2965,0x2965,0x2945,
  0x2965,0x2945,0x3166,0x2965,0x2965,0x2945,0x3166,0x2945,0x2965,0x2945,0x2965,0x2945,0x2965,0x2945,0x2965,0x2945,
  0x2965,0x2945,0x2965,0x2945,0x2965,0x2945,0x2965,0x2945,0x2965,0x2945,0x2965,0x2945,0x2945,0x2945,0x2965,0x2945,
  0x2945,0x2945,0x2945,0x2945,0x2945,0x2945,0x2925,0x18c3,0x1082,0x0861,0x10a2,0x10a2,0x18e3,0x18e3,0x2925,0x31a6,
  0x528a,0x5aeb,0x630c,0x630c,0x632c,0x630c,0x630c,0x630c,0x632c,0x5b0b,0x630c,0x630c,0x630c,0x5aeb,0x630c,0x630c,
  0x630c,0x630c,0x630c,0x5aeb,0x630c,0x5aeb,0x630c,0x5aeb,0x5aeb,0x5aeb,0x62ec,0x5aeb,0x630c,0x630c,0x62ec,0x5aeb,
  0x62ec,0x5aeb,0x62ec,0x5aeb,0x62ec,0x5acb,0x5aeb,0x5acb,0x5acb,0x52ca,0x5acb,0x5acb,0x5aeb,0x5acb,0x5acb,0x52aa,
  0x5acb,0x52aa,0x52aa,0x528a,0x526a,0x4228,0x4a29,0x4208,0x41e8,0x39c7,0x39c7,0x31a6,0x31a6,0x3186,0x3186,0x2965,
  0x3166,0x2945,0x2945,0x2945,0x2945,0x2144,0x2945,0x2104,0x2124,0x2124,0x2945,0x2104,0x2124,0x2104,0x2104,0x2104,
  0x2104,0x1903,0x2104,0x18e3,0x2104,0x18e3,0x2104,0x18e3,0x2104,0x18c3,0x18e3,0x18c3,0x18e3,0x18c3,0x18e3,0x18c3,
  0x18c3,0x18c3,0x18c3,0x18c3,0x18c3,0x10a2,0x18a3,0x10a2,0x10a2,0x1082,0x18a3,0x10a2,0x10a2,0x1082,0x10a2,0x10a2,
  0x10a2,0x0861,0x1062,0x0861,0x0841,0x0020,0x0841,0x0000,0x0020,0x0040,0x1082,0x18c3,0x18e3,0x10c2,0x18c3,0x18c3,
  0x18c3,0x10c2,0x18c3,0x10a2,0x18c3,0x10c2,0x18c3,0x10a2,0x18c3,0x10a2,0x18c3,0x10a2,0x18c3,0x10a2,0x18c3,0x10a2,
  0x18c3,0x10a2,0x18c3,0x10a2,0x18c3,0x10a2,0x18c3,0x10a2,0x18c3,0x10a2,0x18c3,0x10a2,0x18a3,0x10a2,0x18a3,0x10a2,
  0x18a3,0x10a2,0x18a3,0x10a2,0x10a2,0x10a2,0x18a3,0x10a2,0x10a2,0x10a2,0x18a3,0x10a2,0x10a2,0x1082,0x10a2,0x1082,
  0x10a2,0x1082,0x10a2,0x1082,0x10a2,0x1082,0x10a2,0x1082,0x10a2,0x1082,0x10a2,0x1082,0x10a2,0x1082,0x1082,0x1082,
  0x1082,0x1082,0x1082,0x1082,0x1082,0x1082,0x1082,0x1082,0x1082,0x1082,0x1082,0x1082,0x1082,0x0881,0x1082,0x1082,
  0x1082,0x0881,0x1082,0x1082,0x1082,0x0881,0x1082,0x1082,0x1082,0x0881,0x1082,0x1082,0x1082,0x0861,0x1082,0x0861,
  0x1082,0x0861,0x1082,0x1082,0x1082,0x0881,0x1082,0x0861,0x1082,0x0861,0x1082,0x0861,0x1082,0x0861,0x1082,0x0861,
  0x2985,0x3186,0x2985,0x3186,0x2985,0x3186,0x2965,0x3186,0x2965,0x3186,0x2985,0x3186,0x3186,0x3186,0x2985,0x3186,
  0x2965,0x3186,0x2965,0x3186,0x2965,0x3186,0x2965,0x3186,0x2965,0x3186,0x2965,0x3186,0x2965,0x3186,0x2965,0x3186,
  0x2965,0x3186,0x2965,0x2965,0x2965,0x3186,0x2965,0x2965,0x2965,0x3166,0x2965,0x2965,0x2965,0x2965,0x2965,0x2965,
  0x2965,0x3166,0x2965,0x2965,0x2965,0x2965,0x2965,0x2965,0x2965,0x3166,0x2965,0x2965,0x2965,0x2965,0x2965,0x2965,
  0x2945,0x2965,0x2945,0x2965,0x2945,0x2965,0x2144,0x2945,0x2945,0x2965,0x2945,0x2965,0x2945,0x2965,0x2945,0x2965,
  0x2945,0x2965,0x2945,0x2945,0x2945,0x2945,0x2144,0x2945,0x2945,0x2945,0x2144,0x2945,0x2144,0x2945,0x2945,0x2945,
  0x2945,0x2945,0x2144,0x2945,0x2144,0x2945,0x2124,0x2945,0x2945,0x2945,0x2124,0x2945,0x2945,0x2945,0x18e3,0x1082,
  0x0861,0x1082,0x10a2,0x10a2,0x1903,0x2945,0x2965,0x4a49,0x5acb,0x630c,0x5b0b,0x630c,0x5b0b,0x630c,0x5b0b,0x630c,
  0x630c,0x630c,0x5b0b,0x632c,0x630c,0x630c,0x5b0b,0x632c,0x630c,0x630c,0x5aeb,0x630c,0x5aeb,0x5aeb,0x5aeb,0x632c,
  0x630c,0x630c,0x5aeb,0x5aeb,0x5aeb,0x62ec,0x5aeb,0x5aeb,0x5aeb,0x630c,0x5aeb,0x5aeb,0x5acb,0x5aeb,0x5aeb,0x5acb,
  0x5acb,0x5aeb,0x52aa,0x52aa,0x52aa,0x5acb,0x52ca,0x5acb,0x52aa,0x52aa,0x4a89,0x52aa,0x528a,0x4a49,0x4228,0x4228,
  0x39e7,0x39e7,0x31c6,0x39c7,0x31a6,0x31a6,0x2965,0x2965,0x2945,0x2965,0x2945,0x2965,0x2124,0x2945,0x2124,0x2124,
  0x2104,0x2124,0x2124,0x2124,0x2104,0x2104,0x1903,0x2104,0x1903,0x2104,0x18e3,0x2104,0x1903,0x2104,0x18e3,0x18e3,
  0x18e3,0x18e3,0x18e3,0x18e3,0x18c3,0x18c3,0x10c2,0x18c3,0x18c3,0x18c3,0x10a2,0x18c3,0x10a2,0x10a2,0x10a2,0x18c3,
  0x10a2,0x10a2,0x10a2,0x10a2,0x10a2,0x10a2,0x10a2,0x10a2,0x10a2,0x1082,0x0861,0x1082,0x0841,0x0841,0x0020,0x0020,
  0x0000,0x0020,0x0020,0x1082,0x18c3,0x18c3,0x10c2,0x18c3,0x10a2,0x18c3,0x10a2,0x18c3,0x10a2,0x18c3,0x10a2,0x18c3,
  0x10a2,0x18c3,0x10a2,0x18c3,0x10a2,0x18c3,0x10a2,0x18c3,0x10a2,0x18c3,0x10a2,0x18c3,0x10a2,0x18c3,0x10a2,0x18c3,
  0x10a2,0x18c3,0x10a2,0x10a2,0x10a2,0x18a3,0x10a2,0x10a2,0x10a2,0x10a2,0x10a2,0x10a2,0x10a2,0x10a2,0x1082,0x10a2,
  0x10a2,0x10a2,0x1082,0x10a2,0x1082,0x10a2,0x1082,0x10a2,0x1082,0x10a2,0x1082,0x10a2,0x1082,0x1082,0x1082,0x10a2,
  0x1082,0x1082,0x0881,0x1082,0x1082,0x1082,0x0881,0x1082,0x1082,0x1082,0x0881,0x1082,0x1082,0x1082,0x0881,0x1082,
  0x0881,0x1082,0x0881,0x1082,0x0881,0x1082,0x0881,0x1082,0x0881,0x1082,0x0881,0x1082,0x0861,0x1082,0x0861,0x1082,
  0x0861,0x1082,0x0861,0x1082,0x0861,0x1082,0x0861,0x1082,0x0861,0x1082,0x0861,0x1082,0x0861,0x1082,0x0861,0x1082,
  0x0861,0x1082,0x0861,0x1082,0x0861,0x1082,0x0861,0x1082,0x3186,0x3186,0x3186,0x3186,0x3186,0x3186,0x3186,0x2985,
  0x3186,0x3186,0x31a6,0x3186,0x3186,0x2965,0x3186,0x3186,0x3186,0x3186,0x3186,0x2985,0x3186,0x3186,0x3186,0x2985,
  0x3186,0x3186,0x3186,0x2985,0x3186,0x2965,0x3186,0x2985,0x3186,0x2965,0x3186,0x2965,0x3186,0x2965,0x3186,0x2965,
  0x3186,0x2965,0x3186,0x2965,0x3186,0x2965,0x3166,0x2965,0x3166,0x2965,0x3166,0x2965,0x3166,0x2965,0x3166,0x2965,
  0x3166,0x2965,0x3166,0x2965,0x3166,0x2965,0x3166,0x2965,0x3166,0x2965,0x2965,0x2965,0x2965,0x2945,0x2965,0x2945,
  0x3166,0x2965,0x2965,0x2945,0x2965,0x2945,0x2965,0x2945,0x2965,0x2945,0x2965,0x2945,0x2965,0x2945,0x2965,0x2945,
  0x2965,0x2945,0x2965,0x2945,0x2965,0x2945,0x2965,0x2945,0x2965,0x2945,0x2965,0x2945,0x2945,0x2945,0x2945,0x2945,
  0x3166,0x2945,0x2945,0x2945,0x2965,0x2104,0x18c3,0x0861,0x1082,0x18c3,0x18e3,0x18c3,0x2945,0x39c7,0x4a69,0x5aeb,
  0x630c,0x630c,0x632c,0x5b0b,0x630c,0x630c,0x632c,0x5b0b,0x630c,0x632c,0x632c,0x630c,0x632c,0x630c,0x632c,0x630c,
  0x632c,0x5aeb,0x630c,0x630c,0x630c,0x5aeb,0x62ec,0x632c,0x62ec,0x5aeb,0x630c,0x5aeb,0x630c,0x5aeb,0x632c,0x5aeb,
  0x630c,0x630c,0x630c,0x5aeb,0x62ec,0x5aeb,0x62ec,0x5acb,0x5acb,0x5aeb,0x5aeb,0x52aa,0x5acb,0x5aeb,0x5aeb,0x5acb,
  0x5acb,0x528a,0x52aa,0x528a,0x528a,0x4a69,0x4a69,0x4228,0x4228,0x39e7,0x39e7,0x39c7,0x39e7,0x31a6,0x3186,0x2965,
  0x3166,0x2965,0x3186,0x2965,0x2945,0x2945,0x2965,0x2945,0x2945,0x2124,0x2945,0x2124,0x2925,0x2104,0x2124,0x2104,
  0x2104,0x2104,0x2104,0x2104,0x2124,0x2104,0x2104,0x18e3,0x20e4,0x18e3,0x2104,0x18e3,0x18e3,0x18c3,0x18e3,0x18c3,
  0x20e4,0x18c3,0x18c3,0x10a2,0x18c3,0x10a2,0x18c3,0x18c3,0x18c3,0x10a2,0x18c3,0x10a2,0x18c3,0x18c3,0x18c3,0x10a2,
  0x18a3,0x1082,0x10a2,0x0881,0x1082,0x0841,0x0821,0x0020,0x0821,0x0000,0x0000,0x0841,0x18c3,0x18c3,0x18c3,0x10c2,
  0x18c3,0x18c3,0x18c3,0x18c3,0x18c3,0x18c3,0x18c3,0x10c2,0x18c3,0x18c3,0x18c3,0x10c2,0x18c3,0x10a2,0x18c3,0x10a2,
  0x18c3,0x10a2,0x18c3,0x10a2,0x18c3,0x10a2,0x18c3,0x10a2,0x18c3,0x10a2,0x18c3,0x10a2,0x18c3,0x10a2,0x18c3,0x10a2,
  0x18a3,0x10a2,0x18a3,0x10a2,0x18a3,0x10a2,0x10a2,0x10a2,0x18a3,0x10a2,0x10a2,0x10a2,0x18a3,0x10a2,0x10a2,0x1082,
  0x10a2,0x1082,0x10a2,0x1082,0x10a2,0x1082,0x10a2,0x1082,0x10a2,0x1082,0x10a2,0x1082,0x10a2,0x1082,0x10a2,0x1082,
  0x10a2,0x1082,0x10a2,0x1082,0x10a2,0x1082,0x1082,0x1082,0x1082,0x1082,0x1082,0x0881,0x1082,0x1082,0x1082,0x1082,
  0x1082,0x1082,0x1082,0x0881,0x1082,0x1082,0x1082,0x0881,0x1082,0x0861,0x1082,0x0881,0x1082,0x1082,0x1082,0x0881,
  0x1082,0x1082,0x1082,0x0861,0x1082,0x0861,0x1082,0x0861,0x1082,0x0861,0x1082,0x0861,0x1082,0x0861,0x1082,0x0861,
  0x2985,0x3186,0x2985,0x3186,0x2985,0x3186,0x2985,0x3186,0x2985,0x3186,0x3186,0x3186,0x2965,0x3186,0x2965,0x3186,
  0x2965,0x3186,0x2965,0x3186,0x2985,0x3186,0x2965,0x3186,0x2965,0x3186,0x2965,0x3186,0x2965,0x3186,0x2965,0x3186,
  0x2965,0x3186,0x2965,0x3166,0x2965,0x3186,0x2965,0x3186,0x2965,0x2965,0x2965,0x3186,0x2965,0x2965,0x2965,0x2965,
  0x2945,0x2965,0x2965,0x3166,0x2965,0x2965,0x2965,0x3166,0x2965,0x2965,0x2965,0x2965,0x2965,0x2965,0x2965,0x2965,
  0x2965,0x2965,0x2965,0x2965,0x2965,0x2965,0x2965,0x2965,0x2945,0x2965,0x2945,0x2965,0x2945,0x2965,0x2945,0x2965,
  0x2945,0x2965,0x2945,0x2965,0x2144,0x2945,0x2945,0x2945,0x2945,0x2965,0x2945,0x2965,0x2144,0x2965,0x2945,0x2945,
  0x2144,0x2945,0x2945,0x2945,0x2144,0x2945,0x2945,0x2945,0x2144,0x2945,0x2945,0x2945,0x1903,0x10a2,0x0861,0x1082,
  0x10a2,0x18e3,0x2124,0x2945,0x31a6,0x4a69,0x5acb,0x6b4d,0x632c,0x630c,0x630c,0x632c,0x5b0b,0x632c,0x630c,0x632c,
  0x632c,0x632c,0x630c,0x632c,0x5b0b,0x630c,0x5b0b,0x630c,0x5b0b,0x630c,0x630c,0x632c,0x630c,0x630c,0x5aeb,0x630c,
  0x5acb,0x5aeb,0x5b0b,0x630c,0x630c,0x630c,0x5aeb,0x62ec,0x5aeb,0x630c,0x5aeb,0x5aeb,0x5acb,0x5aeb,0x5aeb,0x5aeb,
  0x52ca,0x5aeb,0x5aeb,0x5acb,0x5acb,0x630c,0x5aeb,0x5acb,0x52aa,0x5acb,0x52aa,0x52aa,0x4a69,0x4a69,0x4228,0x4228,
  0x3a07,0x4208,0x39c7,0x39c7,0x31a6,0x3186,0x2965,0x3166,0x2965,0x2965,0x2965,0x3186,0x2965,0x2965,0x2945,0x2945,
  0x2124,0x2124,0x2124,0x2945,0x2124,0x2124,0x2124,0x2124,0x1903,0x2104,0x18e3,0x2104,0x1903,0x2104,0x18e3,0x2104,
  0x18e3,0x18e3,0x18e3,0x18e3,0x18c3,0x18c3,0x18c3,0x18e3,0x18c3,0x18e3,0x18c3,0x18c3,0x10a2,0x18c3,0x10a2,0x18c3,
  0x10a2,0x18c3,0x10a2,0x18c3,0x10a2,0x10a2,0x10a2,0x18a3,0x10a2,0x10a2,0x1082,0x1082,0x0861,0x0861,0x0020,0x0020,
  0x0020,0x0020,0x0000,0x0020,0x0861,0x18c3,0x10a2,0x18c3,0x10c2,0x18c3,0x10a2,0x18c3,0x10a2,0x18c3,0x10a2,0x18c3,
  0x10a2,0x18c3,0x10a2,0x18c3,0x10a2,0x18c3,0x10a2,0x18c3,0x10a2,0x18c3,0x10a2,0x18c3,0x10a2,0x18c3,0x10a2,0x18c3,
  0x10a2,0x18c3,0x10a2,0x18a3,0x10a2,0x10a2,0x10a2,0x18a3,0x10a2,0x10a2,0x10a2,0x10a2,0x10a2,0x10a2,0x1082,0x10a2,
  0x10a2,0x10a2,0x1082,0x10a2,0x1082,0x10a2,0x1082,0x10a2,0x1082,0x10a2,0x1082,0x10a2,0x1082,0x10a2,0x1082,0x10a2,
  0x1082,0x1082,0x1082,0x1082,0x0881,0x1082,0x1082,0x1082,0x0881,0x1082,0x1082,0x1082,0x0881,0x1082,0x0881,0x1082,
  0x0881,0x1082,0x0881,0x1082,0x0881,0x1082,0x0881,0x1082,0x0881,0x1082,0x0881,0x1082,0x0861,0x1082,0x0861,0x1082,
  0x0861,0x1082,0x0861,0x1082,0x0861,0x1082,0x0861,0x1082,0x0861,0x1082,0x0861,0x1082,0x0861,0x1082,0x0861,0x1082,
  0x0861,0x1082,0x0861,0x1082,0x0861,0x1082,0x0861,0x1082,0x3186,0x3186,0x3186,0x3186,0x3186,0x3186,0x3186,0x3186,
  0x31a6,0x3186,0x3186,0x3186,0x3186,0x2985,0x3186,0x2965,0x3186,0x2985,0x3186,0x3186,0x3186,0x3186,0x3186,0x3186,
  0x3186,0x2985,0x3186,0x3186,0x3186,0x2965,0x3186,0x3186,0x3186,0x2965,0x3186,0x2965,0x3186,0x2965,0x3186,0x2965,
  0x3186,0x2965,0x3186,0x2965,0x3186,0x2965,0x3166,0x2965,0x2965,0x2965,0x3166,0x2965,0x3186,0x2965,0x3186,0x2965,
  0x3186,0x2965,0x3166,0x2965,0x3166,0x2965,0x3166,0x2965,0x3166,0x2965,0x3166,0x2965,0x2965,0x2965,0x3166,0x2965,
  0x2965,0x2965,0x3166,0x2945,0x2965,0x2945,0x2965,0x2945,0x2965,0x2945,0x2965,0x2945,0x2965,0x2945,0x2965,0x2945,
  0x2965,0x2945,0x2965,0x2945,0x2965,0x2945,0x2965,0x2945,0x2965,0x2945,0x2965,0x2945,0x2945,0x2945,0x3166,0x2945,
  0x2945,0x2965,0x2945,0x2104,0x18c3,0x0881,0x18a3,0x18e3,0x2104,0x18e3,0x2925,0x31a6,0x4a49,0x5acb,0x632c,0x6b4d,
  0x632c,0x5b0b,0x632c,0x632c,0x632c,0x630c,0x6b2d,0x632c,0x6b4d,0x634c,0x6b4d,0x632c,0x6b2d,0x630c,0x632c,0x630c,
  0x632c,0x630c,0x6b2d,0x632c,0x632c,0x630c,0x630c,0x630c,0x632c,0x630c,0x6b2d,0x632c,0x632c,0x5b0b,0x62ec,0x5aeb,
  0x630c,0x630c,0x630c,0x5aeb,0x630c,0x5aeb,0x632c,0x5aeb,0x5acb,0x5aeb,0x630c,0x5aeb,0x62ec,0x5aeb,0x62ec,0x5acb,
  0x5acb,0x5acb,0x5acb,0x52aa,0x528a,0x4a49,0x4a49,0x4228,0x4228,0x39e7,0x39e7,0x31a6,0x31a6,0x2985,0x3186,0x2965,
  0x3166,0x2965,0x3186,0x3186,0x3186,0x2965,0x3166,0x2945,0x2945,0x2124,0x2925,0x2124,0x2945,0x2124,0x2945,0x2124,
  0x2124,0x2104,0x2104,0x2104,0x2104,0x1903,0x2104,0x2104,0x2104,0x18e3,0x2104,0x18e3,0x18e3,0x18c3,0x18e3,0x18e3,
  0x18e3,0x18e3,0x18e3,0x18c3,0x18e3,0x18c3,0x18c3,0x10a2,0x18c3,0x10c2,0x18c3,0x18c3,0x18c3,0x10a2,0x18c3,0x10a2,
  0x18c3,0x10a2,0x18a3,0x1082,0x10a2,0x1082,0x1062,0x0020,0x0841,0x0020,0x0020,0x0000,0x0821,0x0881,0x18a3,0x18c3,
  0x18e3,0x10c2,0x18c3,0x18c3,0x18c3,0x10c2,0x18c3,0x18c3,0x18c3,0x10c2,0x18c3,0x18c3,0x18c3,0x10a2,0x18c3,0x10a2,
  0x18c3,0x10a2,0x18c3,0x10a2,0x18c3,0x10a2,0x18c3,0x10a2,0x18c3,0x10a2,0x18c3,0x10a2,0x18c3,0x10a2,0x18c3,0x10a2,
  0x18a3,0x10a2,0x18a3,0x10a2,0x18a3,0x10a2,0x18a3,0x10a2,0x18a3,0x10a2,0x18a3,0x10a2,0x10a2,0x10a2,0x18a3,0x1082,
  0x10a2,0x1082,0x10a2,0x1082,0x10a2,0x1082,0x10a2,0x1082,0x10a2,0x1082,0x10a2,0x1082,0x10a2,0x1082,0x10a2,0x1082,
  0x10a2,0x1082,0x10a2,0x1082,0x10a2,0x1082,0x1082,0x1082,0x1082,0x1082,0x1082,0x1082,0x1082,0x1082,0x1082,0x1082,
  0x1082,0x1082,0x1082,0x1082,0x1082,0x0881,0x1082,0x1082,0x1082,0x0861,0x1082,0x1082,0x1082,0x0881,0x1082,0x1082,
  0x1082,0x0881,0x1082,0x0861,0x1082,0x0861,0x1082,0x0861,0x1082,0x0861,0x1082,0x0861,0x1082,0x0861,0x1082,0x0861,
  0x2985,0x3186,0x2985,0x3186,0x2985,0x3186,0x2985,0x3186,0x2985,0x3186,0x2985,0x3186,0x2985,0x3186,0x2965,0x3186,
  0x2965,0x3186,0x2965,0x3186,0x2985,0x3186,0x2965,0x3186,0x2965,0x3186,0x2965,0x3186,0x2965,0x3186,0x2965,0x3186,
  0x2965,0x3186,0x2965,0x2965,0x2965,0x3186,0x2965,0x3186,0x2965,0x3186,0x2965,0x2965,0x2965,0x2965,0x2965,0x2965,
  0x2965,0x2965,0x2945,0x2965,0x2945,0x2965,0x2945,0x2965,0x2945,0x2965,0x2965,0x2965,0x2965,0x2965,0x2965,0x2965,
  0x2965,0x2965,0x2965,0x2965,0x2965,0x2965,0x2945,0x2965,0x2945,0x2965,0x2945,0x2965,0x2945,0x2965,0x2945,0x2945,
  0x2945,0x2965,0x2945,0x2965,0x2945,0x2965,0x2144,0x2945,0x2945,0x2945,0x2144,0x2945,0x2144,0x2945,0x2945,0x2945,
  0x2945,0x2945,0x2144,0x2945,0x2144,0x2945,0x2945,0x2945,0x2124,0x2945,0x1903,0x10a2,0x0881,0x10a2,0x18e3,0x2124,
  0x2104,0x2124,0x2965,0x4228,0x52aa,0x630c,0x632c,0x6b4d,0x630c,0x630c,0x630c,0x632c,0x630c,0x632c,0x630c,0x632c,
  0x632c,0x6b4d,0x634c,0x6b4d,0x632c,0x632c,0x632c,0x632c,0x632c,0x632c,0x632c,0x632c,0x630c,0x630c,0x5b0b,0x630c,
  0x5b0b,0x630c,0x5b0b,0x632c,0x632c,0x6b4d,0x632c,0x630c,0x630c,0x632c,0x5b0b,0x630c,0x5aeb,0x630c,0x630c,0x630c,
  0x5acb,0x5aeb,0x5aeb,0x5aeb,0x5acb,0x5aeb,0x5aeb,0x5aeb,0x5acb,0x5acb,0x52aa,0x52aa,0x528a,0x528a,0x4a69,0x4a49,
  0x4208,0x4208,0x39c7,0x39c7,0x31a6,0x3186,0x2985,0x3186,0x2985,0x3186,0x2985,0x3186,0x2965,0x2965,0x2144,0x2945,
  0x2124,0x2925,0x2124,0x2124,0x2124,0x2124,0x2124,0x2124,0x2104,0x2124,0x1903,0x2104,0x18e3,0x2104,0x18e3,0x2104,
  0x1903,0x2104,0x18e3,0x2104,0x18e3,0x18e3,0x18c3,0x18e3,0x18c3,0x18e3,0x10c2,0x18c3,0x10c2,0x18c3,0x10a2,0x18c3,
  0x10a2,0x18c3,0x10c2,0x18c3,0x10a2,0x18a3,0x10a2,0x10a2,0x10a2,0x18a3,0x10a2,0x10a2,0x1082,0x10a2,0x0861,0x0841,
  0x0020,0x0841,0x0020,0x0000,0x0000,0x0841,0x0861,0x18c3,0x18c3,0x18c3,0x10a2,0x18c3,0x10a2,0x18c3,0x10a2,0x18c3,
  0x10a2,0x18c3,0x10a2,0x18c3,0x10a2,0x18c3,0x10a2,0x18c3,0x10a2,0x18c3,0x10a2,0x18c3,0x10a2,0x18c3,0x10a2,0x18c3,
  0x10a2,0x18c3,0x10a2,0x10a2,0x10a2,0x18a3,0x10a2,0x10a2,0x10a2,0x10a2,0x10a2,0x10a2,0x10a2,0x10a2,0x1082,0x10a2,
  0x10a2,0x10a2,0x1082,0x10a2,0x1082,0x10a2,0x1082,0x10a2,0x1082,0x10a2,0x1082,0x10a2,0x1082,0x10a2,0x1082,0x10a2,
  0x1082,0x1082,0x0881,0x1082,0x1082,0x1082,0x0881,0x1082,0x1082,0x1082,0x0881,0x1082,0x1082,0x1082,0x0881,0x1082,
  0x0881,0x1082,0x0881,0x1082,0x0881,0x1082,0x0881,0x1082,0x0881,0x1082,0x0881,0x1082,0x0861,0x1082,0x0861,0x1082,
  0x0861,0x1082,0x0861,0x1082,0x0861,0x1082,0x0861,0x1082,0x0861,0x1082,0x0861,0x1082,0x0861,0x1082,0x0861,0x1082,
  0x0861,0x1082,0x0861,0x1082,0x0861,0x1082,0x0861,0x1082,0x3186,0x3186,0x3186,0x3186,0x3186,0x3186,0x3186,0x3186,
  0x3186,0x3186,0x3186,0x2985,0x3186,0x3186,0x3186,0x2985,0x3186,0x3186,0x3186,0x2985,0x3186,0x3186,0x3186,0x2985,
  0x3186,0x3186,0x3186,0x2985,0x3186,0x2965,0x3186,0x2985,0x3186,0x2965,0x3186,0x2965,0x3186,0x3186,0x3186,0x2985,
  0x3186,0x2965,0x3186,0x2965,0x3166,0x2965,0x3166,0x2965,0x3186,0x2965,0x3186,0x2965,0x3186,0x2965,0x3186,0x2965,
  0x3186,0x2965,0x3166,0x2965,0x3166,0x2965,0x3166,0x2965,0x3166,0x2965,0x3186,0x2965,0x3186,0x2965,0x3166,0x2965,
  0x3166,0x2965,0x2965,0x2945,0x2965,0x2945,0x2965,0x2945,0x2965,0x2945,0x2965,0x2945,0x2965,0x2945,0x2965,0x2945,
  0x2965,0x2945,0x2965,0x2945,0x2945,0x2945,0x2965,0x2945,0x2965,0x2945,0x2965,0x2945,0x2945,0x2945,0x2965,0x2945,
  0x2945,0x2104,0x18c3,0x0861,0x1082,0x10a2,0x20e4,0x2104,0x2925,0x2965,0x4208,0x4a69,0x630c,0x632c,0x6b4d,0x6b4d,
  0x632c,0x5aeb,0x632c,0x632c,0x6b4d,0x632c,0x6b4d,0x634c,0x6b4d,0x632c,0x6b4d,0x632c,0x6b4d,0x632c,0x6b4d,0x632c,
  0x6b4d,0x632c,0x6b4d,0x630c,0x630c,0x630c,0x632c,0x630c,0x6b2d,0x630c,0x630c,0x630c,0x6b2d,0x632c,0x6b4d,0x630c,
  0x632c,0x630c,0x632c,0x5aeb,0x630c,0x630c,0x632c,0x5b0b,0x62ec,0x5aeb,0x630c,0x5aeb,0x5aeb,0x5aeb,0x630c,0x5b0b,
  0x62ec,0x52aa,0x52aa,0x528a,0x5aab,0x528a,0x528a,0x4a69,0x4a49,0x4208,0x39e7,0x31c6,0x39a7,0x3186,0x31a6,0x31a6,
  0x3186,0x3186,0x3186,0x2965,0x3186,0x2965,0x2945,0x2945,0x2965,0x2124,0x2925,0x2124,0x2925,0x2124,0x2124,0x2124,
  0x2925,0x2104,0x2124,0x2104,0x2104,0x2104,0x2104,0x2104,0x2104,0x18e3,0x2104,0x18e3,0x20e4,0x18c3,0x18e3,0x18e3,
  0x18e3,0x18c3,0x18e3,0x18c3,0x18c3,0x18c3,0x18c3,0x10a2,0x18c3,0x18c3,0x18c3,0x10c2,0x18c3,0x10a2,0x18c3,0x10a2,
  0x18c3,0x10a2,0x18c3,0x10a2,0x18a3,0x10a2,0x1082,0x0861,0x0861,0x0841,0x0841,0x0020,0x0020,0x0020,0x0841,0x0881,
  0x18c3,0x18c3,0x18c3,0x10c2,0x18c3,0x18c3,0x18c3,0x10c2,0x18c3,0x18c3,0x18c3,0x10c2,0x18c3,0x10a2,0x18c3,0x10a2,
  0x18c3,0x10a2,0x18c3,0x10a2,0x18c3,0x10a2,0x18c3,0x10a2,0x18c3,0x10a2,0x18c3,0x10a2,0x18c3,0x10a2,0x18c3,0x10a2,
  0x18a3,0x10a2,0x18a3,0x10a2,0x18a3,0x10a2,0x10a2,0x10a2,0x18a3,0x10a2,0x10a2,0x10a2,0x18a3,0x10a2,0x10a2,0x1082,
  0x10a2,0x1082,0x10a2,0x1082,0x10a2,0x1082,0x10a2,0x1082,0x10a2,0x1082,0x10a2,0x1082,0x10a2,0x1082,0x10a2,0x1082,
  0x10a2,0x1082,0x10a2,0x1082,0x10a2,0x1082,0x1082,0x1082,0x1082,0x1082,0x1082,0x0881,0x1082,0x1082,0x1082,0x1082,
  0x1082,0x1082,0x1082,0x0881,0x1082,0x1082,0x1082,0x0881,0x1082,0x0861,0x1082,0x0881,0x1082,0x1082,0x1082,0x0881,
  0x1082,0x1082,0x1082,0x0861,0x1082,0x0861,0x1082,0x0861,0x1082,0x0861,0x1082,0x0861,0x1082,0x0861,0x1082,0x0861,
  0x2985,0x3186,0x2985,0x3186,0x2985,0x3186,0x2985,0x31a6,0x2985,0x3186,0x2965,0x3186,0x2965,0x3186,0x2985,0x3186,
  0x2965,0x3186,0x2965,0x3186,0x2965,0x3186,0x2965,0x3186,0x2965,0x3186,0x2965,0x3186,0x2965,0x3186,0x2965,0x3186,
  0x2965,0x3186,0x2965,0x3166,0x2965,0x3186,0x2965,0x3186,0x2965,0x3186,0x2965,0x3166,0x2965,0x2965,0x2965,0x2965,
  0x2945,0x2965,0x2965,0x3166,0x2965,0x2965,0x2965,0x3166,0x2965,0x2965,0x2965,0x2965,0x2965,0x2965,0x2965,0x2965,
  0x2965,0x2965,0x2965,0x2965,0x2945,0x2965,0x2945,0x2965,0x2945,0x2965,0x2945,0x2965,0x2945,0x2965,0x2945,0x2945,
  0x2144,0x2945,0x2945,0x2965,0x2945,0x2965,0x2945,0x2945,0x2144,0x2945,0x2945,0x2945,0x2144,0x2945,0x2945,0x2945,
  0x2144,0x2945,0x2945,0x2945,0x2144,0x2945,0x2945,0x2965,0x2124,0x18c3,0x0881,0x1082,0x10c2,0x18e3,0x18e3,0x2124,
  0x2945,0x4208,0x4a69,0x5acb,0x630c,0x6b4d,0x632c,0x6b4d,0x630c,0x630c,0x630c,0x6b4d,0x634c,0x6b4d,0x634c,0x6b6d,
  0x632c,0x632c,0x632c,0x632c,0x632c,0x632c,0x632c,0x6b4d,0x632c,0x630c,0x632c,0x632c,0x630c,0x632c,0x630c,0x630c,
  0x634c,0x632c,0x630c,0x630c,0x630c,0x630c,0x5aeb,0x62ec,0x5aeb,0x630c,0x5b0b,0x5aeb,0x5acb,0x5aeb,0x5aeb,0x630c,
  0x5aeb,0x630c,0x5b0b,0x630c,0x5aeb,0x5acb,0x5acb,0x630c,0x5aeb,0x5aeb,0x52aa,0x5aab,0x52aa,0x52aa,0x4a69,0x4a69,
  0x4248,0x4228,0x39e7,0x39c7,0x31a6,0x31a6,0x3186,0x31a6,0x2965,0x2965,0x2965,0x2965,0x2965,0x2965,0x2124,0x2945,
  0x2965,0x2945,0x2124,0x2945,0x2124,0x2124,0x1903,0x2104,0x2104,0x2124,0x2104,0x2124,0x1903,0x2104,0x18e3,0x2104,
  0x18e3,0x18e3,0x18e3,0x18e3,0x18c3,0x18c3,0x10c2,0x18c3,0x10c2,0x18c3,0x18c3,0x18e3,0x10c2,0x18c3,0x10a2,0x18c3,
  0x10a2,0x18c3,0x10a2,0x18c3,0x10a2,0x18c3,0x10a2,0x18c3,0x10a2,0x10a2,0x10a2,0x10a2,0x1082,0x10a2,0x1082,0x1082,
  0x0841,0x0861,0x0861,0x0841,0x0020,0x0020,0x0000,0x0841,0x0861,0x18c3,0x18c3,0x18c3,0x10a2,0x18c3,0x10a2,0x18c3,
  0x10a2,0x18c3,0x10a2,0x18c3,0x10a2,0x18c3,0x10a2,0x18c3,0x10a2,0x18c3,0x10a2,0x18c3,0x10a2,0x18c3,0x10a2,0x18c3,
  0x10a2,0x18c3,0x10a2,0x18a3,0x10a2,0x10a2,0x10a2,0x18a3,0x10a2,0x10a2,0x10a2,0x10a2,0x10a2,0x10a2,0x1082,0x10a2,
  0x10a2,0x10a2,0x1082,0x10a2,0x1082,0x10a2,0x1082,0x10a2,0x1082,0x10a2,0x1082,0x10a2,0x1082,0x10a2,0x1082,0x10a2,
  0x1082,0x1082,0x1082,0x1082,0x0881,0x1082,0x1082,0x1082,0x0881,0x1082,0x1082,0x1082,0x0881,0x1082,0x0881,0x1082,
  0x0881,0x1082,0x0881,0x1082,0x0881,0x1082,0x0881,0x1082,0x0881,0x1082,0x0881,0x1082,0x0861,0x1082,0x0861,0x1082,
  0x0861,0x1082,0x0861,0x1082,0x0861,0x1082,0x0861,0x1082,0x0861,0x1082,0x0861,0x1082,0x0861,0x1082,0x0861,0x1082,
  0x0861,0x1082,0x0861,0x1082,0x0861,0x1082,0x0861,0x1082,0x3186,0x3186,0x3186,0x3186,0x3186,0x3186,0x3186,0x3186,
  0x31a6,0x3186,0x3186,0x3186,0x3186,0x2985,0x3186,0x3186,0x3186,0x2985,0x3186,0x3186,0x3186,0x2965,0x3186,0x3186,
  0x3186,0x2985,0x3186,0x3186,0x3186,0x2965,0x3186,0x3186,0x3186,0x2965,0x3186,0x2965,0x3186,0x2985,0x3186,0x3186,
  0x3186,0x2965,0x3186,0x2965,0x3186,0x2965,0x3166,0x2965,0x3166,0x2965,0x2965,0x2945,0x2965,0x2945,0x2965,0x2945,
  0x2965,0x2965,0x3166,0x2965,0x3166,0x2965,0x3166,0x2965,0x3166,0x2965,0x3166,0x2965,0x3166,0x2965,0x3166,0x2965,
  0x3166,0x2965,0x3166,0x2945,0x2965,0x2945,0x2965,0x2945,0x2965,0x2945,0x2965,0x2945,0x2965,0x2945,0x2965,0x2945,
  0x2965,0x2945,0x2965,0x2945,0x2965,0x2945,0x2965,0x2945,0x2965,0x2945,0x2965,0x2945,0x2965,0x2945,0x2945,0x2945,
  0x2104,0x0861,0x1082,0x18e3,0x2104,0x2945,0x2945,0x2945,0x39e7,0x4a69,0x5acb,0x630c,0x6b4d,0x6b4d,0x6b4d,0x6b4d,
  0x6b4d,0x634c,0x6b4d,0x632c,0x6b6d,0x634c,0x6b4d,0x6b4d,0x6b4d,0x632c,0x6b4d,0x6b4d,0x6b6d,0x6b4d,0x6b6d,0x6b4d,
  0x6b6d,0x632c,0x6b4d,0x630c,0x632c,0x632c,0x6b2d,0x630c,0x632c,0x630c,0x632c,0x630c,0x632c,0x630c,0x630c,0x5aeb,
  0x630c,0x630c,0x630c,0x5aeb,0x62ec,0x5b0b,0x630c,0x5aeb,0x630c,0x5aeb,0x630c,0x5aeb,0x630c,0x5aeb,0x5aeb,0x5acb,
  0x630c,0x5aeb,0x5aeb,0x5acb,0x5acb,0x4a89,0x528a,0x4a69,0x4a49,0x4208,0x41e8,0x39c7,0x39c7,0x31a6,0x39a7,0x31a6,
  0x31a6,0x2965,0x3166,0x2965,0x2965,0x2945,0x2945,0x2945,0x2965,0x2144,0x2965,0x2945,0x2945,0x2124,0x2925,0x2124,
  0x2925,0x2124,0x2124,0x2104,0x2124,0x2104,0x2104,0x18e3,0x2104,0x18e3,0x2104,0x18e3,0x18e3,0x18c3,0x18e3,0x18e3,
  0x18e3,0x18c3,0x18c3,0x18c3,0x18e3,0x18c3,0x18c3,0x18c3,0x18c3,0x10c2,0x18c3,0x18c3,0x18c3,0x18c3,0x18c3,0x10a2,
  0x18c3,0x10a2,0x18c3,0x10a2,0x10a2,0x1082,0x10a2,0x1082,0x1082,0x0861,0x1062,0x0841,0x0841,0x0020,0x0821,0x0000,
  0x0841,0x0861,0x18c3,0x18c3,0x18c3,0x10c2,0x18c3,0x18c3,0x18c3,0x10c2,0x18c3,0x18c3,0x18c3,0x10a2,0x18c3,0x10a2,
  0x18c3,0x10a2,0x18c3,0x10a2,0x18c3,0x10a2,0x18c3,0x10a2,0x18c3,0x10a2,0x18c3,0x10a2,0x18c3,0x10a2,0x18c3,0x10a2,
  0x18a3,0x10a2,0x18a3,0x10a2,0x18a3,0x10a2,0x18a3,0x10a2,0x18a3,0x10a2,0x18a3,0x10a2,0x10a2,0x10a2,0x18a3,0x1082,
  0x10a2,0x1082,0x10a2,0x1082,0x10a2,0x1082,0x10a2,0x1082,0x10a2,0x1082,0x10a2,0x1082,0x10a2,0x1082,0x10a2,0x1082,
  0x10a2,0x1082,0x10a2,0x1082,0x10a2,0x1082,0x1082,0x1082,0x1082,0x1082,0x1082,0x1082,0x1082,0x1082,0x1082,0x1082,
  0x1082,0x1082,0x1082,0x1082,0x1082,0x0881,0x1082,0x1082,0x1082,0x0861,0x1082,0x1082,0x1082,0x0881,0x1082,0x1082,
  0x1082,0x0881,0x1082,0x0861,0x1082,0x0861,0x1082,0x0861,0x1082,0x0861,0x1082,0x0861,0x1082,0x0861,0x1082,0x0861,
  0x2965,0x3186,0x2985,0x3186,0x3186,0x3186,0x2985,0x3186,0x2985,0x3186,0x2985,0x3186,0x2985,0x3186,0x2965,0x3186,
  0x2965,0x3186,0x2965,0x3186,0x2985,0x3186,0x2965,0x3186,0x2985,0x3186,0x2965,0x3186,0x2965,0x3186,0x2965,0x3186,
  0x2965,0x3186,0x2965,0x3186,0x2965,0x3186,0x2965,0x3186,0x2965,0x3186,0x2965,0x3186,0x2965,0x2965,0x2945,0x2965,
  0x2965,0x3166,0x2965,0x2965,0x2965,0x2965,0x2945,0x2965,0x2965,0x3166,0x2965,0x2965,0x2965,0x2965,0x2965,0x2965,
  0x2965,0x2965,0x2965,0x2965,0x2965,0x3166,0x2965,0x2965,0x2965,0x2965,0x2945,0x2945,0x2144,0x2965,0x2945,0x2965,
  0x2945,0x2965,0x2945,0x2965,0x2945,0x2945,0x2945,0x2965,0x2945,0x2945,0x2945,0x2965,0x2144,0x2945,0x2945,0x2945,
  0x2945,0x2965,0x2945,0x2945,0x2965,0x2945,0x2124,0x2124,0x10a2,0x1082,0x18c3,0x2104,0x18e3,0x31a6,0x3186,0x31a6,
  0x4a49,0x5aab,0x5aeb,0x632c,0x632c,0x6b4d,0x632c,0x6b4d,0x634c,0x6b4d,0x632c,0x6b4d,0x634c,0x6b4d,0x634c,0x6b4d,
  0x632c,0x6b4d,0x634c,0x738e,0x6b6d,0x736e,0x6b6d,0x6b6d,0x6b6d,0x738e,0x632c,0x632c,0x630c,0x632c,0x632c,0x6b4d,
  0x5aeb,0x632c,0x630c,0x630c,0x5aeb,0x632c,0x630c,0x630c,0x630c,0x632c,0x5aeb,0x5aeb,0x5aeb,0x630c,0x5aeb,0x5aeb,
  0x5aeb,0x5aeb,0x52ca,0x5aeb,0x5aeb,0x630c,0x5aeb,0x5acb,0x5acb,0x5aeb,0x52aa,0x5acb,0x52aa,0x528a,0x4a69,0x4a69,
  0x4228,0x4228,0x39e7,0x39c7,0x31a6,0x31a6,0x3186,0x31a6,0x3186,0x2965,0x2144,0x2965,0x2945,0x2965,0x2945,0x2945,
  0x2124,0x2945,0x2144,0x2945,0x2124,0x2124,0x2124,0x2945,0x2124,0x2925,0x1903,0x2104,0x2104,0x2104,0x18e3,0x2104,
  0x1903,0x2104,0x18e3,0x2104,0x18e3,0x2104,0x18e3,0x18e3,0x18e3,0x18c3,0x10a2,0x18c3,0x10c2,0x18c3,0x10a2,0x18c3,
  0x10a2,0x18c3,0x10a2,0x18c3,0x10a2,0x18c3,0x10c2,0x18c3,0x10a2,0x18c3,0x10a2,0x10a2,0x1082,0x10a2,0x1082,0x10a2,
  0x1082,0x1082,0x0841,0x0841,0x0841,0x0821,0x0020,0x0020,0x0000,0x0821,0x0861,0x18e3,0x10a2,0x18c3,0x10a2,0x18c3,
  0x10a2,0x18c3,0x10a2,0x18c3,0x10a2,0x18c3,0x10a2,0x10a2,0x10a2,0x18a3,0x10a2,0x18c3,0x10a2,0x18c3,0x10a2,0x10a2,
  0x10a2,0x18a3,0x10a2,0x10a2,0x10a2,0x18c3,0x10a2,0x10a2,0x10a2,0x10a2,0x10a2,0x10a2,0x10a2,0x10a2,0x1082,0x10a2,
  0x10a2,0x10a2,0x1082,0x10a2,0x1082,0x10a2,0x1082,0x10a2,0x1082,0x10a2,0x1082,0x10a2,0x1082,0x10a2,0x1082,0x10a2,
  0x1082,0x1082,0x0881,0x1082,0x1082,0x1082,0x1082,0x10a2,0x1082,0x1082,0x0881,0x1082,0x1082,0x1082,0x0881,0x1082,
  0x1082,0x1082,0x0881,0x1082,0x0881,0x1082,0x0881,0x1082,0x0881,0x1082,0x0881,0x1082,0x0881,0x1082,0x0861,0x1082,
  0x0861,0x1082,0x0861,0x1082,0x0861,0x1082,0x0861,0x1082,0x0861,0x1082,0x0861,0x1082,0x0861,0x1082,0x0861,0x1082,
  0x0861,0x1082,0x0861,0x1082,0x0861,0x1082,0x0861,0x1082,0x3186,0x3186,0x3186,0x3186,0x3186,0x3186,0x3186,0x3186,
  0x3186,0x3186,0x3186,0x3186,0x3186,0x3186,0x3186,0x3186,0x3186,0x3186,0x3186,0x3186,0x3186,0x3186,0x3186,0x2985,
  0x3186,0x3186,0x3186,0x2985,0x3186,0x2965,0x3186,0x2965,0x3186,0x2965,0x3186,0x2965,0x3186,0x2965,0x3186,0x2965,
  0x3186,0x2965,0x3186,0x2985,0x3186,0x2965,0x3186,0x2965,0x3186,0x2965,0x3186,0x2965,0x3186,0x2965,0x3186,0x2965,
  0x3186,0x2965,0x3186,0x2965,0x3166,0x2965,0x3166,0x2965,0x3166,0x2965,0x2965,0x2965,0x3166,0x2965,0x2965,0x2965,
  0x3166,0x2965,0x2965,0x2945,0x2965,0x2945,0x2965,0x2945,0x2965,0x2945,0x2965,0x2945,0x2965,0x2965,0x2965,0x2945,
  0x2965,0x2945,0x2965,0x2945,0x2945,0x2945,0x2965,0x2945,0x3166,0x2965,0x2945,0x2945,0x2965,0x2945,0x2945,0x18c3,
  0x1082,0x18e3,0x2925,0x10a2,0x3186,0x39c7,0x41e8,0x4248,0x5aab,0x5acb,0x632c,0x632c,0x6b4d,0x6b4d,0x6b6d,0x6b6d,
  0x736e,0x6b6d,0x6b6d,0x6b6d,0x736e,0x6b6d,0x6b6d,0x6b6d,0x736e,0x6b6d,0x736e,0x6b8d,0x738e,0x738e,0x73ae,0x6b8d,
  0x738e,0x6b6d,0x6b4d,0x6b4d,0x6b6d,0x6b4d,0x6b4d,0x632c,0x6b4d,0x632c,0x632c,0x5b0b,0x630c,0x632c,0x632c,0x5b0b,
  0x6b2d,0x632c,0x6b2d,0x630c,0x630c,0x5aeb,0x5aeb,0x5b0b,0x630c,0x5acb,0x5aeb,0x5aeb,0x62ec,0x5acb,0x630c,0x5aeb,
  0x62ec,0x5acb,0x5acb,0x528a,0x528a,0x52aa,0x526a,0x4228,0x4228,0x4228,0x4208,0x39c7,0x39e7,0x31a6,0x31a6,0x3186,
  0x3186,0x2965,0x3186,0x2945,0x3166,0x2965,0x2965,0x2945,0x2945,0x2965,0x2965,0x2945,0x2945,0x2124,0x2124,0x2124,
  0x2945,0x2104,0x2124,0x2124,0x2104,0x18e3,0x2104,0x2104,0x2104,0x18e3,0x2104,0x18e3,0x2104,0x18e3,0x18e3,0x18e3,
  0x18e3,0x18c3,0x18e3,0x18c3,0x18c3,0x10a2,0x18c3,0x18c3,0x18c3,0x18c3,0x18c3,0x10a2,0x18c3,0x18c3,0x18c3,0x18c3,
  0x18c3,0x18c3,0x18c3,0x10a2,0x18c3,0x10a2,0x18a3,0x10a2,0x18a3,0x1082,0x1082,0x0861,0x1062,0x0841,0x0841,0x0020,
  0x0821,0x0020,0x1062,0x10a2,0x18c3,0x18c3,0x18c3,0x10c2,0x18c3,0x18c3,0x18c3,0x10a2,0x18c3,0x10a2,0x18c3,0x10a2,
  0x18c3,0x10a2,0x18c3,0x10a2,0x18c3,0x10a2,0x18c3,0x10a2,0x18c3,0x10a2,0x18c3,0x10c2,0x18c3,0x10a2,0x18c3,0x10a2,
  0x18c3,0x10a2,0x18a3,0x10a2,0x18a3,0x10a2,0x10a2,0x10a2,0x18a3,0x10a2,0x10a2,0x10a2,0x18a3,0x10a2,0x10a2,0x10a2,
  0x18a3,0x10a2,0x10a2,0x1082,0x10a2,0x1082,0x10a2,0x1082,0x10a2,0x1082,0x10a2,0x1082,0x10a2,0x1082,0x10a2,0x1082,
  0x10a2,0x1082,0x10a2,0x1082,0x10a2,0x1082,0x10a2,0x1082,0x10a2,0x1082,0x10a2,0x1082,0x1082,0x1082,0x1082,0x1082,
  0x1082,0x1082,0x1082,0x1082,0x1082,0x1082,0x1082,0x0881,0x1082,0x1082,0x1082,0x0881,0x1082,0x1082,0x1082,0x0881,
  0x1082,0x1082,0x1082,0x0861,0x1082,0x0861,0x1082,0x0861,0x1082,0x1082,0x1082,0x0861,0x1082,0x0861,0x1082,0x0861,
  0x2985,0x3186,0x2985,0x3186,0x2965,0x3186,0x2965,0x3186,0x2985,0x3186,0x2985,0x3186,0x2985,0x3186,0x2965,0x3186,
  0x2965,0x3186,0x2965,0x3186,0x2965,0x3186,0x2965,0x3186,0x2985,0x3186,0x2965,0x3186,0x2965,0x3186,0x2965,0x3186,
  0x2965,0x3186,0x2965,0x3186,0x2965,0x3186,0x2965,0x3186,0x2965,0x2965,0x2965,0x3186,0x2965,0x2965,0x2965,0x3166,
  0x2965,0x2965,0x2965,0x3166,0x2965,0x2965,0x2965,0x2965,0x2965,0x3186,0x2965,0x2965,0x2965,0x2965,0x2965,0x2965,
  0x2965,0x2965,0x2965,0x3166,0x2965,0x2965,0x2965,0x2965,0x2945,0x2965,0x2945,0x2965,0x2945,0x2965,0x2945,0x2965,
  0x2945,0x2965,0x2945,0x2965,0x2945,0x2965,0x2945,0x2965,0x2144,0x2945,0x2945,0x2965,0x2144,0x2945,0x2945,0x2965,
  0x2945,0x2945,0x2144,0x2945,0x2945,0x2124,0x10a2,0x18a3,0x1082,0x18c3,0x2124,0x2965,0x39c7,0x4228,0x4a49,0x5aab,
  0x5acb,0x5aeb,0x632c,0x6b4d,0x6b4d,0x6b6d,0x6b4d,0x6b6d,0x6b6d,0x6b6d,0x6b4d,0x6b6d,0x6b4d,0x6b6d,0x6b4d,0x6b6d,
  0x6b6d,0x738e,0x6b8d,0x738e,0x738e,0x73ae,0x73ae,0x738e,0x6b6d,0x6b4d,0x634c,0x6b6d,0x6b6d,0x6b6d,0x632c,0x6b4d,
  0x6b4d,0x6b4d,0x632c,0x632c,0x632c,0x6b4d,0x632c,0x632c,0x632c,0x632c,0x630c,0x630c,0x5b0b,0x630c,0x5aeb,0x630c,
  0x5aeb,0x5aeb,0x5aeb,0x630c,0x5aeb,0x5aeb,0x5aeb,0x630c,0x5acb,0x5acb,0x5acb,0x52aa,0x4a89,0x52aa,0x4a69,0x4a29,
  0x4208,0x4228,0x4208,0x41e8,0x39e7,0x39c7,0x31a6,0x31a6,0x2985,0x3186,0x3186,0x3166,0x2965,0x2965,0x2965,0x2965,
  0x2945,0x2965,0x2965,0x2945,0x2124,0x2124,0x2124,0x2945,0x2124,0x2124,0x2124,0x2124,0x18e3,0x18e3,0x2104,0x2104,
  0x18c3,0x2104,0x18e3,0x2104,0x18e3,0x18e3,0x18c3,0x18e3,0x10c2,0x18e3,0x18e3,0x18e3,0x10a2,0x18c3,0x10a2,0x18c3,
  0x10c2,0x18c3,0x10a2,0x18c3,0x10a2,0x18c3,0x10a2,0x18c3,0x10a2,0x18c3,0x10a2,0x18c3,0x10a2,0x18c3,0x10a2,0x18a3,
  0x10a2,0x10a2,0x1082,0x1082,0x0861,0x0841,0x0040,0x0841,0x0020,0x0020,0x0020,0x0861,0x10a2,0x18c3,0x10c2,0x18c3,
  0x10a2,0x18c3,0x10c2,0x18c3,0x10a2,0x18c3,0x10a2,0x18c3,0x10a2,0x18c3,0x10a2,0x18c3,0x10a2,0x18c3,0x10a2,0x18a3,
  0x10a2,0x18c3,0x10a2,0x18c3,0x10a2,0x18c3,0x10a2,0x18c3,0x10a2,0x10a2,0x10a2,0x10a2,0x10a2,0x10a2,0x1082,0x10a2,
  0x10a2,0x10a2,0x1082,0x10a2,0x1082,0x10a2,0x1082,0x10a2,0x1082,0x10a2,0x1082,0x10a2,0x1082,0x10a2,0x1082,0x10a2,
  0x1082,0x10a2,0x1082,0x1082,0x0881,0x1082,0x1082,0x10a2,0x0881,0x1082,0x1082,0x1082,0x0881,0x1082,0x1082,0x1082,
  0x0881,0x1082,0x1082,0x1082,0x0881,0x1082,0x0881,0x1082,0x0881,0x1082,0x0881,0x1082,0x0881,0x1082,0x0861,0x1082,
  0x0861,0x1082,0x0861,0x1082,0x0861,0x1082,0x0861,0x1082,0x0861,0x1082,0x0861,0x1082,0x0861,0x1082,0x0861,0x1082,
  0x0861,0x1082,0x0861,0x1082,0x0861,0x1082,0x0861,0x1082,0x31a6,0x3186,0x3186,0x3186,0x3186,0x2985,0x3186,0x3186,
  0x3186,0x3186,0x3186,0x3186,0x3186,0x3186,0x3186,0x2965,0x3186,0x2965,0x3186,0x2965,0x3186,0x2965,0x3186,0x3186,
  0x3186,0x3186,0x3186,0x3186,0x3186,0x2965,0x3186,0x2965,0x3186,0x2965,0x3186,0x2965,0x3186,0x2965,0x3186,0x2965,
  0x3186,0x2965,0x3166,0x2965,0x3186,0x2965,0x3186,0x2965,0x3186,0x2965,0x3166,0x2965,0x3186,0x2985,0x3186,0x2965,
  0x3186,0x2965,0x3186,0x2965,0x3166,0x2965,0x3166,0x2965,0x3166,0x2965,0x3186,0x2965,0x3186,0x2965,0x3186,0x2965,
  0x2965,0x2945,0x3166,0x2965,0x3166,0x2965,0x3166,0x2945,0x2965,0x2945,0x2965,0x2945,0x2965,0x2965,0x3166,0x2945,
  0x2965,0x2945,0x2965,0x2945,0x2945,0x2945,0x3166,0x2945,0x2945,0x2945,0x2965,0x2965,0x3166,0x2104,0x1082,0x18c3,
  0x2124,0x18e3,0x2965,0x39e7,0x41e8,0x4a49,0x5acb,0x5acb,0x62ec,0x632c,0x6b4d,0x6b4d,0x6b6d,0x6b4d,0x6b4d,0x6b4d,
  0x6b6d,0x6b4d,0x6b4d,0x6b4d,0x6b4d,0x6b4d,0x736e,0x6b6d,0x738e,0x738e,0x73ae,0x738e,0x73ae,0x73ae,0x7baf,0x738e,
  0x738e,0x6b4d,0x6b6d,0x6b6d,0x738e,0x6b6d,0x6b6d,0x6b4d,0x6b6d,0x6b4d,0x6b4d,0x6b4d,0x6b6d,0x6b4d,0x6b4d,0x630c,
  0x632c,0x5b0b,0x630c,0x630c,0x630c,0x5aeb,0x630c,0x5aeb,0x5acb,0x630c,0x632c,0x5aeb,0x62ec,0x5aeb,0x62ec,0x5aeb,
  0x5acb,0x52aa,0x5aeb,0x5acb,0x52aa,0x528a,0x528a,0x4a49,0x4a49,0x4228,0x4228,0x39e7,0x39e7,0x39c7,0x39c7,0x31a6,
  0x39a7,0x31a6,0x31a6,0x3186,0x3186,0x2965,0x2965,0x2965,0x3166,0x2945,0x3166,0x2965,0x2945,0x2144,0x2945,0x2945,
  0x2945,0x2945,0x2124,0x18c3,0x18e3,0x2104,0x2124,0x18e3,0x20e4,0x18e3,0x2104,0x18e3,0x20e4,0x18e3,0x18e3,0x18c3,
  0x18c3,0x18c3,0x20e4,0x18c3,0x18c3,0x10c2,0x18c3,0x18c3,0x18c3,0x18c3,0x18c3,0x18c3,0x18c3,0x10c2,0x18c3,0x10a2,
  0x18c3,0x10a2,0x18c3,0x10a2,0x18c3,0x10a2,0x18c3,0x10a2,0x18c3,0x10a2,0x10a2,0x1082,0x1082,0x0841,0x0841,0x0841,
  0x0841,0x0020,0x0020,0x0020,0x10a2,0x10a2,0x18c3,0x18c3,0x18c3,0x10c2,0x18c3,0x18c3,0x18c3,0x10c2,0x18c3,0x10a2,
  0x18c3,0x10a2,0x18c3,0x10a2,0x18c3,0x10a2,0x18c3,0x10a2,0x18c3,0x10a2,0x18c3,0x10a2,0x18c3,0x10a2,0x18c3,0x10a2,
  0x18c3,0x10a2,0x18a3,0x10a2,0x18a3,0x10a2,0x18a3,0x10a2,0x18a3,0x10a2,0x18a3,0x10a2,0x10a2,0x10a2,0x18a3,0x10a2,
  0x10a2,0x10a2,0x18a3,0x1082,0x10a2,0x1082,0x18a3,0x1082,0x10a2,0x1082,0x10a2,0x1082,0x10a2,0x1082,0x10a2,0x1082,
  0x10a2,0x1082,0x10a2,0x1082,0x10a2,0x1082,0x10a2,0x1082,0x10a2,0x1082,0x10a2,0x1082,0x1082,0x1082,0x1082,0x1082,
  0x1082,0x1082,0x1082,0x1082,0x1082,0x1082,0x1082,0x1082,0x1082,0x0881,0x1082,0x1082,0x1082,0x0881,0x1082,0x1082,
  0x1082,0x0881,0x1082,0x0861,0x1082,0x0861,0x1082,0x0861,0x1082,0x0881,0x1082,0x0861,0x1082,0x0861,0x1082,0x0861,
  0x3186,0x3186,0x2985,0x3186,0x2965,0x3186,0x2985,0x3186,0x2985,0x3186,0x2985,0x3186,0x2985,0x3186,0x2965,0x3186,
  0x2965,0x3186,0x2965,0x3186,0x2965,0x3186,0x2965,0x3186,0x2985,0x3186,0x2965,0x3186,0x2965,0x3186,0x2965,0x3186,
  0x2965,0x3186,0x2965,0x3186,0x2965,0x3186,0x2965,0x3186,0x2965,0x3166,0x2965,0x3186,0x2965,0x3186,0x2965,0x3186,
  0x2965,0x3186,0x2965,0x2965,0x2965,0x3186,0x2965,0x2965,0x2965,0x3166,0x2965,0x2965,0x2965,0x2965,0x2965,0x2965,
  0x2965,0x2965,0x2965,0x2965,0x2945,0x2965,0x2965,0x2965,0x2945,0x2965,0x2945,0x2965,0x2945,0x2965,0x2945,0x2965,
  0x2945,0x2965,0x2144,0x2945,0x2945,0x2965,0x2965,0x2965,0x2945,0x2945,0x2945,0x2965,0x2144,0x2945,0x2945,0x2965,
  0x2124,0x2945,0x2945,0x2965,0x2124,0x18c3,0x1082,0x18e3,0x2124,0x3186,0x31a6,0x31a6,0x3a07,0x528a,0x5acb,0x5aeb,
  0x5aeb,0x6b6d,0x6b4d,0x6b4d,0x6b4d,0x6b6d,0x634c,0x6b6d,0x6b4d,0x6b6d,0x634c,0x6b4d,0x6b4d,0x6b6d,0x6b6d,0x738e,
  0x738e,0x73ae,0x738e,0x73ae,0x73ae,0x7baf,0x738e,0x738e,0x6b6d,0x738e,0x6b6d,0x738e,0x6b6d,0x6b6d,0x6b6d,0x738e,
  0x634c,0x6b4d,0x632c,0x6b6d,0x6b4d,0x6b2d,0x632c,0x630c,0x5aeb,0x630c,0x5aeb,0x632c,0x630c,0x5acb,0x52ca,0x5acb,
  0x52aa,0x630c,0x5b0b,0x5aeb,0x5aeb,0x630c,0x5aeb,0x5aeb,0x52aa,0x528a,0x528a,0x528a,0x4a69,0x526a,0x4a69,0x4a69,
  0x4228,0x4228,0x3a07,0x39e7,0x39c7,0x39e7,0x31a6,0x31a6,0x31a6,0x31a6,0x2965,0x31a6,0x2985,0x2965,0x2945,0x2965,
  0x2945,0x2945,0x2945,0x2965,0x2124,0x2945,0x2124,0x2945,0x2124,0x2945,0x18e3,0x1082,0x18c3,0x2945,0x2104,0x18e3,
  0x18e3,0x2104,0x18e3,0x2104,0x18e3,0x18e3,0x18c3,0x18e3,0x18c3,0x18e3,0x18c3,0x18e3,0x10c2,0x18c3,0x10c2,0x18c3,
  0x18c3,0x18c3,0x10c2,0x18c3,0x10a2,0x18c3,0x10a2,0x18c3,0x10a2,0x18c3,0x10a2,0x18c3,0x10a2,0x18c3,0x10a2,0x18c3,
  0x10a2,0x18a3,0x1082,0x10a2,0x1082,0x1062,0x0841,0x0861,0x0040,0x0020,0x0000,0x0020,0x0841,0x1082,0x10a2,0x18c3,
  0x10a2,0x18c3,0x10c2,0x18c3,0x10a2,0x18c3,0x10a2,0x18c3,0x10a2,0x18c3,0x10a2,0x18c3,0x10a2,0x18c3,0x10a2,0x10a2,
  0x10a2,0x18a3,0x10a2,0x10a2,0x10a2,0x18a3,0x10a2,0x10a2,0x10a2,0x10a2,0x10a2,0x10a2,0x10a2,0x10a2,0x1082,0x10a2,
  0x10a2,0x10a2,0x1082,0x10a2,0x1082,0x10a2,0x1082,0x10a2,0x1082,0x10a2,0x1082,0x10a2,0x1082,0x10a2,0x1082,0x10a2,
  0x1082,0x10a2,0x1082,0x10a2,0x1082,0x10a2,0x1082,0x10a2,0x1082,0x1082,0x0881,0x1082,0x1082,0x1082,0x0881,0x1082,
  0x1082,0x1082,0x0881,0x1082,0x0881,0x1082,0x0881,0x1082,0x0881,0x1082,0x0881,0x1082,0x0881,0x1082,0x0861,0x1082,
  0x0861,0x1082,0x0861,0x1082,0x0861,0x1082,0x0861,0x1082,0x0861,0x1082,0x0861,0x1082,0x0861,0x1082,0x0861,0x1082,
  0x0861,0x1082,0x0861,0x1082,0x0861,0x1082,0x0861,0x1082,0x31a6,0x3186,0x3186,0x2985,0x3186,0x3186,0x31a6,0x3186,
  0x3186,0x3186,0x3186,0x3186,0x3186,0x3186,0x3186,0x2985,0x3186,0x3186,0x3186,0x2985,0x3186,0x3186,0x3186,0x2985,
  0x3186,0x3186,0x3186,0x2985,0x3186,0x3186,0x3186,0x2985,0x3186,0x3186,0x3186,0x2985,0x3186,0x2965,0x3186,0x2985,
  0x3186,0x2965,0x3186,0x2985,0x3186,0x2965,0x3186,0x3186,0x3186,0x2965,0x2965,0x2945,0x3166,0x2965,0x2965,0x2965,
  0x3166,0x2965,0x3186,0x2965,0x3166,0x2965,0x3166,0x2965,0x3166,0x2965,0x3166,0x2965,0x3166,0x2965,0x3166,0x2965,
  0x3186,0x2965,0x3166,0x2945,0x2965,0x2965,0x2965,0x2965,0x3166,0x2945,0x2965,0x2945,0x2965,0x2945,0x2965,0x2945,
  0x2965,0x2945,0x2965,0x2945,0x2965,0x2945,0x2965,0x2945,0x2965,0x2965,0x2965,0x2124,0x20e4,0x10a2,0x18e3,0x2104,
  0x2945,0x31a6,0x4228,0x39c7,0x5aab,0x528a,0x5aeb,0x630c,0x632c,0x6b6d,0x738e,0x6b4d,0x736e,0x6b6d,0x6b6d,0x6b6d,
  0x738e,0x6b6d,0x736e,0x6b6d,0x738e,0x738e,0x73ae,0x73ae,0x7baf,0x73ae,0x73ae,0x73ae,0x7bcf,0x73ae,0x738e,0x6b8d,
  0x738e,0x738e,0x738e,0x738e,0x73ae,0x6b6d,0x738e,0x738e,0x6b6d,0x6b4d,0x6b6d,0x6b4d,0x6b4d,0x632c,0x6b4d,0x632c,
  0x6b2d,0x630c,0x630c,0x632c,0x632c,0x5acb,0x5aab,0x52ca,0x62ec,0x5aeb,0x630c,0x5b0b,0x630c,0x630c,0x630c,0x5acb,
  0x5acb,0x52aa,0x52aa,0x4a89,0x528a,0x528a,0x528a,0x4a69,0x4a69,0x4a49,0x4a29,0x39e7,0x41e8,0x39e7,0x39c7,0x31a6,
  0x39c7,0x31a6,0x3186,0x3186,0x31a6,0x3186,0x3166,0x2945,0x2965,0x2965,0x2965,0x2945,0x2945,0x2945,0x2945,0x2945,
  0x2945,0x2124,0x2124,0x18c3,0x2104,0x2945,0x2925,0x1903,0x2104,0x18e3,0x2104,0x18e3,0x2104,0x18e3,0x20e4,0x18e3,
  0x18e3,0x18c3,0x18c3,0x18c3,0x18e3,0x18c3,0x18e3,0x18c3,0x18e3,0x18c3,0x18e3,0x18c3,0x18c3,0x10a2,0x18c3,0x10c2,
  0x18c3,0x18c3,0x18c3,0x10a2,0x18c3,0x10a2,0x18c3,0x10a2,0x18c3,0x10a2,0x18c3,0x10a2,0x18a3,0x1082,0x1082,0x0861,
  0x1062,0x0841,0x0821,0x0020,0x0821,0x0861,0x18c3,0x18c3,0x18c3,0x18c3,0x18c3,0x10c2,0x18c3,0x18c3,0x18c3,0x10c2,
  0x18c3,0x10a2,0x18c3,0x10a2,0x18c3,0x10a2,0x18c3,0x10a2,0x18c3,0x10a2,0x18c3,0x10a2,0x18c3,0x10a2,0x18c3,0x10a2,
  0x18c3,0x10a2,0x18a3,0x10a2,0x18a3,0x10a2,0x10a2,0x10a2,0x18a3,0x10a2,0x10a2,0x10a2,0x18a3,0x10a2,0x10a2,0x10a2,
  0x18a3,0x10a2,0x10a2,0x1082,0x10a2,0x1082,0x10a2,0x10a2,0x18a3,0x10a2,0x10a2,0x1082,0x10a2,0x1082,0x10a2,0x1082,
  0x10a2,0x1082,0x10a2,0x1082,0x10a2,0x1082,0x10a2,0x1082,0x10a2,0x1082,0x10a2,0x1082,0x1082,0x1082,0x1082,0x1082,
  0x1082,0x1082,0x1082,0x1082,0x1082,0x1082,0x1082,0x0881,0x1082,0x1082,0x1082,0x0881,0x1082,0x1082,0x1082,0x0881,
  0x1082,0x1082,0x1082,0x0861,0x1082,0x0861,0x1082,0x0861,0x1082,0x1082,0x1082,0x0861,0x1082,0x0861,0x1082,0x0861,
  0x2985,0x3186,0x2965,0x3186,0x2985,0x3186,0x3186,0x3186,0x2985,0x3186,0x2985,0x3186,0x2985,0x3186,0x3186,0x3186,
  0x2985,0x3186,0x3186,0x3186,0x2985,0x3186,0x2965,0x3186,0x2985,0x3186,0x2965,0x3186,0x2965,0x3186,0x2965,0x3186,
  0x2965,0x3186,0x2965,0x3186,0x2965,0x3186,0x2965,0x3186,0x2965,0x3186,0x2965,0x3166,0x2965,0x2965,0x2965,0x3186,
  0x2965,0x2965,0x2965,0x3166,0x2965,0x3186,0x2965,0x3166,0x2965,0x2965,0x2965,0x2965,0x2965,0x2965,0x2965,0x2965,
  0x2965,0x3186,0x2965,0x2965,0x2965,0x2965,0x2965,0x3186,0x2965,0x2965,0x2945,0x2965,0x2945,0x2965,0x2965,0x3166,
  0x2945,0x2965,0x2945,0x2945,0x2144,0x2965,0x2945,0x2965,0x2144,0x2945,0x2945,0x2965,0x2144,0x2945,0x2144,0x2945,
  0x2144,0x2965,0x2945,0x2104,0x10a2,0x18c3,0x18e3,0x2945,0x2965,0x31a6,0x4228,0x52aa,0x630c,0x5acb,0x5aeb,0x6b4d,
  0x632c,0x6b6d,0x6b4d,0x6b4d,0x6b4d,0x6b4d,0x632c,0x6b4d,0x6b6d,0x6b6d,0x6b6d,0x738e,0x6b8d,0x73ae,0x738e,0x73ae,
  0x73ae,0x73ae,0x738e,0x73ae,0x73ce,0x73ae,0x6b6d,0x738e,0x6b8d,0x738e,0x6b8d,0x738e,0x6b8d,0x6b6d,0x6b6d,0x738e,
  0x6b6d,0x6b6d,0x6b6d,0x6b6d,0x634c,0x6b4d,0x6b4d,0x736e,0x634c,0x632c,0x5b0b,0x630c,0x5b0b,0x5aeb,0x52aa,0x5aeb,
  0x5b0b,0x5aeb,0x5acb,0x632c,0x5b0b,0x630c,0x5aeb,0x5acb,0x5acb,0x5aeb,0x528a,0x528a,0x528a,0x52aa,0x4a69,0x4a69,
  0x4248,0x4a69,0x4248,0x4208,0x39e7,0x4208,0x39c7,0x39c7,0x31a6,0x39c7,0x3186,0x3186,0x3186,0x31a6,0x2965,0x2945,
  0x2144,0x2965,0x2965,0x2965,0x2144,0x2945,0x2945,0x2945,0x2124,0x2945,0x2945,0x2945,0x2124,0x2945,0x2124,0x2104,
  0x18e3,0x2104,0x18e3,0x2104,0x18e3,0x2104,0x18e3,0x20e4,0x18e3,0x18e3,0x10c2,0x18c3,0x18c3,0x18e3,0x18c3,0x18c3,
  0x10c2,0x18c3,0x18c3,0x18c3,0x10c2,0x18c3,0x10c2,0x18c3,0x10c2,0x18c3,0x10a2,0x18c3,0x10a2,0x18c3,0x10a2,0x18c3,
  0x10a2,0x18c3,0x10a2,0x18a3,0x10a2,0x10a2,0x0861,0x1082,0x0861,0x0841,0x0020,0x0841,0x0000,0x0841,0x1082,0x18c3,
  0x10c2,0x18c3,0x10c2,0x18c3,0x10a2,0x18c3,0x10a2,0x18c3,0x10a2,0x18c3,0x10a2,0x18c3,0x10a2,0x18c3,0x10a2,0x18a3,
  0x10a2,0x18c3,0x10a2,0x18c3,0x10a2,0x18c3,0x10a2,0x18c3,0x10a2,0x10a2,0x10a2,0x10a2,0x10a2,0x10a2,0x1082,0x10a2,
  0x10a2,0x10a2,0x1082,0x10a2,0x1082,0x10a2,0x1082,0x10a2,0x1082,0x10a2,0x1082,0x10a2,0x1082,0x10a2,0x1082,0x10a2,
  0x1082,0x10a2,0x1082,0x10a2,0x1082,0x10a2,0x1082,0x10a2,0x0881,0x1082,0x1082,0x1082,0x0881,0x1082,0x1082,0x1082,
  0x0881,0x1082,0x1082,0x1082,0x0881,0x1082,0x0881,0x1082,0x0881,0x1082,0x0881,0x1082,0x0881,0x1082,0x0861,0x1082,
  0x0861,0x1082,0x0861,0x1082,0x0861,0x1082,0x0861,0x1082,0x0861,0x1082,0x0861,0x1082,0x0861,0x1082,0x0861,0x1082,
  0x0861,0x1082,0x0861,0x1082,0x0861,0x1082,0x0861,0x1082,0x3186,0x3186,0x3186,0x3186,0x3186,0x3186,0x3186,0x3186,
  0x31a6,0x3186,0x31a6,0x3186,0x31a6,0x3186,0x3186,0x3186,0x3186,0x2985,0x3186,0x3186,0x3186,0x2985,0x3186,0x3186,
  0x3186,0x2965,0x3186,0x2965,0x3186,0x2965,0x3186,0x2965,0x3186,0x2965,0x3186,0x2965,0x3186,0x2965,0x3186,0x2965,
  0x3186,0x2965,0x3186,0x3186,0x3186,0x2965,0x3186,0x2965,0x3186,0x2965,0x3186,0x2965,0x3186,0x2965,0x3186,0x2965,
  0x3166,0x2965,0x3186,0x2965,0x3166,0x2965,0x3166,0x2965,0x2965,0x2965,0x3166,0x2965,0x3166,0x2965,0x3166,0x2965,
  0x2965,0x2945,0x2965,0x2945,0x3166,0x2965,0x3186,0x2945,0x2965,0x2945,0x2965,0x2945,0x2965,0x2965,0x3166,0x2965,
  0x2965,0x2945,0x2965,0x2945,0x2965,0x2945,0x2965,0x2945,0x2945,0x2945,0x2945,0x18c3,0x18c3,0x2124,0x2925,0x3186,
  0x4208,0x4208,0x526a,0x5aeb,0x630c,0x632c,0x736e,0x738e,0x738e,0x6b6d,0x738e,0x738e,0x738e,0x6b4d,0x6b6d,0x6b6d,
  0x738e,0x6b8d,0x738e,0x738e,0x7bcf,0x738e,0x738e,0x738e,0x7baf,0x73ae,0x7baf,0x73ae,0x7baf,0x738e,0x738e,0x738e,
  0x73ae,0x73ae,0x7baf,0x738e,0x738e,0x6b6d,0x738e,0x738e,0x738e,0x738e,0x738e,0x6b6d,0x738e,0x6b8d,0x6b4d,0x6b4d,
  0x6b4d,0x632c,0x6b4d,0x632c,0x630c,0x5aeb,0x630c,0x630c,0x5acb,0x52aa,0x5acb,0x630c,0x630c,0x5aeb,0x5aeb,0x5acb,
  0x5aeb,0x5aeb,0x5aab,0x528a,0x52aa,0x528a,0x5aab,0x528a,0x4a49,0x4a49,0x4a29,0x39e7,0x4208,0x4208,0x4208,0x39c7,
  0x39c7,0x31a6,0x3186,0x3186,0x31a6,0x3186,0x3186,0x2965,0x3186,0x2945,0x2965,0x2965,0x3166,0x2945,0x2965,0x2965,
  0x2945,0x2124,0x3166,0x2945,0x2945,0x2124,0x2925,0x2124,0x2925,0x1903,0x20e4,0x18e3,0x2104,0x18e3,0x20e4,0x18e3,
  0x2104,0x18e3,0x18e3,0x18c3,0x18e3,0x18c3,0x18e3,0x18c3,0x18c3,0x18c3,0x18c3,0x18c3,0x18c3,0x10c2,0x18c3,0x10a2,
  0x18c3,0x10c2,0x18c3,0x10a2,0x18c3,0x10c2,0x18e3,0x18c3,0x18c3,0x10a2,0x18c3,0x18c3,0x18c3,0x1082,0x10a2,0x0861,
  0x0861,0x0861,0x0861,0x0020,0x0841,0x0020,0x1062,0x18c3,0x18e3,0x10a2,0x18c3,0x18c3,0x18c3,0x10c2,0x18c3,0x18c3,
  0x18c3,0x10c2,0x18c3,0x18c3,0x18c3,0x10c2,0x18c3,0x18c3,0x18c3,0x10c2,0x18c3,0x10a2,0x18c3,0x10a2,0x18c3,0x10a2,
  0x18c3,0x10a2,0x18a3,0x10a2,0x18a3,0x10a2,0x18a3,0x10a2,0x18a3,0x10a2,0x18a3,0x10a2,0x18a3,0x10a2,0x18a3,0x10a2,
  0x18a3,0x10a2,0x18a3,0x10a2,0x10a2,0x10a2,0x10a2,0x1082,0x10a2,0x1082,0x10a2,0x1082,0x10a2,0x1082,0x10a2,0x1082,
  0x10a2,0x1082,0x1082,0x1082,0x1082,0x1082,0x10a2,0x1082,0x10a2,0x1082,0x1082,0x1082,0x1082,0x1082,0x1082,0x1082,
  0x1082,0x1082,0x1082,0x1082,0x1082,0x1082,0x1082,0x1082,0x1082,0x0881,0x1082,0x1082,0x1082,0x0881,0x1082,0x1082,
  0x1082,0x0881,0x1082,0x1082,0x1082,0x0881,0x1082,0x0861,0x1082,0x0861,0x1082,0x0861,0x1082,0x0861,0x1082,0x0861,
  0x2985,0x3186,0x2985,0x3186,0x2985,0x3186,0x2985,0x3186,0x2985,0x3186,0x2965,0x3186,0x2965,0x3186,0x2965,0x3186,
  0x2965,0x3186,0x2965,0x3186,0x2985,0x3186,0x2985,0x3186,0x2965,0x3186,0x2965,0x3186,0x2985,0x3166,0x2965,0x3186,
  0x2965,0x3186,0x2965,0x3186,0x2965,0x3186,0x2965,0x3186,0x2965,0x3186,0x2965,0x3186,0x2965,0x3166,0x2965,0x3186,
  0x2965,0x3166,0x2965,0x3186,0x2965,0x3166,0x2965,0x2965,0x2945,0x2965,0x2965,0x2965,0x2965,0x2965,0x2945,0x2965,
  0x2965,0x2965,0x2945,0x2965,0x2965,0x2965,0x2945,0x2965,0x2965,0x3166,0x2965,0x2965,0x2945,0x2965,0x2945,0x2945,
  0x2945,0x2965,0x2945,0x2965,0x2945,0x2965,0x2965,0x2965,0x2945,0x2965,0x2144,0x2945,0x2945,0x2965,0x2124,0x2945,
  0x2965,0x2945,0x18e3,0x18e3,0x18e3,0x2945,0x31a6,0x39c7,0x31a6,0x526a,0x5aeb,0x5aeb,0x632c,0x6b4d,0x6b6d,0x738e,
  0x6b6d,0x738e,0x738e,0x738e,0x6b4d,0x6b6d,0x738e,0x738e,0x632c,0x6b6d,0x6b8d,0x73ae,0x73ae,0x738e,0x6b6d,0x738e,
  0x738e,0x73ae,0x738e,0x73ae,0x73ae,0x73ae,0x6b6d,0x738e,0x73ae,0x7bcf,0x738e,0x73ae,0x73ae,0x73ae,0x6b8d,0x738e,
  0x738e,0x73ae,0x6b6d,0x6b6d,0x6b6d,0x6b6d,0x632c,0x632c,0x630c,0x632c,0x5b0b,0x632c,0x630c,0x6b4d,0x630c,0x5aeb,
  0x5aeb,0x5aeb,0x5aeb,0x630c,0x5acb,0x5acb,0x52ca,0x5acb,0x5acb,0x5aeb,0x528a,0x528a,0x4a89,0x528a,0x4a89,0x528a,
  0x4248,0x4a49,0x3a07,0x4208,0x39e7,0x4208,0x39e7,0x39c7,0x31a6,0x39c7,0x3186,0x3186,0x2965,0x31a6,0x3186,0x2965,
  0x2124,0x2945,0x2945,0x2965,0x2985,0x3166,0x2945,0x2965,0x2945,0x2945,0x2124,0x2945,0x2124,0x2124,0x2124,0x2124,
  0x2124,0x2104,0x18e3,0x2104,0x18e3,0x18e3,0x18c3,0x18e3,0x18c3,0x18c3,0x10c2,0x18e3,0x18e3,0x20e4,0x18c3,0x18c3,
  0x10c2,0x18c3,0x10c2,0x18c3,0x18c3,0x18c3,0x10a2,0x18c3,0x10a2,0x18c3,0x10a2,0x18c3,0x10a2,0x18a3,0x10c2,0x18c3,
  0x10a2,0x18a3,0x10a2,0x10a2,0x10a2,0x10a2,0x10a2,0x1082,0x0861,0x1082,0x0861,0x0841,0x0020,0x0020,0x0040,0x1082,
  0x10a2,0x18c3,0x10a2,0x18c3,0x10a2,0x18c3,0x10a2,0x18c3,0x10a2,0x18c3,0x10a2,0x18c3,0x10a2,0x18c3,0x10a2,0x18c3,
  0x10a2,0x18c3,0x10a2,0x18c3,0x10a2,0x18a3,0x10a2,0x18c3,0x10a2,0x10a2,0x10a2,0x10a2,0x10a2,0x18a3,0x10a2,0x10a2,
  0x10a2,0x10a2,0x10a2,0x10a2,0x10a2,0x10a2,0x1082,0x10a2,0x10a2,0x10a2,0x1082,0x10a2,0x1082,0x10a2,0x1082,0x1082,
  0x1082,0x1082,0x0881,0x1082,0x1082,0x1082,0x0881,0x1082,0x1082,0x1082,0x0881,0x1082,0x0881,0x1082,0x0881,0x1082,
  0x1082,0x1082,0x0881,0x1082,0x0881,0x1082,0x0881,0x1082,0x0881,0x1082,0x0881,0x1082,0x0881,0x1082,0x0861,0x1082,
  0x0861,0x1082,0x0861,0x1082,0x0861,0x1082,0x0861,0x1082,0x0861,0x1082,0x0861,0x1082,0x0861,0x1082,0x0861,0x1082,
  0x0861,0x1082,0x0861,0x1082,0x0861,0x1062,0x0861,0x0861,0x3186,0x3186,0x3186,0x3186,0x3186,0x3186,0x3186,0x3186,
  0x3186,0x3186,0x3186,0x2985,0x3186,0x3186,0x3186,0x2965,0x3186,0x3186,0x3186,0x3186,0x3186,0x3186,0x3186,0x3186,
  0x3186,0x3186,0x3186,0x3186,0x3186,0x2965,0x3186,0x2965,0x3186,0x3186,0x3186,0x2985,0x3186,0x3186,0x3186,0x2985,
  0x3186,0x2965,0x3186,0x2985,0x3186,0x2965,0x3186,0x2965,0x3186,0x2965,0x3186,0x2965,0x3186,0x2965,0x3166,0x2965,
  0x3166,0x2965,0x3166,0x2965,0x3166,0x2965,0x3166,0x2965,0x3166,0x2965,0x3166,0x2965,0x3166,0x2965,0x3166,0x2965,
  0x3186,0x2965,0x3166,0x2965,0x3166,0x2945,0x2965,0x2965,0x3166,0x2965,0x2965,0x2965,0x3166,0x2965,0x2965,0x2965,
  0x2965,0x2945,0x2965,0x2945,0x2965,0x2945,0x2945,0x2945,0x3186,0x2124,0x18c3,0x18c3,0x2945,0x2965,0x39c7,0x39e7,
  0x4a29,0x528a,0x630c,0x5b0b,0x6b6d,0x6b6d,0x738e,0x6b6d,0x738e,0x738e,0x7bcf,0x73ae,0x738e,0x6b6d,0x73ae,0x6b6d,
  0x6b4d,0x738e,0x7bcf,0x73ce,0x7bcf,0x73ae,0x73ae,0x73ae,0x7bcf,0x73ae,0x73ae,0x73ae,0x7bcf,0x73ae,0x73ae,0x73ae,
  0x7bcf,0x73ae,0x73ae,0x73ae,0x7bcf,0x73ae,0x738e,0x6b6d,0x7baf,0x738e,0x738e,0x6b6d,0x736e,0x6b6d,0x6b4d,0x6b4d,
  0x736e,0x6b4d,0x630c,0x5b0b,0x6b2d,0x632c,0x632c,0x630c,0x62ec,0x5acb,0x62ec,0x5aeb,0x5aeb,0x5acb,0x5aeb,0x5acb,
  0x5aeb,0x5acb,0x52aa,0x4a89,0x528a,0x4a69,0x526a,0x528a,0x528a,0x4a49,0x4208,0x4228,0x4228,0x4208,0x4208,0x39e7,
  0x41e8,0x39c7,0x39e7,0x3186,0x3186,0x3186,0x39a7,0x2965,0x2945,0x2945,0x2965,0x2965,0x31a6,0x2965,0x2965,0x2965,
  0x3166,0x2965,0x2945,0x2144,0x2945,0x2124,0x2124,0x2104,0x2124,0x2104,0x2104,0x18e3,0x2104,0x18e3,0x18e3,0x18e3,
  0x18e3,0x18c3,0x18e3,0x18c3,0x20e4,0x18c3,0x18c3,0x10c2,0x18c3,0x18c3,0x18c3,0x18c3,0x18e3,0x18c3,0x18c3,0x10a2,
  0x18c3,0x18c3,0x18c3,0x10c2,0x18c3,0x10a2,0x18c3,0x10c2,0x18c3,0x10a2,0x18a3,0x10a2,0x18c3,0x10a2,0x18c3,0x1082,
  0x1082,0x1082,0x1082,0x0841,0x0821,0x0020,0x0841,0x0841,0x18a3,0x18c3,0x18c3,0x10c2,0x18c3,0x18c3,0x18c3,0x10c2,
  0x18c3,0x18c3,0x18c3,0x10c2,0x18c3,0x18c3,0x18c3,0x10c2,0x18c3,0x18c3,0x18c3,0x10a2,0x18c3,0x10a2,0x18c3,0x10a2,
  0x18c3,0x10a2,0x18c3,0x10a2,0x18c3,0x10a2,0x18c3,0x10a2,0x18a3,0x10a2,0x18a3,0x10a2,0x18a3,0x10a2,0x10a2,0x10a2,
  0x18a3,0x10a2,0x10a2,0x10a2,0x18a3,0x10a2,0x10a2,0x1082,0x10a2,0x1082,0x10a2,0x1082,0x10a2,0x1082,0x10a2,0x1082,
  0x10a2,0x1082,0x10a2,0x1082,0x10a2,0x1082,0x10a2,0x1082,0x10a2,0x1082,0x1082,0x1082,0x1082,0x1082,0x1082,0x1082,
  0x1082,0x1082,0x1082,0x1082,0x1082,0x1082,0x1082,0x0881,0x1082,0x1082,0x1082,0x0881,0x1082,0x1082,0x1082,0x0881,
  0x1082,0x1082,0x1082,0x0881,0x1082,0x1082,0x1082,0x0861,0x1082,0x0861,0x1082,0x0861,0x1082,0x0861,0x1082,0x0861,
  0x2985,0x3186,0x3186,0x3186,0x2985,0x3186,0x3186,0x31a6,0x3186,0x3186,0x3186,0x3186,0x2985,0x3186,0x2985,0x3186,
  0x2985,0x3186,0x2985,0x3186,0x2965,0x3186,0x2985,0x3186,0x2965,0x3186,0x2965,0x3186,0x2965,0x3186,0x2965,0x3186,
  0x2965,0x3186,0x2965,0x3186,0x2965,0x3186,0x2965,0x3186,0x2965,0x2965,0x2965,0x3186,0x2965,0x2965,0x2965,0x3186,
  0x2965,0x2965,0x2965,0x2965,0x2965,0x2965,0x2965,0x3166,0x2965,0x2965,0x2965,0x2965,0x2965,0x2965,0x2965,0x3166,
  0x2965,0x2965,0x2965,0x2965,0x2965,0x2965,0x2965,0x2965,0x2965,0x2965,0x2965,0x2965,0x2965,0x2965,0x2945,0x2965,
  0x2945,0x2965,0x2945,0x2965,0x2945,0x2965,0x2945,0x2965,0x2945,0x2965,0x2945,0x2965,0x2945,0x2945,0x2945,0x2965,
  0x2124,0x2104,0x18c3,0x20e4,0x2144,0x39e7,0x31c6,0x4a49,0x52ca,0x5acb,0x5acb,0x632c,0x634c,0x6b6d,0x6b6d,0x738e,
  0x6b6d,0x738e,0x73ae,0x738e,0x6b8d,0x738e,0x6b6d,0x6b4d,0x6b6d,0x7bcf,0x73ce,0x7bcf,0x73ce,0x73ae,0x738e,0x7baf,
  0x73ce,0x7bcf,0x738e,0x73ae,0x73ae,0x73ae,0x73ae,0x7baf,0x73ae,0x7bcf,0x73ae,0x7bcf,0x73ae,0x73ae,0x6b8d,0x738e,
  0x6b6d,0x6b6d,0x6b6d,0x738e,0x6b6d,0x6b6d,0x6b4d,0x6b4d,0x6b4d,0x6b6d,0x632c,0x632c,0x632c,0x630c,0x630c,0x632c,
  0x5aeb,0x5aeb,0x5aeb,0x62ec,0x5aeb,0x5aeb,0x5aeb,0x5acb,0x52aa,0x52aa,0x4a89,0x528a,0x4a89,0x4a49,0x4208,0x4a49,
  0x4a49,0x4a49,0x39e7,0x4228,0x3a07,0x4208,0x39e7,0x41e8,0x39c7,0x39e7,0x39c7,0x39c7,0x2985,0x3186,0x3186,0x3186,
  0x2945,0x2965,0x2965,0x3186,0x2965,0x2965,0x2945,0x3166,0x2945,0x2965,0x2945,0x2945,0x2124,0x2124,0x2104,0x2104,
  0x1903,0x2124,0x2104,0x2104,0x18e3,0x18e3,0x18c3,0x18e3,0x18c3,0x18e3,0x18c3,0x18e3,0x18c3,0x18c3,0x10a2,0x18c3,
  0x10c2,0x18c3,0x10c2,0x18c3,0x10c2,0x18e3,0x18c3,0x18c3,0x10a2,0x18c3,0x10a2,0x18c3,0x10a2,0x18c3,0x10a2,0x18c3,
  0x10a2,0x10a2,0x10a2,0x18a3,0x10a2,0x10a2,0x10a2,0x10a2,0x0881,0x1082,0x0861,0x0861,0x0020,0x0841,0x0020,0x0020,
  0x0881,0x18e3,0x18c3,0x18c3,0x10a2,0x18c3,0x10a2,0x18c3,0x10a2,0x18c3,0x10a2,0x18c3,0x10a2,0x18c3,0x10a2,0x18c3,
  0x10a2,0x18c3,0x10a2,0x18c3,0x10a2,0x18c3,0x10a2,0x18a3,0x10a2,0x10a2,0x10a2,0x18a3,0x10a2,0x10a2,0x10a2,0x10a2,
  0x10a2,0x10a2,0x10a2,0x10a2,0x10a2,0x10a2,0x1082,0x10a2,0x10a2,0x10a2,0x1082,0x10a2,0x1082,0x10a2,0x1082,0x10a2,
  0x1082,0x10a2,0x1082,0x10a2,0x1082,0x10a2,0x1082,0x10a2,0x0881,0x1082,0x1082,0x1082,0x0881,0x1082,0x1082,0x1082,
  0x0881,0x1082,0x0881,0x1082,0x0881,0x1082,0x0881,0x1082,0x0881,0x1082,0x0881,0x1082,0x0881,0x1082,0x0861,0x1082,
  0x0861,0x1082,0x0861,0x1082,0x0861,0x1082,0x0861,0x1082,0x0861,0x1082,0x0861,0x1082,0x0861,0x1082,0x0861,0x1082,
  0x0861,0x1082,0x0861,0x1082,0x0861,0x0861,0x0861,0x1062,0x31a6,0x3186,0x31a6,0x3186,0x31a6,0x3186,0x31a6,0x3186,
  0x31a6,0x3186,0x31a6,0x3186,0x31a6,0x3186,0x31a6,0x3186,0x31a6,0x3186,0x3186,0x3186,0x3186,0x2985,0x3186,0x3186,
  0x3186,0x2965,0x3186,0x2965,0x3186,0x2965,0x3186,0x3186,0x3186,0x3186,0x3186,0x3186,0x3186,0x2965,0x3186,0x2965,
  0x3186,0x2965,0x3186,0x3186,0x3186,0x2965,0x3186,0x2965,0x3186,0x2965,0x3166,0x2965,0x3186,0x2965,0x3186,0x2965,
  0x3186,0x2965,0x3166,0x2965,0x3166,0x2965,0x3166,0x2965,0x3166,0x2965,0x3186,0x2965,0x3166,0x2965,0x3186,0x2965,
  0x2965,0x2965,0x3166,0x2965,0x3166,0x2965,0x3166,0x2965,0x3166,0x2965,0x3166,0x2965,0x2965,0x2965,0x2965,0x2945,
  0x2965,0x2965,0x3166,0x2965,0x2965,0x2945,0x3166,0x2965,0x2124,0x18c3,0x2104,0x2104,0x2945,0x4208,0x4a29,0x52aa,
  0x630c,0x630c,0x630c,0x632c,0x6b6d,0x738e,0x7baf,0x73ae,0x7baf,0x73ae,0x7bcf,0x6b6d,0x73ae,0x73ae,0x73ae,0x738e,
  0x7bcf,0x73ae,0x7bcf,0x7bcf,0x7bcf,0x73ae,0x7baf,0x73ae,0x7bcf,0x73ae,0x73ae,0x738e,0x7baf,0x73ae,0x7baf,0x73ae,
  0x7bcf,0x73ce,0x7bcf,0x7bcf,0x7baf,0x6b8d,0x738e,0x73ae,0x736e,0x6b4d,0x736e,0x738e,0x73ae,0x6b6d,0x738e,0x632c,
  0x6b4d,0x6b4d,0x6b4d,0x6b4d,0x6b4d,0x630c,0x630c,0x630c,0x630c,0x630c,0x630c,0x5aeb,0x62ec,0x5aeb,0x62ec,0x5acb,
  0x5acb,0x52aa,0x5acb,0x5acb,0x5acb,0x4228,0x4208,0x4228,0x4a69,0x4a49,0x4228,0x4208,0x4208,0x3a07,0x4208,0x4208,
  0x41e8,0x39c7,0x39e7,0x39c7,0x31a6,0x2985,0x3186,0x31a6,0x31a6,0x2985,0x3186,0x2965,0x2965,0x2945,0x2965,0x2965,
  0x2965,0x2945,0x2965,0x2945,0x2945,0x2124,0x2925,0x2104,0x2124,0x2104,0x2124,0x2104,0x2104,0x18e3,0x20e4,0x18c3,
  0x18e3,0x18c3,0x18e3,0x18c3,0x18e3,0x18e3,0x18e3,0x18c3,0x18c3,0x18c3,0x18c3,0x18c3,0x18c3,0x18c3,0x18e3,0x18c3,
  0x18c3,0x10c2,0x18c3,0x18c3,0x18c3,0x10a2,0x18c3,0x18c3,0x18c3,0x10c2,0x18c3,0x10a2,0x18c3,0x10a2,0x18c3,0x10a2,
  0x10a2,0x1082,0x1082,0x0861,0x0861,0x0841,0x0841,0x0000,0x1062,0x10c2,0x18e3,0x18c3,0x18c3,0x10c2,0x18c3,0x18c3,
  0x18c3,0x10c2,0x18c3,0x18c3,0x18c3,0x10c2,0x18c3,0x18c3,0x18c3,0x10a2,0x18c3,0x10a2,0x18c3,0x10a2,0x18c3,0x10a2,
  0x18c3,0x10a2,0x18c3,0x10a2,0x18a3,0x10a2,0x18a3,0x10a2,0x18a3,0x10a2,0x18a3,0x10a2,0x18a3,0x10a2,0x18a3,0x10a2,
  0x18a3,0x10a2,0x18a3,0x10a2,0x10a2,0x10a2,0x10a2,0x1082,0x10a2,0x1082,0x10a2,0x1082,0x10a2,0x1082,0x10a2,0x1082,
  0x10a2,0x1082,0x10a2,0x1082,0x10a2,0x1082,0x10a2,0x1082,0x10a2,0x1082,0x1082,0x1082,0x1082,0x1082,0x1082,0x1082,
  0x1082,0x1082,0x1082,0x1082,0x1082,0x1082,0x1082,0x1082,0x1082,0x0881,0x1082,0x1082,0x1082,0x0881,0x1082,0x1082,
  0x1082,0x0881,0x1082,0x1082,0x1082,0x0881,0x1082,0x0861,0x1082,0x0861,0x1082,0x0861,0x1082,0x0861,0x1082,0x0861,
  0x3186,0x3186,0x2985,0x3186,0x3186,0x3186,0x2985,0x31a6,0x3186,0x3186,0x2985,0x3186,0x2985,0x3186,0x2985,0x3186,
  0x3186,0x3186,0x2985,0x3186,0x2985,0x3186,0x2985,0x3186,0x2965,0x3186,0x2965,0x3186,0x2965,0x3186,0x2965,0x3186,
  0x2985,0x3186,0x2965,0x3186,0x2965,0x3186,0x2965,0x3186,0x2965,0x3166,0x2965,0x3186,0x2965,0x3166,0x2965,0x3186,
  0x2965,0x3166,0x2965,0x2965,0x2965,0x3166,0x2965,0x2965,0x2965,0x3166,0x2965,0x2965,0x2965,0x2965,0x2945,0x2965,
  0x2965,0x3166,0x2965,0x2965,0x2965,0x2965,0x2965,0x2965,0x2945,0x2965,0x2945,0x2965,0x2965,0x2965,0x2945,0x2965,
  0x2965,0x2965,0x2965,0x2965,0x2945,0x2965,0x2945,0x2945,0x2945,0x2965,0x2945,0x2965,0x2945,0x2965,0x2945,0x2945,
  0x2104,0x18e3,0x18e3,0x2945,0x3186,0x4208,0x4a69,0x52aa,0x5aeb,0x630c,0x632c,0x632c,0x6b6d,0x7baf,0x73ae,0x73ae,
  0x73ae,0x7bcf,0x73ae,0x738e,0x738e,0x7bcf,0x73ae,0x7bcf,0x7bcf,0x7baf,0x73ae,0x7bef,0x7bcf,0x7bcf,0x73ae,0x7bcf,
  0x73ae,0x7baf,0x73ae,0x73ae,0x73ae,0x7bcf,0x73ae,0x7bcf,0x7bcf,0x7baf,0x738e,0x73ae,0x738e,0x738e,0x6b6d,0x73ae,
  0x6b6d,0x6b6d,0x6b6d,0x738e,0x6b6d,0x736e,0x6b6d,0x6b6d,0x632c,0x632c,0x632c,0x6b4d,0x632c,0x630c,0x5b0b,0x630c,
  0x5aeb,0x632c,0x630c,0x5aeb,0x5aeb,0x5aeb,0x52aa,0x5acb,0x52aa,0x52aa,0x52aa,0x5acb,0x52aa,0x4a69,0x4248,0x4a69,
  0x4a49,0x4a69,0x4208,0x4228,0x4208,0x4208,0x4208,0x4228,0x39e7,0x39c7,0x31a6,0x31a6,0x31a6,0x31a6,0x2985,0x31a6,
  0x31a6,0x3186,0x2965,0x31a6,0x2965,0x2965,0x2945,0x2965,0x2965,0x2965,0x2144,0x2945,0x2144,0x2945,0x2124,0x2124,
  0x2104,0x2104,0x2104,0x2104,0x18e3,0x20e4,0x18e3,0x18e3,0x18c3,0x18e3,0x10c2,0x18e3,0x18e3,0x18e3,0x18c3,0x18c3,
  0x18c3,0x18c3,0x10a2,0x18c3,0x10a2,0x18c3,0x10c2,0x18c3,0x10a2,0x18c3,0x10a2,0x18c3,0x10a2,0x18c3,0x10a2,0x18c3,
  0x10c2,0x18c3,0x10a2,0x10a2,0x10a2,0x18a3,0x10c2,0x18c3,0x1082,0x1082,0x0881,0x1082,0x0861,0x0861,0x0020,0x0020,
  0x0040,0x10a2,0x10c2,0x18c3,0x10a2,0x18c3,0x10a2,0x18c3,0x10a2,0x18c3,0x10a2,0x18c3,0x10a2,0x18c3,0x10a2,0x18c3,
  0x10a2,0x18c3,0x10a2,0x18c3,0x10a2,0x18c3,0x10a2,0x10a2,0x10a2,0x18c3,0x10a2,0x18c3,0x10a2,0x18a3,0x10a2,0x10a2,
  0x10a2,0x10a2,0x10a2,0x10a2,0x10a2,0x10a2,0x1082,0x10a2,0x10a2,0x10a2,0x1082,0x10a2,0x1082,0x10a2,0x1082,0x10a2,
  0x1082,0x10a2,0x1082,0x10a2,0x1082,0x10a2,0x1082,0x10a2,0x1082,0x10a2,0x1082,0x1082,0x1082,0x1082,0x0881,0x1082,
  0x1082,0x1082,0x0881,0x1082,0x0881,0x1082,0x0881,0x1082,0x0881,0x1082,0x0881,0x1082,0x0881,0x1082,0x0861,0x1082,
  0x0861,0x1082,0x0861,0x1082,0x0861,0x1082,0x0861,0x1082,0x0861,0x1082,0x0861,0x1082,0x0861,0x1082,0x0861,0x1082,
  0x0861,0x1082,0x0861,0x1082,0x0861,0x1062,0x0861,0x0861,0x31a6,0x3186,0x31a6,0x3186,0x31a6,0x3186,0x31a6,0x3186,
  0x31a6,0x3186,0x3186,0x2985,0x3186,0x3186,0x3186,0x3186,0x3186,0x3186,0x31a6,0x3186,0x31a6,0x3186,0x3186,0x3186,
  0x3186,0x3186,0x3186,0x3186,0x3186,0x2965,0x3186,0x2985,0x3186,0x3186,0x3186,0x2985,0x3186,0x3186,0x3186,0x2985,
  0x3186,0x2965,0x3186,0x2985,0x3186,0x2965,0x3186,0x2965,0x3186,0x2965,0x3186,0x2965,0x3186,0x2965,0x3166,0x2965,
  0x2965,0x2965,0x3186,0x2965,0x3166,0x2965,0x2965,0x2965,0x3166,0x2965,0x3166,0x2965,0x3166,0x2965,0x3186,0x2965,
  0x3166,0x2965,0x3166,0x2965,0x3166,0x2965,0x2965,0x2965,0x3166,0x2965,0x3166,0x2965,0x3166,0x2965,0x2965,0x2945,
  0x2965,0x2965,0x2965,0x2965,0x3166,0x2945,0x2945,0x2124,0x2925,0x18e3,0x18e3,0x2945,0x41e8,0x4228,0x528a,0x5acb,
  0x630c,0x632c,0x6b4d,0x6b6d,0x7baf,0x7bcf,0x7bcf,0x73ae,0x7baf,0x73ae,0x7baf,0x73ce,0x7baf,0x738e,0x7bcf,0x7bcf,
  0x7bcf,0x7bcf,0x7bcf,0x7bcf,0x7bcf,0x73ae,0x73ae,0x73ae,0x738e,0x738e,0x7bcf,0x73ae,0x7bcf,0x7bcf,0x7bcf,0x73ae,
  0x7bcf,0x7bcf,0x7bcf,0x73ae,0x7bcf,0x73ae,0x73ae,0x738e,0x7baf,0x6b6d,0x6b6d,0x6b6d,0x738e,0x6b4d,0x6b6d,0x6b8d,
  0x6b4d,0x630c,0x632c,0x632c,0x6b4d,0x632c,0x6b4d,0x632c,0x630c,0x5aeb,0x630c,0x5aeb,0x630c,0x5aeb,0x5acb,0x5acb,
  0x5acb,0x52aa,0x5aab,0x52aa,0x52aa,0x52aa,0x528a,0x4a89,0x4a69,0x4a49,0x4208,0x4208,0x4208,0x39e7,0x4228,0x4208,
  0x4208,0x31a6,0x39a7,0x2965,0x39a7,0x39c7,0x31a6,0x31a6,0x39c7,0x3186,0x3186,0x31a6,0x31a6,0x2965,0x2965,0x2965,
  0x3186,0x2965,0x3166,0x2965,0x2965,0x2945,0x2925,0x2104,0x2124,0x2104,0x2124,0x1903,0x20e4,0x18e3,0x2104,0x18c3,
  0x2104,0x18e3,0x18e3,0x18c3,0x18e3,0x18c3,0x18e3,0x18c3,0x18e3,0x18c3,0x18c3,0x10a2,0x18c3,0x18c3,0x18e3,0x18c3,
  0x18c3,0x18c3,0x18c3,0x10c2,0x18c3,0x18c3,0x18c3,0x18c3,0x18c3,0x18c3,0x18c3,0x10a2,0x18c3,0x10a2,0x18e3,0x10c2,
  0x18a3,0x1082,0x10a2,0x1082,0x1082,0x0841,0x0841,0x0020,0x0841,0x0861,0x18c3,0x18c3,0x18c3,0x18c3,0x18c3,0x10c2,
  0x18c3,0x18c3,0x18c3,0x10c2,0x18c3,0x18c3,0x18c3,0x10c2,0x18c3,0x10a2,0x18c3,0x10a2,0x18c3,0x10a2,0x18c3,0x10a2,
  0x18c3,0x18c3,0x18c3,0x10c2,0x18c3,0x10a2,0x18c3,0x10a2,0x18a3,0x10a2,0x18a3,0x10a2,0x18a3,0x10a2,0x10a2,0x10a2,
  0x18a3,0x10a2,0x10a2,0x10a2,0x18a3,0x10a2,0x10a2,0x10a2,0x18a3,0x10a2,0x10a2,0x10a2,0x18a3,0x10a2,0x10a2,0x1082,
  0x10a2,0x1082,0x10a2,0x1082,0x10a2,0x1082,0x10a2,0x1082,0x10a2,0x1082,0x1082,0x1082,0x1082,0x1082,0x1082,0x1082,
  0x1082,0x1082,0x1082,0x1082,0x1082,0x1082,0x1082,0x0881,0x1082,0x1082,0x1082,0x0881,0x1082,0x1082,0x1082,0x0881,
  0x1082,0x1082,0x1082,0x0881,0x1082,0x1082,0x1082,0x0861,0x1082,0x0861,0x1082,0x0861,0x1082,0x0861,0x1082,0x0861,
  0x2985,0x3186,0x2985,0x3186,0x3186,0x31a6,0x3186,0x31a6,0x3186,0x3186,0x2965,0x3186,0x2985,0x3186,0x2985,0x3186,
  0x2985,0x3186,0x2985,0x3186,0x2985,0x3186,0x3186,0x3186,0x2985,0x3186,0x2965,0x3186,0x2965,0x3186,0x2965,0x3186,
  0x2985,0x3186,0x2965,0x3166,0x2965,0x3186,0x2985,0x3186,0x2965,0x2965,0x2965,0x3186,0x2985,0x3186,0x2985,0x3186,
  0x2965,0x3186,0x2965,0x2965,0x2945,0x2965,0x2965,0x3186,0x2965,0x3186,0x2965,0x2965,0x2144,0x2945,0x2965,0x3186,
  0x2985,0x2965,0x2965,0x2965,0x2965,0x2965,0x2965,0x3166,0x2945,0x2965,0x2945,0x2965,0x2965,0x2965,0x2965,0x2965,
  0x2965,0x2965,0x2965,0x2965,0x2965,0x2965,0x2945,0x2965,0x2945,0x2965,0x2945,0x2945,0x2144,0x2945,0x2945,0x2925,
  0x1903,0x2104,0x2104,0x39a7,0x3a07,0x4a49,0x4a89,0x5aeb,0x630c,0x6b4d,0x6b6d,0x738e,0x73ae,0x7bcf,0x73ce,0x7baf,
  0x738e,0x73ae,0x73ae,0x7bcf,0x73ae,0x7bcf,0x73ae,0x73ae,0x73ae,0x73ae,0x73ce,0x73ae,0x73ae,0x7bcf,0x6b6d,0x73ae,
  0x73ae,0x73ae,0x73ce,0x7bcf,0x7bef,0x7bef,0x6b6d,0x738e,0x7bcf,0x7bcf,0x73ae,0x7bef,0x73ce,0x73ae,0x73ae,0x738e,
  0x6b6d,0x6b6d,0x6b6d,0x738e,0x73ae,0x738e,0x6b6d,0x6b4d,0x634c,0x6b4d,0x6b4d,0x6b6d,0x634c,0x632c,0x632c,0x632c,
  0x5aeb,0x630c,0x630c,0x630c,0x5aeb,0x5aeb,0x52aa,0x5acb,0x52aa,0x52aa,0x528a,0x5aab,0x4a69,0x528a,0x4a49,0x4a69,
  0x4a69,0x4a49,0x4208,0x4208,0x4228,0x4228,0x4208,0x4208,0x39e7,0x39c7,0x39c7,0x31a6,0x2985,0x3186,0x31a6,0x39c7,
  0x31a6,0x2965,0x2965,0x3186,0x2985,0x2965,0x2985,0x3186,0x2965,0x3186,0x2945,0x3166,0x2945,0x2945,0x2124,0x2925,
  0x1903,0x2104,0x2104,0x2124,0x18e3,0x18e3,0x18e3,0x2104,0x18e3,0x18e3,0x18c3,0x18e3,0x10c2,0x18c3,0x10c2,0x18c3,
  0x10c2,0x18c3,0x10a2,0x18c3,0x10c2,0x18e3,0x18c3,0x18c3,0x10c2,0x18c3,0x10c2,0x18c3,0x10a2,0x18c3,0x18c3,0x18c3,
  0x10a2,0x18c3,0x10a2,0x18c3,0x10a2,0x18c3,0x10a2,0x18c3,0x10a2,0x10a2,0x0881,0x0861,0x0861,0x0861,0x0841,0x0841,
  0x0000,0x0020,0x10a2,0x18c3,0x10a2,0x18c3,0x10c2,0x18c3,0x10a2,0x18c3,0x10c2,0x18c3,0x10a2,0x18c3,0x10a2,0x18c3,
  0x10a2,0x18c3,0x10a2,0x18c3,0x10a2,0x18c3,0x10a2,0x18c3,0x10a2,0x10a2,0x10a2,0x18a3,0x10a2,0x10a2,0x10a2,0x10a2,
  0x10a2,0x10a2,0x10a2,0x10a2,0x10a2,0x10a2,0x10a2,0x10a2,0x10a2,0x10a2,0x10a2,0x18a3,0x10a2,0x10a2,0x1082,0x10a2,
  0x1082,0x10a2,0x1082,0x10a2,0x1082,0x10a2,0x1082,0x10a2,0x1082,0x10a2,0x1082,0x10a2,0x1082,0x10a2,0x1082,0x10a2,
  0x0881,0x1082,0x1082,0x1082,0x0881,0x1082,0x1082,0x1082,0x0881,0x1082,0x0881,0x1082,0x0881,0x1082,0x0881,0x1082,
  0x0881,0x1082,0x0861,0x1082,0x0861,0x1082,0x0861,0x1082,0x0861,0x1082,0x0861,0x1082,0x0861,0x1082,0x0861,0x1082,
  0x0861,0x1082,0x0861,0x1082,0x0861,0x1082,0x0861,0x1082,0x3186,0x3186,0x3186,0x3186,0x31a6,0x3186,0x31a6,0x3186,
  0x31a6,0x3186,0x3186,0x3186,0x3186,0x3186,0x3186,0x3186,0x3186,0x2985,0x3186,0x3186,0x3186,0x3186,0x31a6,0x3186,
  0x3186,0x3186,0x3186,0x3186,0x3186,0x3186,0x3186,0x3186,0x31a6,0x3186,0x3186,0x3186,0x3186,0x3186,0x3186,0x3186,
  0x3186,0x2965,0x3186,0x2965,0x3186,0x2985,0x3186,0x2965,0x3186,0x2965,0x3186,0x2965,0x3166,0x2965,0x3186,0x2965,
  0x3186,0x2965,0x3186,0x2965,0x3186,0x2965,0x3186,0x2965,0x3186,0x2965,0x3166,0x2965,0x3166,0x2965,0x3166,0x2965,
  0x3166,0x2965,0x3166,0x2965,0x3166,0x2965,0x3166,0x2965,0x2965,0x2965,0x3166,0x2965,0x2965,0x2965,0x2965,0x2945,
  0x2965,0x2945,0x2965,0x2945,0x2965,0x2945,0x2965,0x2104,0x18e3,0x18e3,0x3186,0x39e7,0x4228,0x5acb,0x5acb,0x5aeb,
  0x632c,0x634c,0x738e,0x73ae,0x7bcf,0x7bcf,0x7bcf,0x73ae,0x7baf,0x73ae,0x7bcf,0x73ae,0x7bcf,0x73ce,0x7bcf,0x73ae,
  0x7bcf,0x7bcf,0x7bef,0x7bcf,0x7bcf,0x7bcf,0x7bcf,0x7bcf,0x7bcf,0x7bcf,0x7bcf,0x73ae,0x7bcf,0x73ae,0x738e,0x73ae,
  0x7bef,0x73ae,0x7bcf,0x7bcf,0x7bcf,0x7bcf,0x83f0,0x73ae,0x7baf,0x73ae,0x73ae,0x73ae,0x7bcf,0x73ae,0x7baf,0x6b4d,
  0x6b4d,0x6b4d,0x6b6d,0x6b6d,0x6b6d,0x632c,0x6b4d,0x632c,0x630c,0x5b0b,0x62ec,0x5acb,0x5aeb,0x5aeb,0x630c,0x5acb,
  0x5acb,0x4a69,0x52aa,0x52aa,0x528a,0x4a69,0x528a,0x4a69,0x526a,0x4228,0x4228,0x4208,0x4208,0x4208,0x4228,0x4208,
  0x4208,0x39e7,0x39c7,0x31a6,0x31a6,0x3186,0x31a6,0x31a6,0x31a6,0x2965,0x3186,0x31a6,0x31a6,0x2965,0x3186,0x2965,
  0x3186,0x2985,0x3186,0x2965,0x2965,0x2144,0x2945,0x2124,0x2124,0x1903,0x2124,0x2104,0x2104,0x18e3,0x2104,0x18e3,
  0x2104,0x18e3,0x18e3,0x18c3,0x18c3,0x18c3,0x20e4,0x18c3,0x18c3,0x10c2,0x18c3,0x18c3,0x18e3,0x18e3,0x18e3,0x18c3,
  0x18c3,0x18c3,0x18c3,0x18c3,0x18c3,0x10c2,0x18c3,0x18c3,0x18c3,0x10c2,0x18c3,0x18c3,0x18c3,0x10c2,0x18c3,0x18c3,
  0x18c3,0x10a2,0x10a2,0x0861,0x1082,0x0861,0x0861,0x0841,0x0020,0x0020,0x1082,0x18c3,0x18c3,0x18c3,0x18c3,0x18c3,
  0x18c3,0x10a2,0x18c3,0x18c3,0x18c3,0x10c2,0x18c3,0x10a2,0x18c3,0x10a2,0x18c3,0x18c3,0x18c3,0x10a2,0x18c3,0x10a2,
  0x18c3,0x10a2,0x18c3,0x10a2,0x18c3,0x10a2,0x18c3,0x10a2,0x18c3,0x10a2,0x18c3,0x10a2,0x18a3,0x10a2,0x18a3,0x10a2,
  0x18a3,0x10a2,0x18c3,0x10a2,0x18a3,0x1082,0x18a3,0x10a2,0x10a2,0x10a2,0x10a2,0x1082,0x10a2,0x1082,0x10a2,0x1082,
  0x10a2,0x1082,0x10a2,0x1082,0x10a2,0x1082,0x10a2,0x1082,0x10a2,0x1082,0x10a2,0x1082,0x10a2,0x1082,0x10a2,0x1082,
  0x10a2,0x1082,0x1082,0x1082,0x1082,0x1082,0x1082,0x1082,0x1082,0x1082,0x1082,0x1082,0x1082,0x0881,0x1082,0x0861,
  0x1082,0x0861,0x1082,0x1082,0x1082,0x0881,0x1082,0x0861,0x1082,0x0861,0x1082,0x0861,0x1082,0x0861,0x1082,0x0861,
  0x2985,0x3186,0x2985,0x3186,0x3186,0x31a6,0x3186,0x31a6,0x3186,0x3186,0x2985,0x3186,0x2985,0x3186,0x2985,0x3186,
  0x2965,0x3186,0x2965,0x3186,0x2965,0x3186,0x2985,0x3186,0x2985,0x3186,0x2985,0x3186,0x2965,0x3186,0x2965,0x3186,
  0x2985,0x3186,0x2965,0x3186,0x3186,0x3186,0x2965,0x3186,0x2965,0x3186,0x2965,0x2965,0x2965,0x3186,0x2965,0x2965,
  0x2965,0x2965,0x2965,0x3186,0x2965,0x2965,0x2965,0x2965,0x2965,0x2965,0x2945,0x2965,0x2965,0x3186,0x2965,0x2965,
  0x2945,0x3166,0x2965,0x2965,0x2965,0x2965,0x2965,0x2965,0x2965,0x2965,0x2965,0x2965,0x2965,0x2965,0x2965,0x2965,
  0x2945,0x2965,0x2945,0x2965,0x2945,0x2965,0x2945,0x2965,0x2945,0x2965,0x2945,0x2965,0x2945,0x2965,0x2144,0x2104,
  0x10c2,0x2124,0x39e7,0x4a49,0x4a49,0x630c,0x5aeb,0x630c,0x630c,0x6b4d,0x73ae,0x7bef,0x7bcf,0x7bcf,0x73ae,0x73ae,
  0x73ae,0x7bcf,0x73ce,0x7bcf,0x7bcf,0x7bef,0x7bcf,0x7bef,0x7bcf,0x7bef,0x7bcf,0x7bef,0x7bcf,0x7bcf,0x7bef,0x7bef,
  0x7bcf,0x83f0,0x7bef,0x7bef,0x73ae,0x7bcf,0x73ce,0x7bef,0x7bef,0x7bcf,0x7bcf,0x7bef,0x7bcf,0x7bef,0x7bef,0x7bcf,
  0x7bcf,0x7bcf,0x73ae,0x738e,0x6b6d,0x736e,0x6b6d,0x6b6d,0x6b4d,0x6b6d,0x6b4d,0x6b4d,0x632c,0x630c,0x5b0b,0x630c,
  0x630c,0x630c,0x5acb,0x5acb,0x5acb,0x5aeb,0x5acb,0x52aa,0x52aa,0x526a,0x52aa,0x52aa,0x4a69,0x526a,0x4a89,0x528a,
  0x4248,0x4228,0x3a07,0x39e7,0x39e7,0x4208,0x3a07,0x4228,0x4208,0x39e7,0x31a6,0x39e7,0x31a6,0x31a6,0x3186,0x31a6,
  0x3186,0x3186,0x2985,0x3186,0x2965,0x3166,0x2985,0x3186,0x2965,0x3186,0x2985,0x3186,0x2945,0x2945,0x2124,0x2124,
  0x2124,0x2124,0x2104,0x2104,0x18e3,0x2104,0x18e3,0x18e3,0x2104,0x2104,0x18c3,0x18c3,0x10c2,0x18e3,0x18e3,0x18e3,
  0x10c2,0x18c3,0x10c2,0x18c3,0x18c3,0x18e3,0x10c2,0x18c3,0x10c2,0x18c3,0x10c2,0x18c3,0x10a2,0x18c3,0x10c2,0x18c3,
  0x18c3,0x18c3,0x10c2,0x18c3,0x10a2,0x18c3,0x10a2,0x18c3,0x10c2,0x18c3,0x10a2,0x1082,0x0881,0x0861,0x0841,0x0841,
  0x0020,0x0020,0x0040,0x10a2,0x10c2,0x18c3,0x10c2,0x18c3,0x10a2,0x18c3,0x10a2,0x18c3,0x10a2,0x18c3,0x10a2,0x18c3,
  0x10a2,0x18c3,0x10a2,0x18c3,0x10a2,0x18c3,0x10a2,0x18c3,0x10a2,0x18c3,0x10a2,0x18c3,0x10a2,0x18c3,0x10a2,0x10a2,
  0x10a2,0x18a3,0x10a2,0x10a2,0x10a2,0x10a2,0x10a2,0x10a2,0x10a2,0x10a2,0x10a2,0x10a2,0x10a2,0x10a2,0x1082,0x10a2,
  0x1082,0x10a2,0x1082,0x10a2,0x1082,0x10a2,0x1082,0x10a2,0x1082,0x10a2,0x1082,0x10a2,0x1082,0x10a2,0x1082,0x10a2,
  0x1082,0x1082,0x0881,0x1082,0x1082,0x1082,0x0881,0x1082,0x1082,0x1082,0x0881,0x1082,0x0881,0x1082,0x0881,0x1082,
  0x0881,0x1082,0x0861,0x1082,0x0861,0x1082,0x0861,0x1082,0x0861,0x1082,0x0861,0x1082,0x0861,0x1082,0x0861,0x1082,
  0x0861,0x1082,0x0861,0x1082,0x0861,0x1082,0x0861,0x1082,0x3186,0x3186,0x31a6,0x3186,0x31a6,0x3186,0x31a6,0x3186,
  0x31a6,0x3186,0x3186,0x3186,0x3186,0x3186,0x3186,0x2985,0x3186,0x3186,0x3186,0x2985,0x3186,0x3186,0x3186,0x3186,
  0x3186,0x3186,0x3186,0x3186,0x3186,0x3186,0x3186,0x2965,0x3186,0x3186,0x3186,0x2965,0x31a6,0x3186,0x3186,0x2965,
  0x3186,0x3186,0x3186,0x2965,0x3186,0x2965,0x3186,0x2965,0x3166,0x2965,0x3186,0x2965,0x3166,0x2965,0x3186,0x2965,
  0x3166,0x2965,0x2965,0x2965,0x3186,0x2965,0x3186,0x2965,0x3166,0x2965,0x3186,0x2965,0x3166,0x2965,0x2965,0x2965,
  0x3166,0x2965,0x2965,0x2965,0x3166,0x2965,0x2965,0x2965,0x3166,0x2965,0x3166,0x2965,0x3166,0x2965,0x2965,0x2945,
  0x3166,0x2965,0x2965,0x2945,0x2965,0x2945,0x2124,0x18e3,0x2104,0x2965,0x4a29,0x4a69,0x52aa,0x5aeb,0x62ec,0x5b0b,
  0x6b4d,0x738e,0x7bcf,0x7bef,0x7bef,0x7bcf,0x7bcf,0x73ae,0x7bcf,0x7bcf,0x7bcf,0x7bef,0x8410,0x7bef,0x8410,0x7bef,
  0x7bef,0x7bef,0x7bef,0x7c0f,0x7bef,0x73ae,0x8410,0x7bef,0x83f0,0x8410,0x8410,0x7bef,0x7bef,0x7bcf,0x8410,0x7c0f,
  0x8410,0x8430,0x7bef,0x8410,0x8410,0x7bcf,0x7bef,0x7bcf,0x7bcf,0x73ae,0x7bcf,0x738e,0x738e,0x6b6d,0x738e,0x6b4d,
  0x6b4d,0x6b4d,0x6b4d,0x6b4d,0x6b4d,0x632c,0x632c,0x5b0b,0x630c,0x5aeb,0x5aeb,0x5acb,0x630c,0x5acb,0x52aa,0x52aa,
  0x5acb,0x52aa,0x5aab,0x52aa,0x526a,0x528a,0x52aa,0x4a69,0x4a49,0x4a49,0x4a29,0x39e7,0x4208,0x39e7,0x4208,0x4208,
  0x4208,0x39e7,0x39c7,0x39e7,0x39e7,0x39c7,0x39c7,0x31a6,0x39a7,0x31a6,0x3186,0x2965,0x3186,0x2965,0x31a6,0x3186,
  0x31a6,0x3186,0x31a6,0x3186,0x3166,0x2945,0x2945,0x2945,0x2945,0x2124,0x2124,0x1903,0x2104,0x2104,0x2104,0x18e3,
  0x2104,0x18e3,0x18e3,0x18c3,0x18e3,0x18c3,0x18e3,0x18c3,0x18e3,0x18c3,0x18e3,0x18c3,0x18e3,0x18c3,0x18c3,0x10a2,
  0x18c3,0x18c3,0x18e3,0x18c3,0x18c3,0x10a2,0x18c3,0x18c3,0x18e3,0x18c3,0x18c3,0x10c2,0x18c3,0x18c3,0x18c3,0x10c2,
  0x18c3,0x18c3,0x18c3,0x10a2,0x10a2,0x0861,0x0861,0x0841,0x0841,0x0020,0x0020,0x1082,0x18c3,0x18c3,0x18c3,0x10a2,
  0x18c3,0x18c3,0x18c3,0x10c2,0x18c3,0x18c3,0x18c3,0x10c2,0x18c3,0x18c3,0x18c3,0x10c2,0x18c3,0x10a2,0x18c3,0x10a2,
  0x18c3,0x10a2,0x18c3,0x10a2,0x18c3,0x10a2,0x18c3,0x10a2,0x18c3,0x10a2,0x18c3,0x10a2,0x18a3,0x10a2,0x18a3,0x10a2,
  0x18a3,0x10a2,0x18a3,0x10a2,0x18a3,0x10a2,0x10a2,0x10a2,0x18a3,0x10a2,0x10a2,0x1082,0x10a2,0x1082,0x10a2,0x1082,
  0x10a2,0x1082,0x10a2,0x1082,0x10a2,0x1082,0x10a2,0x1082,0x10a2,0x1082,0x10a2,0x1082,0x10a2,0x1082,0x10a2,0x1082,
  0x10a2,0x1082,0x1082,0x1082,0x1082,0x1082,0x1082,0x1082,0x1082,0x1082,0x1082,0x0881,0x1082,0x1082,0x1082,0x0861,
  0x1082,0x0861,0x1082,0x0881,0x1082,0x1082,0x1082,0x0861,0x1082,0x0861,0x1082,0x0861,0x1082,0x0861,0x1082,0x0861,
  0x2985,0x3186,0x3186,0x3186,0x2985,0x3186,0x3186,0x3186,0x2985,0x3186,0x3186,0x3186,0x2985,0x3186,0x2985,0x3186,
  0x2985,0x3186,0x3186,0x3186,0x2985,0x3186,0x2985,0x3186,0x2985,0x3186,0x2985,0x3186,0x2985,0x3186,0x2965,0x3186,
  0x2985,0x3186,0x2965,0x3186,0x2985,0x3186,0x2965,0x3166,0x2965,0x3186,0x2965,0x3186,0x2965,0x3186,0x2985,0x3186,
  0x2965,0x3186,0x2965,0x3166,0x2965,0x2965,0x2965,0x3166,0x2965,0x2965,0x2965,0x2965,0x2965,0x2965,0x2965,0x3186,
  0x2985,0x2965,0x2965,0x2965,0x2965,0x2965,0x2965,0x2965,0x2945,0x2965,0x2945,0x2965,0x2945,0x2965,0x2945,0x2965,
  0x2965,0x2965,0x2965,0x2965,0x2965,0x2965,0x2945,0x2965,0x2945,0x2965,0x2945,0x2965,0x2945,0x2965,0x1903,0x2104,
  0x2945,0x31a6,0x39e7,0x4228,0x52aa,0x5aeb,0x5aeb,0x6b4d,0x6b6d,0x7bcf,0x7bcf,0x7bcf,0x7bcf,0x7bef,0x73ce,0x7bcf,
  0x73ce,0x7bcf,0x73ce,0x7bef,0x7bef,0x8410,0x7bef,0x7bef,0x7bcf,0x7bcf,0x7bef,0x8410,0x73ce,0x73ae,0x7bcf,0x7bef,
  0x7bef,0x8410,0x73ce,0x7bcf,0x73ce,0x7bef,0x7bef,0x7bef,0x7bef,0x8430,0x73ae,0x8410,0x8410,0x7bcf,0x73ce,0x7bef,
  0x738e,0x7bcf,0x7bcf,0x7bcf,0x73ae,0x73ae,0x73ae,0x6b6d,0x634c,0x6b6d,0x634c,0x6b4d,0x632c,0x632c,0x630c,0x632c,
  0x5b0b,0x630c,0x5aeb,0x62ec,0x5acb,0x5aeb,0x52aa,0x5acb,0x528a,0x52aa,0x4a89,0x5aab,0x4a69,0x52aa,0x4a89,0x4a69,
  0x4a49,0x4a69,0x4228,0x4208,0x4208,0x4208,0x39e7,0x4208,0x39e7,0x39e7,0x39c7,0x39c7,0x31c6,0x39c7,0x31a6,0x31a6,
  0x3186,0x31a6,0x2985,0x3186,0x2965,0x2965,0x3186,0x31a6,0x2965,0x3186,0x2965,0x3186,0x2945,0x2945,0x2945,0x2945,
  0x2124,0x2124,0x2104,0x2104,0x1903,0x2104,0x18e3,0x18e3,0x18e3,0x18e3,0x18e3,0x18e3,0x18c3,0x18c3,0x10c2,0x18c3,
  0x10c2,0x18e3,0x18c3,0x18e3,0x18c3,0x18c3,0x10c2,0x18c3,0x10c2,0x18c3,0x10c2,0x18c3,0x10c2,0x18c3,0x10a2,0x18c3,
  0x18c3,0x18e3,0x18c3,0x18c3,0x10a2,0x18c3,0x10a2,0x18c3,0x10c2,0x18c3,0x10a2,0x18a3,0x1082,0x0861,0x0841,0x0841,
  0x0040,0x0841,0x0000,0x1062,0x10a2,0x18c3,0x10a2,0x18a3,0x10c2,0x18c3,0x10a2,0x18c3,0x10a2,0x18c3,0x10a2,0x18c3,
  0x10a2,0x18c3,0x10a2,0x18c3,0x10a2,0x18c3,0x10a2,0x18c3,0x10a2,0x18c3,0x10a2,0x18c3,0x10a2,0x10a2,0x10a2,0x18a3,
  0x10a2,0x10a2,0x10a2,0x10a2,0x10a2,0x10a2,0x10a2,0x18a3,0x10a2,0x10a2,0x10a2,0x10a2,0x1082,0x10a2,0x1082,0x10a2,
  0x1082,0x10a2,0x1082,0x10a2,0x1082,0x10a2,0x1082,0x10a2,0x1082,0x10a2,0x1082,0x1082,0x0881,0x10a2,0x1082,0x10a2,
  0x0881,0x1082,0x1082,0x1082,0x0881,0x1082,0x1082,0x1082,0x0881,0x1082,0x0881,0x1082,0x0881,0x1082,0x0881,0x1082,
  0x0881,0x1082,0x0861,0x1082,0x0861,0x1082,0x0861,0x1082,0x0861,0x1082,0x0861,0x1082,0x0861,0x1082,0x0861,0x1082,
  0x0861,0x1082,0x0861,0x1082,0x0861,0x1082,0x0861,0x1082,0x31a6,0x3186,0x31a6,0x3186,0x31a6,0x3186,0x31a6,0x3186,
  0x31a6,0x3186,0x31a6,0x3186,0x3186,0x3186,0x31a6,0x3186,0x31a6,0x3186,0x31a6,0x3186,0x31a6,0x3186,0x3186,0x3186,
  0x3186,0x3186,0x3186,0x3186,0x31a6,0x31a6,0x3186,0x3186,0x3186,0x3186,0x3186,0x3186,0x3186,0x2965,0x3186,0x2965,
  0x3186,0x2965,0x3186,0x2965,0x3186,0x3186,0x3186,0x2965,0x3186,0x2965,0x3186,0x2965,0x3166,0x2965,0x3186,0x2965,
  0x3186,0x2965,0x3166,0x2945,0x2965,0x2945,0x3166,0x2965,0x3186,0x2965,0x3166,0x2965,0x3166,0x2965,0x3166,0x2965,
  0x3186,0x2965,0x3166,0x2965,0x2965,0x2945,0x2965,0x2965,0x2965,0x2965,0x3166,0x2965,0x2965,0x2965,0x3166,0x2965,
  0x2965,0x2965,0x3166,0x2965,0x2965,0x2965,0x2124,0x2945,0x31a6,0x31a6,0x4208,0x4228,0x62ec,0x630c,0x6b4d,0x6b6d,
  0x7bcf,0x7bef,0x83f0,0x73ae,0x7bef,0x7bef,0x83f0,0x7bef,0x7bef,0x7bcf,0x7bef,0x7bcf,0x83f0,0x7bef,0x8410,0x7bef,
  0x83f0,0x7bef,0x8410,0x7bef,0x83f0,0x7bcf,0x7bcf,0x7bef,0x8410,0x7bef,0x7bef,0x7bcf,0x8410,0x7c0f,0x8410,0x7bef,
  0x8410,0x7bef,0x7bcf,0x7bef,0x8410,0x7bef,0x8410,0x7bef,0x7bef,0x7bef,0x8410,0x7bef,0x7bcf,0x73ae,0x738e,0x738e,
  0x73ae,0x738e,0x736e,0x632c,0x630c,0x5aeb,0x632c,0x632c,0x632c,0x5aeb,0x630c,0x5aeb,0x5acb,0x5acb,0x5aeb,0x5acb,
  0x52aa,0x4a89,0x528a,0x52aa,0x528a,0x52aa,0x528a,0x4a69,0x528a,0x4a69,0x4a49,0x4228,0x4a29,0x4208,0x4208,0x39e7,
  0x4208,0x39e7,0x39e7,0x39c7,0x39c7,0x31a6,0x39c7,0x3186,0x31a6,0x2985,0x31a6,0x31a6,0x3186,0x2965,0x39a7,0x3186,
  0x3186,0x2985,0x3186,0x3186,0x3186,0x2945,0x2965,0x2945,0x2945,0x2144,0x2925,0x2104,0x2104,0x1903,0x2104,0x18e3,
  0x2104,0x18e3,0x2104,0x18e3,0x18e3,0x18c3,0x18c3,0x18e3,0x18e3,0x18e3,0x20e4,0x18c3,0x18e3,0x18c3,0x18c3,0x18c3,
  0x18c3,0x18c3,0x18c3,0x18c3,0x18e3,0x18c3,0x18e3,0x18c3,0x18e3,0x18c3,0x18c3,0x18c3,0x18c3,0x18c3,0x18c3,0x18c3,
  0x18c3,0x18c3,0x18c3,0x10a2,0x10a2,0x0881,0x1062,0x0841,0x0841,0x0020,0x0020,0x0841,0x10a2,0x18c3,0x18c3,0x10a2,
  0x18e3,0x18c3,0x18c3,0x10a2,0x18c3,0x10c2,0x18c3,0x18c3,0x18c3,0x18c3,0x18c3,0x18c3,0x18c3,0x10a2,0x18c3,0x10a2,
  0x18c3,0x10c2,0x18c3,0x10a2,0x18c3,0x10a2,0x18c3,0x10a2,0x18c3,0x10a2,0x18c3,0x10a2,0x18a3,0x10a2,0x18a3,0x10a2,
  0x18c3,0x10a2,0x18a3,0x10a2,0x10a2,0x10a2,0x18a3,0x10a2,0x10a2,0x10a2,0x10a2,0x1082,0x10a2,0x1082,0x18a3,0x10a2,
  0x10a2,0x1082,0x10a2,0x1082,0x10a2,0x1082,0x10a2,0x1082,0x10a2,0x1082,0x10a2,0x1082,0x10a2,0x1082,0x10a2,0x1082,
  0x10a2,0x1082,0x1082,0x1082,0x1082,0x1082,0x1082,0x1082,0x1082,0x1082,0x1082,0x1082,0x1082,0x0881,0x1082,0x0861,
  0x1082,0x0861,0x1082,0x1082,0x1082,0x0881,0x1082,0x0861,0x1082,0x0861,0x1082,0x0861,0x1082,0x0861,0x1082,0x0861,
  0x3186,0x3186,0x2985,0x3186,0x3186,0x3186,0x2985,0x3186,0x3186,0x3186,0x2985,0x3186,0x2985,0x3186,0x2985,0x3186,
  0x2985,0x3186,0x2985,0x3186,0x2985,0x3186,0x2965,0x3186,0x2985,0x3186,0x2985,0x3186,0x3186,0x31a6,0x2965,0x3186,
  0x2965,0x3186,0x2965,0x2965,0x2965,0x3186,0x2985,0x3186,0x2965,0x3186,0x2985,0x3186,0x2965,0x3186,0x2965,0x3186,
  0x2965,0x3166,0x2965,0x3186,0x2965,0x2965,0x2965,0x2965,0x2945,0x2965,0x2965,0x2965,0x2965,0x2965,0x2965,0x2965,
  0x2965,0x2965,0x2945,0x2965,0x2965,0x3166,0x2965,0x2965,0x2965,0x3186,0x2965,0x2965,0x2965,0x2965,0x2945,0x2965,
  0x2965,0x2965,0x2965,0x2965,0x2965,0x2965,0x2945,0x2965,0x2945,0x2965,0x2945,0x2965,0x2945,0x2945,0x18c3,0x2965,
  0x3186,0x3166,0x4208,0x4a49,0x5aeb,0x6b4d,0x632c,0x738e,0x73ae,0x8410,0x7bcf,0x73ae,0x73ae,0x7bef,0x7bef,0x7bef,
  0x73ce,0x7bcf,0x73ce,0x7bcf,0x73ce,0x7bef,0x7bef,0x8410,0x7c0f,0x8410,0x7c0f,0x7bef,0x7bef,0x8410,0x73ce,0x7bef,
  0x7c0f,0x83f0,0x7bef,0x7bef,0x7bef,0x8410,0x7bcf,0x7bef,0x8410,0x7bef,0x7c0f,0x8410,0x73ce,0x8410,0x8430,0x7bcf,
  0x7bef,0x8410,0x7bef,0x7bef,0x73ae,0x73ae,0x6b6d,0x738e,0x738e,0x738e,0x6b6d,0x6b4d,0x632c,0x632c,0x5b0b,0x632c,
  0x630c,0x630c,0x5aeb,0x630c,0x5aeb,0x5acb,0x52aa,0x52aa,0x52aa,0x526a,0x52aa,0x52aa,0x4a69,0x528a,0x4a69,0x528a,
  0x4a89,0x4a69,0x4228,0x4a69,0x4208,0x4208,0x39e7,0x4208,0x4208,0x4208,0x39c7,0x39c7,0x31c6,0x39c7,0x31a6,0x31a6,
  0x3186,0x31a6,0x3186,0x31a6,0x2965,0x2965,0x3186,0x31a6,0x2965,0x3186,0x2985,0x3186,0x2965,0x2965,0x2144,0x2945,
  0x2124,0x2945,0x2124,0x2124,0x1903,0x2104,0x18e3,0x2104,0x1903,0x2104,0x18e3,0x18e3,0x18c3,0x18e3,0x18c3,0x18e3,
  0x18e3,0x18e3,0x18c3,0x18e3,0x18c3,0x18e3,0x18c3,0x18c3,0x10c2,0x18c3,0x10c2,0x18c3,0x18e3,0x18e3,0x10c2,0x18c3,
  0x10c2,0x18c3,0x10c2,0x18c3,0x18c3,0x18c3,0x10a2,0x18c3,0x10c2,0x18c3,0x10a2,0x10a2,0x1082,0x1082,0x0861,0x0841,
  0x0040,0x0841,0x0000,0x0020,0x1082,0x18c3,0x10a2,0x18c3,0x18c3,0x18c3,0x10a2,0x18c3,0x10a2,0x18c3,0x10a2,0x18c3,
  0x10c2,0x18c3,0x10a2,0x18c3,0x10a2,0x18c3,0x10a2,0x18c3,0x10a2,0x18c3,0x10a2,0x18c3,0x10a2,0x18c3,0x10a2,0x18c3,
  0x10a2,0x18a3,0x10a2,0x10a2,0x10a2,0x10a2,0x10a2,0x10a2,0x10a2,0x10a2,0x1082,0x10a2,0x1082,0x10a2,0x1082,0x10a2,
  0x1082,0x10a2,0x1082,0x10a2,0x1082,0x10a2,0x1082,0x10a2,0x1082,0x10a2,0x0881,0x1082,0x0881,0x10a2,0x1082,0x10a2,
  0x1082,0x1082,0x0881,0x1082,0x1082,0x1082,0x0881,0x1082,0x1082,0x1082,0x0881,0x1082,0x0881,0x1082,0x0881,0x1082,
  0x0881,0x1082,0x0861,0x1082,0x0861,0x1082,0x0861,0x1082,0x0861,0x1082,0x0861,0x1082,0x0861,0x1082,0x0861,0x1082,
  0x0861,0x1082,0x0861,0x1082,0x0861,0x1082,0x0861,0x1082,0x31a6,0x3186,0x31a6,0x3186,0x31a6,0x3186,0x31a6,0x3186,
  0x31a6,0x3186,0x31a6,0x3186,0x31a6,0x3186,0x3186,0x3186,0x31a6,0x3186,0x3186,0x2985,0x31a6,0x3186,0x3186,0x3186,
  0x3186,0x3186,0x3186,0x3186,0x3186,0x3186,0x3186,0x3186,0x3186,0x3186,0x3186,0x2985,0x3186,0x2965,0x3186,0x2965,
  0x3186,0x2965,0x3186,0x2965,0x3186,0x2965,0x3186,0x2965,0x3166,0x2965,0x3166,0x2965,0x2965,0x2945,0x2965,0x2965,
  0x3166,0x2965,0x3186,0x2965,0x3166,0x2965,0x2965,0x2965,0x3166,0x2945,0x3186,0x2965,0x3166,0x2965,0x3166,0x2945,
  0x3186,0x2965,0x3166,0x2965,0x3166,0x2965,0x2965,0x2945,0x3166,0x2965,0x2965,0x2965,0x3166,0x2965,0x2945,0x2945,
  0x3166,0x2945,0x2965,0x2945,0x2965,0x2104,0x2124,0x2945,0x2945,0x3186,0x4208,0x4a89,0x6b4d,0x632c,0x6b6d,0x738e,
  0x7baf,0x7bcf,0x8410,0x7bef,0x7bef,0x7bcf,0x7bef,0x7bef,0x83f0,0x7bef,0x7bef,0x73ae,0x7bef,0x7bef,0x8410,0x7bef,
  0x8410,0x8410,0x8410,0x7c0f,0x8430,0x7bef,0x7bcf,0x7bcf,0x7bef,0x7bef,0x8430,0x7bef,0x8410,0x7bef,0x7bef,0x7bef,
  0x8410,0x8410,0x8430,0x8410,0x8410,0x8410,0x8c51,0x7c0f,0x7bef,0x7bcf,0x7bef,0x7bef,0x8410,0x7bcf,0x73ae,0x738e,
  0x738e,0x738e,0x738e,0x632c,0x6b2d,0x630c,0x630c,0x630c,0x632c,0x630c,0x630c,0x5acb,0x5acb,0x5acb,0x5aab,0x52aa,
  0x5aeb,0x52aa,0x528a,0x4a89,0x5aab,0x52aa,0x528a,0x528a,0x528a,0x4a49,0x4a49,0x4a49,0x4a49,0x4208,0x4208,0x39e7,
  0x4208,0x39e7,0x39e7,0x31a6,0x39c7,0x31a6,0x39c7,0x31a6,0x39a7,0x31a6,0x39c7,0x31a6,0x31a6,0x31a6,0x39c7,0x31a6,
  0x31a6,0x31a6,0x31a6,0x3186,0x3186,0x2965,0x3166,0x2144,0x2925,0x2945,0x2945,0x2124,0x2925,0x2104,0x2104,0x1903,
  0x2104,0x18e3,0x20e4,0x18e3,0x2104,0x18e3,0x2104,0x18e3,0x20e4,0x18e3,0x2104,0x18e3,0x20e4,0x18c3,0x18c3,0x18c3,
  0x18c3,0x18c3,0x18e3,0x18c3,0x18e3,0x18e3,0x20e4,0x18e3,0x18e3,0x18c3,0x18c3,0x18c3,0x18c3,0x10a2,0x18e3,0x18c3,
  0x18c3,0x18c3,0x18c3,0x10a2,0x18a3,0x1082,0x1082,0x0841,0x0841,0x0020,0x0821,0x0020,0x1082,0x18c3,0x18e3,0x18c3,
  0x18e3,0x18c3,0x18c3,0x18c3,0x18c3,0x18c3,0x18c3,0x10c2,0x18c3,0x18c3,0x18c3,0x10c2,0x18c3,0x10a2,0x18c3,0x10c2,
  0x18c3,0x10a2,0x18c3,0x10a2,0x18c3,0x10a2,0x18c3,0x10a2,0x18c3,0x10a2,0x18c3,0x10a2,0x18c3,0x10a2,0x18c3,0x10a2,
  0x18a3,0x10a2,0x18a3,0x10a2,0x18a3,0x10a2,0x10a2,0x1082,0x10a2,0x1082,0x10a2,0x1082,0x10a2,0x1082,0x10a2,0x10a2,
  0x18a3,0x1082,0x10a2,0x1082,0x10a2,0x1082,0x10a2,0x1082,0x10a2,0x1082,0x10a2,0x1082,0x10a2,0x1082,0x10a2,0x1082,
  0x10a2,0x1082,0x10a2,0x1082,0x1082,0x1082,0x1082,0x1082,0x1082,0x1082,0x1082,0x0881,0x1082,0x1082,0x1082,0x0881,
  0x1082,0x1082,0x1082,0x0881,0x1082,0x1082,0x1082,0x0861,0x1082,0x1082,0x1082,0x0861,0x1082,0x0861,0x1082,0x0861,
  0x3186,0x31a6,0x3186,0x3186,0x3186,0x31a6,0x3186,0x31a6,0x2985,0x3186,0x3186,0x31a6,0x3186,0x3186,0x2965,0x3186,
  0x2985,0x3186,0x2965,0x3186,0x3186,0x31a6,0x3186,0x3186,0x2985,0x3186,0x3186,0x3186,0x2985,0x3186,0x2985,0x3186,
  0x2965,0x3186,0x2965,0x3186,0x2965,0x3186,0x2965,0x3186,0x2965,0x3186,0x2965,0x3186,0x2965,0x3186,0x2965,0x3186,
  0x2965,0x2965,0x2965,0x2965,0x2965,0x2965,0x2965,0x3186,0x2965,0x3186,0x2965,0x2965,0x2965,0x2965,0x2965,0x3166,
  0x2965,0x2965,0x2965,0x2965,0x2965,0x2965,0x2965,0x2965,0x2965,0x2965,0x2945,0x2965,0x2945,0x2965,0x2945,0x2965,
  0x2945,0x2965,0x2965,0x2965,0x2945,0x2965,0x2945,0x2965,0x2965,0x2965,0x2945,0x2965,0x2144,0x2104,0x18e3,0x2965,
  0x3186,0x39c7,0x4228,0x5acb,0x630c,0x6b4d,0x6b8d,0x7baf,0x73ce,0x7bef,0x7c0f,0x8410,0x7bef,0x8410,0x7bef,0x8410,
  0x7c0f,0x8410,0x7bef,0x7bcf,0x7bcf,0x8410,0x7c0f,0x8410,0x8410,0x8430,0x7bef,0x83f0,0x7bef,0x7bcf,0x7bcf,0x7bef,
  0x7bcf,0x7bef,0x7bef,0x83f0,0x8410,0x8430,0x8410,0x8410,0x8410,0x8430,0x8430,0x8430,0x7c0f,0x8430,0x8410,0x8410,
  0x7bef,0x7bef,0x73ae,0x7bcf,0x73ce,0x7bcf,0x73ae,0x73ae,0x6b8d,0x73ae,0x6b8d,0x6b4d,0x634c,0x6b4d,0x632c,0x632c,
  0x632c,0x632c,0x630c,0x5aeb,0x5acb,0x5acb,0x52aa,0x5acb,0x52ca,0x5acb,0x4a69,0x528a,0x4a89,0x52aa,0x528a,0x528a,
  0x4a49,0x4a49,0x4248,0x4a49,0x4a49,0x4a49,0x4208,0x4228,0x4208,0x4208,0x3a07,0x39e7,0x39c7,0x39c7,0x31a6,0x3186,
  0x2965,0x3186,0x31a6,0x39c7,0x3186,0x31a6,0x31a6,0x31a6,0x3186,0x31a6,0x2985,0x3186,0x2965,0x2965,0x2945,0x2945,
  0x2124,0x2124,0x2124,0x2124,0x2104,0x2104,0x18e3,0x20e4,0x18e3,0x2104,0x18e3,0x2104,0x18e3,0x2104,0x18e3,0x18e3,
  0x18e3,0x18e3,0x18e3,0x20e4,0x18e3,0x18e3,0x18c3,0x18c3,0x10c2,0x18e3,0x18c3,0x18e3,0x18c3,0x18e3,0x18c3,0x18e3,
  0x18c3,0x18c3,0x18c3,0x18c3,0x10c2,0x18c3,0x10c2,0x18c3,0x10c2,0x18c3,0x10a2,0x18c3,0x10a2,0x1082,0x0861,0x0861,
  0x0040,0x0841,0x0020,0x0020,0x0861,0x18c3,0x10c2,0x18c3,0x10c2,0x18c3,0x10c2,0x18c3,0x10c2,0x18c3,0x10a2,0x18c3,
  0x10a2,0x18c3,0x10c2,0x18c3,0x10a2,0x18c3,0x10a2,0x18c3,0x10c2,0x18c3,0x10a2,0x18c3,0x10a2,0x18c3,0x10a2,0x18c3,
  0x10a2,0x18c3,0x10a2,0x18a3,0x10a2,0x10a2,0x10a2,0x10a2,0x10a2,0x10a2,0x10a2,0x10a2,0x10a2,0x10a2,0x1082,0x10a2,
  0x1082,0x10a2,0x1082,0x10a2,0x1082,0x10a2,0x1082,0x10a2,0x1082,0x10a2,0x1082,0x10a2,0x1082,0x10a2,0x1082,0x10a2,
  0x1082,0x10a2,0x1082,0x1082,0x0881,0x1082,0x1082,0x1082,0x0881,0x1082,0x1082,0x1082,0x0881,0x1082,0x0881,0x1082,
  0x0881,0x1082,0x0861,0x1082,0x0861,0x1082,0x0861,0x1082,0x0861,0x1082,0x0861,0x1082,0x0861,0x1082,0x0861,0x1082,
  0x0861,0x1082,0x0861,0x1082,0x0861,0x1082,0x0861,0x1082,0x31a6,0x3186,0x31a6,0x3186,0x31a6,0x3186,0x31a6,0x3186,
  0x31a6,0x3186,0x31a6,0x3186,0x31a6,0x3186,0x3186,0x3186,0x31a6,0x3186,0x3186,0x3186,0x31a6,0x3186,0x31a6,0x3186,
  0x31a6,0x3186,0x31a6,0x3186,0x31a6,0x2985,0x3186,0x3186,0x3186,0x2965,0x3186,0x2965,0x3186,0x2985,0x3186,0x3186,
  0x3186,0x2985,0x3186,0x2965,0x3186,0x2965,0x3186,0x3186,0x3186,0x2965,0x3186,0x2965,0x3186,0x2965,0x3186,0x2965,
  0x3186,0x2965,0x3186,0x2965,0x3166,0x2965,0x3186,0x2965,0x3186,0x2965,0x3186,0x2965,0x3166,0x2965,0x3186,0x2965,
  0x3186,0x2965,0x3166,0x2965,0x3166,0x2965,0x2965,0x2965,0x3166,0x2965,0x3166,0x2965,0x3166,0x2965,0x3166,0x2965,
  0x3166,0x2965,0x3166,0x2965,0x2965,0x2104,0x18e3,0x2965,0x4208,0x39c7,0x4a69,0x5aeb,0x5aeb,0x6b4d,0x738e,0x73ae,
  0x7bef,0x7bef,0x8410,0x7bef,0x8410,0x8410,0x8430,0x8410,0x8410,0x7bef,0x8410,0x7bcf,0x8410,0x8410,0x8410,0x8410,
  0x8430,0x8430,0x8c31,0x8430,0x8410,0x7bef,0x8410,0x8430,0x8410,0x7bcf,0x8410,0x7bef,0x8430,0x8430,0x8430,0x8410,
  0x8410,0x7bef,0x83f0,0x8410,0x8430,0x8430,0x8c51,0x8c51,0x83f0,0x7bef,0x7bef,0x7bcf,0x7bef,0x7bcf,0x7baf,0x73ae,
  0x738e,0x6b6d,0x6b6d,0x632c,0x6b4d,0x6b4d,0x6b4d,0x632c,0x632c,0x632c,0x632c,0x5aeb,0x5aeb,0x52ca,0x5acb,0x5aeb,
  0x5aeb,0x52aa,0x5aab,0x528a,0x528a,0x52aa,0x52aa,0x4a69,0x4a49,0x4a49,0x526a,0x4228,0x4a69,0x4a49,0x4a49,0x4228,
  0x4228,0x3a07,0x41e8,0x39c7,0x39e7,0x39c7,0x39c7,0x3186,0x3186,0x3186,0x39a7,0x31a6,0x31a6,0x31a6,0x39c7,0x31a6,
  0x39c7,0x31a6,0x31a6,0x3186,0x3186,0x2945,0x2945,0x2945,0x2945,0x2144,0x2945,0x2124,0x2124,0x2104,0x2104,0x18e3,
  0x2124,0x2104,0x2104,0x18e3,0x2104,0x18e3,0x2104,0x18e3,0x2104,0x18e3,0x20e4,0x18e3,0x18e3,0x18e3,0x18e3,0x18c3,
  0x18e3,0x18e3,0x20e4,0x18e3,0x18e3,0x18c3,0x18c3,0x18c3,0x18e3,0x18c3,0x18e3,0x18c3,0x18c3,0x10a2,0x18c3,0x18c3,
  0x18e3,0x18c3,0x18c3,0x18c3,0x18c3,0x1082,0x1082,0x0861,0x0861,0x0020,0x0821,0x0020,0x0861,0x10a2,0x18c3,0x18c3,
  0x18c3,0x10a2,0x18c3,0x18c3,0x18c3,0x18c3,0x18c3,0x18c3,0x18c3,0x10c2,0x18c3,0x18c3,0x18c3,0x10a2,0x18c3,0x18c3,
  0x18c3,0x10a2,0x18c3,0x10a2,0x18c3,0x10a2,0x18c3,0x10a2,0x18c3,0x10a2,0x18c3,0x10a2,0x18c3,0x10a2,0x18a3,0x10a2,
  0x18a3,0x10a2,0x18a3,0x10a2,0x18a3,0x10a2,0x18a3,0x10a2,0x10a2,0x10a2,0x18a3,0x10a2,0x10a2,0x10a2,0x18a3,0x10a2,
  0x10a2,0x1082,0x10a2,0x1082,0x10a2,0x1082,0x10a2,0x1082,0x10a2,0x1082,0x10a2,0x1082,0x10a2,0x1082,0x10a2,0x1082,
  0x10a2,0x1082,0x10a2,0x1082,0x1082,0x1082,0x1082,0x1082,0x1082,0x1082,0x1082,0x1082,0x1082,0x0881,0x1082,0x1082,
  0x1082,0x0881,0x1082,0x1082,0x1082,0x0881,0x1082,0x0861,0x1082,0x0881,0x1082,0x0861,0x1082,0x0861,0x1082,0x0861,
  0x3186,0x31a6,0x3186,0x31a6,0x3186,0x31a6,0x3186,0x31a6,0x3186,0x3186,0x2985,0x31a6,0x3186,0x3186,0x2985,0x3186,
  0x3186,0x3186,0x2985,0x3186,0x3186,0x31a6,0x2985,0x3186,0x3186,0x3186,0x2985,0x3186,0x3186,0x3186,0x2965,0x3186,
  0x2965,0x3186,0x2965,0x3186,0x2965,0x3186,0x2965,0x3186,0x2965,0x3186,0x2965,0x2965,0x2965,0x3186,0x2965,0x3186,
  0x2965,0x3186,0x2965,0x2965,0x2965,0x3166,0x2965,0x2965,0x2965,0x2965,0x2965,0x2965,0x2965,0x2965,0x2965,0x2965,
  0x2965,0x2965,0x2965,0x2965,0x2965,0x3186,0x2965,0x2965,0x2965,0x3166,0x2965,0x2965,0x2965,0x3166,0x2965,0x2965,
  0x2965,0x3166,0x2965,0x2965,0x2965,0x2965,0x2945,0x2965,0x2945,0x2965,0x2965,0x2965,0x2945,0x2124,0x2124,0x31a6,
  0x31a6,0x39e7,0x4a89,0x5aeb,0x52aa,0x6b6d,0x6b8d,0x7bcf,0x7bcf,0x8410,0x7bef,0x8410,0x7bef,0x8430,0x8430,0x8410,
  0x7bef,0x7bef,0x7bef,0x7bef,0x7c0f,0x8410,0x7c0f,0x8410,0x8410,0x8410,0x8410,0x8430,0x7c0f,0x8410,0x8410,0x8430,
  0x7bef,0x83f0,0x8410,0x8410,0x8410,0x8430,0x8410,0x8430,0x8430,0x8c51,0x7c0f,0x8430,0x8410,0x8410,0x7bef,0x8410,
  0x7bcf,0x7bef,0x7bcf,0x7bef,0x7bef,0x7bef,0x73ce,0x73ae,0x6b8d,0x738e,0x6b4d,0x632c,0x632c,0x632c,0x630c,0x630c,
  0x5aeb,0x630c,0x5b0b,0x5aeb,0x52ca,0x5aab,0x52aa,0x630c,0x5aeb,0x5acb,0x52aa,0x5acb,0x528a,0x526a,0x4a69,0x4a49,
  0x4208,0x4a49,0x4248,0x4208,0x4228,0x4228,0x39e7,0x4208,0x39e7,0x39e7,0x31c6,0x39c7,0x31c6,0x39c7,0x31a6,0x31a6,
  0x31a6,0x39c7,0x31a6,0x3186,0x3186,0x31a6,0x31a6,0x31a6,0x31a6,0x31a6,0x3186,0x31a6,0x3186,0x2965,0x2144,0x2945,
  0x2945,0x2945,0x2124,0x2945,0x2124,0x2124,0x1903,0x2104,0x2104,0x2104,0x18e3,0x18e3,0x18c3,0x18e3,0x18e3,0x18e3,
  0x18e3,0x18e3,0x18e3,0x18e3,0x18c3,0x18e3,0x18c3,0x18c3,0x18c3,0x20e4,0x18e3,0x18e3,0x18c3,0x18c3,0x10c2,0x18e3,
  0x18c3,0x18e3,0x18c3,0x18c3,0x10c2,0x18c3,0x10a2,0x18c3,0x18c3,0x18c3,0x10c2,0x18c3,0x10a2,0x10a2,0x0861,0x0861,
  0x0841,0x0841,0x0020,0x0020,0x0841,0x10a2,0x10a2,0x18c3,0x10a2,0x18c3,0x10a2,0x18c3,0x10c2,0x18c3,0x10a2,0x18c3,
  0x10a2,0x18c3,0x10a2,0x18c3,0x10a2,0x18c3,0x10a2,0x18c3,0x10a2,0x18c3,0x10a2,0x18c3,0x10a2,0x18c3,0x10a2,0x18c3,
  0x10a2,0x18a3,0x10a2,0x10a2,0x10a2,0x10a2,0x10a2,0x10a2,0x10a2,0x10a2,0x10a2,0x10a2,0x10a2,0x10a2,0x1082,0x10a2,
  0x1082,0x10a2,0x1082,0x10a2,0x1082,0x10a2,0x1082,0x10a2,0x1082,0x10a2,0x1082,0x10a2,0x1082,0x10a2,0x1082,0x10a2,
  0x1082,0x10a2,0x0881,0x1082,0x1082,0x1082,0x0881,0x1082,0x1082,0x1082,0x0881,0x1082,0x0881,0x1082,0x0881,0x1082,
  0x0881,0x1082,0x0861,0x1082,0x0861,0x1082,0x0861,0x1082,0x0861,0x1082,0x0861,0x1082,0x0861,0x1082,0x0861,0x1082,
  0x0861,0x1082,0x0861,0x1082,0x0861,0x1082,0x0861,0x1082,0x39a7,0x31a6,0x31a6,0x3186,0x31a6,0x31a6,0x31a6,0x3186,
  0x31a6,0x3186,0x31a6,0x3186,0x31a6,0x3186,0x3186,0x3186,0x3186,0x3186,0x31a6,0x3186,0x31a6,0x3186,0x3186,0x3186,
  0x3186,0x3186,0x3186,0x3186,0x3186,0x3186,0x3186,0x3186,0x3186,0x3186,0x3186,0x2985,0x3186,0x2965,0x3186,0x2965,
  0x3186,0x2965,0x3186,0x2965,0x3186,0x2965,0x3186,0x2985,0x3186,0x3186,0x3166,0x2965,0x3166,0x2965,0x3186,0x2965,
  0x3166,0x2965,0x3186,0x2965,0x3186,0x2965,0x3166,0x2965,0x3166,0x2945,0x3186,0x2965,0x3166,0x2965,0x3166,0x2945,
  0x3166,0x2965,0x2965,0x2945,0x3166,0x2965,0x2965,0x2965,0x3186,0x2965,0x3186,0x2965,0x3166,0x2945,0x2965,0x2965,
  0x2965,0x2945,0x2965,0x2965,0x2945,0x2104,0x3166,0x31a6,0x3186,0x4228,0x5aeb,0x5acb,0x62ec,0x6b6d,0x73ae,0x7bcf,
  0x8410,0x8410,0x8430,0x8410,0x8410,0x8430,0x8c51,0x8430,0x8410,0x7bef,0x8410,0x7bef,0x8410,0x8410,0x8410,0x8410,
  0x8c31,0x8430,0x8410,0x7bef,0x8410,0x8410,0x8410,0x7bef,0x8410,0x8410,0x8430,0x8430,0x8c51,0x8c51,0x8c71,0x8c51,
  0x8c51,0x8430,0x8430,0x8430,0x8c51,0x8410,0x8430,0x8430,0x8410,0x7bef,0x7bcf,0x73ae,0x7bcf,0x7bcf,0x7bef,0x7bcf,
  0x73ae,0x73ae,0x73ae,0x6b4d,0x6b6d,0x632c,0x6b2d,0x632c,0x630c,0x630c,0x632c,0x5aeb,0x5acb,0x52aa,0x5acb,0x5aeb,
  0x5aeb,0x528a,0x52aa,0x52ca,0x5aab,0x4a49,0x528a,0x4228,0x4228,0x4228,0x4a49,0x3a07,0x4228,0x4208,0x4208,0x39e7,
  0x4208,0x4208,0x4208,0x39e7,0x41e8,0x39c7,0x39c7,0x31a6,0x31a6,0x31a6,0x31a6,0x31a6,0x39a7,0x3186,0x3186,0x3186,
  0x3186,0x2965,0x31a6,0x31a6,0x31a6,0x2965,0x2965,0x2144,0x2945,0x2124,0x2925,0x2124,0x2124,0x2104,0x2104,0x18e3,
  0x2124,0x2104,0x2104,0x18e3,0x2104,0x18e3,0x2104,0x18e3,0x2104,0x18e3,0x20e4,0x18e3,0x20e4,0x18e3,0x18e3,0x18c3,
  0x20e4,0x18e3,0x2104,0x18e3,0x18e3,0x18c3,0x20e4,0x18e3,0x20e4,0x18e3,0x18e3,0x18c3,0x18c3,0x18c3,0x18c3,0x10c2,
  0x18e3,0x18c3,0x18e3,0x18c3,0x18c3,0x10a2,0x1082,0x0861,0x0861,0x0841,0x0821,0x0020,0x0861,0x1082,0x18c3,0x18c3,
  0x18c3,0x18c3,0x18c3,0x18c3,0x18c3,0x18c3,0x18c3,0x10c2,0x18c3,0x18c3,0x18c3,0x10c2,0x18c3,0x18c3,0x18c3,0x10c2,
  0x18c3,0x10a2,0x18c3,0x10a2,0x18c3,0x10a2,0x18c3,0x10a2,0x18c3,0x10a2,0x18c3,0x10a2,0x18a3,0x10a2,0x18a3,0x10a2,
  0x18a3,0x10a2,0x18a3,0x10a2,0x18a3,0x10a2,0x10a2,0x10a2,0x18a3,0x10a2,0x10a2,0x10a2,0x18a3,0x10a2,0x10a2,0x10a2,
  0x18a3,0x1082,0x10a2,0x1082,0x10a2,0x1082,0x10a2,0x1082,0x10a2,0x1082,0x10a2,0x1082,0x10a2,0x1082,0x10a2,0x1082,
  0x10a2,0x1082,0x10a2,0x1082,0x1082,0x1082,0x1082,0x1082,0x1082,0x1082,0x1082,0x0881,0x1082,0x1082,0x1082,0x0881,
  0x1082,0x1082,0x1082,0x0881,0x1082,0x1082,0x1082,0x0861,0x1082,0x1082,0x1082,0x0861,0x1082,0x0861,0x1082,0x0861,
  0x3186,0x31a6,0x3186,0x31a6,0x3186,0x31a6,0x3186,0x31a6,0x2985,0x3186,0x3186,0x31a6,0x3186,0x3186,0x3186,0x31a6,
  0x2985,0x3186,0x3186,0x31a6,0x3186,0x3186,0x2985,0x3186,0x2985,0x3186,0x2985,0x3186,0x2985,0x3186,0x2985,0x3186,
  0x2985,0x3186,0x2965,0x3186,0x2965,0x3186,0x2965,0x3186,0x2965,0x3186,0x2965,0x3166,0x2965,0x3186,0x2965,0x3186,
  0x2965,0x3186,0x2965,0x3186,0x2965,0x3186,0x2965,0x3166,0x2965,0x3186,0x2965,0x3186,0x2965,0x2965,0x2965,0x2965,
  0x2945,0x2965,0x2965,0x2965,0x2945,0x2965,0x2965,0x2965,0x2945,0x2965,0x2945,0x2945,0x2945,0x2965,0x2945,0x2965,
  0x2965,0x2965,0x2965,0x2965,0x2945,0x2965,0x2945,0x2965,0x2945,0x2945,0x2965,0x3166,0x2144,0x2104,0x2965,0x39a7,
  0x2985,0x4a49,0x5aeb,0x630c,0x630c,0x6b6d,0x738e,0x7bcf,0x7bcf,0x8410,0x7c0f,0x8410,0x7c0f,0x8410,0x8410,0x8410,
  0x7bef,0x7bef,0x7bef,0x7bef,0x7bef,0x8410,0x7c0f,0x8430,0x8430,0x8c51,0x8410,0x8410,0x8410,0x8430,0x7bef,0x7bef,
  0x7bef,0x8410,0x8410,0x8c51,0x8430,0x8c51,0x8430,0x8410,0x7bef,0x8410,0x7bef,0x8410,0x7c0f,0x8410,0x8410,0x8430,
  0x7bef,0x7bef,0x7bef,0x7bcf,0x73ae,0x73ae,0x6b8d,0x738e,0x6b4d,0x738e,0x6b8d,0x6b6d,0x6b4d,0x632c,0x630c,0x632c,
  0x5b0b,0x630c,0x5aeb,0x5acb,0x52aa,0x52aa,0x52aa,0x5acb,0x52aa,0x528a,0x4a69,0x52aa,0x528a,0x528a,0x4a89,0x4a69,
  0x4228,0x4a49,0x4228,0x4228,0x4228,0x4228,0x39e7,0x4208,0x39e7,0x39e7,0x31a6,0x39c7,0x31a6,0x39c7,0x31a6,0x31a6,
  0x3186,0x31a6,0x31a6,0x39c7,0x31a6,0x3186,0x2965,0x3186,0x2965,0x2965,0x2965,0x3186,0x2965,0x2965,0x2144,0x2945,
  0x2124,0x2124,0x2124,0x2124,0x2124,0x2124,0x2104,0x2104,0x1903,0x2104,0x1903,0x2104,0x1903,0x2104,0x18e3,0x20e4,
  0x18e3,0x18e3,0x18e3,0x18e3,0x18c3,0x18e3,0x18c3,0x18e3,0x18e3,0x18e3,0x18e3,0x18e3,0x18c3,0x18e3,0x18e3,0x18e3,
  0x18e3,0x18e3,0x18c3,0x18e3,0x18c3,0x18e3,0x10a2,0x18c3,0x10c2,0x18e3,0x18c3,0x18c3,0x10a2,0x10a2,0x0881,0x1062,
  0x0841,0x0841,0x0020,0x0020,0x0020,0x1082,0x10c2,0x18e3,0x10a2,0x18c3,0x10c2,0x18c3,0x10c2,0x18c3,0x10a2,0x18c3,
  0x10a2,0x18c3,0x10a2,0x18c3,0x10a2,0x18c3,0x10a2,0x18c3,0x10a2,0x18c3,0x10a2,0x18c3,0x10a2,0x18c3,0x10a2,0x18c3,
  0x10a2,0x10a2,0x10a2,0x18a3,0x10a2,0x10a2,0x10a2,0x10a2,0x10a2,0x10a2,0x10a2,0x10a2,0x10a2,0x10a2,0x10a2,0x10a2,
  0x10a2,0x10a2,0x10a2,0x10a2,0x10a2,0x10a2,0x1082,0x10a2,0x1082,0x10a2,0x1082,0x10a2,0x1082,0x10a2,0x1082,0x10a2,
  0x1082,0x10a2,0x1082,0x1082,0x0881,0x1082,0x1082,0x1082,0x0881,0x1082,0x1082,0x1082,0x0881,0x1082,0x0881,0x1082,
  0x0881,0x1082,0x0861,0x1082,0x0861,0x1082,0x0861,0x1082,0x0861,0x1082,0x0861,0x1082,0x0861,0x1082,0x0861,0x1082,
  0x0861,0x1082,0x0861,0x1082,0x0861,0x1082,0x0861,0x1082,0x39a7,0x31a6,0x39a7,0x31a6,0x31a6,0x31a6,0x39a7,0x3186,
  0x31a6,0x3186,0x31a6,0x3186,0x31a6,0x2985,0x31a6,0x3186,0x3186,0x3186,0x31a6,0x31a6,0x31a6,0x3186,0x31a6,0x3186,
  0x31a6,0x3186,0x31a6,0x3186,0x31a6,0x2985,0x3186,0x3186,0x3186,0x2965,0x3186,0x2965,0x3186,0x2985,0x3186,0x3186,
  0x3186,0x2985,0x3186,0x2965,0x3186,0x2965,0x3186,0x2965,0x3186,0x2965,0x3186,0x3186,0x3186,0x2965,0x3166,0x2965,
  0x3186,0x2965,0x3166,0x2965,0x3186,0x2965,0x3186,0x2965,0x3186,0x2965,0x3186,0x2965,0x3166,0x2965,0x3186,0x2965,
  0x3186,0x2965,0x2965,0x2965,0x3186,0x2965,0x3166,0x2965,0x3186,0x2965,0x3166,0x2965,0x2965,0x2945,0x3166,0x2965,
  0x2965,0x2965,0x3186,0x3186,0x2945,0x2144,0x3186,0x3186,0x39c7,0x3a07,0x5aab,0x632c,0x6b4d,0x6b6d,0x7baf,0x7bcf,
  0x7bef,0x7c0f,0x8430,0x8410,0x8430,0x8410,0x8430,0x8430,0x8430,0x8410,0x8410,0x8410,0x8410,0x7c0f,0x8410,0x8410,
  0x8430,0x8410,0x8410,0x8410,0x8430,0x8430,0x8410,0x7bef,0x8410,0x8430,0x8c31,0x8430,0x8430,0x7c0f,0x8430,0x8410,
  0x8410,0x8430,0x8c31,0x8410,0x7bef,0x7bef,0x83f0,0x73ae,0x83f0,0x7bef,0x83f0,0x7bcf,0x7bcf,0x73ae,0x738e,0x738e,
  0x736e,0x6b8d,0x7baf,0x738e,0x738e,0x634c,0x6b2d,0x632c,0x632c,0x630c,0x62ec,0x52aa,0x52aa,0x5acb,0x62ec,0x52aa,
  0x5acb,0x5acb,0x5aab,0x528a,0x528a,0x528a,0x528a,0x4a49,0x4a49,0x4208,0x4228,0x4228,0x4208,0x4208,0x4208,0x4208,
  0x4208,0x39e7,0x39c7,0x31a6,0x39c7,0x31c6,0x39c7,0x31a6,0x39a7,0x31a6,0x31a6,0x3186,0x31a6,0x2985,0x3186,0x31a6,
  0x31a6,0x2965,0x2965,0x2945,0x2945,0x2945,0x2965,0x2945,0x2945,0x2104,0x2925,0x2124,0x2925,0x2124,0x2925,0x2124,
  0x2104,0x18e3,0x2104,0x2104,0x2104,0x1903,0x2104,0x18e3,0x20e4,0x18e3,0x2104,0x18e3,0x20e4,0x18c3,0x20e4,0x18e3,
  0x2104,0x18e3,0x20e4,0x18e3,0x20e4,0x18e3,0x18e3,0x18c3,0x18e3,0x18c3,0x20e4,0x18e3,0x20e4,0x18e3,0x18c3,0x18c3,
  0x18e3,0x18c3,0x18e3,0x18c3,0x18c3,0x10a2,0x10a2,0x0861,0x0861,0x0040,0x0821,0x0000,0x0821,0x0861,0x18c3,0x18c3,
  0x18c3,0x10c2,0x18e3,0x18c3,0x18c3,0x18c3,0x18c3,0x18c3,0x18c3,0x10c2,0x18c3,0x18c3,0x18c3,0x18c3,0x18c3,0x18c3,
  0x18c3,0x10c2,0x18c3,0x18c3,0x18c3,0x10c2,0x18c3,0x18c3,0x18c3,0x10a2,0x18c3,0x10a2,0x18c3,0x10a2,0x18c3,0x10a2,
  0x18a3,0x10a2,0x18a3,0x10a2,0x18a3,0x10a2,0x18a3,0x10a2,0x18a3,0x10a2,0x18a3,0x10a2,0x18a3,0x10a2,0x18a3,0x10a2,
  0x10a2,0x1082,0x10a2,0x1082,0x10a2,0x1082,0x10a2,0x1082,0x10a2,0x1082,0x10a2,0x1082,0x10a2,0x1082,0x10a2,0x1082,
  0x10a2,0x1082,0x10a2,0x1082,0x1082,0x1082,0x1082,0x1082,0x1082,0x1082,0x1082,0x1082,0x1082,0x0881,0x1082,0x1082,
  0x1082,0x0881,0x1082,0x1082,0x1082,0x0881,0x1082,0x0861,0x1082,0x0881,0x1082,0x0861,0x1082,0x0861,0x1082,0x0861,
  0x3186,0x31a6,0x3186,0x31a6,0x3186,0x31a6,0x3186,0x31a6,0x3186,0x31a6,0x2985,0x3186,0x3186,0x3186,0x2985,0x31a6,
  0x3186,0x3186,0x3186,0x31a6,0x3186,0x31a6,0x2985,0x3186,0x3186,0x3186,0x2985,0x3186,0x3186,0x3186,0x2985,0x3186,
  0x2985,0x3186,0x2965,0x3186,0x2965,0x3186,0x2965,0x3186,0x2965,0x3186,0x2965,0x2965,0x2965,0x3166,0x2965,0x2965,
  0x2965,0x3166,0x2965,0x3186,0x2965,0x3166,0x2965,0x2965,0x2965,0x3166,0x2965,0x2965,0x2965,0x2965,0x2965,0x2965,
  0x2965,0x2965,0x2965,0x2965,0x2965,0x3166,0x2965,0x2965,0x2965,0x2965,0x2965,0x2965,0x2965,0x2965,0x2965,0x2965,
  0x2945,0x2965,0x2945,0x2965,0x2945,0x2965,0x2945,0x2965,0x2945,0x2965,0x2965,0x2965,0x2124,0x2945,0x2965,0x31a6,
  0x3186,0x39e7,0x52aa,0x6b4d,0x632c,0x738e,0x73ae,0x7bef,0x7bef,0x8410,0x8410,0x8430,0x8410,0x8430,0x8410,0x8430,
  0x8410,0x8410,0x7bef,0x8410,0x8410,0x8430,0x7c0f,0x8410,0x8410,0x8410,0x7c0f,0x8410,0x7bef,0x8410,0x8430,0x8430,
  0x8410,0x8430,0x8410,0x8c51,0x8430,0x8430,0x8430,0x8430,0x7bef,0x8410,0x7c0f,0x8410,0x7bef,0x83f0,0x7c0f,0x8410,
  0x7bef,0x8410,0x7bef,0x7bcf,0x73ae,0x7bcf,0x73ae,0x6b6d,0x6b6d,0x73ae,0x6b4d,0x6b4d,0x6b4d,0x6b4d,0x632c,0x630c,
  0x5b0b,0x630c,0x5aeb,0x5acb,0x4a89,0x5acb,0x52ca,0x52aa,0x52aa,0x5acb,0x52ca,0x52aa,0x4a69,0x4a49,0x4248,0x528a,
  0x4a49,0x4228,0x4228,0x4208,0x39e7,0x41e8,0x39e7,0x4208,0x4208,0x4208,0x39e7,0x39e7,0x31c6,0x39c7,0x31a6,0x31a6,
  0x3186,0x31a6,0x31a6,0x31a6,0x2965,0x3186,0x2985,0x31a6,0x2965,0x3166,0x2965,0x2965,0x2124,0x2945,0x2965,0x2965,
  0x2124,0x2124,0x1903,0x2104,0x2104,0x2124,0x1903,0x2104,0x18e3,0x2104,0x18e3,0x2104,0x18e3,0x2104,0x18e3,0x2104,
  0x18e3,0x20e4,0x18e3,0x18e3,0x18c3,0x18e3,0x18c3,0x18e3,0x18e3,0x18e3,0x18c3,0x18e3,0x18c3,0x18e3,0x18c3,0x18c3,
  0x18c3,0x18e3,0x18e3,0x18e3,0x18e3,0x18e3,0x18c3,0x18c3,0x10c2,0x18e3,0x10c2,0x10a2,0x10a2,0x10a2,0x0881,0x1082,
  0x0861,0x0841,0x0020,0x0020,0x0000,0x0861,0x10a2,0x18c3,0x10a2,0x18c3,0x10c2,0x18c3,0x10c2,0x18c3,0x10a2,0x18c3,
  0x10a2,0x18c3,0x10a2,0x18c3,0x10a2,0x18c3,0x10a2,0x18c3,0x10a2,0x18c3,0x10a2,0x18c3,0x10a2,0x18c3,0x10a2,0x18c3,
  0x10a2,0x18c3,0x10a2,0x18c3,0x10a2,0x18a3,0x10a2,0x10a2,0x10a2,0x18a3,0x10a2,0x10a2,0x10a2,0x18a3,0x10a2,0x10a2,
  0x1082,0x10a2,0x1082,0x10a2,0x1082,0x10a2,0x1082,0x10a2,0x1082,0x10a2,0x1082,0x10a2,0x1082,0x10a2,0x1082,0x10a2,
  0x1082,0x10a2,0x0881,0x1082,0x1082,0x10a2,0x1082,0x1082,0x1082,0x1082,0x0881,0x1082,0x1082,0x1082,0x0881,0x1082,
  0x0881,0x1082,0x0881,0x1082,0x0881,0x1082,0x0881,0x1082,0x0881,0x1082,0x0861,0x1082,0x0861,0x1082,0x0861,0x1082,
  0x0861,0x1082,0x0861,0x1082,0x0861,0x1082,0x0861,0x1082,0x31a6,0x3186,0x31a6,0x3186,0x31a6,0x3186,0x31a6,0x3186,
  0x31a6,0x3186,0x31a6,0x3186,0x31a6,0x3186,0x31a6,0x3186,0x31a6,0x3186,0x31a6,0x3186,0x31a6,0x3186,0x31a6,0x3186,
  0x31a6,0x3186,0x31a6,0x3186,0x31a6,0x3186,0x3186,0x3186,0x3186,0x3186,0x3186,0x2985,0x3186,0x3186,0x3186,0x2985,
  0x3186,0x3186,0x3186,0x2965,0x3186,0x2965,0x3186,0x2965,0x3186,0x2965,0x3186,0x2965,0x3186,0x3186,0x3186,0x2965,
  0x3166,0x2965,0x2965,0x2965,0x3166,0x2965,0x3186,0x2965,0x3186,0x2965,0x3166,0x2965,0x3166,0x2965,0x3166,0x2965,
  0x3166,0x2965,0x3166,0x2965,0x3166,0x2965,0x2965,0x2965,0x3166,0x2965,0x2965,0x2945,0x3166,0x2965,0x3166,0x2965,
  0x3166,0x2965,0x3166,0x2945,0x2945,0x2124,0x2945,0x2985,0x31a6,0x4208,0x5acb,0x632c,0x6b4d,0x6b6d,0x73ae,0x73ae,
  0x83f0,0x8410,0x8430,0x8430,0x8c31,0x8430,0x8430,0x8410,0x8430,0x8410,0x8410,0x8410,0x8430,0x8410,0x8410,0x8410,
  0x8c31,0x8430,0x8430,0x8430,0x8c31,0x8410,0x8c51,0x8430,0x8c51,0x8430,0x8430,0x8430,0x8c31,0x8430,0x8430,0x8410,
  0x8410,0x8410,0x8410,0x7bef,0x83f0,0x7bef,0x8410,0x8430,0x83f0,0x7bef,0x7bef,0x73ce,0x7bcf,0x73ae,0x738e,0x6b4d,
  0x738e,0x6b6d,0x6b4d,0x630c,0x6b2d,0x6b4d,0x6b4d,0x5acb,0x630c,0x630c,0x630c,0x52ca,0x528a,0x52aa,0x5acb,0x52aa,
  0x5aab,0x528a,0x52aa,0x52aa,0x5aab,0x4228,0x4a29,0x52aa,0x526a,0x4228,0x526a,0x4208,0x4208,0x4208,0x4208,0x4208,
  0x4208,0x39e7,0x41e8,0x39e7,0x39c7,0x31a6,0x39c7,0x31a6,0x39a7,0x3186,0x39c7,0x31a6,0x3186,0x3186,0x31a6,0x2985,
  0x3166,0x2965,0x31a6,0x2965,0x2965,0x2945,0x3166,0x2945,0x2945,0x2124,0x2124,0x2104,0x2124,0x2104,0x2104,0x1903,
  0x2104,0x18e3,0x20e4,0x18e3,0x2104,0x2104,0x2104,0x2104,0x2104,0x18e3,0x2104,0x18e3,0x20e4,0x18e3,0x18e3,0x18e3,
  0x20e4,0x18e3,0x18e3,0x18e3,0x18e3,0x18c3,0x20e4,0x18e3,0x20e4,0x18e3,0x20e4,0x18e3,0x2104,0x18e3,0x18e3,0x18c3,
  0x18c3,0x18e3,0x18e3,0x10a2,0x18a3,0x1082,0x1082,0x0861,0x1062,0x0841,0x0821,0x0020,0x0821,0x0841,0x18c3,0x18c3,
  0x18c3,0x18c3,0x18e3,0x18c3,0x18c3,0x18c3,0x18c3,0x10c2,0x18c3,0x18c3,0x18c3,0x10c2,0x18c3,0x18c3,0x18c3,0x10a2,
  0x18c3,0x10a2,0x18c3,0x10a2,0x18c3,0x10a2,0x18c3,0x10a2,0x18c3,0x10a2,0x18c3,0x10a2,0x18c3,0x10a2,0x18c3,0x10a2,
  0x18c3,0x10a2,0x18c3,0x10a2,0x18c3,0x10a2,0x18a3,0x10a2,0x18a3,0x10a2,0x18a3,0x10a2,0x18a3,0x10a2,0x10a2,0x10a2,
  0x18a3,0x1082,0x10a2,0x1082,0x10a2,0x1082,0x10a2,0x1082,0x10a2,0x1082,0x10a2,0x1082,0x10a2,0x1082,0x10a2,0x1082,
  0x10a2,0x1082,0x10a2,0x1082,0x10a2,0x1082,0x10a2,0x1082,0x1082,0x1082,0x1082,0x1082,0x1082,0x1082,0x1082,0x1082,
  0x1082,0x1082,0x1082,0x0881,0x1082,0x1082,0x1082,0x0881,0x1082,0x1082,0x1082,0x0881,0x1082,0x1082,0x1082,0x0881,
  0x3186,0x31a6,0x3186,0x31a6,0x3186,0x31a6,0x3186,0x31a6,0x3186,0x31a6,0x3186,0x3186,0x2985,0x3186,0x2985,0x3186,
  0x2985,0x3186,0x2985,0x3186,0x2985,0x3186,0x3186,0x3186,0x2985,0x3186,0x3186,0x3186,0x2985,0x3186,0x2985,0x3186,
  0x2985,0x3186,0x2965,0x3186,0x2965,0x3186,0x2965,0x3186,0x2965,0x3186,0x2965,0x3186,0x2965,0x3186,0x2965,0x3186,
  0x2965,0x3186,0x2965,0x3186,0x2965,0x3186,0x2965,0x3166,0x2965,0x2965,0x2945,0x2965,0x2965,0x2965,0x2965,0x3186,
  0x2965,0x2965,0x2965,0x2965,0x2965,0x2965,0x2965,0x3166,0x2945,0x2965,0x2965,0x2965,0x2945,0x2965,0x2945,0x2965,
  0x2945,0x2965,0x2945,0x2965,0x2945,0x2965,0x2945,0x2965,0x2144,0x2965,0x2965,0x2965,0x2104,0x2124,0x2965,0x31a6,
  0x39e7,0x4a69,0x52aa,0x632c,0x6b4d,0x6b4d,0x6b6d,0x73ae,0x7bcf,0x8410,0x8430,0x8c51,0x8430,0x8430,0x8410,0x8430,
  0x7c0f,0x8410,0x8410,0x7bef,0x7bef,0x8410,0x7bef,0x8410,0x7c0f,0x8410,0x7bef,0x8c31,0x8c51,0x8430,0x8430,0x8430,
  0x7c0f,0x8430,0x8430,0x8430,0x7c0f,0x8430,0x8430,0x8430,0x7bef,0x7bef,0x7bef,0x7bef,0x7bcf,0x7bef,0x7bef,0x8410,
  0x7bef,0x7bef,0x73ce,0x7bcf,0x73ce,0x7bcf,0x6b6d,0x73ae,0x6b4d,0x6b4d,0x6b6d,0x6b4d,0x5b0b,0x6b6d,0x632c,0x5acb,
  0x5aeb,0x630c,0x5aeb,0x5acb,0x4a69,0x52aa,0x52ca,0x5acb,0x52aa,0x528a,0x4a69,0x528a,0x528a,0x4a49,0x4228,0x4a69,
  0x4228,0x4228,0x4a49,0x4a49,0x39e7,0x4228,0x4228,0x4228,0x39e7,0x39e7,0x39e7,0x39e7,0x31c6,0x39c7,0x31a6,0x39c7,
  0x3186,0x31a6,0x2965,0x3186,0x3186,0x31a6,0x2965,0x2965,0x2945,0x3186,0x3186,0x3186,0x2945,0x2945,0x2945,0x2945,
  0x2124,0x2124,0x2124,0x2124,0x2104,0x2104,0x1903,0x2104,0x18e3,0x18e3,0x18e3,0x2104,0x18e3,0x2104,0x18c3,0x20e4,
  0x18c3,0x18e3,0x18e3,0x18e3,0x18c3,0x18e3,0x18e3,0x20e4,0x18e3,0x18e3,0x18c3,0x18e3,0x18e3,0x18e3,0x18e3,0x18e3,
  0x18e3,0x18e3,0x18e3,0x20e4,0x18e3,0x18e3,0x18c3,0x18c3,0x10c2,0x18e3,0x18c3,0x18a3,0x10a2,0x1082,0x0861,0x0841,
  0x0841,0x0841,0x0020,0x0821,0x0020,0x0861,0x10a2,0x18c3,0x10a2,0x18c3,0x18c3,0x18c3,0x10c2,0x18c3,0x10a2,0x18c3,
  0x10a2,0x18c3,0x10a2,0x18c3,0x10a2,0x18c3,0x10a2,0x18c3,0x10a2,0x18c3,0x10a2,0x18c3,0x10a2,0x18c3,0x10a2,0x18c3,
  0x10a2,0x18c3,0x10a2,0x18c3,0x10a2,0x10a2,0x10a2,0x18a3,0x10a2,0x10a2,0x10a2,0x18a3,0x10a2,0x10a2,0x10a2,0x18a3,
  0x10a2,0x10a2,0x10a2,0x10a2,0x10a2,0x10a2,0x1082,0x10a2,0x1082,0x10a2,0x1082,0x10a2,0x1082,0x10a2,0x1082,0x10a2,
  0x1082,0x10a2,0x1082,0x1082,0x1082,0x10a2,0x1082,0x1082,0x0881,0x1082,0x1082,0x1082,0x0881,0x1082,0x1082,0x1082,
  0x0881,0x1082,0x0881,0x1082,0x0881,0x1082,0x0881,0x1082,0x0881,0x1082,0x0861,0x1082,0x0861,0x1082,0x0861,0x1082,
  0x0861,0x1082,0x0861,0x1082,0x0861,0x1082,0x0861,0x1082,0x31a6,0x31a6,0x39a7,0x31a6,0x31a6,0x31a6,0x39a7,0x31a6,
  0x31a6,0x3186,0x31a6,0x3186,0x31a6,0x3186,0x31a6,0x3186,0x31a6,0x3186,0x31a6,0x3186,0x31a6,0x3186,0x31a6,0x3186,
  0x31a6,0x3186,0x31a6,0x3186,0x31a6,0x3186,0x3186,0x3186,0x3186,0x3186,0x3186,0x3186,0x3186,0x3186,0x3186,0x3186,
  0x3186,0x3186,0x3186,0x2965,0x3186,0x2965,0x3186,0x2965,0x3186,0x2965,0x3186,0x2965,0x3186,0x2985,0x3186,0x2965,
  0x3186,0x2965,0x3166,0x2965,0x3166,0x2965,0x3186,0x2965,0x3186,0x2965,0x3166,0x2965,0x3166,0x2965,0x3166,0x2965,
  0x2965,0x2965,0x3166,0x2965,0x2965,0x2945,0x2965,0x2965,0x2965,0x2965,0x2965,0x2945,0x2965,0x2965,0x3166,0x2945,
  0x2965,0x2945,0x3166,0x2945,0x2104,0x2104,0x3186,0x31a6,0x4a29,0x4a89,0x5acb,0x630c,0x6b6d,0x632c,0x736e,0x73ae,
  0x7bef,0x7c0f,0x8c51,0x8c51,0x8c51,0x8410,0x8c31,0x8c51,0x8430,0x7bef,0x8c31,0x7bef,0x8410,0x8430,0x8c31,0x8430,
  0x8430,0x7bef,0x7bef,0x8430,0x8c71,0x8410,0x8c31,0x8430,0x8410,0x8430,0x8c51,0x8430,0x8430,0x8430,0x8c51,0x8430,
  0x8430,0x8410,0x8430,0x8410,0x8410,0x7bef,0x8410,0x7bef,0x8410,0x7bef,0x7bef,0x7bcf,0x7bef,0x7bcf,0x7bcf,0x73ae,
  0x6b6d,0x6b6d,0x73ae,0x6b6d,0x630c,0x632c,0x6b6d,0x630c,0x6b2d,0x632c,0x632c,0x5aeb,0x52aa,0x5acb,0x62ec,0x52aa,
  0x52aa,0x52aa,0x52aa,0x4a69,0x4a69,0x528a,0x4a69,0x4a69,0x4a29,0x4208,0x4a49,0x4228,0x4228,0x4228,0x4a29,0x4228,
  0x4208,0x39e7,0x4208,0x39c7,0x39c7,0x31a6,0x39c7,0x31a6,0x31a6,0x31a6,0x3186,0x3186,0x31a6,0x3186,0x3186,0x2965,
  0x3186,0x2965,0x3166,0x2965,0x2965,0x2945,0x2945,0x2945,0x2965,0x2144,0x2945,0x2124,0x2124,0x1903,0x2104,0x2104,
  0x2104,0x18e3,0x2104,0x2104,0x2104,0x18e3,0x20e4,0x18e3,0x18e3,0x18e3,0x20e4,0x18e3,0x18e3,0x18e3,0x2104,0x18e3,
  0x2104,0x18e3,0x20e4,0x18e3,0x2104,0x18e3,0x2104,0x18e3,0x20e4,0x18e3,0x2104,0x18e3,0x2104,0x18e3,0x20e4,0x18c3,
  0x18e3,0x18e3,0x18e3,0x10a2,0x18a3,0x1082,0x1082,0x0841,0x0861,0x0841,0x0841,0x0020,0x0841,0x0841,0x18c3,0x18c3,
  0x18c3,0x10c2,0x18c3,0x18c3,0x18c3,0x18c3,0x18c3,0x18c3,0x18c3,0x10c2,0x18c3,0x18c3,0x18c3,0x10c2,0x18c3,0x10a2,
  0x18c3,0x10a2,0x18c3,0x10a2,0x18c3,0x10a2,0x18c3,0x10a2,0x18c3,0x10a2,0x18c3,0x10a2,0x18c3,0x10a2,0x18c3,0x10a2,
  0x18c3,0x10a2,0x18c3,0x10a2,0x18c3,0x10a2,0x18c3,0x10a2,0x18a3,0x10a2,0x18a3,0x10a2,0x18a3,0x10a2,0x18a3,0x10a2,
  0x10a2,0x1082,0x10a2,0x1082,0x10a2,0x1082,0x10a2,0x1082,0x10a2,0x1082,0x10a2,0x1082,0x10a2,0x1082,0x10a2,0x1082,
  0x10a2,0x1082,0x10a2,0x1082,0x10a2,0x1082,0x10a2,0x1082,0x1082,0x1082,0x1082,0x1082,0x1082,0x1082,0x1082,0x1082,
  0x1082,0x1082,0x1082,0x1082,0x1082,0x0881,0x1082,0x1082,0x1082,0x0881,0x1082,0x1082,0x1082,0x0881,0x1082,0x1082,
  0x3186,0x31a6,0x3186,0x31a6,0x3186,0x31a6,0x3186,0x31a6,0x3186,0x31a6,0x3186,0x31a6,0x3186,0x3186,0x3186,0x31a6,
  0x3186,0x31a6,0x3186,0x31a6,0x3186,0x31a6,0x2985,0x3186,0x3186,0x3186,0x2985,0x3186,0x3186,0x3186,0x2985,0x3186,
  0x2985,0x3186,0x2965,0x3186,0x2965,0x3186,0x2965,0x3186,0x2965,0x3186,0x2965,0x3186,0x2965,0x3186,0x2965,0x3186,
  0x2965,0x3186,0x2965,0x3186,0x2965,0x3186,0x2965,0x3186,0x2965,0x3186,0x2965,0x2965,0x2965,0x3166,0x2965,0x2965,
  0x2965,0x3166,0x2965,0x2965,0x2965,0x2965,0x2965,0x2965,0x2965,0x2965,0x2945,0x2965,0x2945,0x2965,0x2945,0x2965,
  0x2945,0x2965,0x2945,0x2965,0x2945,0x2965,0x2965,0x3186,0x2965,0x2965,0x2965,0x2945,0x2104,0x2124,0x2985,0x39e7,
  0x4228,0x528a,0x5aeb,0x6b4d,0x6b4d,0x6b6d,0x6b6d,0x73ae,0x7bcf,0x8410,0x8410,0x8c51,0x8430,0x8430,0x8410,0x8430,
  0x8410,0x8410,0x8410,0x8410,0x8410,0x8430,0x8430,0x8430,0x8430,0x8410,0x7bef,0x8c51,0x8430,0x8410,0x8430,0x8c51,
  0x8410,0x8c51,0x8450,0x8430,0x8430,0x8c51,0x8430,0x8430,0x7c0f,0x8430,0x7c0f,0x8410,0x7bef,0x8410,0x7bef,0x8410,
  0x7bcf,0x7bef,0x7bcf,0x7bcf,0x73ae,0x73ae,0x73ae,0x738e,0x6b8d,0x738e,0x6b6d,0x632c,0x5b0b,0x6b2d,0x6b4d,0x632c,
  0x632c,0x632c,0x630c,0x630c,0x5acb,0x630c,0x630c,0x5acb,0x52aa,0x5aab,0x52aa,0x52aa,0x4a89,0x528a,0x4a49,0x4a49,
  0x4228,0x4228,0x4228,0x4228,0x4228,0x4208,0x39e7,0x4208,0x39e7,0x41e8,0x39e7,0x39e7,0x39c7,0x39c7,0x31a6,0x39c7,
  0x31a6,0x39c7,0x3186,0x3186,0x3186,0x3186,0x2985,0x3186,0x2965,0x2965,0x2945,0x2965,0x2945,0x2945,0x2144,0x2945,
  0x2945,0x2945,0x2144,0x2945,0x2104,0x2104,0x1903,0x2124,0x2104,0x2104,0x18e3,0x2104,0x18e3,0x20e4,0x18e3,0x2104,
  0x18e3,0x18e3,0x18e3,0x18e3,0x18c3,0x18e3,0x18e3,0x2104,0x18e3,0x18e3,0x18e3,0x18e3,0x18e3,0x2104,0x18e3,0x18e3,
  0x18e3,0x18e3,0x18e3,0x18e3,0x18e3,0x18e3,0x18c3,0x18c3,0x18c3,0x18e3,0x18c3,0x10a2,0x10a2,0x10a2,0x0861,0x0861,
  0x0841,0x0861,0x0020,0x0841,0x0020,0x0841,0x10a2,0x18c3,0x10a2,0x18c3,0x10c2,0x18c3,0x10c2,0x18c3,0x10a2,0x18c3,
  0x10a2,0x18c3,0x10a2,0x18c3,0x10a2,0x18c3,0x10a2,0x18c3,0x10a2,0x18c3,0x10a2,0x18c3,0x10a2,0x18c3,0x10a2,0x18c3,
  0x10a2,0x18c3,0x10a2,0x18c3,0x10a2,0x18a3,0x10a2,0x10a2,0x10a2,0x18a3,0x10a2,0x10a2,0x10a2,0x18a3,0x10a2,0x10a2,
  0x10a2,0x10a2,0x1082,0x10a2,0x1082,0x10a2,0x1082,0x10a2,0x1082,0x10a2,0x1082,0x10a2,0x1082,0x10a2,0x1082,0x10a2,
  0x1082,0x10a2,0x0881,0x1082,0x1082,0x10a2,0x1082,0x1082,0x1082,0x1082,0x0881,0x1082,0x1082,0x1082,0x0881,0x1082,
  0x0881,0x1082,0x0881,0x1082,0x0881,0x1082,0x0881,0x1082,0x0881,0x1082,0x0861,0x1082,0x0861,0x1082,0x0861,0x1082,
  0x0861,0x1082,0x0861,0x1082,0x0861,0x1082,0x0861,0x1082,0x39a7,0x31a6,0x31a6,0x31a6,0x39a7,0x31a6,0x31a6,0x31a6,
  0x39a7,0x31a6,0x31a6,0x3186,0x31a6,0x3186,0x31a6,0x3186,0x31a6,0x3186,0x31a6,0x3186,0x31a6,0x3186,0x31a6,0x3186,
  0x31a6,0x3186,0x31a6,0x3186,0x31a6,0x3186,0x3186,0x3186,0x3186,0x3186,0x3186,0x2985,0x3186,0x2965,0x3186,0x2965,
  0x3186,0x2965,0x3186,0x2965,0x3186,0x2965,0x3186,0x2965,0x3186,0x2965,0x3186,0x2965,0x3186,0x3186,0x3186,0x2965,
  0x3186,0x3186,0x3186,0x2965,0x3186,0x2965,0x3166,0x2965,0x3166,0x2965,0x3166,0x2965,0x3166,0x2965,0x3166,0x2965,
  0x3166,0x2965,0x2965,0x2965,0x3166,0x2965,0x2965,0x2965,0x3166,0x2965,0x2965,0x2945,0x3166,0x2965,0x3166,0x2965,
  0x3166,0x2965,0x2965,0x2144,0x2124,0x2124,0x3186,0x31a6,0x4208,0x528a,0x630c,0x634c,0x6b6d,0x6b6d,0x73ae,0x73ae,
  0x7bef,0x7bef,0x8430,0x8430,0x8430,0x8410,0x8430,0x8410,0x8430,0x8410,0x8430,0x8430,0x8c31,0x8430,0x8430,0x8430,
  0x8c51,0x8c71,0x8c51,0x8450,0x8c51,0x8410,0x8c51,0x8430,0x8c51,0x8c71,0x8c51,0x8430,0x8c51,0x8430,0x8430,0x8410,
  0x8410,0x7bef,0x7bef,0x7bcf,0x7bef,0x7bef,0x7bef,0x7bcf,0x7bcf,0x7bcf,0x7bcf,0x73ce,0x73ae,0x6b6d,0x738e,0x6b6d,
  0x738e,0x6b6d,0x632c,0x5aeb,0x62ec,0x630c,0x632c,0x5aeb,0x62ec,0x5acb,0x5aeb,0x5aeb,0x5aeb,0x630c,0x630c,0x5aeb,
  0x5acb,0x4a69,0x4a69,0x52aa,0x5acb,0x4a69,0x526a,0x4a49,0x526a,0x4a49,0x4a49,0x4248,0x4a49,0x4208,0x4208,0x4208,
  0x4228,0x4208,0x4208,0x39e7,0x41e8,0x39c7,0x39c7,0x39c7,0x39e7,0x39c7,0x39c7,0x31a6,0x31a6,0x3186,0x31a6,0x3186,
  0x3186,0x3186,0x3186,0x2965,0x3166,0x2945,0x2945,0x2945,0x2965,0x2945,0x2945,0x2124,0x2124,0x2104,0x2104,0x2104,
  0x2124,0x2104,0x2124,0x18e3,0x2104,0x18e3,0x2104,0x2104,0x2104,0x18e3,0x2104,0x18e3,0x18e3,0x18c3,0x20e4,0x18e3,
  0x2104,0x18e3,0x2104,0x18e3,0x2104,0x18e3,0x2104,0x18e3,0x20e4,0x18e3,0x20e4,0x18e3,0x20e4,0x18e3,0x20e4,0x18c3,
  0x18e3,0x18e3,0x18e3,0x10a2,0x18a3,0x10a2,0x1082,0x0861,0x1062,0x0861,0x0861,0x0020,0x0821,0x0841,0x18a3,0x18c3,
  0x18c3,0x10a2,0x18c3,0x18c3,0x18c3,0x18c3,0x18c3,0x10c2,0x18c3,0x18c3,0x18c3,0x10c2,0x18c3,0x18c3,0x18c3,0x10a2,
  0x18c3,0x10a2,0x18c3,0x10a2,0x18c3,0x10a2,0x18c3,0x10a2,0x18c3,0x10a2,0x18c3,0x10a2,0x18c3,0x10a2,0x18c3,0x10a2,
  0x18c3,0x10a2,0x18c3,0x10a2,0x18c3,0x10a2,0x18a3,0x10a2,0x18a3,0x10a2,0x10a2,0x10a2,0x18a3,0x10a2,0x10a2,0x10a2,
  0x18a3,0x1082,0x10a2,0x1082,0x10a2,0x1082,0x10a2,0x1082,0x10a2,0x1082,0x10a2,0x1082,0x10a2,0x1082,0x10a2,0x1082,
  0x10a2,0x1082,0x10a2,0x1082,0x10a2,0x1082,0x10a2,0x1082,0x1082,0x1082,0x1082,0x1082,0x1082,0x1082,0x1082,0x1082,
  0x1082,0x1082,0x1082,0x0881,0x1082,0x1082,0x1082,0x0881,0x1082,0x1082,0x1082,0x0881,0x1082,0x1082,0x1082,0x0881,
  0x31a6,0x31a6,0x31a6,0x31a6,0x31a6,0x31a6,0x31a6,0x31a6,0x3186,0x31a6,0x3186,0x31a6,0x3186,0x3186,0x3186,0x3186,
  0x2985,0x3186,0x3186,0x3186,0x2985,0x3186,0x3186,0x3186,0x2985,0x3186,0x3186,0x3186,0x2985,0x3186,0x2985,0x3186,
  0x2985,0x3186,0x2965,0x3186,0x2965,0x3186,0x2965,0x3186,0x2985,0x3186,0x2985,0x3186,0x2965,0x3186,0x2965,0x3186,
  0x2965,0x3186,0x2965,0x3166,0x2965,0x3186,0x2965,0x3186,0x2985,0x3186,0x2965,0x3186,0x2965,0x2965,0x2965,0x2965,
  0x2965,0x2965,0x2965,0x2965,0x2965,0x2965,0x2965,0x3166,0x2965,0x2965,0x2965,0x2965,0x2945,0x2965,0x2965,0x2965,
  0x2945,0x2965,0x2945,0x2965,0x2945,0x2965,0x2945,0x2965,0x2945,0x2965,0x2144,0x2945,0x2124,0x2965,0x2945,0x2945,
  0x39e7,0x52aa,0x5aeb,0x632c,0x632c,0x6b6d,0x6b6d,0x73ae,0x73ae,0x7bef,0x8410,0x8c31,0x7bef,0x8430,0x8430,0x8410,
  0x8430,0x8c51,0x8410,0x8410,0x8430,0x8430,0x8430,0x8c51,0x8450,0x8c51,0x8430,0x8c31,0x8430,0x8c51,0x8430,0x8410,
  0x8430,0x9492,0x8430,0x8430,0x8410,0x8430,0x7bef,0x8410,0x8430,0x8430,0x8410,0x83f0,0x7bef,0x7bef,0x7bcf,0x7bcf,
  0x7bcf,0x73ae,0x73ae,0x7bcf,0x6b8d,0x6b4d,0x630c,0x6b2d,0x632c,0x6b4d,0x634c,0x632c,0x5b0b,0x630c,0x5b0b,0x5aeb,
  0x5acb,0x52aa,0x52aa,0x5acb,0x52aa,0x5acb,0x52ca,0x5aab,0x4a89,0x4a69,0x4a49,0x528a,0x4a69,0x4a69,0x4a69,0x4a49,
  0x4a49,0x4a49,0x4228,0x4a29,0x4208,0x4228,0x4208,0x4228,0x39e7,0x39e7,0x39c7,0x4208,0x3a07,0x39e7,0x31a6,0x39a7,
  0x31c6,0x39c7,0x31a6,0x39a7,0x3186,0x3186,0x3186,0x31a6,0x3186,0x3186,0x2965,0x2945,0x2144,0x2965,0x2945,0x2945,
  0x2144,0x2945,0x2124,0x2124,0x1903,0x2104,0x2104,0x2104,0x1903,0x2124,0x2104,0x2104,0x18e3,0x18e3,0x18e3,0x2104,
  0x18e3,0x18e3,0x18e3,0x20e4,0x18c3,0x18e3,0x18e3,0x18e3,0x18e3,0x2104,0x18e3,0x2104,0x18e3,0x2104,0x18e3,0x20e4,
  0x18e3,0x18e3,0x18e3,0x18e3,0x18e3,0x18e3,0x18e3,0x18e3,0x18c3,0x18e3,0x10c2,0x10a2,0x1082,0x10a2,0x1082,0x1062,
  0x0841,0x0861,0x0841,0x0841,0x0000,0x0841,0x1082,0x18e3,0x10c2,0x18c3,0x10c2,0x18c3,0x10c2,0x18c3,0x10a2,0x18c3,
  0x10a2,0x18c3,0x10a2,0x18c3,0x10a2,0x18c3,0x10a2,0x18c3,0x10a2,0x18c3,0x10a2,0x18c3,0x10a2,0x18c3,0x10a2,0x18c3,
  0x10a2,0x18c3,0x10a2,0x18c3,0x10a2,0x10a2,0x10a2,0x18a3,0x10a2,0x10a2,0x10a2,0x18a3,0x10a2,0x10a2,0x10a2,0x10a2,
  0x10a2,0x10a2,0x10a2,0x10a2,0x1082,0x10a2,0x1082,0x10a2,0x1082,0x10a2,0x1082,0x10a2,0x1082,0x10a2,0x1082,0x10a2,
  0x1082,0x10a2,0x1082,0x1082,0x1082,0x10a2,0x1082,0x1082,0x0881,0x1082,0x1082,0x1082,0x0881,0x1082,0x1082,0x1082,
  0x0881,0x1082,0x0881,0x1082,0x0881,0x1082,0x0881,0x1082,0x0881,0x1082,0x0861,0x1082,0x0861,0x1082,0x0861,0x1082,
  0x0861,0x1082,0x0861,0x1082,0x0861,0x1082,0x0861,0x1082,0x39a7,0x31a6,0x39a7,0x31a6,0x31a6,0x31a6,0x39a7,0x31a6,
  0x31a6,0x31a6,0x39a7,0x3186,0x31a6,0x3186,0x31a6,0x3186,0x31a6,0x3186,0x31a6,0x3186,0x31a6,0x3186,0x31a6,0x3186,
  0x31a6,0x3186,0x31a6,0x3186,0x31a6,0x3186,0x3186,0x3186,0x3186,0x3186,0x3186,0x3186,0x3186,0x3186,0x3186,0x3186,
  0x3186,0x2985,0x3186,0x3186,0x3186,0x2985,0x3186,0x3186,0x3186,0x2985,0x3186,0x2965,0x3186,0x2985,0x3186,0x3186,
  0x3186,0x2965,0x3186,0x2965,0x3186,0x2965,0x3186,0x2965,0x3186,0x2965,0x3166,0x2965,0x3166,0x2965,0x3166,0x2965,
  0x3186,0x2965,0x3186,0x2965,0x2965,0x2965,0x3186,0x2965,0x2965,0x2965,0x2965,0x2965,0x3166,0x2965,0x2965,0x2965,
  0x3186,0x2965,0x3166,0x2945,0x2945,0x2965,0x39a7,0x3186,0x4208,0x5aeb,0x630c,0x630c,0x736e,0x6b6d,0x738e,0x738e,
  0x7bcf,0x7bef,0x8410,0x8430,0x8410,0x8450,0x8c31,0x8410,0x8c51,0x8450,0x8c51,0x8430,0x8c31,0x8430,0x8c51,0x8c51,
  0x8c71,0x8430,0x8430,0x8430,0x8c51,0x8c51,0x8c51,0x8410,0x8430,0x8c51,0x8c51,0x8430,0x8c31,0x8430,0x8430,0x8430,
  0x8c51,0x8450,0x8c31,0x7bef,0x7bef,0x7bcf,0x7bef,0x7bef,0x8410,0x73ce,0x7bcf,0x73ae,0x738e,0x634c,0x630c,0x632c,
  0x6b6d,0x6b6d,0x736e,0x6b6d,0x632c,0x630c,0x6b2d,0x5aeb,0x62ec,0x5acb,0x5acb,0x52aa,0x5acb,0x5acb,0x5acb,0x52aa,
  0x52aa,0x52aa,0x52aa,0x4a69,0x4a49,0x4a69,0x4a69,0x4228,0x4a49,0x4228,0x4a29,0x4208,0x4208,0x39e7,0x4208,0x4208,
  0x4208,0x39c7,0x39e7,0x4208,0x4228,0x39e7,0x39c7,0x31a6,0x39c7,0x31a6,0x39c7,0x31a6,0x31a6,0x3186,0x3186,0x3186,
  0x31a6,0x31a6,0x3166,0x2945,0x2945,0x2945,0x2965,0x2945,0x2945,0x2124,0x2925,0x2104,0x2124,0x2104,0x2124,0x2104,
  0x2104,0x1903,0x2104,0x2104,0x20e4,0x18e3,0x20e4,0x18e3,0x20e4,0x18e3,0x2104,0x18e3,0x20e4,0x18e3,0x2104,0x18e3,
  0x2104,0x18e3,0x2104,0x18e3,0x2104,0x18e3,0x2104,0x18e3,0x2104,0x1903,0x2104,0x18e3,0x2104,0x18e3,0x2104,0x18e3,
  0x18e3,0x18c3,0x18c3,0x1082,0x10a2,0x1082,0x10a2,0x0861,0x0861,0x0841,0x0861,0x0020,0x0020,0x0020,0x18a3,0x18c3,
  0x18c3,0x10c2,0x18c3,0x18c3,0x18c3,0x18c3,0x18c3,0x18c3,0x18c3,0x18c3,0x18c3,0x18c3,0x18c3,0x10c2,0x18c3,0x10a2,
  0x18c3,0x10a2,0x18c3,0x10a2,0x18c3,0x10a2,0x18c3,0x10a2,0x18c3,0x10a2,0x18c3,0x10a2,0x18c3,0x10a2,0x18c3,0x10a2,
  0x18c3,0x10a2,0x18c3,0x10a2,0x18c3,0x10a2,0x18c3,0x10a2,0x18c3,0x10a2,0x18a3,0x10a2,0x18a3,0x10a2,0x18a3,0x10a2,
  0x10a2,0x1082,0x10a2,0x1082,0x10a2,0x1082,0x10a2,0x1082,0x10a2,0x1082,0x10a2,0x1082,0x10a2,0x1082,0x10a2,0x1082,
  0x10a2,0x1082,0x10a2,0x1082,0x10a2,0x1082,0x10a2,0x1082,0x1082,0x1082,0x1082,0x1082,0x1082,0x1082,0x1082,0x1082,
  0x1082,0x1082,0x1082,0x1082,0x1082,0x0881,0x1082,0x1082,0x1082,0x0881,0x1082,0x1082,0x1082,0x0881,0x1082,0x1082,
  0x31a6,0x31a6,0x3186,0x31a6,0x3186,0x31a6,0x3186,0x31a6,0x31a6,0x31a6,0x3186,0x31a6,0x3186,0x31a6,0x3186,0x31a6,
  0x3186,0x31a6,0x3186,0x31a6,0x3186,0x31a6,0x3186,0x3186,0x3186,0x3186,0x2985,0x3186,0x3186,0x3186,0x2985,0x3186,
  0x2985,0x3186,0x2965,0x3186,0x3186,0x3186,0x2965,0x3186,0x2965,0x3186,0x2965,0x3186,0x2985,0x3186,0x2965,0x3186,
  0x2965,0x3186,0x2965,0x2965,0x2965,0x3186,0x2985,0x3186,0x2965,0x3166,0x2965,0x2965,0x2965,0x3166,0x2965,0x2965,
  0x2965,0x2965,0x2965,0x2965,0x2965,0x3166,0x2965,0x2965,0x2965,0x3166,0x2965,0x2965,0x2945,0x2965,0x2965,0x2965,
  0x2945,0x2965,0x2945,0x2965,0x2965,0x2965,0x2945,0x2965,0x2965,0x3166,0x2965,0x2945,0x18e3,0x2104,0x2985,0x31a6,
  0x31a6,0x5aab,0x52aa,0x5aeb,0x6b6d,0x73ae,0x6b4d,0x6b6d,0x73ae,0x7bef,0x7bef,0x8410,0x7bef,0x8430,0x7c0f,0x8430,
  0x8430,0x8410,0x8430,0x8c51,0x8410,0x8410,0x8430,0x8c51,0x8430,0x8c51,0x8410,0x8c51,0x8450,0x8c51,0x8430,0x8c51,
  0x8430,0x8c31,0x8430,0x8430,0x8430,0x8c51,0x8430,0x8430,0x7bef,0x7bef,0x7bef,0x7bef,0x7bcf,0x7bcf,0x73ce,0x7bef,
  0x73ce,0x7bcf,0x73ae,0x7bcf,0x738e,0x6b6d,0x6b6d,0x6b4d,0x6b6d,0x6b6d,0x632c,0x632c,0x5aeb,0x630c,0x632c,0x5aeb,
  0x5acb,0x5aeb,0x52ca,0x52aa,0x52aa,0x5acb,0x52aa,0x52aa,0x528a,0x528a,0x4a69,0x4a69,0x4a49,0x4a69,0x4248,0x4228,
  0x3a07,0x4a29,0x4228,0x4228,0x4248,0x4208,0x39e7,0x4208,0x4208,0x4208,0x31c6,0x4208,0x39e7,0x39e7,0x39c7,0x39c7,
  0x31c6,0x39c7,0x31a6,0x39c7,0x3186,0x3186,0x2985,0x3186,0x3186,0x31a6,0x2985,0x3186,0x2124,0x2925,0x2144,0x2945,
  0x2124,0x2124,0x2124,0x2124,0x2104,0x2124,0x1903,0x2104,0x18e3,0x2104,0x18e3,0x18e3,0x18e3,0x18e3,0x18e3,0x18e3,
  0x18e3,0x2104,0x18e3,0x2104,0x18e3,0x18e3,0x1903,0x2124,0x18e3,0x2104,0x18e3,0x2104,0x18e3,0x20e4,0x18e3,0x2104,
  0x1903,0x2104,0x1903,0x2104,0x18e3,0x18e3,0x18e3,0x18e3,0x18c3,0x18c3,0x10a2,0x10a2,0x1082,0x1082,0x0881,0x0861,
  0x0020,0x0821,0x0841,0x0841,0x0000,0x0841,0x1082,0x18c3,0x10c2,0x18c3,0x10c2,0x18c3,0x10c2,0x18c3,0x10a2,0x18c3,
  0x18c3,0x18c3,0x10c2,0x18c3,0x10c2,0x18c3,0x10a2,0x18c3,0x10a2,0x18c3,0x10a2,0x18c3,0x10a2,0x18c3,0x10a2,0x18c3,
  0x10a2,0x18a3,0x10a2,0x18c3,0x10a2,0x18a3,0x10a2,0x18c3,0x10a2,0x18c3,0x10a2,0x18c3,0x10a2,0x10a2,0x10a2,0x10a2,
  0x10a2,0x18a3,0x10a2,0x10a2,0x10a2,0x10a2,0x10a2,0x10a2,0x1082,0x10a2,0x0881,0x1082,0x1082,0x10a2,0x1082,0x10a2,
  0x1082,0x10a2,0x1082,0x10a2,0x1082,0x10a2,0x0881,0x1082,0x1082,0x1082,0x0881,0x1082,0x1082,0x1082,0x0881,0x1082,
  0x0881,0x1082,0x0881,0x1082,0x0881,0x1082,0x0881,0x1082,0x0881,0x1082,0x0881,0x1082,0x0861,0x1082,0x0861,0x1082,
  0x0861,0x1082,0x0861,0x1082,0x0861,0x1082,0x0861,0x1082,0x39a7,0x31a6,0x31a6,0x3186,0x39a7,0x31a6,0x39a7,0x31a6,
  0x39a7,0x31a6,0x31a6,0x3186,0x31a6,0x3186,0x31a6,0x3186,0x31a6,0x3186,0x31a6,0x3186,0x31a6,0x3186,0x31a6,0x3186,
  0x31a6,0x3186,0x31a6,0x3186,0x31a6,0x3186,0x31a6,0x3186,0x3186,0x3186,0x3186,0x3186,0x31a6,0x3186,0x3186,0x2985,
  0x3186,0x3186,0x3186,0x3186,0x3186,0x3186,0x3186,0x2985,0x3186,0x3186,0x3186,0x2985,0x3186,0x3186,0x3186,0x2965,
  0x3186,0x2965,0x3186,0x2965,0x3186,0x2965,0x3186,0x2965,0x3166,0x2965,0x3186,0x2965,0x3186,0x2965,0x3186,0x2965,
  0x3166,0x2965,0x3166,0x2965,0x2965,0x2965,0x3166,0x2965,0x3166,0x2965,0x2965,0x2965,0x3186,0x2965,0x3166,0x2965,
  0x3166,0x2945,0x2965,0x2945,0x2945,0x2945,0x3186,0x31a6,0x4208,0x528a,0x5acb,0x6b4d,0x6b4d,0x73ae,0x738e,0x738e,
  0x7baf,0x7bcf,0x83f0,0x7bef,0x8430,0x8410,0x8430,0x8430,0x8c51,0x8c51,0x8c31,0x8430,0x8c31,0x8430,0x8c51,0x8c51,
  0x8c51,0x8410,0x8c31,0x8c51,0x8c51,0x8c51,0x8c51,0x8450,0x8c71,0x8c51,0x8c51,0x8430,0x8c31,0x8430,0x8430,0x7c0f,
  0x8410,0x7bef,0x8410,0x7bef,0x7bef,0x7bcf,0x7bcf,0x73ae,0x73ae,0x738e,0x73ae,0x73ae,0x738e,0x738e,0x7bcf,0x6b6d,
  0x736e,0x6b6d,0x738e,0x6b4d,0x6b4d,0x630c,0x632c,0x630c,0x630c,0x5aeb,0x5aeb,0x5aeb,0x5acb,0x52aa,0x52aa,0x528a,
  0x526a,0x4a49,0x4a69,0x4a49,0x4a69,0x4a49,0x4a29,0x39e7,0x39e7,0x39e7,0x4208,0x4208,0x4a49,0x4208,0x4208,0x4208,
  0x4208,0x39c7,0x39c7,0x39e7,0x4208,0x39e7,0x39e7,0x31a6,0x39c7,0x39c7,0x39c7,0x31a6,0x39c7,0x31a6,0x31a6,0x3186,
  0x3186,0x3186,0x3186,0x2965,0x2965,0x2124,0x2945,0x2945,0x2945,0x2124,0x2945,0x2124,0x2124,0x2104,0x2124,0x2104,
  0x2104,0x2104,0x2104,0x1903,0x2104,0x18e3,0x2104,0x18e3,0x2104,0x18e3,0x2104,0x1903,0x2104,0x18e3,0x2104,0x1903,
  0x2104,0x18e3,0x2104,0x18e3,0x20e4,0x18e3,0x2104,0x18e3,0x2104,0x2104,0x2104,0x18e3,0x2104,0x18e3,0x2104,0x18e3,
  0x18e3,0x18c3,0x18c3,0x1082,0x10a2,0x1082,0x1082,0x0861,0x0841,0x0020,0x0861,0x0040,0x0821,0x0841,0x10a2,0x18c3,
  0x18c3,0x18c3,0x18e3,0x18c3,0x18c3,0x18c3,0x18e3,0x18c3,0x18c3,0x18c3,0x18c3,0x18c3,0x18c3,0x18c3,0x18c3,0x10c2,
  0x18c3,0x18c3,0x18c3,0x10c2,0x18c3,0x18c3,0x18c3,0x10a2,0x18c3,0x10a2,0x18c3,0x10a2,0x18c3,0x10a2,0x18c3,0x10c2,
  0x18c3,0x18c3,0x18c3,0x10c2,0x18c3,0x10a2,0x18c3,0x10a2,0x18a3,0x10a2,0x18a3,0x10a2,0x18c3,0x10a2,0x10a2,0x10a2,
  0x10a2,0x1082,0x10a2,0x10a2,0x18a3,0x10a2,0x10a2,0x10a2,0x10a2,0x1082,0x10a2,0x1082,0x10a2,0x1082,0x10a2,0x1082,
  0x10a2,0x1082,0x10a2,0x1082,0x10a2,0x1082,0x10a2,0x1082,0x1082,0x1082,0x1082,0x1082,0x1082,0x1082,0x1082,0x1082,
  0x1082,0x1082,0x1082,0x1082,0x1082,0x1082,0x1082,0x0881,0x1082,0x1082,0x1082,0x0881,0x1082,0x1082,0x1082,0x0881,
  0x31a6,0x31a6,0x3186,0x31a6,0x31a6,0x31a6,0x31a6,0x31a6,0x3186,0x31a6,0x3186,0x31a6,0x3186,0x31a6,0x3186,0x31a6,
  0x3186,0x31a6,0x3186,0x31a6,0x3186,0x31a6,0x3186,0x31a6,0x3186,0x31a6,0x3186,0x3186,0x2985,0x3186,0x3186,0x3186,
  0x2985,0x3186,0x2985,0x3186,0x2985,0x3186,0x3186,0x3186,0x2985,0x3186,0x2985,0x3186,0x2985,0x3186,0x2965,0x3186,
  0x2965,0x3186,0x2985,0x3186,0x2985,0x3186,0x2965,0x3186,0x2965,0x3186,0x2965,0x3186,0x2965,0x2965,0x2965,0x3166,
  0x2965,0x2965,0x2965,0x3166,0x2965,0x2965,0x2965,0x3166,0x2965,0x2965,0x2965,0x2965,0x2945,0x2965,0x2965,0x3166,
  0x2965,0x2965,0x2965,0x2965,0x2965,0x2965,0x2965,0x3186,0x2945,0x2965,0x2945,0x2965,0x2945,0x2965,0x31c6,0x4228,
  0x4228,0x528a,0x5acb,0x6b4d,0x632c,0x7bcf,0x738e,0x7baf,0x73ae,0x7bef,0x7bef,0x8430,0x8430,0x8410,0x8430,0x8c51,
  0x8450,0x8c71,0x8410,0x8c51,0x8430,0x8c51,0x8430,0x8c51,0x8c51,0x8c71,0x8c51,0x8c71,0x8c51,0x8c51,0x8450,0x8c51,
  0x8c51,0x8c51,0x8430,0x8430,0x8410,0x8410,0x7bef,0x7bef,0x7bef,0x8430,0x7bcf,0x7baf,0x738e,0x73ae,0x73ae,0x7bcf,
  0x73ae,0x7bcf,0x73ae,0x73ae,0x6b8d,0x738e,0x73ae,0x738e,0x632c,0x6b4d,0x632c,0x630c,0x632c,0x632c,0x5aeb,0x630c,
  0x5aeb,0x5acb,0x5acb,0x630c,0x5aeb,0x5acb,0x52aa,0x52aa,0x4a69,0x4a49,0x4248,0x4a49,0x4248,0x4228,0x4228,0x4208,
  0x39c7,0x39e7,0x39e7,0x4228,0x4208,0x4208,0x39e7,0x41e8,0x39c7,0x39e7,0x39c7,0x4208,0x39e7,0x4208,0x39e7,0x39c7,
  0x31c6,0x39c7,0x31a6,0x31a6,0x3186,0x31a6,0x3186,0x3186,0x2965,0x2965,0x2945,0x2965,0x2144,0x2945,0x2124,0x2945,
  0x2144,0x2945,0x2124,0x2124,0x2104,0x2124,0x2104,0x2104,0x1903,0x2104,0x18e3,0x2104,0x18e3,0x2104,0x18e3,0x20e4,
  0x18e3,0x2104,0x18e3,0x2104,0x18e3,0x18e3,0x18e3,0x2104,0x1903,0x2104,0x18e3,0x2104,0x18e3,0x2104,0x2104,0x2104,
  0x18e3,0x2104,0x1903,0x2104,0x18e3,0x2104,0x1903,0x18e3,0x10c2,0x18c3,0x10a2,0x1082,0x1082,0x1082,0x0881,0x1082,
  0x0841,0x0841,0x0841,0x0841,0x0000,0x0841,0x1082,0x18c3,0x10c2,0x18c3,0x10c2,0x18c3,0x10c2,0x18c3,0x18c3,0x18c3,
  0x10c2,0x18c3,0x10c2,0x18c3,0x10c2,0x18c3,0x10a2,0x18c3,0x10a2,0x18c3,0x10a2,0x18c3,0x10a2,0x18c3,0x10a2,0x18c3,
  0x10a2,0x18c3,0x10a2,0x18c3,0x10a2,0x18c3,0x10a2,0x10a2,0x10a2,0x18c3,0x10a2,0x18c3,0x10a2,0x10a2,0x10a2,0x18a3,
  0x10a2,0x10a2,0x10a2,0x10a2,0x10a2,0x10a2,0x1082,0x10a2,0x1082,0x10a2,0x1082,0x10a2,0x10a2,0x10a2,0x1082,0x10a2,
  0x1082,0x10a2,0x1082,0x10a2,0x1082,0x10a2,0x1082,0x10a2,0x1082,0x1082,0x1082,0x1082,0x0881,0x1082,0x1082,0x1082,
  0x0881,0x1082,0x0881,0x1082,0x0881,0x1082,0x0881,0x1082,0x0881,0x1082,0x0881,0x1082,0x0861,0x1082,0x0861,0x1082,
  0x0861,0x1082,0x0861,0x1082,0x0861,0x1082,0x0861,0x1082,0x39c7,0x31a6,0x39c7,0x31a6,0x39c7,0x31a6,0x39c7,0x31a6,
  0x31a6,0x3186,0x31a6,0x31a6,0x31a6,0x31a6,0x31a6,0x3186,0x31a6,0x3186,0x31a6,0x3186,0x31a6,0x3186,0x31a6,0x3186,
  0x31a6,0x3186,0x31a6,0x3186,0x31a6,0x3186,0x31a6,0x3186,0x31a6,0x3186,0x3186,0x3186,0x31a6,0x3186,0x31a6,0x3186,
  0x31a6,0x3186,0x3186,0x3186,0x3186,0x3186,0x3186,0x3186,0x3186,0x2985,0x3186,0x3186,0x3186,0x2985,0x3186,0x2965,
  0x3186,0x2965,0x3186,0x2965,0x3186,0x2965,0x3186,0x2965,0x3186,0x2965,0x3166,0x2965,0x3166,0x2965,0x3166,0x2965,
  0x3186,0x2965,0x3166,0x2965,0x2965,0x2965,0x3166,0x2965,0x3186,0x2965,0x3166,0x2965,0x3186,0x2965,0x3166,0x2965,
  0x2965,0x2945,0x2965,0x2945,0x2945,0x2945,0x4a49,0x52aa,0x4a49,0x52aa,0x630c,0x632c,0x6b4d,0x738e,0x738e,0x738e,
  0x7baf,0x73ce,0x7bef,0x8410,0x8c51,0x7c0f,0x8c51,0x8c51,0x8c51,0x8c71,0x8c51,0x8c51,0x8c51,0x8430,0x8c31,0x8430,
  0x8c51,0x8c71,0x9472,0x8c51,0x8c71,0x8c71,0x9472,0x8c51,0x8c51,0x8430,0x8c31,0x8430,0x8430,0x8410,0x8410,0x7bef,
  0x8410,0x7c0f,0x8410,0x7bef,0x8410,0x7bef,0x7bef,0x7bcf,0x7bcf,0x73ae,0x738e,0x738e,0x738e,0x6b6d,0x736e,0x6b4d,
  0x632c,0x632c,0x6b2d,0x5aeb,0x632c,0x632c,0x630c,0x630c,0x62ec,0x52ca,0x5aeb,0x630c,0x630c,0x5aeb,0x5aeb,0x5acb,
  0x52aa,0x4a69,0x4a49,0x4228,0x4a49,0x4208,0x4a29,0x4228,0x4208,0x39e7,0x4228,0x4228,0x4228,0x4208,0x4208,0x39e7,
  0x39e7,0x39e7,0x4228,0x4208,0x4208,0x4208,0x4208,0x39c7,0x39e7,0x31c6,0x39c7,0x31a6,0x31a6,0x3186,0x3186,0x2965,
  0x3186,0x2965,0x2945,0x2945,0x2965,0x2945,0x2945,0x2945,0x2965,0x2945,0x2945,0x2124,0x2945,0x2124,0x2925,0x2104,
  0x2104,0x2104,0x2104,0x2104,0x2104,0x18e3,0x2104,0x18e3,0x2104,0x1903,0x2104,0x2104,0x2104,0x18e3,0x2104,0x2104,
  0x2104,0x2104,0x2104,0x2104,0x2104,0x2104,0x2124,0x2104,0x2104,0x2104,0x2104,0x2104,0x2104,0x2104,0x2104,0x18e3,
  0x18e3,0x18c3,0x18c3,0x1082,0x18a3,0x1082,0x1082,0x1082,0x0861,0x0841,0x0861,0x0841,0x0821,0x0040,0x18a3,0x18c3,
  0x18c3,0x18c3,0x18c3,0x18c3,0x18e3,0x18c3,0x18e3,0x18c3,0x18c3,0x10c2,0x18c3,0x18c3,0x18c3,0x10c2,0x18c3,0x18c3,
  0x18c3,0x10c2,0x18c3,0x18c3,0x18c3,0x10c2,0x18c3,0x10a2,0x18c3,0x10a2,0x18c3,0x18c3,0x18c3,0x10a2,0x18c3,0x10a2,
  0x18a3,0x10a2,0x18c3,0x10a2,0x18c3,0x10a2,0x18c3,0x10a2,0x18c3,0x10a2,0x18a3,0x10a2,0x10a2,0x1082,0x18a3,0x10a2,
  0x10a2,0x10a2,0x18a3,0x10a2,0x18a3,0x10a2,0x18a3,0x10a2,0x10a2,0x1082,0x10a2,0x1082,0x10a2,0x1082,0x10a2,0x1082,
  0x10a2,0x1082,0x10a2,0x1082,0x10a2,0x1082,0x10a2,0x1082,0x1082,0x1082,0x1082,0x1082,0x1082,0x1082,0x1082,0x1082,
  0x1082,0x1082,0x1082,0x1082,0x1082,0x0881,0x1082,0x1082,0x1082,0x0881,0x1082,0x1082,0x1082,0x0881,0x1082,0x1082,
  0x31a6,0x39c7,0x31a6,0x31a6,0x31a6,0x39a7,0x31a6,0x31a6,0x3186,0x31a6,0x3186,0x31a6,0x3186,0x31a6,0x3186,0x31a6,
  0x3186,0x31a6,0x3186,0x31a6,0x3186,0x31a6,0x3186,0x31a6,0x3186,0x31a6,0x3186,0x31a6,0x3186,0x3186,0x2985,0x3186,
  0x3186,0x3186,0x2985,0x3186,0x2985,0x3186,0x2985,0x3186,0x3186,0x3186,0x2985,0x3186,0x2985,0x3186,0x2965,0x3186,
  0x2965,0x3186,0x2985,0x3186,0x2965,0x3186,0x2965,0x3186,0x2965,0x3186,0x2965,0x3186,0x2965,0x3186,0x2965,0x2965,
  0x2965,0x2965,0x2965,0x2965,0x2965,0x2965,0x2965,0x2965,0x2965,0x3166,0x2965,0x2965,0x2965,0x3166,0x2965,0x3186,
  0x2965,0x2965,0x2965,0x2965,0x2965,0x2965,0x2945,0x2965,0x2945,0x2965,0x2965,0x2965,0x2124,0x2945,0x4a49,0x5aeb,
  0x4228,0x5acb,0x5aeb,0x630c,0x6b4d,0x738e,0x6b6d,0x738e,0x738e,0x73ae,0x73ae,0x7bef,0x8430,0x8410,0x8430,0x8c51,
  0x8c51,0x8c71,0x8c51,0x8c51,0x8c51,0x8c51,0x8450,0x8c51,0x8430,0x8c51,0x8450,0x8c71,0x8c51,0x8c71,0x8c71,0x8c71,
  0x8430,0x8430,0x8410,0x8430,0x8430,0x8430,0x7c0f,0x8410,0x7bef,0x7bcf,0x73ce,0x7bef,0x7bcf,0x7bcf,0x73ae,0x73ae,
  0x6b6d,0x738e,0x6b6d,0x738e,0x738e,0x738e,0x6b4d,0x6b4d,0x632c,0x6b4d,0x634c,0x632c,0x632c,0x6b4d,0x630c,0x630c,
  0x5aeb,0x5aeb,0x5aeb,0x630c,0x5acb,0x5aeb,0x5acb,0x5acb,0x528a,0x528a,0x4248,0x4228,0x4208,0x4208,0x4208,0x4228,
  0x4228,0x4208,0x4208,0x4a49,0x4248,0x4228,0x3a07,0x4208,0x39e7,0x41e8,0x3a07,0x4228,0x39e7,0x41e8,0x39e7,0x39c7,
  0x39c7,0x39c7,0x31c6,0x39e7,0x31a6,0x31a6,0x2985,0x3186,0x3186,0x3186,0x2945,0x2965,0x2945,0x2965,0x2144,0x2965,
  0x2965,0x2965,0x2144,0x2124,0x2124,0x2945,0x2124,0x2124,0x2104,0x2124,0x1903,0x2104,0x1903,0x2104,0x1903,0x2104,
  0x18e3,0x2104,0x18e3,0x2104,0x18e3,0x2104,0x18e3,0x2104,0x1903,0x2104,0x18e3,0x2104,0x18e3,0x2104,0x1903,0x2104,
  0x18e3,0x2104,0x18e3,0x2104,0x18e3,0x2104,0x1903,0x18e3,0x18c3,0x18c3,0x10a2,0x10a2,0x10a2,0x10a2,0x0881,0x1082,
  0x0861,0x0841,0x0841,0x0841,0x0020,0x0841,0x10a2,0x18e3,0x10c2,0x18c3,0x10c2,0x18c3,0x10c2,0x18c3,0x10c2,0x18c3,
  0x10c2,0x18c3,0x10c2,0x18c3,0x10c2,0x18c3,0x10a2,0x18c3,0x10a2,0x18c3,0x10a2,0x18c3,0x10a2,0x18c3,0x10a2,0x18c3,
  0x10a2,0x18c3,0x10a2,0x18c3,0x10a2,0x18c3,0x10a2,0x18c3,0x10a2,0x18c3,0x10a2,0x18c3,0x10a2,0x18c3,0x10a2,0x18c3,
  0x10a2,0x18a3,0x10a2,0x10a2,0x1082,0x10a2,0x10a2,0x10a2,0x1082,0x10a2,0x1082,0x10a2,0x10a2,0x10a2,0x1082,0x10a2,
  0x1082,0x10a2,0x1082,0x10a2,0x1082,0x10a2,0x1082,0x10a2,0x1082,0x10a2,0x1082,0x1082,0x1082,0x1082,0x0881,0x1082,
  0x0881,0x1082,0x0881,0x1082,0x0881,0x1082,0x0881,0x1082,0x0881,0x1082,0x0881,0x1082,0x0861,0x1082,0x0861,0x1082,
  0x0861,0x1082,0x0861,0x1082,0x0861,0x1082,0x0861,0x1082,0x39c7,0x31a6,0x39c7,0x31a6,0x39a7,0x31a6,0x31a6,0x31a6,
  0x39a7,0x31a6,0x39a7,0x31a6,0x39a7,0x31a6,0x31a6,0x3186,0x31a6,0x3186,0x31a6,0x3186,0x31a6,0x3186,0x31a6,0x31a6,
  0x31a6,0x3186,0x31a6,0x3186,0x31a6,0x3186,0x31a6,0x3186,0x31a6,0x3186,0x31a6,0x3186,0x3186,0x3186,0x3186,0x3186,
  0x31a6,0x3186,0x3186,0x3186,0x3186,0x3186,0x3186,0x2985,0x3186,0x3186,0x3186,0x2965,0x3186,0x3186,0x3186,0x2985,
  0x3186,0x2965,0x3186,0x2965,0x3186,0x2965,0x3186,0x2965,0x3186,0x2965,0x3186,0x2965,0x3186,0x2965,0x3186,0x2965,
  0x3186,0x2965,0x3166,0x2965,0x3186,0x2965,0x3166,0x2965,0x3186,0x2965,0x3166,0x2965,0x3186,0x2965,0x3166,0x2965,
  0x3186,0x2965,0x3186,0x2965,0x2965,0x2965,0x4a49,0x5acb,0x4a49,0x528a,0x5acb,0x630c,0x6b4d,0x738e,0x738e,0x6b6d,
  0x73ae,0x738e,0x7bcf,0x7bef,0x8410,0x8430,0x8c31,0x8c51,0x9492,0x8c51,0x8c71,0x8c71,0x9472,0x8c51,0x8c51,0x8c51,
  0x8c51,0x8c51,0x8c71,0x8c51,0x8c71,0x8c71,0x9472,0x8c71,0x8c51,0x8430,0x8c51,0x8450,0x8c51,0x8430,0x8430,0x8410,
  0x8c31,0x8430,0x8410,0x7bef,0x7bef,0x7bcf,0x83f0,0x7c0f,0x73ae,0x73ae,0x73ae,0x738e,0x7baf,0x738e,0x738e,0x632c,
  0x6b2d,0x630c,0x630c,0x632c,0x630c,0x5aeb,0x630c,0x630c,0x632c,0x632c,0x632c,0x5aeb,0x5aeb,0x5acb,0x5acb,0x52aa,
  0x52aa,0x4a69,0x4a69,0x4a49,0x4a49,0x4228,0x4228,0x4228,0x4a49,0x4228,0x4228,0x4a49,0x4a49,0x4228,0x4a49,0x4228,
  0x4a29,0x4208,0x4208,0x4228,0x4208,0x39c7,0x4208,0x39e7,0x4208,0x39e7,0x39e7,0x39c7,0x39c7,0x3186,0x3186,0x3186,
  0x39a7,0x3186,0x3186,0x2945,0x2965,0x2965,0x2965,0x2965,0x3186,0x2965,0x2945,0x2124,0x2945,0x2124,0x2925,0x2104,
  0x2124,0x2104,0x2124,0x2104,0x2104,0x2104,0x2104,0x2104,0x2104,0x2104,0x2104,0x1903,0x2104,0x2104,0x2104,0x18e3,
  0x2104,0x2104,0x2104,0x18e3,0x2104,0x2104,0x2104,0x18e3,0x2104,0x18e3,0x2104,0x1903,0x2104,0x2104,0x2104,0x18e3,
  0x18e3,0x18c3,0x18c3,0x10a2,0x18c3,0x1082,0x1082,0x1082,0x1062,0x0841,0x0861,0x0841,0x0841,0x0841,0x18a3,0x18c3,
  0x18c3,0x18c3,0x18e3,0x18c3,0x18c3,0x18c3,0x18c3,0x18c3,0x18c3,0x18c3,0x18c3,0x18c3,0x18c3,0x18c3,0x18c3,0x10c2,
  0x18c3,0x18c3,0x18c3,0x10c2,0x18c3,0x18c3,0x18c3,0x10a2,0x18c3,0x18c3,0x18c3,0x10c2,0x18c3,0x18c3,0x18c3,0x10c2,
  0x18c3,0x18c3,0x18c3,0x10c2,0x18c3,0x10a2,0x18c3,0x10a2,0x18c3,0x10a2,0x18a3,0x10a2,0x18a3,0x10a2,0x18c3,0x10a2,
  0x18a3,0x10a2,0x10a2,0x10a2,0x18a3,0x10a2,0x10a2,0x10a2,0x10a2,0x1082,0x10a2,0x1082,0x18a3,0x10a2,0x10a2,0x10a2,
  0x10a2,0x1082,0x10a2,0x1082,0x10a2,0x1082,0x10a2,0x1082,0x1082,0x1082,0x1082,0x1082,0x1082,0x1082,0x1082,0x1082,
  0x1082,0x1082,0x1082,0x1082,0x1082,0x1082,0x1082,0x0881,0x1082,0x1082,0x1082,0x0881,0x1082,0x1082,0x1082,0x0881,
  0x31a6,0x31a6,0x31a6,0x31a6,0x3186,0x3186,0x3186,0x31a6,0x31a6,0x31a6,0x31a6,0x39a7,0x31a6,0x31a6,0x3186,0x31a6,
  0x3186,0x31a6,0x3186,0x31a6,0x3186,0x31a6,0x3186,0x31a6,0x3186,0x31a6,0x3186,0x31a6,0x3186,0x31a6,0x3186,0x3186,
  0x2985,0x3186,0x3186,0x3186,0x2965,0x3186,0x2985,0x3186,0x2985,0x3186,0x2965,0x3186,0x2985,0x3186,0x2965,0x3186,
  0x2965,0x3186,0x2965,0x2965,0x2965,0x3186,0x2985,0x3186,0x2965,0x3186,0x2965,0x3186,0x2965,0x3186,0x2965,0x3186,
  0x2965,0x2965,0x2965,0x3166,0x2965,0x2965,0x2965,0x3166,0x2985,0x3186,0x2965,0x3166,0x2965,0x2965,0x2965,0x3166,
  0x2965,0x2965,0x2965,0x3166,0x2965,0x2965,0x2965,0x2965,0x2945,0x2965,0x2965,0x2965,0x2144,0x3186,0x4228,0x5aab,
  0x4a89,0x4a49,0x4a69,0x632c,0x630c,0x738e,0x6b6d,0x736e,0x738e,0x738e,0x73ae,0x7bcf,0x7bcf,0x8430,0x8430,0x8c51,
  0x8c71,0x8c51,0x8c51,0x8c71,0x8450,0x8c51,0x8410,0x8430,0x8430,0x8c71,0x8c71,0x8c51,0x8450,0x8c51,0x8c51,0x8c71,
  0x8c71,0x8c71,0x8450,0x8c71,0x8450,0x8430,0x8410,0x8430,0x8430,0x8410,0x8410,0x8430,0x8410,0x8410,0x7bcf,0x7bcf,
  0x73ae,0x7bcf,0x73ae,0x738e,0x6b6d,0x738e,0x6b4d,0x6b6d,0x6b6d,0x632c,0x5b0b,0x6b4d,0x630c,0x630c,0x5b0b,0x5aeb,
  0x5b0b,0x6b4d,0x632c,0x630c,0x5acb,0x5aeb,0x5acb,0x5aab,0x4a89,0x528a,0x4a69,0x526a,0x4a69,0x4a49,0x4228,0x4a49,
  0x4228,0x4228,0x4228,0x4a49,0x4228,0x4228,0x4228,0x4a49,0x4a49,0x4a49,0x4208,0x4a49,0x39e7,0x4208,0x3a07,0x4208,
  0x4208,0x4208,0x31c6,0x39c7,0x31a6,0x3186,0x2965,0x3186,0x2965,0x3186,0x2965,0x2945,0x2124,0x2965,0x2945,0x2965,
  0x2965,0x2965,0x2144,0x2925,0x2124,0x2124,0x2124,0x2104,0x1903,0x2104,0x1903,0x2104,0x18e3,0x2104,0x18e3,0x2104,
  0x1903,0x2104,0x18e3,0x2104,0x1903,0x2104,0x18e3,0x2104,0x2104,0x2124,0x1903,0x2104,0x1903,0x2104,0x18e3,0x2104,
  0x18e3,0x2104,0x2104,0x2104,0x1903,0x2104,0x1903,0x18e3,0x10c2,0x18c3,0x10a2,0x10a2,0x10a2,0x10a2,0x0881,0x1082,
  0x0861,0x0861,0x0841,0x0841,0x0020,0x0841,0x10a2,0x18c3,0x10c2,0x18c3,0x18c3,0x18c3,0x10c2,0x18c3,0x10a2,0x18c3,
  0x10c2,0x18c3,0x10c2,0x18c3,0x10c2,0x18c3,0x10a2,0x18c3,0x10a2,0x18c3,0x10a2,0x18c3,0x10a2,0x18c3,0x10a2,0x18c3,
  0x10a2,0x18c3,0x10a2,0x18c3,0x10a2,0x18c3,0x10a2,0x18c3,0x10a2,0x18c3,0x10a2,0x18a3,0x10a2,0x10a2,0x1082,0x10a2,
  0x10a2,0x10a2,0x10a2,0x18a3,0x10a2,0x18c3,0x10a2,0x10a2,0x10a2,0x10a2,0x1082,0x10a2,0x1082,0x10a2,0x1082,0x10a2,
  0x1082,0x10a2,0x1082,0x10a2,0x1082,0x10a2,0x1082,0x10a2,0x1082,0x10a2,0x1082,0x1082,0x0881,0x1082,0x1082,0x1082,
  0x0881,0x1082,0x0881,0x1082,0x0881,0x1082,0x0881,0x1082,0x0881,0x1082,0x0881,0x1082,0x0861,0x1082,0x0861,0x1082,
  0x0861,0x1082,0x0861,0x1082,0x0861,0x1082,0x0861,0x1082,0x39a7,0x31a6,0x39a7,0x31a6,0x31a6,0x31a6,0x39a7,0x31a6,
  0x39a7,0x31a6,0x31a6,0x3186,0x31a6,0x31a6,0x31a6,0x3186,0x31a6,0x3186,0x31a6,0x3186,0x31a6,0x3186,0x39a7,0x3186,
  0x31a6,0x3186,0x31a6,0x3186,0x31a6,0x3186,0x31a6,0x3186,0x31a6,0x3186,0x31a6,0x3186,0x3186,0x3186,0x3186,0x3186,
  0x3186,0x3186,0x3186,0x3186,0x3186,0x2985,0x3186,0x3186,0x3186,0x2985,0x3186,0x2965,0x3186,0x2965,0x3186,0x2965,
  0x3186,0x2965,0x3166,0x2965,0x3186,0x2965,0x3186,0x2965,0x3166,0x2965,0x3186,0x2965,0x3166,0x2965,0x3166,0x2965,
  0x3186,0x2965,0x3186,0x2965,0x3166,0x2965,0x3166,0x2965,0x2965,0x2965,0x3166,0x2965,0x3166,0x2965,0x3166,0x2965,
  0x2965,0x2965,0x3166,0x2945,0x2945,0x2965,0x4228,0x5acb,0x632c,0x4228,0x52aa,0x6b4d,0x6b4d,0x6b4d,0x73ae,0x7bcf,
  0x73ae,0x6b8d,0x73ae,0x7bcf,0x7bef,0x8410,0x8c51,0x8430,0x8c51,0x8c71,0x8c71,0x8c51,0x8c71,0x8c71,0x8c51,0x8430,
  0x8c51,0x8c51,0x9472,0x8c51,0x8c51,0x8450,0x8c51,0x8c51,0x8c71,0x8c51,0x8c51,0x8c51,0x8c51,0x8430,0x8c51,0x8430,
  0x8c51,0x8430,0x8410,0x7bef,0x8410,0x8430,0x8410,0x73ae,0x7bef,0x73ce,0x7baf,0x73ae,0x73ae,0x6b8d,0x736e,0x6b4d,
  0x6b4d,0x6b6d,0x738e,0x6b4d,0x6b4d,0x630c,0x630c,0x5acb,0x62ec,0x630c,0x630c,0x5aeb,0x5aeb,0x5acb,0x630c,0x5acb,
  0x52aa,0x528a,0x52aa,0x4a69,0x4a49,0x4228,0x4a49,0x4a49,0x4a49,0x4248,0x4a49,0x4228,0x526a,0x4a69,0x4228,0x4228,
  0x528a,0x4a49,0x4228,0x4228,0x4228,0x4a49,0x4a49,0x39e7,0x4208,0x39c7,0x39a7,0x39c7,0x39e7,0x3186,0x3186,0x3186,
  0x31a6,0x2985,0x3186,0x2965,0x3166,0x2965,0x3186,0x2965,0x2965,0x2945,0x2965,0x2945,0x2945,0x2104,0x2124,0x2124,
  0x2104,0x1903,0x2104,0x2104,0x2124,0x2104,0x2104,0x2104,0x2104,0x18e3,0x2104,0x18e3,0x2104,0x1903,0x2104,0x18e3,
  0x2104,0x18e3,0x2104,0x2104,0x2104,0x18e3,0x2104,0x2104,0x2104,0x18e3,0x2104,0x2104,0x2104,0x2124,0x2104,0x18e3,
  0x18e3,0x10a2,0x18a3,0x10a2,0x18e3,0x10a2,0x1082,0x0861,0x1062,0x0861,0x0861,0x0841,0x0020,0x0841,0x18c3,0x18c3,
  0x18e3,0x18c3,0x18c3,0x18c3,0x18e3,0x18c3,0x18e3,0x18c3,0x18e3,0x18c3,0x18e3,0x18c3,0x18c3,0x18c3,0x18c3,0x18c3,
  0x18c3,0x10c2,0x18c3,0x18c3,0x18c3,0x10c2,0x18c3,0x18c3,0x18c3,0x10c2,0x18c3,0x10a2,0x18c3,0x10a2,0x18c3,0x10a2,
  0x18c3,0x10a2,0x18c3,0x10a2,0x18a3,0x10a2,0x18c3,0x10a2,0x18c3,0x10a2,0x18c3,0x10a2,0x18c3,0x10a2,0x18a3,0x10a2,
  0x18c3,0x10a2,0x10a2,0x10a2,0x18a3,0x10a2,0x18a3,0x10a2,0x10a2,0x1082,0x10a2,0x1082,0x10a2,0x1082,0x10a2,0x1082,
  0x10a2,0x1082,0x10a2,0x1082,0x10a2,0x1082,0x10a2,0x1082,0x10a2,0x1082,0x1082,0x1082,0x1082,0x1082,0x1082,0x1082,
  0x1082,0x1082,0x1082,0x1082,0x1082,0x0881,0x1082,0x1082,0x1082,0x0881,0x1082,0x1082,0x1082,0x0881,0x1082,0x1082,
  0x31a6,0x31a6,0x31a6,0x31a6,0x31a6,0x31a6,0x3186,0x31a6,0x31a6,0x31a6,0x3186,0x31a6,0x3186,0x31a6,0x3186,0x31a6,
  0x3186,0x31a6,0x3186,0x31a6,0x3186,0x31a6,0x3186,0x31a6,0x3186,0x31a6,0x3186,0x31a6,0x3186,0x31a6,0x3186,0x3186,
  0x3186,0x3186,0x2985,0x3186,0x3186,0x3186,0x2985,0x3186,0x3186,0x3186,0x2985,0x3186,0x2985,0x3186,0x2965,0x3186,
  0x2965,0x3186,0x2965,0x3186,0x2965,0x3186,0x2965,0x3186,0x2965,0x3186,0x2965,0x3186,0x2965,0x3186,0x2965,0x2965,
  0x2965,0x3186,0x2965,0x3186,0x2965,0x3166,0x2965,0x3186,0x2965,0x3166,0x2965,0x2965,0x2965,0x3166,0x2965,0x2965,
  0x2965,0x2965,0x2965,0x2965,0x2965,0x3166,0x2965,0x3186,0x2965,0x3166,0x2965,0x2945,0x2124,0x3186,0x4228,0x5aeb,
  0x630c,0x4a49,0x4a89,0x632c,0x630c,0x6b4d,0x738e,0x7bcf,0x738e,0x738e,0x73ae,0x7bef,0x7c0f,0x8410,0x8410,0x8430,
  0x8c51,0x9472,0x8c51,0x8c51,0x8430,0x8c31,0x8430,0x8c51,0x8450,0x8c51,0x8450,0x8c71,0x8c51,0x8c71,0x8450,0x8c51,
  0x8430,0x8c51,0x8450,0x8c51,0x8c51,0x8c51,0x8430,0x8c51,0x8430,0x8430,0x7c0f,0x8410,0x7c0f,0x8410,0x7bcf,0x7bcf,
  0x7bcf,0x7bcf,0x73ce,0x7bcf,0x73ae,0x738e,0x6b4d,0x6b6d,0x6b6d,0x6b6d,0x6b4d,0x6b4d,0x634c,0x6b4d,0x632c,0x630c,
  0x5aeb,0x632c,0x5aeb,0x5aeb,0x5acb,0x5acb,0x52aa,0x5acb,0x52aa,0x5aab,0x528a,0x4a49,0x4228,0x4a69,0x4228,0x4228,
  0x4228,0x4a49,0x4248,0x4a49,0x4a49,0x526a,0x4228,0x4a49,0x4a49,0x4a49,0x4228,0x4a49,0x4208,0x4228,0x3a07,0x39e7,
  0x3a07,0x39c7,0x31a6,0x39c7,0x31a6,0x31a6,0x3186,0x3186,0x2965,0x3186,0x3186,0x3186,0x2965,0x3166,0x2965,0x2945,
  0x2124,0x2965,0x2945,0x2945,0x2124,0x2124,0x2124,0x2124,0x2104,0x2124,0x1903,0x2124,0x2104,0x2104,0x18e3,0x2104,
  0x1903,0x2104,0x18e3,0x2104,0x18e3,0x2104,0x18e3,0x2104,0x1903,0x2104,0x18e3,0x2104,0x1903,0x2104,0x18e3,0x2104,
  0x18e3,0x2104,0x18e3,0x2104,0x1903,0x2104,0x18e3,0x18e3,0x18c3,0x18c3,0x1082,0x10a2,0x10a2,0x10a2,0x0881,0x1082,
  0x0861,0x0861,0x0040,0x0841,0x0000,0x0861,0x10a2,0x18c3,0x18c3,0x18c3,0x10a2,0x18c3,0x18c3,0x18c3,0x10c2,0x18c3,
  0x18c3,0x18c3,0x10c2,0x18c3,0x10c2,0x18c3,0x10c2,0x18c3,0x10c2,0x18c3,0x10a2,0x18c3,0x10a2,0x18c3,0x10a2,0x18c3,
  0x10a2,0x18c3,0x10a2,0x18c3,0x10a2,0x18c3,0x10a2,0x18c3,0x10a2,0x18a3,0x10a2,0x10a2,0x10a2,0x18a3,0x10a2,0x10a2,
  0x10a2,0x18a3,0x10a2,0x10a2,0x10a2,0x10a2,0x1082,0x10a2,0x10a2,0x10a2,0x1082,0x10a2,0x10a2,0x10a2,0x1082,0x10a2,
  0x1082,0x10a2,0x1082,0x10a2,0x1082,0x10a2,0x1082,0x10a2,0x1082,0x1082,0x0881,0x10a2,0x1082,0x10a2,0x0881,0x1082,
  0x1082,0x1082,0x0881,0x1082,0x0881,0x1082,0x0881,0x1082,0x0881,0x1082,0x0881,0x1082,0x0861,0x1082,0x0861,0x1082,
  0x0861,0x1082,0x0861,0x1082,0x0861,0x1082,0x0861,0x1082,0x39c7,0x31a6,0x39a7,0x31a6,0x39a7,0x31a6,0x39a7,0x31a6,
  0x39a7,0x31a6,0x31a6,0x31a6,0x39a7,0x31a6,0x31a6,0x3186,0x31a6,0x3186,0x31a6,0x3186,0x31a6,0x3186,0x31a6,0x31a6,
  0x39a7,0x31a6,0x31a6,0x3186,0x3186,0x3186,0x31a6,0x3186,0x31a6,0x3186,0x31a6,0x3186,0x31a6,0x3186,0x31a6,0x3186,
  0x31a6,0x3186,0x31a6,0x3186,0x3186,0x3186,0x3186,0x3186,0x3186,0x3186,0x3186,0x3186,0x3186,0x3186,0x3186,0x2965,
  0x3186,0x2965,0x3186,0x2965,0x3186,0x2965,0x3186,0x2965,0x3186,0x2965,0x3186,0x2985,0x3186,0x2965,0x3186,0x2985,
  0x3166,0x2965,0x3166,0x2965,0x3186,0x2965,0x3186,0x2965,0x3166,0x2965,0x3166,0x2965,0x3166,0x2965,0x3186,0x2965,
  0x3166,0x2965,0x2965,0x2945,0x2945,0x31a6,0x4a69,0x630c,0x6b4d,0x528a,0x52aa,0x634c,0x632c,0x6b4d,0x73ae,0x7bcf,
  0x7bcf,0x738e,0x7baf,0x7bcf,0x8410,0x7bef,0x8410,0x8430,0x8c71,0x8c71,0x8c71,0x8c51,0x8c51,0x8430,0x8c51,0x8c51,
  0x8c71,0x8c51,0x8c71,0x8c51,0x8c71,0x8c51,0x8c71,0x8430,0x8c31,0x8430,0x8c71,0x8c51,0x8c71,0x8c51,0x8c51,0x8450,
  0x8c51,0x8c71,0x8c51,0x8430,0x8c31,0x8410,0x7bef,0x73ae,0x7bcf,0x73ae,0x73ae,0x73ae,0x7bcf,0x73ae,0x7bcf,0x738e,
  0x738e,0x6b6d,0x6b4d,0x6b4d,0x6b4d,0x6b4d,0x6b4d,0x5b0b,0x630c,0x630c,0x62ec,0x5aeb,0x630c,0x5acb,0x5acb,0x52ca,
  0x52aa,0x528a,0x528a,0x4a49,0x4a49,0x4a69,0x4a49,0x4208,0x4a29,0x4a49,0x4a49,0x4248,0x4a49,0x4a69,0x4a49,0x4228,
  0x4a69,0x4a49,0x526a,0x4a49,0x4a29,0x4208,0x4208,0x3a07,0x4228,0x39c7,0x39c7,0x31c6,0x31a6,0x31a6,0x39c7,0x3186,
  0x3186,0x3186,0x3186,0x2985,0x3186,0x3186,0x3186,0x2945,0x2945,0x2945,0x2965,0x2945,0x2945,0x2124,0x2945,0x2124,
  0x2925,0x2124,0x2925,0x2124,0x2925,0x2104,0x2104,0x1903,0x2104,0x2104,0x2104,0x18e3,0x2104,0x2104,0x2104,0x2104,
  0x2104,0x18e3,0x2104,0x2104,0x2124,0x2104,0x2104,0x18e3,0x2104,0x18e3,0x2104,0x1903,0x2104,0x2104,0x20e4,0x18e3,
  0x18e3,0x10a2,0x10a2,0x10a2,0x18a3,0x1082,0x1082,0x1082,0x1082,0x0861,0x0861,0x0841,0x0841,0x0861,0x18c3,0x18c3,
  0x18e3,0x18c3,0x18c3,0x18c3,0x18e3,0x18c3,0x18e3,0x18c3,0x18e3,0x18c3,0x18e3,0x18c3,0x18c3,0x18c3,0x18c3,0x18c3,
  0x18c3,0x18c3,0x18c3,0x10c2,0x18c3,0x18c3,0x18c3,0x10c2,0x18c3,0x18c3,0x18c3,0x10a2,0x18c3,0x10a2,0x18c3,0x10c2,
  0x18c3,0x10a2,0x18c3,0x10a2,0x18c3,0x10a2,0x18c3,0x10a2,0x18c3,0x10a2,0x18c3,0x10a2,0x18c3,0x10a2,0x18a3,0x10a2,
  0x18a3,0x10a2,0x10a2,0x10a2,0x18a3,0x10a2,0x10a2,0x10a2,0x10a2,0x1082,0x10a2,0x1082,0x10a2,0x1082,0x10a2,0x1082,
  0x10a2,0x1082,0x10a2,0x1082,0x10a2,0x1082,0x10a2,0x1082,0x10a2,0x1082,0x1082,0x1082,0x1082,0x1082,0x1082,0x1082,
  0x1082,0x1082,0x1082,0x1082,0x1082,0x1082,0x1082,0x0881,0x1082,0x1082,0x1082,0x0881,0x1082,0x1082,0x1082,0x0881,
  0x31a6,0x31a6,0x31a6,0x31a6,0x31a6,0x31a6,0x31a6,0x31a6,0x31a6,0x31a6,0x3186,0x31a6,0x31a6,0x31a6,0x3186,0x31a6,
  0x3186,0x31a6,0x3186,0x31a6,0x3186,0x31a6,0x3186,0x31a6,0x31a6,0x31a6,0x3186,0x3186,0x2985,0x31a6,0x3186,0x3186,
  0x2985,0x3186,0x3186,0x3186,0x2985,0x3186,0x3186,0x3186,0x2985,0x3186,0x3186,0x3186,0x2985,0x3186,0x2985,0x3186,
  0x2985,0x3186,0x2985,0x3186,0x2985,0x3186,0x2965,0x3186,0x2965,0x2965,0x2965,0x3166,0x2965,0x2965,0x2965,0x3186,
  0x2965,0x3186,0x2965,0x3166,0x2965,0x2965,0x2965,0x3166,0x2965,0x2965,0x2965,0x2965,0x2965,0x2965,0x2945,0x2965,
  0x2945,0x2965,0x2945,0x2965,0x2945,0x2965,0x2945,0x2945,0x2144,0x2965,0x2945,0x2965,0x2945,0x39e7,0x4a69,0x62ec,
  0x5b0b,0x52aa,0x528a,0x6b4d,0x630c,0x6b6d,0x738e,0x7bcf,0x73ce,0x7bcf,0x73ae,0x7bcf,0x73ae,0x7bef,0x7bef,0x8430,
  0x8430,0x8c51,0x8450,0x8c51,0x8430,0x8c51,0x8430,0x8430,0x8430,0x8c51,0x8c51,0x8c71,0x8450,0x8c51,0x8430,0x8c51,
  0x8430,0x8c51,0x8430,0x8c51,0x8450,0x8c51,0x8430,0x8c31,0x8430,0x8430,0x8430,0x8430,0x8430,0x8430,0x7bef,0x7bef,
  0x7bef,0x7bcf,0x73ae,0x73ae,0x73ae,0x7bcf,0x73ae,0x73ae,0x6b8d,0x738e,0x6b6d,0x6b4d,0x634c,0x6b4d,0x632c,0x630c,
  0x5aeb,0x630c,0x5aeb,0x630c,0x5b0b,0x5aeb,0x5aeb,0x5acb,0x4a69,0x4a69,0x4a49,0x4a49,0x4228,0x4a69,0x4228,0x4228,
  0x4228,0x4228,0x4228,0x4a49,0x4a69,0x4a69,0x4228,0x4a29,0x4248,0x4a49,0x4228,0x4a49,0x4228,0x4228,0x3a07,0x4208,
  0x39e7,0x39e7,0x39e7,0x39c7,0x2985,0x31a6,0x31a6,0x3186,0x2965,0x3186,0x2124,0x2945,0x2965,0x3186,0x2965,0x2945,
  0x2144,0x2945,0x2144,0x2945,0x2124,0x2124,0x2124,0x2925,0x2124,0x2124,0x2124,0x2124,0x2104,0x2104,0x18e3,0x2104,
  0x18e3,0x18e3,0x18e3,0x20e4,0x18e3,0x2104,0x18e3,0x2104,0x18e3,0x18e3,0x18e3,0x2104,0x1903,0x2104,0x2104,0x2104,
  0x1903,0x2104,0x1903,0x2104,0x1903,0x2104,0x18e3,0x18e3,0x18c3,0x18c3,0x10a2,0x18a3,0x10a2,0x10a2,0x0861,0x1062,
  0x0841,0x0861,0x0841,0x0841,0x0020,0x1082,0x18c3,0x18c3,0x10c2,0x18c3,0x10c2,0x18c3,0x10c2,0x18c3,0x18c3,0x18c3,
  0x10c2,0x18c3,0x18c3,0x18c3,0x10c2,0x18c3,0x10c2,0x18c3,0x10c2,0x18c3,0x10a2,0x18c3,0x10a2,0x18c3,0x10a2,0x18c3,
  0x10a2,0x18c3,0x10a2,0x18c3,0x10a2,0x18c3,0x10a2,0x18c3,0x10a2,0x18c3,0x10a2,0x18a3,0x10a2,0x18c3,0x10a2,0x18a3,
  0x10a2,0x10a2,0x10a2,0x18a3,0x10a2,0x10a2,0x10a2,0x10a2,0x10a2,0x10a2,0x10a2,0x10a2,0x1082,0x10a2,0x1082,0x10a2,
  0x1082,0x10a2,0x1082,0x10a2,0x1082,0x10a2,0x1082,0x10a2,0x1082,0x1082,0x1082,0x10a2,0x1082,0x10a2,0x1082,0x1082,
  0x0881,0x1082,0x0881,0x1082,0x0881,0x1082,0x0881,0x1082,0x0881,0x1082,0x0881,0x1082,0x0861,0x1082,0x0861,0x1082,
  0x0861,0x1082,0x0861,0x1082,0x0861,0x1082,0x0861,0x1082,0x39c7,0x31a6,0x39c7,0x31a6,0x39c7,0x31a6,0x39a7,0x31a6,
  0x39a7,0x31a6,0x39c7,0x31a6,0x39a7,0x31a6,0x39a7,0x31a6,0x31a6,0x31a6,0x39a7,0x31a6,0x31a6,0x31a6,0x31a6,0x31a6,
  0x31a6,0x31a6,0x31a6,0x3186,0x31a6,0x3186,0x31a6,0x3186,0x31a6,0x3186,0x31a6,0x3186,0x31a6,0x3186,0x31a6,0x3186,
  0x31a6,0x3186,0x31a6,0x3186,0x31a6,0x3186,0x3186,0x3186,0x3186,0x3186,0x3186,0x3186,0x3186,0x2985,0x3186,0x3186,
  0x3186,0x2965,0x3186,0x2965,0x3186,0x2965,0x3186,0x2965,0x3186,0x2965,0x3166,0x2965,0x3186,0x2965,0x3186,0x2965,
  0x3186,0x3186,0x3186,0x2965,0x3186,0x2965,0x3166,0x2965,0x3166,0x2965,0x3166,0x2965,0x3166,0x2965,0x3166,0x2945,
  0x2965,0x2965,0x2965,0x2945,0x2965,0x39e7,0x528a,0x5acb,0x632c,0x528a,0x52aa,0x6b4d,0x6b4d,0x6b6d,0x738e,0x73ae,
  0x7bef,0x7bef,0x83f0,0x7bef,0x738e,0x7bcf,0x8430,0x8430,0x8c51,0x8c51,0x8c71,0x8430,0x8c51,0x8450,0x8c31,0x8410,
  0x8410,0x8410,0x8c71,0x8c71,0x8c71,0x8c51,0x8c51,0x8c51,0x8c71,0x8450,0x8c51,0x8430,0x8c51,0x8430,0x8c31,0x8430,
  0x8c51,0x8410,0x8430,0x8430,0x8c51,0x8430,0x8c31,0x8410,0x8410,0x7bef,0x8410,0x7bef,0x7bef,0x7bcf,0x7bcf,0x7bcf,
  0x7bcf,0x73ae,0x73ae,0x6b6d,0x6b6d,0x634c,0x6b4d,0x630c,0x632c,0x630c,0x62ec,0x630c,0x630c,0x5aeb,0x630c,0x5acb,
  0x52aa,0x4a69,0x4a69,0x4a49,0x4a49,0x4248,0x4a29,0x4228,0x4a49,0x4228,0x4a29,0x4a49,0x528a,0x4a89,0x4a49,0x4228,
  0x4a69,0x4248,0x4228,0x4208,0x4a49,0x4228,0x4208,0x39e7,0x39e7,0x39c7,0x4208,0x39c7,0x3186,0x3186,0x39a7,0x3186,
  0x31a6,0x2985,0x2945,0x2945,0x3186,0x3186,0x3166,0x2945,0x2945,0x2945,0x2965,0x2945,0x2945,0x2144,0x2945,0x2124,
  0x2124,0x2124,0x2925,0x2124,0x2104,0x18e3,0x2104,0x2104,0x2104,0x18e3,0x2104,0x18e3,0x2104,0x1903,0x2104,0x2104,
  0x2104,0x18e3,0x2104,0x2104,0x2104,0x1903,0x2104,0x2104,0x2104,0x1903,0x2104,0x2104,0x2104,0x18e3,0x2104,0x18e3,
  0x2104,0x18c3,0x18c3,0x18c3,0x18c3,0x10a2,0x1082,0x0861,0x0861,0x0841,0x0861,0x0841,0x0841,0x0881,0x18e3,0x18c3,
  0x18c3,0x18c3,0x18c3,0x18c3,0x18e3,0x18c3,0x18e3,0x18c3,0x18e3,0x18c3,0x18e3,0x18c3,0x18c3,0x18c3,0x18c3,0x18c3,
  0x18c3,0x10c2,0x18c3,0x18c3,0x18c3,0x10c2,0x18c3,0x18c3,0x18c3,0x10c2,0x18c3,0x10a2,0x18c3,0x10a2,0x18c3,0x18c3,
  0x18c3,0x10a2,0x18c3,0x10a2,0x18c3,0x10a2,0x18c3,0x10a2,0x18c3,0x10a2,0x18c3,0x10a2,0x18c3,0x10a2,0x18c3,0x10a2,
  0x10a2,0x10a2,0x18a3,0x10a2,0x10a2,0x10a2,0x18a3,0x10a2,0x10a2,0x1082,0x10a2,0x1082,0x10a2,0x1082,0x10a2,0x1082,
  0x10a2,0x1082,0x10a2,0x1082,0x10a2,0x1082,0x10a2,0x1082,0x10a2,0x1082,0x1082,0x1082,0x1082,0x1082,0x1082,0x1082,
  0x1082,0x1082,0x1082,0x1082,0x1082,0x0881,0x1082,0x1082,0x1082,0x0881,0x1082,0x1082,0x1082,0x0881,0x1082,0x1082,
  0x31a6,0x39a7,0x31a6,0x31a6,0x31a6,0x31a6,0x31a6,0x31a6,0x31a6,0x39a7,0x31a6,0x31a6,0x31a6,0x31a6,0x3186,0x31a6,
  0x3186,0x31a6,0x3186,0x31a6,0x3186,0x31a6,0x3186,0x31a6,0x3186,0x31a6,0x3186,0x31a6,0x3186,0x31a6,0x3186,0x3186,
  0x3186,0x3186,0x2985,0x3186,0x3186,0x31a6,0x3186,0x31a6,0x3186,0x31a6,0x3186,0x3186,0x3186,0x3186,0x2985,0x3186,
  0x2985,0x3186,0x2965,0x3186,0x2965,0x3186,0x2965,0x3186,0x2965,0x3186,0x2985,0x3186,0x2965,0x3166,0x2965,0x3186,
  0x2985,0x3186,0x2965,0x2965,0x2965,0x3186,0x2965,0x3186,0x2965,0x3186,0x2965,0x3186,0x2965,0x3166,0x2965,0x3186,
  0x2965,0x3186,0x2965,0x2965,0x2965,0x3166,0x2965,0x2965,0x2965,0x2965,0x2945,0x2965,0x2965,0x4208,0x528a,0x5aeb,
  0x634c,0x52aa,0x52aa,0x6b4d,0x634c,0x6b4d,0x6b8d,0x7bcf,0x7bcf,0x7bcf,0x7bcf,0x7bef,0x73ae,0x7bef,0x7c0f,0x8430,
  0x8450,0x8c51,0x8430,0x8c51,0x8450,0x8c51,0x8430,0x8430,0x8410,0x8430,0x8450,0x8c71,0x8c51,0x8c51,0x8450,0x8c51,
  0x8430,0x8c31,0x8430,0x8430,0x8410,0x8430,0x8430,0x8c51,0x8450,0x8c51,0x8430,0x8430,0x8430,0x8c51,0x7c0f,0x7bef,
  0x73ae,0x7bef,0x7c0f,0x8410,0x7bcf,0x7bcf,0x7bcf,0x7bcf,0x73ae,0x7bcf,0x738e,0x738e,0x634c,0x632c,0x632c,0x632c,
  0x632c,0x632c,0x5aeb,0x630c,0x5aeb,0x5aeb,0x5aeb,0x5aeb,0x52aa,0x528a,0x4a69,0x4a69,0x4248,0x4a49,0x4208,0x4228,
  0x4248,0x4a29,0x4228,0x4a69,0x4a69,0x4a69,0x4228,0x4a49,0x4a69,0x4a69,0x4228,0x4228,0x4a49,0x4a49,0x39e7,0x39e7,
  0x31a6,0x39c7,0x39c7,0x39c7,0x31a6,0x3186,0x2985,0x31a6,0x3186,0x3186,0x2965,0x2965,0x2985,0x31a6,0x2965,0x2945,
  0x2945,0x2945,0x2124,0x2945,0x2124,0x2945,0x2124,0x2124,0x2104,0x2124,0x2124,0x2124,0x1903,0x2104,0x18e3,0x2104,
  0x18e3,0x2104,0x18e3,0x2104,0x18e3,0x2104,0x18e3,0x2104,0x1903,0x2104,0x18e3,0x2104,0x18e3,0x2104,0x18e3,0x2104,
  0x18e3,0x2104,0x18e3,0x2104,0x18e3,0x2104,0x18e3,0x2104,0x18e3,0x18e3,0x10a2,0x18c3,0x10a2,0x10a2,0x0861,0x0861,
  0x0841,0x0841,0x0040,0x0841,0x0020,0x1082,0x18c3,0x18c3,0x10c2,0x18c3,0x10c2,0x18c3,0x18c3,0x18c3,0x10c2,0x18c3,
  0x18c3,0x18c3,0x10c2,0x18c3,0x10c2,0x18c3,0x10c2,0x18c3,0x10c2,0x18c3,0x10a2,0x18c3,0x10a2,0x18c3,0x10a2,0x18c3,
  0x10a2,0x18c3,0x10a2,0x18c3,0x10a2,0x18c3,0x10a2,0x18c3,0x10a2,0x18c3,0x10a2,0x18c3,0x10a2,0x18c3,0x10a2,0x10a2,
  0x10a2,0x18a3,0x10a2,0x10a2,0x10a2,0x10a2,0x10a2,0x10a2,0x1082,0x10a2,0x10a2,0x10a2,0x1082,0x10a2,0x1082,0x10a2,
  0x1082,0x10a2,0x1082,0x10a2,0x1082,0x10a2,0x1082,0x10a2,0x1082,0x1082,0x0881,0x10a2,0x1082,0x10a2,0x0881,0x1082,
  0x1082,0x1082,0x0881,0x1082,0x0881,0x1082,0x0881,0x1082,0x0881,0x1082,0x0881,0x1082,0x0861,0x1082,0x0861,0x1082,
  0x0861,0x1082,0x0861,0x1082,0x0861,0x1082,0x0861,0x1082,0x39c7,0x31a6,0x39c7,0x31a6,0x39c7,0x31a6,0x39a7,0x31a6,
  0x39a7,0x31a6,0x39c7,0x31a6,0x39a7,0x31a6,0x39a7,0x31a6,0x39a7,0x31a6,0x39a7,0x31a6,0x39a7,0x31a6,0x31a6,0x3186,
  0x31a6,0x3186,0x31a6,0x3186,0x31a6,0x3186,0x31a6,0x3186,0x31a6,0x3186,0x31a6,0x3186,0x31a6,0x3186,0x31a6,0x3186,
  0x31a6,0x3186,0x31a6,0x3186,0x31a6,0x3186,0x31a6,0x3186,0x3186,0x3186,0x3186,0x2985,0x3186,0x3186,0x3186,0x3186,
  0x3186,0x3186,0x31a6,0x2985,0x3186,0x2965,0x3186,0x3186,0x31a6,0x2965,0x3186,0x2965,0x3186,0x3186,0x3186,0x2965,
  0x3166,0x2965,0x2965,0x2965,0x3166,0x2965,0x3166,0x2965,0x3186,0x2965,0x3186,0x2965,0x3166,0x2965,0x3166,0x2965,
  0x3166,0x2965,0x3166,0x2965,0x31a6,0x4208,0x52aa,0x5acb,0x736e,0x52aa,0x5acb,0x632c,0x6b4d,0x6b4d,0x7bcf,0x7bef,
  0x7bef,0x73ae,0x7baf,0x7bcf,0x7bef,0x7bef,0x8410,0x8410,0x8c51,0x8c51,0x8c51,0x8430,0x8c51,0x8430,0x8c31,0x8430,
  0x8c51,0x8410,0x8c31,0x8430,0x8c51,0x8c51,0x8c51,0x8430,0x8430,0x8410,0x8c51,0x8430,0x8430,0x8410,0x8c31,0x8450,
  0x8c71,0x8430,0x8430,0x7c0f,0x8c31,0x8430,0x8410,0x7bcf,0x7bef,0x7bef,0x8410,0x73ce,0x738e,0x738e,0x7bcf,0x73ae,
  0x73ae,0x738e,0x736e,0x6b4d,0x6b2d,0x5aeb,0x630c,0x630c,0x6b2d,0x630c,0x630c,0x630c,0x632c,0x5aeb,0x630c,0x5aeb,
  0x5acb,0x528a,0x528a,0x528a,0x528a,0x4a49,0x4228,0x4228,0x4a69,0x4a49,0x4a49,0x4a69,0x528a,0x528a,0x4a69,0x4a69,
  0x528a,0x4a49,0x4a49,0x4228,0x4a69,0x4228,0x4208,0x4208,0x39c7,0x31a6,0x39c7,0x31a6,0x39c7,0x3186,0x31a6,0x31a6,
  0x3186,0x2965,0x2965,0x2945,0x3186,0x3186,0x2965,0x2945,0x2965,0x2945,0x2945,0x2124,0x2945,0x2124,0x2124,0x2104,
  0x2124,0x2124,0x2945,0x2124,0x2124,0x2104,0x2104,0x18e3,0x2104,0x18e3,0x2104,0x18e3,0x2104,0x18e3,0x2104,0x18e3,
  0x2104,0x2104,0x2104,0x2104,0x2104,0x18e3,0x2104,0x18e3,0x2104,0x18e3,0x2104,0x18e3,0x2104,0x18e3,0x20e4,0x18e3,
  0x2104,0x18c3,0x18c3,0x10c2,0x10a2,0x1082,0x1082,0x0861,0x1082,0x0841,0x0841,0x0841,0x0841,0x1082,0x20e4,0x18c3,
  0x18c3,0x18c3,0x18c3,0x18c3,0x18e3,0x18c3,0x18e3,0x18c3,0x18e3,0x18c3,0x18e3,0x18c3,0x18c3,0x18c3,0x18c3,0x18c3,
  0x18c3,0x18c3,0x18c3,0x10c2,0x18c3,0x18c3,0x18c3,0x10c2,0x18c3,0x18c3,0x18c3,0x10a2,0x18c3,0x10a2,0x18c3,0x10c2,
  0x18c3,0x10a2,0x18c3,0x10a2,0x18c3,0x10a2,0x18c3,0x10a2,0x18c3,0x10a2,0x18c3,0x10a2,0x18c3,0x10a2,0x18c3,0x10a2,
  0x18a3,0x10a2,0x18c3,0x10a2,0x10a2,0x10a2,0x10a2,0x10a2,0x10a2,0x1082,0x10a2,0x1082,0x10a2,0x1082,0x10a2,0x1082,
  0x10a2,0x1082,0x10a2,0x1082,0x10a2,0x1082,0x10a2,0x1082,0x10a2,0x1082,0x1082,0x1082,0x1082,0x1082,0x1082,0x1082,
  0x1082,0x1082,0x1082,0x1082,0x1082,0x1082,0x1082,0x0881,0x1082,0x1082,0x1082,0x0881,0x1082,0x1082,0x1082,0x0881,
  0x31a6,0x39c7,0x31a6,0x39a7,0x31a6,0x31a6,0x31a6,0x39c7,0x31a6,0x31a6,0x31a6,0x39a7,0x31a6,0x31a6,0x3186,0x31a6,
  0x3186,0x31a6,0x3186,0x31a6,0x3186,0x31a6,0x3186,0x31a6,0x3186,0x31a6,0x3186,0x31a6,0x3186,0x3186,0x3186,0x31a6,
  0x3186,0x3186,0x2985,0x3186,0x3186,0x31a6,0x3186,0x31a6,0x3186,0x3186,0x3186,0x31a6,0x3186,0x3186,0x2985,0x3186,
  0x2965,0x3186,0x2965,0x3186,0x2965,0x3186,0x2985,0x3186,0x2965,0x3186,0x2985,0x3186,0x2985,0x3186,0x2965,0x3186,
  0x2965,0x2965,0x2965,0x2965,0x2965,0x2965,0x2965,0x3166,0x2965,0x2965,0x2965,0x2965,0x2965,0x2965,0x2945,0x3166,
  0x2965,0x2965,0x2965,0x3166,0x2965,0x2965,0x2945,0x2965,0x2945,0x2965,0x2965,0x3186,0x31a6,0x4228,0x52aa,0x5aab,
  0x5aeb,0x5aeb,0x52ca,0x5aeb,0x6b4d,0x632c,0x73ae,0x7bcf,0x73ae,0x73ae,0x7bcf,0x8410,0x7bef,0x7bef,0x7bef,0x8410,
  0x8410,0x8430,0x8c51,0x8c51,0x8430,0x8430,0x7bef,0x8c31,0x8c51,0x8430,0x8410,0x8c51,0x8450,0x8410,0x7bef,0x8410,
  0x8430,0x8c71,0x8430,0x8c31,0x8410,0x8410,0x8410,0x8410,0x8c51,0x8430,0x8430,0x8410,0x7bef,0x7bef,0x7bcf,0x83f0,
  0x7c0f,0x7bcf,0x7bef,0x7bef,0x6b6d,0x6b4d,0x7bcf,0x7bcf,0x6b6d,0x738e,0x738e,0x738e,0x632c,0x5aeb,0x630c,0x6b2d,
  0x632c,0x632c,0x630c,0x630c,0x5aeb,0x5aeb,0x5aeb,0x5aeb,0x52aa,0x5acb,0x4a69,0x526a,0x4a69,0x4a49,0x4228,0x4a49,
  0x4248,0x4a49,0x4a49,0x528a,0x4a69,0x4228,0x4a89,0x528a,0x4228,0x4a69,0x4a69,0x4228,0x4228,0x4a49,0x4208,0x41e8,
  0x31c6,0x39e7,0x31a6,0x39a7,0x31a6,0x3186,0x31a6,0x31a6,0x2965,0x3186,0x2965,0x3186,0x2965,0x2945,0x2945,0x2945,
  0x2144,0x2965,0x2945,0x2945,0x2124,0x2124,0x2124,0x2925,0x2104,0x2124,0x2104,0x2104,0x1903,0x2104,0x1903,0x2104,
  0x18e3,0x2104,0x18e3,0x2104,0x18e3,0x18e3,0x18c3,0x18e3,0x18e3,0x2104,0x18e3,0x18e3,0x18e3,0x2104,0x18e3,0x2104,
  0x18e3,0x2104,0x18e3,0x2104,0x18e3,0x2104,0x18c3,0x18e3,0x18e3,0x18c3,0x10a2,0x18a3,0x0881,0x1082,0x0861,0x1082,
  0x0861,0x0861,0x0861,0x0841,0x0020,0x1082,0x18c3,0x18c3,0x10a2,0x18c3,0x10a2,0x18c3,0x10c2,0x18c3,0x10c2,0x18c3,
  0x10c2,0x18c3,0x18c3,0x18c3,0x10c2,0x18c3,0x10c2,0x18c3,0x10c2,0x18c3,0x10a2,0x18c3,0x10c2,0x18c3,0x10c2,0x18c3,
  0x10a2,0x18c3,0x10a2,0x18c3,0x10a2,0x18c3,0x10a2,0x18c3,0x10a2,0x18c3,0x10a2,0x18c3,0x10a2,0x18c3,0x10a2,0x18c3,
  0x10a2,0x18c3,0x10a2,0x18a3,0x10a2,0x10a2,0x10a2,0x10a2,0x10a2,0x10a2,0x1082,0x10a2,0x1082,0x10a2,0x1082,0x10a2,
  0x1082,0x10a2,0x1082,0x10a2,0x1082,0x10a2,0x1082,0x10a2,0x1082,0x10a2,0x1082,0x10a2,0x1082,0x10a2,0x1082,0x1082,
  0x0881,0x1082,0x1082,0x1082,0x0881,0x1082,0x1082,0x1082,0x0881,0x1082,0x1082,0x1082,0x0881,0x1082,0x0881,0x1082,
  0x0861,0x1082,0x0861,0x1082,0x0861,0x1082,0x0861,0x1082,0x39c7,0x31a6,0x39c7,0x31a6,0x39c7,0x31a6,0x39a7,0x31a6,
  0x39c7,0x31a6,0x39a7,0x31a6,0x39a7,0x3186,0x39a7,0x31a6,0x31a6,0x3186,0x31a6,0x3186,0x31a6,0x31a6,0x39a7,0x3186,
  0x31a6,0x3186,0x31a6,0x31a6,0x31a6,0x3186,0x31a6,0x3186,0x31a6,0x3186,0x3186,0x3186,0x31a6,0x3186,0x31a6,0x3186,
  0x31a6,0x3186,0x31a6,0x3186,0x31a6,0x3186,0x3186,0x3186,0x3186,0x2985,0x3186,0x3186,0x3186,0x3186,0x3186,0x3186,
  0x3186,0x2965,0x3186,0x3186,0x3186,0x3186,0x3186,0x3186,0x3186,0x2965,0x3186,0x2965,0x3186,0x2965,0x3186,0x2965,
  0x3186,0x2965,0x3166,0x2965,0x3186,0x2965,0x3166,0x2965,0x3166,0x2965,0x3166,0x2965,0x3166,0x2965,0x2965,0x2965,
  0x2965,0x2945,0x3166,0x2965,0x31a6,0x4208,0x5aab,0x5acb,0x6b6d,0x632c,0x62ec,0x5acb,0x6b4d,0x6b6d,0x7bcf,0x7bcf,
  0x7bcf,0x73ae,0x83f0,0x8410,0x8410,0x7bef,0x8410,0x8410,0x8430,0x8430,0x8c51,0x8c51,0x8c51,0x8430,0x8c51,0x7bef,
  0x7bcf,0x8410,0x8c51,0x8430,0x8410,0x7bef,0x8c51,0x8c51,0x8430,0x8410,0x8430,0x8430,0x8430,0x8430,0x8c51,0x7bef,
  0x8430,0x7bcf,0x8410,0x8410,0x8c51,0x8430,0x83f0,0x7bcf,0x7bcf,0x7bef,0x7bcf,0x738e,0x7bcf,0x7bef,0x73ae,0x73ae,
  0x73ae,0x6b8d,0x738e,0x6b4d,0x632c,0x5aeb,0x630c,0x630c,0x632c,0x632c,0x6b4d,0x632c,0x630c,0x5aeb,0x630c,0x5acb,
  0x5acb,0x52ca,0x528a,0x4a69,0x526a,0x4a49,0x4a69,0x4a49,0x528a,0x4a69,0x526a,0x4a69,0x528a,0x4228,0x528a,0x528a,
  0x4a49,0x4a69,0x528a,0x4228,0x4a29,0x4228,0x4208,0x39e7,0x39e7,0x39e7,0x39c7,0x31a6,0x39a7,0x2965,0x3186,0x2965,
  0x3186,0x2965,0x3166,0x3186,0x3186,0x2965,0x2965,0x2945,0x2945,0x2945,0x2945,0x2945,0x2925,0x2124,0x2925,0x2124,
  0x2124,0x2124,0x2124,0x2104,0x2104,0x1903,0x2104,0x18e3,0x2104,0x18e3,0x2104,0x2104,0x2104,0x18e3,0x20e4,0x18e3,
  0x2104,0x18e3,0x20e4,0x18e3,0x2104,0x1903,0x2104,0x18e3,0x2104,0x18e3,0x2104,0x18e3,0x2104,0x18e3,0x20e4,0x18e3,
  0x20e4,0x18c3,0x18c3,0x10a2,0x10a2,0x1082,0x1082,0x1082,0x1082,0x0861,0x1082,0x0841,0x0841,0x1082,0x20e4,0x18c3,
  0x18c3,0x18c3,0x18c3,0x18c3,0x18c3,0x18c3,0x18c3,0x18c3,0x18c3,0x18c3,0x18e3,0x18c3,0x18c3,0x18c3,0x18c3,0x18c3,
  0x18c3,0x10c2,0x18c3,0x18c3,0x18c3,0x18c3,0x18c3,0x18c3,0x18c3,0x10c2,0x18c3,0x18c3,0x18c3,0x10a2,0x18c3,0x10a2,
  0x18c3,0x10a2,0x18c3,0x10a2,0x18c3,0x10a2,0x18c3,0x10a2,0x18c3,0x10a2,0x18c3,0x10a2,0x18c3,0x10a2,0x18a3,0x10a2,
  0x18a3,0x10a2,0x18a3,0x10a2,0x10a2,0x10a2,0x18a3,0x10a2,0x10a2,0x10a2,0x18a3,0x10a2,0x10a2,0x10a2,0x18a3,0x10a2,
  0x10a2,0x1082,0x10a2,0x1082,0x10a2,0x1082,0x10a2,0x1082,0x10a2,0x1082,0x10a2,0x1082,0x10a2,0x1082,0x10a2,0x1082,
  0x10a2,0x1082,0x10a2,0x1082,0x1082,0x1082,0x1082,0x1082,0x1082,0x0881,0x1082,0x1082,0x1082,0x0881,0x1082,0x1082,
  0x31a6,0x39c7,0x31a6,0x39c7,0x31a6,0x39a7,0x31a6,0x39c7,0x31a6,0x31a6,0x31a6,0x31a6,0x31a6,0x31a6,0x31a6,0x31a6,
  0x31a6,0x31a6,0x3186,0x31a6,0x3186,0x31a6,0x3186,0x31a6,0x3186,0x31a6,0x3186,0x31a6,0x3186,0x3186,0x3186,0x31a6,
  0x3186,0x3186,0x2985,0x3186,0x3186,0x31a6,0x3186,0x31a6,0x3186,0x3186,0x2985,0x3186,0x2985,0x3186,0x2965,0x3186,
  0x2965,0x3186,0x2965,0x3186,0x2985,0x3186,0x2985,0x3186,0x2965,0x3186,0x2965,0x3186,0x2985,0x3186,0x2985,0x3186,
  0x2965,0x3186,0x2965,0x3186,0x2965,0x3186,0x2965,0x3186,0x2965,0x3166,0x2965,0x2965,0x2965,0x3186,0x2965,0x2965,
  0x2965,0x2965,0x2965,0x2965,0x2945,0x2965,0x2945,0x3186,0x2965,0x2965,0x2965,0x2965,0x2985,0x4a49,0x52ca,0x5acb,
  0x632c,0x62ec,0x5acb,0x630c,0x634c,0x738e,0x73ae,0x7bcf,0x7bcf,0x7bef,0x7bef,0x8410,0x7c0f,0x8410,0x7bef,0x8430,
  0x8430,0x8c31,0x8430,0x8c51,0x8430,0x8430,0x8410,0x8410,0x7bef,0x8c31,0x8430,0x8430,0x8410,0x8410,0x8410,0x8410,
  0x7bcf,0x8410,0x7bef,0x8410,0x7bcf,0x8410,0x8410,0x7bef,0x73ce,0x6b6d,0x738e,0x7bcf,0x7bef,0x7bef,0x73ae,0x738e,
  0x73ae,0x7bef,0x73ae,0x738e,0x73ae,0x7bef,0x738e,0x738e,0x6b6d,0x738e,0x6b6d,0x6b6d,0x632c,0x630c,0x630c,0x632c,
  0x630c,0x630c,0x5b0b,0x630c,0x5aeb,0x5aeb,0x5aeb,0x5aeb,0x528a,0x5acb,0x4a89,0x4a69,0x4a49,0x4a49,0x4228,0x4a69,
  0x4a69,0x528a,0x4a49,0x4a49,0x4a69,0x4a49,0x4a69,0x528a,0x4a49,0x528a,0x4a49,0x4a49,0x4228,0x4228,0x3a07,0x39e7,
  0x39e7,0x41e8,0x31c6,0x39c7,0x31a6,0x2965,0x2965,0x3186,0x3186,0x3186,0x2965,0x3186,0x2965,0x2965,0x2144,0x2945,
  0x2124,0x2124,0x2104,0x2124,0x1903,0x2104,0x1903,0x2104,0x2124,0x2124,0x1903,0x2104,0x18e3,0x2104,0x18e3,0x2104,
  0x18e3,0x20e4,0x18e3,0x2104,0x18e3,0x18e3,0x18e3,0x2104,0x18e3,0x18e3,0x18c3,0x18e3,0x1903,0x2104,0x18e3,0x18e3,
  0x18e3,0x2104,0x18e3,0x2104,0x18e3,0x2104,0x18c3,0x18e3,0x18e3,0x18e3,0x10a2,0x18c3,0x10a2,0x10a2,0x1082,0x1082,
  0x1082,0x1082,0x0861,0x0841,0x0020,0x1082,0x18e3,0x18e3,0x18c3,0x18e3,0x10c2,0x18c3,0x10c2,0x18c3,0x10c2,0x18c3,
  0x10c2,0x18c3,0x10c2,0x18c3,0x10c2,0x18c3,0x10c2,0x18c3,0x10c2,0x18c3,0x10a2,0x18c3,0x10c2,0x18c3,0x10c2,0x18c3,
  0x10a2,0x18c3,0x10a2,0x18c3,0x10a2,0x18c3,0x10a2,0x18c3,0x10a2,0x18c3,0x10a2,0x18c3,0x10a2,0x18c3,0x10a2,0x18c3,
  0x10a2,0x18c3,0x10a2,0x10a2,0x10a2,0x18a3,0x10a2,0x10a2,0x10a2,0x10a2,0x10a2,0x10a2,0x1082,0x10a2,0x1082,0x10a2,
  0x1082,0x10a2,0x1082,0x10a2,0x1082,0x10a2,0x1082,0x10a2,0x1082,0x10a2,0x1082,0x10a2,0x1082,0x10a2,0x0881,0x1082,
  0x1082,0x1082,0x0881,0x1082,0x1082,0x1082,0x0881,0x1082,0x1082,0x1082,0x0881,0x1082,0x0881,0x1082,0x0881,0x1082,
  0x0861,0x1082,0x0861,0x1082,0x0861,0x1082,0x0861,0x1082,0x39c7,0x31a6,0x39c7,0x31a6,0x39c7,0x31a6,0x39c7,0x31a6,
  0x39c7,0x31a6,0x39a7,0x31a6,0x39a7,0x3186,0x39a7,0x31a6,0x39a7,0x31a6,0x39a7,0x31a6,0x39a7,0x31a6,0x31a6,0x3186,
  0x31a6,0x3186,0x31a6,0x31a6,0x39a7,0x31a6,0x31a6,0x3186,0x31a6,0x3186,0x31a6,0x3186,0x31a6,0x3186,0x31a6,0x3186,
  0x31a6,0x3186,0x31a6,0x3186,0x3186,0x3186,0x3186,0x3186,0x3186,0x31a6,0x3186,0x2965,0x3186,0x3186,0x31a6,0x3186,
  0x3186,0x2965,0x3186,0x2985,0x3186,0x3186,0x3186,0x2965,0x3186,0x3186,0x3186,0x2965,0x3186,0x2965,0x3186,0x2985,
  0x3186,0x2965,0x3186,0x2965,0x3186,0x2965,0x3166,0x2965,0x3186,0x2965,0x3166,0x2965,0x3166,0x2965,0x3186,0x2985,
  0x3186,0x2965,0x3186,0x2965,0x39a7,0x4a49,0x5acb,0x52aa,0x632c,0x5aeb,0x630c,0x630c,0x6b6d,0x738e,0x73ae,0x7bcf,
  0x8410,0x8410,0x8410,0x7bef,0x8430,0x7bef,0x7bef,0x7bef,0x8430,0x8430,0x8c31,0x8410,0x8c31,0x8410,0x7bef,0x8410,
  0x8c71,0x8410,0x8410,0x8410,0x8410,0x7bef,0x8430,0x7bef,0x7bef,0x7bcf,0x7bcf,0x7bcf,0x73ae,0x738e,0x83f0,0x7bef,
  0x83f0,0x6b4d,0x736e,0x738e,0x738e,0x6b6d,0x738e,0x738e,0x7bef,0x73ae,0x7bef,0x7bef,0x738e,0x6b4d,0x73ae,0x738e,
  0x73ae,0x73ae,0x73ae,0x6b6d,0x6b4d,0x632c,0x632c,0x632c,0x632c,0x5aeb,0x5acb,0x52ca,0x62ec,0x5acb,0x62ec,0x5acb,
  0x52aa,0x52aa,0x528a,0x4a69,0x4a69,0x4a69,0x4a49,0x4a49,0x528a,0x528a,0x526a,0x4a69,0x526a,0x4a49,0x528a,0x528a,
  0x528a,0x528a,0x4a69,0x4228,0x4a29,0x4208,0x4208,0x39e7,0x41e8,0x39c7,0x39e7,0x39c7,0x39a7,0x3186,0x39a7,0x31a6,
  0x39a7,0x3186,0x3186,0x2965,0x2965,0x2945,0x2945,0x2144,0x2945,0x2104,0x2124,0x2104,0x2104,0x2104,0x2124,0x2104,
  0x2925,0x2104,0x2124,0x2104,0x2104,0x18e3,0x2104,0x18e3,0x2104,0x18e3,0x20e4,0x18e3,0x20e4,0x18c3,0x2104,0x2104,
  0x2104,0x18c3,0x18e3,0x18e3,0x2104,0x2104,0x2104,0x18e3,0x2104,0x18e3,0x2104,0x1903,0x2104,0x18e3,0x18e3,0x18e3,
  0x2104,0x18c3,0x18c3,0x10a2,0x18c3,0x10a2,0x10a2,0x1082,0x10a2,0x1082,0x1062,0x0841,0x0841,0x1082,0x20e4,0x18c3,
  0x18e3,0x18c3,0x18e3,0x18c3,0x18e3,0x18c3,0x18e3,0x18c3,0x18e3,0x18c3,0x18e3,0x18c3,0x18c3,0x18c3,0x18c3,0x18c3,
  0x18c3,0x18c3,0x18c3,0x10c2,0x18c3,0x18c3,0x18c3,0x18c3,0x18c3,0x18c3,0x18c3,0x10c2,0x18c3,0x10a2,0x18c3,0x10a2,
  0x18c3,0x10a2,0x18c3,0x10a2,0x18c3,0x10a2,0x18c3,0x10a2,0x18c3,0x10a2,0x18c3,0x10a2,0x18c3,0x10a2,0x18c3,0x10a2,
  0x18a3,0x10a2,0x18a3,0x10a2,0x18a3,0x10a2,0x10a2,0x10a2,0x18a3,0x10a2,0x10a2,0x10a2,0x18a3,0x10a2,0x10a2,0x10a2,
  0x10a2,0x1082,0x10a2,0x1082,0x10a2,0x1082,0x10a2,0x1082,0x10a2,0x1082,0x10a2,0x1082,0x10a2,0x1082,0x10a2,0x1082,
  0x10a2,0x1082,0x10a2,0x1082,0x1082,0x1082,0x1082,0x1082,0x1082,0x1082,0x1082,0x0881,0x1082,0x1082,0x1082,0x0881,
  0x31a6,0x31a6,0x31a6,0x39c7,0x31a6,0x39c7,0x31a6,0x39c7,0x31a6,0x31a6,0x31a6,0x39a7,0x31a6,0x31a6,0x31a6,0x39a7,
  0x31a6,0x31a6,0x31a6,0x31a6,0x31a6,0x31a6,0x3186,0x31a6,0x3186,0x31a6,0x3186,0x31a6,0x3186,0x31a6,0x3186,0x31a6,
  0x3186,0x31a6,0x3186,0x31a6,0x3186,0x31a6,0x3186,0x31a6,0x3186,0x3186,0x3186,0x31a6,0x3186,0x3186,0x3186,0x3186,
  0x2985,0x31a6,0x2985,0x3186,0x2985,0x3186,0x3186,0x3186,0x2965,0x3186,0x3186,0x3186,0x2985,0x3186,0x2965,0x3186,
  0x2965,0x3186,0x2965,0x3186,0x2965,0x3186,0x2965,0x3186,0x2965,0x3186,0x2965,0x3166,0x2965,0x2965,0x2965,0x3186,
  0x2965,0x3186,0x2965,0x3186,0x2965,0x2965,0x2965,0x3166,0x2965,0x2965,0x2965,0x2965,0x31a6,0x4a49,0x528a,0x5acb,
  0x630c,0x632c,0x630c,0x630c,0x634c,0x738e,0x6b8d,0x7bcf,0x7c0f,0x8430,0x8410,0x8410,0x8410,0x8410,0x7bcf,0x7bef,
  0x7bef,0x8430,0x8430,0x83f0,0x7bef,0x8410,0x8410,0x8410,0x7c0f,0x8410,0x8410,0x8430,0x7bef,0x8430,0x8c51,0x8410,
  0x73ae,0x73ae,0x73ae,0x7bcf,0x6b6d,0x6b6d,0x6b6d,0x6b4d,0x6b6d,0x6b6d,0x6b6d,0x7bcf,0x6b8d,0x6b6d,0x73ae,0x7bcf,
  0x73ce,0x738e,0x738e,0x7baf,0x6b6d,0x6b6d,0x6b6d,0x7baf,0x73ae,0x73ae,0x6b4d,0x6b2d,0x630c,0x632c,0x630c,0x630c,
  0x630c,0x630c,0x5acb,0x5acb,0x52ca,0x5acb,0x5acb,0x5aeb,0x528a,0x52aa,0x528a,0x528a,0x4a49,0x528a,0x4a49,0x4a49,
  0x4a49,0x4a69,0x4a69,0x528a,0x4a69,0x4a69,0x4a69,0x528a,0x4a89,0x528a,0x4a49,0x4a49,0x4208,0x4208,0x39e7,0x4208,
  0x39e7,0x39c7,0x39c7,0x41e8,0x31a6,0x3186,0x31a6,0x39a7,0x2965,0x2965,0x2945,0x2945,0x2144,0x2945,0x2104,0x2124,
  0x2124,0x2124,0x2104,0x2104,0x18e3,0x2104,0x1903,0x2104,0x1903,0x2104,0x1903,0x2104,0x18e3,0x18e3,0x18e3,0x2104,
  0x18e3,0x18e3,0x18c3,0x18e3,0x18c3,0x18c3,0x18e3,0x2104,0x18e3,0x18e3,0x18c3,0x18e3,0x18e3,0x18e3,0x18e3,0x2104,
  0x18e3,0x2104,0x1903,0x2104,0x1903,0x18e3,0x18c3,0x18e3,0x18e3,0x18e3,0x10a2,0x18c3,0x10a2,0x10a2,0x0881,0x1082,
  0x0881,0x1082,0x0841,0x0841,0x0020,0x1082,0x18c3,0x18c3,0x10c2,0x18e3,0x10c2,0x18c3,0x10c2,0x18c3,0x18c3,0x18c3,
  0x10c2,0x18c3,0x18c3,0x18c3,0x10c2,0x18c3,0x10c2,0x18c3,0x10c2,0x18c3,0x10c2,0x18c3,0x10a2,0x18c3,0x10a2,0x18c3,
  0x10a2,0x18c3,0x10a2,0x18c3,0x10a2,0x18c3,0x10a2,0x18c3,0x10a2,0x18c3,0x10a2,0x18c3,0x10a2,0x18c3,0x10a2,0x18c3,
  0x10a2,0x18c3,0x10a2,0x18a3,0x10a2,0x10a2,0x10a2,0x18a3,0x10a2,0x10a2,0x10a2,0x10a2,0x10a2,0x10a2,0x10a2,0x10a2,
  0x10a2,0x10a2,0x10a2,0x10a2,0x1082,0x10a2,0x1082,0x10a2,0x1082,0x10a2,0x1082,0x10a2,0x1082,0x10a2,0x1082,0x1082,
  0x0881,0x1082,0x1082,0x1082,0x0881,0x1082,0x1082,0x1082,0x0881,0x1082,0x1082,0x1082,0x0881,0x1082,0x0881,0x1082,
  0x0861,0x1082,0x0861,0x1082,0x0861,0x1082,0x0861,0x1082,0x39a7,0x31a6,0x39c7,0x31a6,0x39c7,0x31a6,0x39c7,0x31a6,
  0x39c7,0x31a6,0x39a7,0x31a6,0x39a7,0x3186,0x39a7,0x31a6,0x39a7,0x31a6,0x39a7,0x31a6,0x39a7,0x31a6,0x39a7,0x3186,
  0x31a6,0x3186,0x31a6,0x31a6,0x31a6,0x31a6,0x31a6,0x3186,0x31a6,0x3186,0x31a6,0x31a6,0x31a6,0x3186,0x31a6,0x3186,
  0x31a6,0x3186,0x31a6,0x31a6,0x31a6,0x3186,0x31a6,0x3186,0x31a6,0x3186,0x3186,0x3186,0x3186,0x2985,0x3186,0x3186,
  0x3186,0x3186,0x31a6,0x3186,0x3186,0x3186,0x3186,0x2965,0x3186,0x2985,0x3186,0x2965,0x3186,0x2965,0x3186,0x3186,
  0x3186,0x2965,0x3186,0x2965,0x3186,0x2985,0x3186,0x2965,0x3186,0x2965,0x3186,0x2965,0x3186,0x2965,0x3166,0x2965,
  0x2965,0x2965,0x3166,0x2945,0x39a7,0x4a49,0x62ec,0x5acb,0x5aeb,0x630c,0x6b2d,0x5aeb,0x738e,0x6b6d,0x738e,0x7bcf,
  0x8430,0x8430,0x8430,0x8410,0x8430,0x8410,0x8410,0x7bef,0x8c31,0x8c51,0x8c51,0x7bef,0x7bcf,0x7bef,0x8c51,0x8410,
  0x7bef,0x8430,0x83f0,0x73ae,0x7bef,0x73ae,0x738e,0x5aeb,0x5aeb,0x5aeb,0x5aeb,0x630c,0x632c,0x632c,0x6b4d,0x630c,
  0x6b6d,0x6b4d,0x6b6d,0x73ae,0x73ae,0x6b6d,0x7bcf,0x6b6d,0x736e,0x6b6d,0x6b4d,0x632c,0x6b6d,0x6b8d,0x6b4d,0x738e,
  0x73ae,0x6b6d,0x632c,0x630c,0x6b4d,0x6b6d,0x630c,0x5acb,0x630c,0x5b0b,0x62ec,0x5acb,0x5acb,0x528a,0x5acb,0x5acb,
  0x5aab,0x52aa,0x528a,0x4a69,0x4a69,0x4a69,0x4a49,0x4228,0x4a49,0x4a49,0x4a69,0x4a69,0x4a69,0x4a89,0x528a,0x4a69,
  0x528a,0x4a69,0x4a69,0x4a69,0x4a69,0x4208,0x4208,0x4208,0x4208,0x39c7,0x39e7,0x39e7,0x39c7,0x3186,0x39c7,0x3186,
  0x2965,0x2945,0x2945,0x2124,0x2965,0x2945,0x2124,0x2104,0x2124,0x18e3,0x2104,0x18e3,0x18e3,0x18c3,0x18e3,0x18e3,
  0x18e3,0x18e3,0x2104,0x18e3,0x20e4,0x18e3,0x18e3,0x18e3,0x18e3,0x10c2,0x18c3,0x18c3,0x18c3,0x10a2,0x18c3,0x18c3,
  0x18e3,0x18e3,0x2104,0x18e3,0x2104,0x18e3,0x2104,0x18e3,0x2104,0x1903,0x2104,0x2104,0x2104,0x18e3,0x20e4,0x18e3,
  0x2104,0x18e3,0x18c3,0x18c3,0x18c3,0x10a2,0x1082,0x1082,0x10a2,0x0861,0x0841,0x0841,0x0841,0x0881,0x18e3,0x18c3,
  0x18c3,0x18c3,0x18e3,0x18c3,0x18e3,0x18c3,0x18e3,0x18c3,0x18e3,0x18c3,0x18e3,0x18c3,0x18c3,0x18c3,0x18c3,0x18c3,
  0x18c3,0x18c3,0x18c3,0x18c3,0x18c3,0x10c2,0x18c3,0x18c3,0x18c3,0x10c2,0x18c3,0x18c3,0x18c3,0x10a2,0x18c3,0x10a2,
  0x18c3,0x10a2,0x18c3,0x10a2,0x18c3,0x10a2,0x18c3,0x10a2,0x18c3,0x10a2,0x18c3,0x10a2,0x18c3,0x10a2,0x18c3,0x10a2,
  0x18c3,0x10a2,0x18c3,0x10a2,0x18a3,0x10a2,0x18a3,0x10a2,0x18a3,0x10a2,0x18a3,0x10a2,0x10a2,0x10a2,0x18a3,0x10a2,
  0x10a2,0x1082,0x10a2,0x1082,0x10a2,0x1082,0x10a2,0x1082,0x10a2,0x1082,0x10a2,0x1082,0x10a2,0x1082,0x10a2,0x1082,
  0x10a2,0x1082,0x10a2,0x1082,0x1082,0x1082,0x1082,0x1082,0x1082,0x0881,0x1082,0x1082,0x1082,0x0881,0x1082,0x1082,
  0x31a6,0x31a6,0x31a6,0x31a6,0x31a6,0x39c7,0x31a6,0x39c7,0x31a6,0x31a6,0x31a6,0x31a6,0x31a6,0x31a6,0x31a6,0x31a6,
  0x31a6,0x31a6,0x3186,0x31a6,0x3186,0x31a6,0x3186,0x31a6,0x3186,0x31a6,0x3186,0x31a6,0x3186,0x31a6,0x3186,0x31a6,
  0x3186,0x31a6,0x3186,0x31a6,0x3186,0x31a6,0x3186,0x31a6,0x3186,0x3186,0x2985,0x31a6,0x3186,0x3186,0x2985,0x3186,
  0x2985,0x3186,0x2985,0x3186,0x2965,0x3186,0x2965,0x3186,0x3186,0x3186,0x2965,0x3186,0x2985,0x3186,0x2985,0x3186,
  0x2965,0x3186,0x2965,0x3186,0x2965,0x3186,0x2965,0x3186,0x2965,0x3186,0x2965,0x3186,0x2965,0x3186,0x2965,0x2965,
  0x2965,0x3166,0x2965,0x2965,0x2965,0x2965,0x2965,0x2965,0x2945,0x2965,0x2945,0x2945,0x31a6,0x4228,0x5acb,0x630c,
  0x5acb,0x6b4d,0x632c,0x528a,0x632c,0x73ae,0x738e,0x7bcf,0x7c0f,0x8430,0x8430,0x8c51,0x7bef,0x83f0,0x7bcf,0x8410,
  0x8430,0x8c51,0x7c0f,0x7bef,0x73ae,0x73ae,0x738e,0x7bef,0x7bef,0x7bcf,0x6b6d,0x6b6d,0x5aeb,0x5acb,0x5acb,0x52aa,
  0x4a89,0x52aa,0x4a49,0x4a69,0x528a,0x5aeb,0x5aeb,0x52aa,0x5aeb,0x630c,0x52aa,0x6b4d,0x632c,0x630c,0x632c,0x5acb,
  0x630c,0x632c,0x632c,0x630c,0x5aeb,0x632c,0x6b6d,0x738e,0x6b8d,0x6b6d,0x632c,0x632c,0x632c,0x630c,0x5b0b,0x630c,
  0x5acb,0x5acb,0x52ca,0x5acb,0x528a,0x4a69,0x528a,0x5acb,0x528a,0x528a,0x4a69,0x4a69,0x4a49,0x526a,0x4248,0x4a49,
  0x4248,0x4a49,0x4a49,0x4a69,0x4a49,0x528a,0x4a69,0x4a69,0x4a69,0x4a69,0x4248,0x528a,0x4a49,0x4208,0x39c7,0x39e7,
  0x39c7,0x39c7,0x31a6,0x39e7,0x39c7,0x31a6,0x3186,0x3186,0x2985,0x3186,0x2144,0x2124,0x2124,0x2124,0x18e3,0x2104,
  0x2124,0x18e3,0x18e3,0x18e3,0x10c2,0x18c3,0x10a2,0x18c3,0x10a2,0x18c3,0x18e3,0x18e3,0x18e3,0x18e3,0x10a2,0x18c3,
  0x10a2,0x10a2,0x1082,0x10a2,0x10a2,0x18a3,0x10a2,0x10a2,0x10a2,0x18e3,0x18e3,0x2104,0x18e3,0x18e3,0x18e3,0x18e3,
  0x18e3,0x2104,0x18e3,0x2104,0x1903,0x20e4,0x18c3,0x18e3,0x18e3,0x18e3,0x10c2,0x18c3,0x18c3,0x10a2,0x0881,0x1082,
  0x1082,0x1082,0x0040,0x0841,0x0020,0x1082,0x18c3,0x18c3,0x18c3,0x18e3,0x10c2,0x18c3,0x18c3,0x18c3,0x10c2,0x18c3,
  0x18c3,0x18c3,0x10c2,0x18c3,0x10c2,0x18c3,0x10c2,0x18c3,0x10c2,0x18c3,0x10c2,0x18c3,0x10a2,0x18c3,0x10a2,0x18c3,
  0x10a2,0x18c3,0x10a2,0x18c3,0x10a2,0x18c3,0x10a2,0x18c3,0x10a2,0x18c3,0x10a2,0x18c3,0x10a2,0x18c3,0x10a2,0x18c3,
  0x10a2,0x18c3,0x10a2,0x10a2,0x10a2,0x18a3,0x10a2,0x10a2,0x10a2,0x18a3,0x10a2,0x10a2,0x10a2,0x10a2,0x10a2,0x10a2,
  0x10a2,0x10a2,0x10a2,0x10a2,0x1082,0x10a2,0x1082,0x10a2,0x1082,0x10a2,0x1082,0x10a2,0x1082,0x10a2,0x0881,0x1082,
  0x1082,0x1082,0x0881,0x1082,0x1082,0x1082,0x0881,0x1082,0x1082,0x1082,0x0881,0x1082,0x0881,0x1082,0x0881,0x1082,
  0x0861,0x1082,0x0861,0x1082,0x0861,0x1082,0x0861,0x1082,0x39c7,0x31a6,0x39c7,0x31a6,0x39c7,0x31a6,0x39c7,0x31c6,
  0x39c7,0x31a6,0x39c7,0x31a6,0x39c7,0x31a6,0x39c7,0x31a6,0x39a7,0x31a6,0x39c7,0x31a6,0x39a7,0x3186,0x31a6,0x31a6,
  0x39a7,0x31a6,0x31a6,0x31a6,0x31a6,0x3186,0x31a6,0x3186,0x31a6,0x3186,0x31a6,0x3186,0x31a6,0x3186,0x31a6,0x31a6,
  0x39a7,0x3186,0x31a6,0x3186,0x31a6,0x3186,0x31a6,0x3186,0x31a6,0x3186,0x31a6,0x3186,0x3186,0x3186,0x3186,0x2985,
  0x3186,0x3186,0x3186,0x2985,0x3186,0x3186,0x3186,0x3186,0x31a6,0x3186,0x3186,0x2985,0x3186,0x2965,0x3186,0x2965,
  0x3186,0x2965,0x3186,0x2965,0x3186,0x2965,0x3186,0x2965,0x3186,0x2965,0x3166,0x2965,0x3166,0x2965,0x3186,0x2965,
  0x3186,0x2965,0x3166,0x2945,0x39a7,0x4a69,0x52aa,0x52aa,0x630c,0x632c,0x6b4d,0x52aa,0x62ec,0x738e,0x6b4d,0x7bcf,
  0x8430,0x8410,0x8c51,0x8410,0x7bef,0x7bef,0x8410,0x7bef,0x8410,0x8410,0x7bef,0x73ae,0x7bef,0x7bef,0x7bcf,0x7bcf,
  0x6b2d,0x52aa,0x632c,0x5acb,0x5acb,0x630c,0x5acb,0x4208,0x4a49,0x52aa,0x5aeb,0x52ca,0x5acb,0x528a,0x526a,0x4a69,
  0x528a,0x52aa,0x5acb,0x52aa,0x4a69,0x52aa,0x5aeb,0x5acb,0x52aa,0x5acb,0x52aa,0x4a49,0x528a,0x5aeb,0x632c,0x632c,
  0x6b2d,0x632c,0x6b4d,0x634c,0x6b2d,0x5aeb,0x630c,0x5aeb,0x5aab,0x5acb,0x5acb,0x52aa,0x528a,0x528a,0x52aa,0x52aa,
  0x5acb,0x528a,0x4a49,0x4a69,0x528a,0x4228,0x4a49,0x4a69,0x4a29,0x4208,0x4a49,0x4a69,0x4a69,0x52aa,0x52aa,0x4a69,
  0x528a,0x528a,0x528a,0x52aa,0x4a29,0x4208,0x4208,0x39c7,0x41e8,0x39e7,0x4208,0x31c6,0x3186,0x31a6,0x39a7,0x2945,
  0x3166,0x2965,0x2124,0x2104,0x2104,0x18e3,0x18e3,0x18e3,0x20e4,0x18c3,0x18c3,0x10a2,0x18a3,0x1082,0x10a2,0x10a2,
  0x1082,0x1082,0x18c3,0x10c2,0x18c3,0x10a2,0x10a2,0x1082,0x10a2,0x1082,0x1082,0x1082,0x10a2,0x10a2,0x10a2,0x1082,
  0x18c3,0x18c3,0x20e4,0x18e3,0x2104,0x18e3,0x18e3,0x18e3,0x20e4,0x18e3,0x2104,0x1903,0x2104,0x2104,0x2104,0x18e3,
  0x2104,0x18e3,0x18c3,0x10a2,0x18e3,0x10a2,0x1082,0x0881,0x10a2,0x1082,0x0861,0x0841,0x0841,0x1082,0x18e3,0x18c3,
  0x18e3,0x18c3,0x18e3,0x18c3,0x18e3,0x18c3,0x18e3,0x18c3,0x18e3,0x18c3,0x18e3,0x18c3,0x18e3,0x18c3,0x18c3,0x18c3,
  0x18c3,0x18c3,0x18c3,0x18c3,0x18c3,0x18c3,0x18c3,0x10c2,0x18c3,0x18c3,0x18c3,0x18c3,0x18c3,0x18c3,0x18c3,0x10c2,
  0x18c3,0x18c3,0x18c3,0x10c2,0x18c3,0x10a2,0x18c3,0x10a2,0x18c3,0x10a2,0x18c3,0x10a2,0x18c3,0x10a2,0x18c3,0x10a2,
  0x18c3,0x10a2,0x10a2,0x10a2,0x18a3,0x10a2,0x18a3,0x10a2,0x18a3,0x10a2,0x10a2,0x1082,0x18a3,0x10a2,0x10a2,0x10a2,
  0x10a2,0x1082,0x10a2,0x1082,0x10a2,0x1082,0x10a2,0x1082,0x10a2,0x1082,0x10a2,0x1082,0x10a2,0x1082,0x10a2,0x1082,
  0x1082,0x1082,0x1082,0x1082,0x1082,0x1082,0x1082,0x1082,0x1082,0x1082,0x1082,0x0881,0x1082,0x1082,0x1082,0x0881,
  0x31a6,0x39c7,0x31a6,0x39c7,0x31a6,0x31a6,0x31a6,0x39c7,0x31a6,0x39c7,0x31a6,0x39a7,0x31a6,0x31a6,0x31a6,0x31a6,
  0x3186,0x31a6,0x31a6,0x39c7,0x3186,0x31a6,0x3186,0x31a6,0x31a6,0x31a6,0x3186,0x31a6,0x3186,0x3186,0x3186,0x31a6,
  0x3186,0x31a6,0x3186,0x31a6,0x2985,0x3186,0x3186,0x31a6,0x3186,0x3186,0x3186,0x3186,0x2985,0x3186,0x3186,0x3186,
  0x2985,0x3186,0x2985,0x3186,0x2985,0x3186,0x2965,0x3186,0x2965,0x3186,0x2985,0x3186,0x2965,0x3186,0x2965,0x3186,
  0x2985,0x3186,0x2985,0x3186,0x2985,0x3186,0x2985,0x3186,0x2965,0x3186,0x2965,0x3186,0x2965,0x2965,0x2965,0x3186,
  0x2965,0x2965,0x2965,0x2965,0x2965,0x2965,0x2965,0x2965,0x2965,0x2965,0x2945,0x2945,0x3186,0x4a69,0x528a,0x5acb,
  0x5b0b,0x632c,0x5aeb,0x5aab,0x52aa,0x738e,0x738e,0x8430,0x7c0f,0x7bef,0x8410,0x8430,0x7bcf,0x7bef,0x7bcf,0x7bef,
  0x7c0f,0x8430,0x7bef,0x8430,0x73ae,0x7bef,0x73ae,0x630c,0x738e,0x630c,0x5acb,0x5acb,0x52aa,0x52aa,0x528a,0x528a,
  0x4a49,0x4a49,0x4a69,0x4a49,0x4228,0x4228,0x4a69,0x52aa,0x4a89,0x528a,0x4a49,0x4a29,0x4228,0x52aa,0x4a49,0x4208,
  0x4228,0x4a69,0x4a69,0x4a49,0x4228,0x4228,0x4228,0x5acb,0x5b0b,0x630c,0x52aa,0x5acb,0x630c,0x630c,0x52aa,0x5aeb,
  0x5acb,0x52aa,0x4a69,0x5aeb,0x4a89,0x4a69,0x528a,0x528a,0x52aa,0x528a,0x4248,0x4a69,0x4a49,0x4228,0x39e7,0x4a49,
  0x4228,0x4a49,0x4248,0x4a49,0x4228,0x528a,0x528a,0x528a,0x4a89,0x52aa,0x4a69,0x528a,0x4248,0x39e7,0x39e7,0x4208,
  0x31a6,0x3186,0x31a6,0x3186,0x2144,0x3186,0x2965,0x2104,0x18e3,0x18e3,0x10a2,0x18a3,0x1082,0x1082,0x1082,0x1082,
  0x0881,0x10a2,0x1082,0x1082,0x0861,0x1082,0x0861,0x1082,0x0861,0x1082,0x0861,0x1082,0x0881,0x1082,0x0861,0x0861,
  0x0841,0x0861,0x0841,0x0861,0x0861,0x1082,0x0861,0x1082,0x0881,0x10a2,0x10a2,0x18c3,0x10c2,0x18c3,0x18c3,0x18e3,
  0x18e3,0x2104,0x1903,0x2104,0x1903,0x2104,0x18e3,0x18e3,0x18e3,0x18e3,0x10a2,0x18a3,0x10a2,0x10a2,0x1082,0x1082,
  0x0861,0x1082,0x0841,0x0841,0x0020,0x1082,0x18c3,0x18c3,0x10c2,0x18e3,0x18c3,0x18c3,0x10c2,0x18c3,0x18c3,0x18c3,
  0x10c2,0x18c3,0x18c3,0x18c3,0x10c2,0x18c3,0x10c2,0x18c3,0x10c2,0x18c3,0x10c2,0x18c3,0x10a2,0x18c3,0x10a2,0x18c3,
  0x10c2,0x18c3,0x10c2,0x18c3,0x10c2,0x18c3,0x10c2,0x18c3,0x10a2,0x18c3,0x10a2,0x18c3,0x10a2,0x18c3,0x10a2,0x18c3,
  0x10a2,0x18c3,0x10a2,0x18c3,0x10a2,0x18c3,0x10a2,0x18a3,0x10a2,0x10a2,0x10a2,0x10a2,0x1082,0x10a2,0x10a2,0x10a2,
  0x1082,0x10a2,0x1082,0x10a2,0x1082,0x10a2,0x1082,0x10a2,0x1082,0x10a2,0x1082,0x10a2,0x1082,0x10a2,0x1082,0x1082,
  0x0881,0x1082,0x1082,0x1082,0x0881,0x1082,0x1082,0x1082,0x0881,0x1082,0x0881,0x1082,0x0881,0x1082,0x0881,0x1082,
  0x0881,0x1082,0x0861,0x1082,0x0861,0x1082,0x0861,0x1082,0x39c7,0x31a6,0x39c7,0x31a6,0x39c7,0x31a6,0x39c7,0x39c7,
  0x39c7,0x31a6,0x39c7,0x31a6,0x39c7,0x31a6,0x39a7,0x31a6,0x39a7,0x31a6,0x39c7,0x31a6,0x39a7,0x31a6,0x39a7,0x31a6,
  0x39a7,0x31a6,0x39a7,0x31a6,0x31a6,0x3186,0x31a6,0x31a6,0x31a6,0x31a6,0x39a7,0x31a6,0x31a6,0x3186,0x31a6,0x3186,
  0x31a6,0x3186,0x31a6,0x3186,0x31a6,0x3186,0x31a6,0x3186,0x31a6,0x3186,0x3186,0x3186,0x3186,0x3186,0x3186,0x3186,
  0x3186,0x2985,0x3186,0x2965,0x3186,0x2965,0x3186,0x3186,0x3186,0x2985,0x3186,0x3186,0x3186,0x3186,0x3186,0x3186,
  0x3186,0x3186,0x3186,0x3186,0x3186,0x2965,0x3166,0x2965,0x3186,0x2965,0x3186,0x2965,0x3166,0x2965,0x3186,0x2965,
  0x3186,0x2965,0x3186,0x2965,0x31a6,0x4a49,0x5aab,0x5aeb,0x6b4d,0x632c,0x630c,0x5acb,0x5aeb,0x6b6d,0x7baf,0x7bcf,
  0x8410,0x8410,0x8c31,0x8410,0x7bef,0x7bef,0x7bef,0x7bcf,0x8410,0x8410,0x7bef,0x7bef,0x8410,0x73ae,0x6b4d,0x73ae,
  0x632c,0x5acb,0x5aeb,0x4a69,0x528a,0x528a,0x52aa,0x4a69,0x528a,0x4a49,0x4a69,0x4a49,0x4228,0x3a07,0x4a29,0x4208,
  0x4208,0x4a49,0x4a69,0x4a49,0x4a49,0x39c7,0x31a6,0x2945,0x3186,0x3186,0x39a7,0x31a6,0x3186,0x2965,0x39c7,0x31a6,
  0x39e7,0x4a49,0x630c,0x5aeb,0x526a,0x4a69,0x4a49,0x4228,0x4a29,0x4248,0x4a49,0x4a49,0x4a49,0x4a69,0x528a,0x4a69,
  0x528a,0x528a,0x4a69,0x4a49,0x4a49,0x3a07,0x41e8,0x4228,0x4228,0x4248,0x4a49,0x4228,0x4a49,0x4a69,0x52aa,0x528a,
  0x5aab,0x52aa,0x528a,0x39e7,0x4a49,0x3a07,0x39c7,0x39c7,0x3186,0x2985,0x39a7,0x2965,0x2945,0x2144,0x2945,0x2104,
  0x18c3,0x1082,0x1082,0x0861,0x0861,0x0841,0x0861,0x0861,0x1062,0x0861,0x1082,0x0861,0x1082,0x0861,0x1062,0x0841,
  0x0861,0x0861,0x1062,0x0861,0x0861,0x0861,0x0861,0x0841,0x0861,0x0841,0x0861,0x0841,0x0861,0x0861,0x1062,0x0861,
  0x1082,0x1082,0x10a2,0x10a2,0x18a3,0x10a2,0x18c3,0x18c3,0x20e4,0x18e3,0x2104,0x2104,0x2104,0x18e3,0x2104,0x18e3,
  0x20e4,0x18c3,0x18c3,0x10a2,0x10a2,0x10a2,0x18a3,0x0861,0x1062,0x0861,0x1062,0x0841,0x0841,0x0881,0x18e3,0x18c3,
  0x18e3,0x18c3,0x18e3,0x18c3,0x18e3,0x18c3,0x18e3,0x18c3,0x18e3,0x18c3,0x18e3,0x18c3,0x18e3,0x18c3,0x18c3,0x18c3,
  0x18c3,0x18c3,0x18c3,0x18c3,0x18c3,0x10c2,0x18c3,0x18c3,0x18c3,0x18c3,0x18c3,0x18c3,0x18c3,0x18c3,0x18c3,0x18c3,
  0x18c3,0x10c2,0x18c3,0x18c3,0x18c3,0x10a2,0x18c3,0x10a2,0x18c3,0x10a2,0x18c3,0x10a2,0x18c3,0x10a2,0x18c3,0x10a2,
  0x18c3,0x10a2,0x18a3,0x10a2,0x18a3,0x10a2,0x18a3,0x10a2,0x10a2,0x10a2,0x10a2,0x1082,0x10a2,0x10a2,0x18a3,0x10a2,
  0x10a2,0x1082,0x10a2,0x1082,0x10a2,0x1082,0x10a2,0x1082,0x10a2,0x1082,0x10a2,0x1082,0x10a2,0x1082,0x10a2,0x1082,
  0x1082,0x1082,0x1082,0x1082,0x1082,0x1082,0x1082,0x1082,0x1082,0x0881,0x1082,0x1082,0x1082,0x0881,0x1082,0x1082,
  0x31a6,0x39c7,0x31a6,0x39c7,0x31a6,0x39c7,0x31a6,0x39c7,0x31a6,0x39c7,0x31a6,0x31a6,0x31a6,0x39a7,0x31a6,0x31a6,
  0x31a6,0x31a6,0x31a6,0x31a6,0x31a6,0x31a6,0x3186,0x31a6,0x31a6,0x31a6,0x31a6,0x31a6,0x3186,0x31a6,0x3186,0x31a6,
  0x31a6,0x31a6,0x31a6,0x31a6,0x3186,0x31a6,0x3186,0x31a6,0x3186,0x31a6,0x3186,0x3186,0x3186,0x3186,0x2985,0x3186,
  0x3186,0x3186,0x2985,0x3186,0x2985,0x3186,0x2985,0x3186,0x2965,0x3186,0x2965,0x3186,0x2965,0x3186,0x2965,0x3186,
  0x2965,0x3186,0x2965,0x3186,0x2965,0x3186,0x2965,0x3186,0x2985,0x3186,0x2965,0x3186,0x2965,0x3166,0x2965,0x3186,
  0x2965,0x3166,0x2965,0x2965,0x2965,0x3166,0x2965,0x2965,0x2965,0x3166,0x2965,0x3186,0x3186,0x4a49,0x52ca,0x632c,
  0x6b4d,0x6b6d,0x5aeb,0x5aeb,0x5aeb,0x6b4d,0x738e,0x73ae,0x7bcf,0x8c31,0x8430,0x8410,0x7bcf,0x8410,0x7bef,0x7bef,
  0x7bef,0x83f0,0x73ae,0x7bef,0x6b6d,0x6b6d,0x6b8d,0x630c,0x4a69,0x4a69,0x4a69,0x4a49,0x52ca,0x630c,0x528a,0x4a49,
  0x4a49,0x4228,0x4228,0x4a69,0x4228,0x39e7,0x3a07,0x4228,0x4228,0x4a49,0x39e7,0x39e7,0x4228,0x39c7,0x2965,0x2104,
  0x2104,0x2124,0x2124,0x2965,0x2965,0x2965,0x2945,0x3186,0x2144,0x2945,0x2965,0x31a6,0x31a6,0x4a29,0x4a69,0x4a49,
  0x4248,0x4a49,0x4208,0x39e7,0x39c7,0x4228,0x4248,0x4228,0x4228,0x4a69,0x4228,0x4a49,0x4208,0x39e7,0x39e7,0x4a49,
  0x39e7,0x39e7,0x39e7,0x4228,0x4248,0x4a69,0x4a69,0x528a,0x528a,0x528a,0x4248,0x4a49,0x4208,0x31a6,0x2144,0x31a6,
  0x31a6,0x2945,0x2124,0x2965,0x2124,0x20e4,0x18e3,0x18e3,0x1082,0x0861,0x0861,0x0861,0x0020,0x0841,0x0020,0x0841,
  0x0841,0x0841,0x0841,0x0861,0x0861,0x0861,0x0040,0x0841,0x0841,0x0861,0x0040,0x0841,0x0841,0x0861,0x0841,0x0861,
  0x0841,0x0861,0x0841,0x0861,0x0841,0x0861,0x0841,0x0861,0x0861,0x1062,0x0861,0x1082,0x10a2,0x10a2,0x1082,0x10a2,
  0x18c3,0x18e3,0x18e3,0x2104,0x18e3,0x2104,0x18e3,0x18e3,0x18e3,0x18e3,0x10a2,0x10a2,0x1082,0x18a3,0x10a2,0x1082,
  0x0861,0x1062,0x0861,0x0861,0x0020,0x1082,0x18c3,0x18c3,0x18c3,0x18e3,0x10c2,0x18c3,0x18c3,0x18c3,0x10c2,0x18c3,
  0x18c3,0x18c3,0x10c2,0x18c3,0x18c3,0x18c3,0x10c2,0x18c3,0x10c2,0x18c3,0x10c2,0x18c3,0x10a2,0x18c3,0x10a2,0x18c3,
  0x10c2,0x18c3,0x10c2,0x18c3,0x10c2,0x18c3,0x10c2,0x18c3,0x10a2,0x18c3,0x10a2,0x18c3,0x10a2,0x18c3,0x10a2,0x18c3,
  0x10a2,0x18c3,0x10a2,0x18c3,0x10a2,0x18c3,0x10a2,0x10a2,0x10a2,0x18a3,0x10a2,0x10a2,0x10a2,0x10a2,0x10a2,0x10a2,
  0x1082,0x10a2,0x1082,0x10a2,0x1082,0x10a2,0x1082,0x10a2,0x1082,0x10a2,0x1082,0x10a2,0x1082,0x10a2,0x0881,0x1082,
  0x1082,0x1082,0x0881,0x1082,0x1082,0x1082,0x0881,0x1082,0x0881,0x1082,0x0881,0x1082,0x0881,0x1082,0x0881,0x1082,
  0x0881,0x1082,0x0861,0x1082,0x0861,0x1082,0x0861,0x1082,0x39c7,0x39c7,0x39c7,0x31a6,0x39c7,0x31a6,0x39c7,0x31c6,
  0x39c7,0x31a6,0x39c7,0x31a6,0x39c7,0x31a6,0x39a7,0x31a6,0x39a7,0x31a6,0x39a7,0x31a6,0x39a7,0x31a6,0x39a7,0x31a6,
  0x39a7,0x31a6,0x39a7,0x31a6,0x39a7,0x31a6,0x31a6,0x31a6,0x39a7,0x31a6,0x39a7,0x31a6,0x39a7,0x31a6,0x31a6,0x3186,
  0x31a6,0x31a6,0x31a6,0x3186,0x31a6,0x3186,0x31a6,0x3186,0x31a6,0x3186,0x31a6,0x3186,0x3186,0x3186,0x3186,0x3186,
  0x3186,0x3186,0x3186,0x3186,0x3186,0x3186,0x3186,0x3186,0x3186,0x2965,0x3186,0x2985,0x3186,0x3186,0x3186,0x3186,
  0x3186,0x3186,0x3186,0x2985,0x3186,0x3186,0x3186,0x2985,0x3186,0x2965,0x3186,0x2965,0x3186,0x2965,0x3186,0x2945,
  0x3166,0x2965,0x3186,0x2965,0x3186,0x4a49,0x62ec,0x630c,0x6b6d,0x6b6d,0x630c,0x5b0b,0x62ec,0x6b4d,0x7bcf,0x7bcf,
  0x7bef,0x8410,0x8430,0x8410,0x7bef,0x7bef,0x7bef,0x73ce,0x7bef,0x8410,0x8410,0x7bef,0x738e,0x738e,0x6b4d,0x52ca,
  0x528a,0x630c,0x630c,0x5b0b,0x5aeb,0x4228,0x4228,0x528a,0x5aab,0x4a69,0x52aa,0x4a69,0x4a29,0x39c7,0x4208,0x4228,
  0x4228,0x31a6,0x31a6,0x2985,0x31a6,0x2104,0x2945,0x2945,0x2104,0x2124,0x2945,0x2124,0x2965,0x2124,0x1082,0x18c3,
  0x2945,0x2124,0x18e3,0x2104,0x31a6,0x2965,0x2965,0x39c7,0x4228,0x39c7,0x41e8,0x4228,0x4228,0x39e7,0x4a49,0x4208,
  0x4208,0x4208,0x4208,0x4228,0x4a49,0x4208,0x4208,0x4228,0x41e8,0x39e7,0x4208,0x4208,0x4a49,0x4228,0x4a49,0x4a49,
  0x526a,0x4a69,0x4a49,0x4228,0x39e7,0x39c7,0x3166,0x18e3,0x3186,0x2124,0x2104,0x2124,0x2104,0x10a2,0x18c3,0x18c3,
  0x10a2,0x0861,0x1062,0x0841,0x0841,0x0020,0x0841,0x0020,0x0841,0x0020,0x0841,0x0841,0x0861,0x0841,0x0841,0x0020,
  0x0841,0x0841,0x0841,0x0040,0x0841,0x0841,0x0861,0x0841,0x0861,0x0841,0x0861,0x0841,0x0841,0x0841,0x0861,0x0841,
  0x0861,0x0861,0x1062,0x0861,0x10a2,0x1082,0x10a2,0x10a2,0x18c3,0x18e3,0x2104,0x18e3,0x2104,0x2104,0x2104,0x18e3,
  0x20e4,0x18e3,0x18c3,0x10a2,0x18c3,0x10a2,0x10a2,0x1082,0x10a2,0x1082,0x1082,0x0841,0x0841,0x1082,0x18e3,0x18c3,
  0x18e3,0x18c3,0x18e3,0x18c3,0x18e3,0x18c3,0x18e3,0x18c3,0x18e3,0x18c3,0x18e3,0x18c3,0x18e3,0x18c3,0x18c3,0x18c3,
  0x18c3,0x18c3,0x18c3,0x18c3,0x18c3,0x18c3,0x18c3,0x10c2,0x18c3,0x18c3,0x18c3,0x18c3,0x18c3,0x18c3,0x18c3,0x10c2,
  0x18c3,0x18c3,0x18c3,0x10c2,0x18c3,0x10a2,0x18c3,0x10a2,0x18c3,0x10a2,0x18c3,0x10a2,0x18c3,0x10a2,0x18c3,0x10a2,
  0x18c3,0x10a2,0x18c3,0x10a2,0x18c3,0x10a2,0x18a3,0x10a2,0x18a3,0x10a2,0x10a2,0x1082,0x18a3,0x10a2,0x10a2,0x10a2,
  0x10a2,0x1082,0x10a2,0x1082,0x10a2,0x1082,0x10a2,0x1082,0x10a2,0x1082,0x10a2,0x1082,0x10a2,0x1082,0x10a2,0x1082,
  0x1082,0x1082,0x1082,0x1082,0x1082,0x1082,0x1082,0x1082,0x1082,0x1082,0x1082,0x0881,0x1082,0x1082,0x1082,0x0881,
  0x31a6,0x39c7,0x31a6,0x39c7,0x31a6,0x39c7,0x31a6,0x39c7,0x31a6,0x39c7,0x31a6,0x39a7,0x31a6,0x31a6,0x31a6,0x39a7,
  0x31a6,0x31a6,0x3186,0x31a6,0x31a6,0x31a6,0x31a6,0x31a6,0x31a6,0x31a6,0x31a6,0x31a6,0x31a6,0x31a6,0x3186,0x31a6,
  0x31a6,0x31a6,0x31a6,0x31a6,0x3186,0x31a6,0x3186,0x31a6,0x3186,0x31a6,0x3186,0x31a6,0x3186,0x31a6,0x3186,0x3186,
  0x2985,0x3186,0x3186,0x3186,0x2985,0x3186,0x2985,0x3186,0x2985,0x3186,0x2965,0x3186,0x2985,0x3186,0x2985,0x3186,
  0x2965,0x3186,0x2985,0x3186,0x2985,0x3186,0x2985,0x3186,0x2965,0x3186,0x2965,0x3186,0x2965,0x3186,0x2985,0x3186,
  0x2965,0x3186,0x2965,0x3166,0x2965,0x3186,0x2965,0x3166,0x2965,0x2965,0x2965,0x3166,0x31a6,0x4a49,0x528a,0x5acb,
  0x630c,0x6b4d,0x5aeb,0x6b4d,0x630c,0x738e,0x6b6d,0x73ae,0x73ce,0x8430,0x7c0f,0x73ae,0x73ce,0x7bef,0x73ae,0x7baf,
  0x7bef,0x8410,0x8430,0x6b2d,0x634c,0x6b6d,0x5aeb,0x5acb,0x5acb,0x5aeb,0x630c,0x5acb,0x4a69,0x4a69,0x4a89,0x4a69,
  0x4228,0x4228,0x4a69,0x4208,0x39e7,0x39e7,0x31c6,0x3186,0x2124,0x2124,0x2104,0x2104,0x1903,0x18e3,0x2104,0x2965,
  0x2144,0x2945,0x18e3,0x18e3,0x1903,0x2104,0x10a2,0x2104,0x18e3,0x10a2,0x1082,0x18c3,0x2104,0x2965,0x3186,0x3186,
  0x31a6,0x39c7,0x3a07,0x39e7,0x3a07,0x4208,0x39e7,0x39c7,0x39c7,0x39e7,0x39c7,0x4228,0x4208,0x4208,0x39c7,0x4208,
  0x39e7,0x4228,0x4208,0x4208,0x4228,0x4228,0x4228,0x4a49,0x4228,0x4228,0x4208,0x4228,0x2965,0x2965,0x2945,0x2104,
  0x2985,0x2104,0x10a2,0x2104,0x18e3,0x10a2,0x1082,0x18c3,0x1082,0x1082,0x0861,0x0861,0x0040,0x0841,0x0020,0x0821,
  0x0020,0x0020,0x0020,0x0821,0x0020,0x0020,0x0020,0x0020,0x0020,0x0020,0x0020,0x0821,0x0020,0x0841,0x0020,0x0861,
  0x0841,0x0861,0x0861,0x0861,0x0841,0x0861,0x0841,0x0841,0x0040,0x0861,0x0841,0x1062,0x0861,0x1082,0x1082,0x10a2,
  0x10a2,0x18c3,0x18e3,0x2104,0x18e3,0x2104,0x18e3,0x18e3,0x18e3,0x18e3,0x10a2,0x18a3,0x10a2,0x10a2,0x1082,0x1082,
  0x1082,0x10a2,0x0861,0x0861,0x0040,0x1082,0x18c3,0x18c3,0x10c2,0x18e3,0x18c3,0x18c3,0x10c2,0x18c3,0x18c3,0x18c3,
  0x10c2,0x18c3,0x18c3,0x18c3,0x10c2,0x18c3,0x10c2,0x18c3,0x10c2,0x18c3,0x10c2,0x18c3,0x10a2,0x18c3,0x10a2,0x18c3,
  0x10c2,0x18c3,0x10c2,0x18c3,0x10c2,0x18c3,0x10c2,0x18c3,0x10a2,0x18c3,0x10a2,0x18c3,0x10a2,0x18c3,0x10a2,0x18c3,
  0x10a2,0x18c3,0x10a2,0x18c3,0x10a2,0x18c3,0x10a2,0x18a3,0x10a2,0x10a2,0x10a2,0x18a3,0x10a2,0x10a2,0x10a2,0x10a2,
  0x1082,0x10a2,0x1082,0x10a2,0x1082,0x10a2,0x1082,0x10a2,0x1082,0x10a2,0x1082,0x10a2,0x1082,0x10a2,0x1082,0x1082,
  0x0881,0x1082,0x1082,0x1082,0x0881,0x1082,0x1082,0x1082,0x0881,0x1082,0x0881,0x1082,0x0881,0x1082,0x0881,0x1082,
  0x0881,0x1082,0x0861,0x1082,0x0861,0x1082,0x0861,0x1082,0x39c7,0x31c6,0x39c7,0x39c7,0x39c7,0x31a6,0x39c7,0x39c7,
  0x39c7,0x31a6,0x39c7,0x31a6,0x39c7,0x31a6,0x39a7,0x31a6,0x39c7,0x31a6,0x39a7,0x3186,0x39c7,0x31a6,0x39c7,0x31a6,
  0x31a6,0x31a6,0x39a7,0x31a6,0x39c7,0x3186,0x39a7,0x31a6,0x39a7,0x31a6,0x39a7,0x31a6,0x39a7,0x31a6,0x39a7,0x3186,
  0x31a6,0x31a6,0x39a7,0x31a6,0x31a6,0x3186,0x31a6,0x3186,0x3186,0x3186,0x31a6,0x3186,0x31a6,0x3186,0x3186,0x3186,
  0x3186,0x3186,0x3186,0x3186,0x3186,0x3186,0x3186,0x2965,0x3186,0x3186,0x3186,0x3186,0x3186,0x2985,0x3186,0x2965,
  0x3186,0x3186,0x3186,0x3186,0x3186,0x2965,0x3186,0x3186,0x3186,0x2965,0x3186,0x2965,0x3186,0x2965,0x3186,0x2965,
  0x3186,0x2965,0x3186,0x2965,0x39c7,0x4a49,0x5aab,0x5acb,0x630c,0x632c,0x5acb,0x632c,0x6b4d,0x738e,0x6b4d,0x7bcf,
  0x7bef,0x8410,0x8c31,0x738e,0x7bef,0x7bef,0x7bef,0x7bef,0x8410,0x73ae,0x6b2d,0x5aeb,0x630c,0x5aeb,0x5acb,0x632c,
  0x5aab,0x5acb,0x526a,0x4228,0x4a69,0x4a69,0x4208,0x31a6,0x39e7,0x4208,0x4228,0x39c7,0x4228,0x4208,0x39c7,0x2965,
  0x2965,0x2985,0x2945,0x2945,0x2124,0x2965,0x2124,0x18e3,0x2104,0x18e3,0x18c3,0x10a2,0x18a3,0x10a2,0x18c3,0x10a2,
  0x10a2,0x1082,0x18c3,0x18c3,0x18c3,0x18e3,0x2945,0x2124,0x2965,0x2945,0x39c7,0x39c7,0x4208,0x39e7,0x41e8,0x31a6,
  0x39c7,0x3a07,0x41e8,0x4208,0x39e7,0x39c7,0x39c7,0x4228,0x4208,0x3a07,0x4208,0x4228,0x4228,0x4208,0x4228,0x4208,
  0x39e7,0x3186,0x3186,0x39c7,0x31a6,0x2965,0x2124,0x18c3,0x2104,0x2124,0x18e3,0x18c3,0x18e3,0x10a2,0x1082,0x1082,
  0x1082,0x0861,0x1062,0x0841,0x0861,0x0040,0x0841,0x0020,0x0020,0x0000,0x0821,0x0020,0x0821,0x0020,0x0821,0x0020,
  0x0821,0x0020,0x0821,0x0020,0x0821,0x0020,0x0821,0x0841,0x0841,0x0841,0x1062,0x0861,0x0861,0x0861,0x0861,0x0841,
  0x0861,0x0861,0x1062,0x0861,0x1082,0x1082,0x10a2,0x1082,0x18a3,0x10a2,0x18e3,0x18e3,0x2104,0x18e3,0x20e4,0x18e3,
  0x20e4,0x18c3,0x18c3,0x10a2,0x18a3,0x10a2,0x10a2,0x1082,0x10a2,0x1082,0x1062,0x0861,0x0841,0x1082,0x20e4,0x18c3,
  0x18e3,0x18c3,0x18e3,0x18c3,0x18e3,0x18c3,0x18e3,0x18c3,0x18e3,0x18c3,0x18e3,0x18c3,0x18e3,0x18c3,0x18c3,0x18c3,
  0x18c3,0x18c3,0x18c3,0x18c3,0x18c3,0x10c2,0x18c3,0x18c3,0x18c3,0x18c3,0x18c3,0x18c3,0x18c3,0x18c3,0x18c3,0x18c3,
  0x18c3,0x10c2,0x18c3,0x18c3,0x18c3,0x10a2,0x18c3,0x10a2,0x18c3,0x10a2,0x18c3,0x10a2,0x18c3,0x10a2,0x18c3,0x10a2,
  0x18c3,0x10a2,0x18c3,0x10a2,0x18c3,0x10a2,0x18a3,0x10a2,0x10a2,0x10a2,0x10a2,0x1082,0x10a2,0x10a2,0x18a3,0x10a2,
  0x10a2,0x1082,0x10a2,0x1082,0x10a2,0x1082,0x10a2,0x1082,0x10a2,0x1082,0x10a2,0x1082,0x10a2,0x1082,0x10a2,0x1082,
  0x1082,0x1082,0x1082,0x1082,0x1082,0x1082,0x1082,0x1082,0x1082,0x0881,0x1082,0x1082,0x1082,0x0881,0x1082,0x1082,
  0x31a6,0x39c7,0x31a6,0x39c7,0x31a6,0x39c7,0x31a6,0x39c7,0x31a6,0x39c7,0x31a6,0x31a6,0x31a6,0x39c7,0x31a6,0x31a6,
  0x31a6,0x39a7,0x31a6,0x31a6,0x31a6,0x39a7,0x31a6,0x31a6,0x31a6,0x31a6,0x3186,0x31a6,0x31a6,0x3186,0x2985,0x31a6,
  0x3186,0x31a6,0x3186,0x31a6,0x3186,0x31a6,0x31a6,0x31a6,0x31a6,0x31a6,0x3186,0x31a6,0x3186,0x3186,0x2985,0x3186,
  0x3186,0x3186,0x3186,0x3186,0x2985,0x3186,0x2985,0x3186,0x2985,0x3186,0x2965,0x3186,0x2985,0x3186,0x2985,0x3186,
  0x2965,0x3186,0x2985,0x3186,0x2965,0x3186,0x2965,0x3186,0x2985,0x3186,0x2985,0x3186,0x2965,0x3186,0x2965,0x3186,
  0x2965,0x3166,0x2965,0x2965,0x2965,0x3186,0x2965,0x2965,0x2965,0x3166,0x2965,0x2965,0x31a6,0x4a49,0x52aa,0x5acb,
  0x630c,0x632c,0x52aa,0x5acb,0x630c,0x738e,0x6b8d,0x7bcf,0x7c0f,0x8410,0x8410,0x7bef,0x7bcf,0x7bef,0x7bef,0x8410,
  0x7bef,0x738e,0x630c,0x630c,0x632c,0x6b2d,0x5acb,0x52aa,0x52aa,0x52aa,0x4228,0x4208,0x4208,0x39c7,0x39c7,0x4208,
  0x4228,0x4228,0x4208,0x39e7,0x31a6,0x3166,0x2945,0x2965,0x2124,0x18e3,0x2124,0x2965,0x2124,0x2104,0x18e3,0x2945,
  0x10a2,0x1082,0x0881,0x10a2,0x0861,0x0861,0x0881,0x0861,0x0861,0x10a2,0x10a2,0x10a2,0x10a2,0x10a2,0x2124,0x2965,
  0x31c6,0x3186,0x2965,0x39e7,0x4208,0x39c7,0x31a6,0x2965,0x31a6,0x39e7,0x3a07,0x39e7,0x3a07,0x39e7,0x4208,0x4208,
  0x39c7,0x39e7,0x3a07,0x39e7,0x4208,0x39c7,0x39e7,0x39e7,0x2985,0x31a6,0x2144,0x31a6,0x31a6,0x2965,0x1903,0x18e3,
  0x18c3,0x2104,0x18c3,0x10a2,0x10a2,0x1082,0x0861,0x0861,0x0861,0x0861,0x0861,0x0841,0x0020,0x0020,0x0000,0x0020,
  0x0000,0x0020,0x0000,0x0020,0x0000,0x0020,0x0000,0x0020,0x0020,0x0821,0x0020,0x0841,0x0020,0x0821,0x0020,0x0020,
  0x0020,0x0841,0x0040,0x0841,0x0841,0x0861,0x0841,0x0861,0x0841,0x0861,0x0861,0x0861,0x0861,0x1082,0x1082,0x1082,
  0x10a2,0x10a2,0x10a2,0x18e3,0x18e3,0x20e4,0x18e3,0x18e3,0x18c3,0x18c3,0x10a2,0x10a2,0x1082,0x10a2,0x1082,0x10a2,
  0x1082,0x1082,0x0841,0x0861,0x0020,0x10a2,0x18e3,0x18e3,0x18c3,0x18c3,0x10c2,0x18e3,0x18c3,0x18c3,0x10c2,0x18e3,
  0x18c3,0x18e3,0x10c2,0x18c3,0x18c3,0x18c3,0x10c2,0x18c3,0x10c2,0x18c3,0x10c2,0x18c3,0x10a2,0x18c3,0x10c2,0x18c3,
  0x10c2,0x18c3,0x10c2,0x18c3,0x10c2,0x18c3,0x10c2,0x18c3,0x10a2,0x18c3,0x10a2,0x18c3,0x10a2,0x18c3,0x10a2,0x18c3,
  0x10a2,0x18c3,0x10a2,0x18c3,0x10a2,0x18c3,0x10a2,0x18c3,0x10a2,0x18a3,0x10a2,0x10a2,0x10a2,0x10a2,0x10a2,0x10a2,
  0x1082,0x10a2,0x1082,0x10a2,0x1082,0x10a2,0x1082,0x10a2,0x1082,0x1082,0x0881,0x1082,0x1082,0x1082,0x0881,0x1082,
  0x1082,0x1082,0x0881,0x1082,0x1082,0x1082,0x0881,0x1082,0x1082,0x1082,0x0881,0x1082,0x0881,0x1082,0x0881,0x1082,
  0x0881,0x1082,0x0881,0x1082,0x0881,0x1082,0x0881,0x1082,0x39c7,0x39c7,0x39c7,0x31a6,0x39c7,0x31a6,0x39c7,0x31a6,
  0x39c7,0x39c7,0x39c7,0x31a6,0x39c7,0x39c7,0x39c7,0x31a6,0x39c7,0x31a6,0x39c7,0x31a6,0x39c7,0x31a6,0x39c7,0x31a6,
  0x39c7,0x31a6,0x31a6,0x31a6,0x39a7,0x3186,0x31a6,0x31a6,0x39a7,0x31a6,0x31a6,0x3186,0x39a7,0x31a6,0x39a7,0x31a6,
  0x39a7,0x3186,0x31a6,0x3186,0x31a6,0x3186,0x31a6,0x3186,0x31a6,0x3186,0x31a6,0x3186,0x31a6,0x3186,0x31a6,0x3186,
  0x31a6,0x3186,0x3186,0x3186,0x31a6,0x3186,0x3186,0x3186,0x3186,0x3186,0x3186,0x3186,0x3186,0x3186,0x3186,0x3186,
  0x3186,0x3186,0x3186,0x2985,0x3186,0x3186,0x3186,0x2965,0x3186,0x2965,0x3186,0x2965,0x3186,0x2965,0x3166,0x2965,
  0x3186,0x2965,0x3186,0x2965,0x39c7,0x4a49,0x5aeb,0x5aeb,0x630c,0x630c,0x5aab,0x528a,0x630c,0x73ae,0x7bcf,0x73ae,
  0x8430,0x8410,0x8410,0x7bef,0x7bef,0x7bcf,0x7bcf,0x7bcf,0x7bef,0x738e,0x630c,0x52aa,0x6b4d,0x6b4d,0x4a69,0x528a,
  0x6b2d,0x5aeb,0x52aa,0x4228,0x4208,0x4208,0x526a,0x4228,0x526a,0x4a49,0x4228,0x4208,0x39e7,0x39c7,0x39e7,0x3186,
  0x2124,0x2104,0x2104,0x18e3,0x2104,0x18c3,0x1082,0x1082,0x1082,0x0861,0x1062,0x0881,0x1082,0x0841,0x0861,0x1082,
  0x1082,0x0841,0x0861,0x1082,0x18e3,0x18e3,0x2124,0x18c3,0x2945,0x2965,0x2965,0x31a6,0x4208,0x39c7,0x31a6,0x2965,
  0x39c7,0x39e7,0x4a49,0x39e7,0x4a49,0x4208,0x4228,0x4208,0x4a49,0x4208,0x4228,0x39e7,0x4a29,0x31a6,0x41e8,0x31c6,
  0x2965,0x31a6,0x3186,0x2965,0x3186,0x2965,0x2945,0x18e3,0x20e4,0x2104,0x18e3,0x10a2,0x10a2,0x0861,0x1062,0x0861,
  0x1062,0x0861,0x0861,0x0841,0x0841,0x0020,0x0020,0x0020,0x0841,0x0020,0x0020,0x0020,0x0841,0x0841,0x0841,0x0020,
  0x0020,0x0020,0x0841,0x0020,0x0821,0x0020,0x0841,0x0020,0x0841,0x0841,0x0861,0x0841,0x0861,0x0841,0x0861,0x0841,
  0x0861,0x0861,0x0861,0x0861,0x1062,0x0861,0x1082,0x1082,0x18a3,0x1082,0x10a2,0x10c2,0x2104,0x18e3,0x2104,0x18e3,
  0x18e3,0x18c3,0x18e3,0x10a2,0x18a3,0x10a2,0x10a2,0x1082,0x10a2,0x0861,0x1082,0x0841,0x0841,0x1082,0x20e4,0x18c3,
  0x18c3,0x18c3,0x18c3,0x18c3,0x18e3,0x18c3,0x18e3,0x18c3,0x20e4,0x18e3,0x18e3,0x18c3,0x18e3,0x18c3,0x18c3,0x18c3,
  0x18c3,0x18c3,0x18c3,0x10c2,0x18c3,0x18c3,0x18c3,0x18c3,0x18c3,0x18c3,0x18c3,0x18c3,0x18c3,0x18c3,0x18c3,0x10c2,
  0x18c3,0x18c3,0x18c3,0x10c2,0x18c3,0x18c3,0x18c3,0x10a2,0x18c3,0x18c3,0x18c3,0x10a2,0x18c3,0x10a2,0x18c3,0x10a2,
  0x18c3,0x10a2,0x18a3,0x10a2,0x18a3,0x10a2,0x18a3,0x10a2,0x18a3,0x10a2,0x10a2,0x10a2,0x18a3,0x10a2,0x10a2,0x10a2,
  0x18a3,0x1082,0x10a2,0x1082,0x10a2,0x1082,0x10a2,0x1082,0x10a2,0x1082,0x10a2,0x1082,0x10a2,0x1082,0x10a2,0x1082,
  0x10a2,0x1082,0x1082,0x1082,0x1082,0x1082,0x1082,0x1082,0x1082,0x1082,0x1082,0x1082,0x1082,0x1082,0x1082,0x1082,
  0x31a6,0x39c7,0x31a6,0x39c7,0x31a6,0x39c7,0x31a6,0x31a6,0x31a6,0x39c7,0x31c6,0x39c7,0x31a6,0x39c7,0x31a6,0x39a7,
  0x31a6,0x31a6,0x31a6,0x39a7,0x31a6,0x31a6,0x31a6,0x39a7,0x31a6,0x31a6,0x31a6,0x31a6,0x3186,0x31a6,0x3186,0x31a6,
  0x31a6,0x31a6,0x31a6,0x31a6,0x3186,0x31a6,0x31a6,0x31a6,0x3186,0x31a6,0x3186,0x31a6,0x3186,0x3186,0x3186,0x3186,
  0x2985,0x3186,0x3186,0x31a6,0x2985,0x3186,0x3186,0x31a6,0x3186,0x3186,0x3186,0x3186,0x2985,0x3186,0x2985,0x3186,
  0x2965,0x3186,0x2985,0x3186,0x2985,0x3186,0x2985,0x3186,0x2985,0x3186,0x2965,0x3186,0x2965,0x3186,0x2965,0x3186,
  0x2965,0x3186,0x2965,0x3186,0x2965,0x3186,0x2965,0x3186,0x2965,0x2965,0x2965,0x3186,0x39c7,0x528a,0x5aeb,0x62ec,
  0x5aeb,0x630c,0x52aa,0x5acb,0x630c,0x738e,0x73ce,0x7baf,0x7bef,0x8430,0x8410,0x83f0,0x7bef,0x7bcf,0x73ae,0x7bef,
  0x73ce,0x6b4d,0x528a,0x526a,0x5aeb,0x52aa,0x4a89,0x526a,0x4248,0x4228,0x528a,0x4a49,0x4a49,0x5acb,0x5b0b,0x526a,
  0x4248,0x4228,0x39e7,0x39a7,0x2985,0x39c7,0x39e7,0x3186,0x2104,0x2945,0x2104,0x2124,0x10c2,0x1082,0x1082,0x10a2,
  0x0861,0x1082,0x0881,0x0861,0x0861,0x1082,0x0861,0x0861,0x0841,0x1082,0x10a2,0x18e3,0x18e3,0x18e3,0x2124,0x2124,
  0x10c2,0x2124,0x2945,0x3166,0x2985,0x39c7,0x3186,0x39a7,0x39c7,0x4208,0x4a49,0x4208,0x4228,0x4228,0x3a07,0x4a29,
  0x4a69,0x4228,0x4208,0x4228,0x39e7,0x31a6,0x39e7,0x39c7,0x2144,0x3186,0x2945,0x2945,0x2945,0x2965,0x2124,0x2104,
  0x18c3,0x18e3,0x10a2,0x1082,0x0861,0x0861,0x0841,0x0861,0x0841,0x0861,0x0040,0x0841,0x0020,0x0020,0x0020,0x0821,
  0x0020,0x0000,0x0000,0x0000,0x0000,0x0020,0x0020,0x0020,0x0000,0x0020,0x0020,0x0821,0x0020,0x0841,0x0040,0x0821,
  0x0020,0x0841,0x0841,0x0861,0x0040,0x0841,0x0020,0x0841,0x0040,0x0861,0x0861,0x1082,0x0841,0x0861,0x0841,0x1062,
  0x0881,0x1082,0x1082,0x18a3,0x18c3,0x18e3,0x18e3,0x20e4,0x18e3,0x18e3,0x18c3,0x18c3,0x10a2,0x10a2,0x0861,0x1062,
  0x0861,0x1082,0x0881,0x0861,0x0020,0x1082,0x18c3,0x18c3,0x10c2,0x18e3,0x18c3,0x18c3,0x10c2,0x18c3,0x18c3,0x18c3,
  0x10c2,0x18c3,0x18c3,0x18c3,0x10c2,0x18c3,0x10c2,0x18c3,0x10c2,0x18c3,0x10c2,0x18c3,0x10a2,0x18c3,0x10c2,0x18c3,
  0x10c2,0x18c3,0x10c2,0x18c3,0x10c2,0x18c3,0x10c2,0x18c3,0x10a2,0x18c3,0x10a2,0x18c3,0x10a2,0x18c3,0x10a2,0x18c3,
  0x10a2,0x18c3,0x10a2,0x18c3,0x10a2,0x18c3,0x10a2,0x18c3,0x10a2,0x10a2,0x10a2,0x10a2,0x10a2,0x10a2,0x10a2,0x10a2,
  0x1082,0x10a2,0x1082,0x10a2,0x1082,0x10a2,0x1082,0x10a2,0x1082,0x1082,0x1082,0x1082,0x0881,0x1082,0x1082,0x1082,
  0x0881,0x1082,0x1082,0x1082,0x0881,0x1082,0x1082,0x1082,0x0881,0x1082,0x0881,0x1082,0x0881,0x1082,0x0881,0x1082,
  0x0881,0x1082,0x0881,0x1082,0x0881,0x1082,0x0881,0x1082,0x39c7,0x31c6,0x39c7,0x39c7,0x39c7,0x31a6,0x39c7,0x31a6,
  0x39c7,0x39c7,0x39c7,0x39c7,0x39c7,0x31a6,0x39c7,0x31a6,0x39c7,0x31a6,0x39c7,0x31a6,0x39c7,0x31a6,0x39c7,0x31a6,
  0x39a7,0x31a6,0x39a7,0x31a6,0x39a7,0x3186,0x31a6,0x31a6,0x39c7,0x31a6,0x39c7,0x31a6,0x31a6,0x31a6,0x39a7,0x31a6,
  0x31a6,0x3186,0x31a6,0x31a6,0x31a6,0x3186,0x31a6,0x3186,0x31a6,0x3186,0x39a7,0x3186,0x31a6,0x3186,0x31a6,0x3186,
  0x31a6,0x3186,0x31a6,0x3186,0x31a6,0x3186,0x3186,0x3186,0x3186,0x3186,0x3186,0x3186,0x3186,0x3186,0x3186,0x3186,
  0x31a6,0x3186,0x31a6,0x3186,0x3186,0x2985,0x3186,0x2965,0x3186,0x2965,0x3186,0x2965,0x3186,0x2965,0x3186,0x3186,
  0x3186,0x2965,0x3186,0x3186,0x4208,0x4a69,0x5aeb,0x5aeb,0x630c,0x5aeb,0x5acb,0x632c,0x738e,0x6b6d,0x7bcf,0x73ae,
  0x8410,0x8410,0x8c31,0x8410,0x8430,0x7bcf,0x8410,0x8410,0x738e,0x5acb,0x5aeb,0x6b4d,0x4a69,0x528a,0x4a49,0x4208,
  0x41e8,0x5acb,0x5acb,0x632c,0x73ae,0x6b6d,0x62ec,0x528a,0x5acb,0x52aa,0x52aa,0x528a,0x5acb,0x5aeb,0x5aeb,0x4a49,
  0x4208,0x4228,0x31a6,0x31a6,0x3186,0x2965,0x31a6,0x2124,0x2124,0x2104,0x18e3,0x1082,0x1082,0x10a2,0x18e3,0x2124,
  0x2945,0x18e3,0x18c3,0x10a2,0x2124,0x31a6,0x39e7,0x3186,0x2124,0x2945,0x31a6,0x31a6,0x39c7,0x3a07,0x39c7,0x4208,
  0x4228,0x4208,0x4a49,0x4228,0x4a49,0x4248,0x526a,0x4a49,0x4a49,0x4a49,0x526a,0x4208,0x39c7,0x31a6,0x4208,0x39e7,
  0x3186,0x2965,0x2945,0x2945,0x2965,0x2945,0x2925,0x18e3,0x18c3,0x10a2,0x18a3,0x1082,0x1082,0x0861,0x1062,0x0861,
  0x0861,0x0841,0x0841,0x0841,0x0841,0x0040,0x0841,0x0020,0x0841,0x0841,0x0841,0x0841,0x0841,0x0841,0x0841,0x0020,
  0x0841,0x0841,0x0861,0x0841,0x0841,0x0040,0x0861,0x0020,0x0841,0x0841,0x0861,0x0861,0x1062,0x0861,0x1062,0x0841,
  0x0841,0x0841,0x1062,0x0861,0x0861,0x0841,0x0861,0x0861,0x1082,0x1082,0x10a2,0x10a2,0x18e3,0x1903,0x2104,0x18e3,
  0x20e4,0x18e3,0x18e3,0x10a2,0x18c3,0x1082,0x1082,0x0861,0x1082,0x0861,0x1082,0x0861,0x0841,0x0881,0x18e3,0x18c3,
  0x18e3,0x18e3,0x18e3,0x18c3,0x18e3,0x18c3,0x18e3,0x18c3,0x18c3,0x18c3,0x18e3,0x18c3,0x18e3,0x18c3,0x18c3,0x18c3,
  0x18c3,0x18c3,0x18c3,0x18c3,0x18c3,0x10c2,0x18c3,0x18c3,0x18c3,0x18c3,0x18c3,0x18c3,0x18c3,0x18c3,0x18c3,0x18c3,
  0x18c3,0x10c2,0x18c3,0x18c3,0x18c3,0x10c2,0x18c3,0x10a2,0x18c3,0x10c2,0x18c3,0x10a2,0x18c3,0x10a2,0x18c3,0x10a2,
  0x18c3,0x10a2,0x18a3,0x10a2,0x18a3,0x10a2,0x18a3,0x10a2,0x10a2,0x10a2,0x18a3,0x10a2,0x10a2,0x10a2,0x18a3,0x10a2,
  0x10a2,0x1082,0x10a2,0x1082,0x10a2,0x1082,0x10a2,0x1082,0x10a2,0x1082,0x10a2,0x1082,0x10a2,0x1082,0x10a2,0x1082,
  0x10a2,0x1082,0x1082,0x1082,0x1082,0x1082,0x1082,0x1082,0x1082,0x1082,0x1082,0x1082,0x1082,0x1082,0x1082,0x1082,
  0x31a6,0x39c7,0x31a6,0x39c7,0x31a6,0x39c7,0x31a6,0x31a6,0x31a6,0x39c7,0x31c6,0x39c7,0x31a6,0x39a7,0x31a6,0x31a6,
  0x31a6,0x39a7,0x31a6,0x31a6,0x31a6,0x39a7,0x31a6,0x31a6,0x31a6,0x31a6,0x31a6,0x31a6,0x31a6,0x31a6,0x31a6,0x31a6,
  0x31a6,0x39a7,0x31a6,0x31a6,0x31a6,0x31a6,0x3186,0x31a6,0x3186,0x31a6,0x3186,0x31a6,0x3186,0x31a6,0x2985,0x3186,
  0x3186,0x31a6,0x3186,0x3186,0x2985,0x3186,0x2985,0x3186,0x2985,0x3186,0x2965,0x3186,0x2985,0x3186,0x2985,0x3186,
  0x2985,0x3186,0x2985,0x3186,0x2985,0x3186,0x2985,0x3186,0x3186,0x3186,0x2985,0x3186,0x2985,0x3186,0x2965,0x3186,
  0x2965,0x3186,0x2965,0x3186,0x2965,0x3166,0x2965,0x3186,0x2965,0x3186,0x2985,0x3186,0x39c7,0x4a49,0x52ca,0x632c,
  0x630c,0x5aeb,0x52aa,0x632c,0x6b6d,0x7bcf,0x7bcf,0x73ae,0x7bef,0x8410,0x7bef,0x7bef,0x7bef,0x7bef,0x7bef,0x7bef,
  0x634c,0x5aeb,0x632c,0x4a69,0x4228,0x5aab,0x4228,0x632c,0x630c,0x738e,0x632c,0x6b4d,0x632c,0x632c,0x5aeb,0x632c,
  0x632c,0x736e,0x73ae,0x738e,0x6b6d,0x6b6d,0x632c,0x632c,0x630c,0x62ec,0x4a89,0x52aa,0x4a69,0x528a,0x528a,0x4228,
  0x39c7,0x3186,0x2945,0x2124,0x18e3,0x18e3,0x2124,0x2124,0x2945,0x39c7,0x39c7,0x31a6,0x2985,0x2945,0x3186,0x4208,
  0x2965,0x3166,0x31a6,0x39e7,0x39c7,0x4a49,0x4228,0x528a,0x4a49,0x4228,0x4228,0x4a49,0x4a49,0x526a,0x528a,0x528a,
  0x4a69,0x4a69,0x4a69,0x4208,0x31a6,0x31a6,0x31c6,0x39c7,0x3186,0x3186,0x2144,0x2945,0x2124,0x2124,0x18e3,0x18e3,
  0x10a2,0x10a2,0x0881,0x0861,0x0861,0x0861,0x0841,0x0861,0x0841,0x0861,0x0040,0x0861,0x0841,0x1062,0x0861,0x0861,
  0x0861,0x1082,0x0881,0x1082,0x1082,0x1082,0x0881,0x1082,0x10a2,0x10a2,0x10a2,0x1082,0x0861,0x1062,0x0861,0x0861,
  0x0841,0x0861,0x0861,0x0861,0x0861,0x1082,0x0881,0x1082,0x0841,0x0861,0x0841,0x0861,0x0841,0x0861,0x0841,0x0861,
  0x0881,0x1082,0x0881,0x10a2,0x10c2,0x2104,0x18e3,0x18e3,0x18c3,0x18e3,0x10c2,0x10a2,0x1082,0x1082,0x0861,0x1082,
  0x0861,0x1062,0x0861,0x0861,0x0020,0x1082,0x18c3,0x18e3,0x18c3,0x18e3,0x18c3,0x18e3,0x18c3,0x18e3,0x18c3,0x18e3,
  0x18c3,0x18c3,0x10c2,0x18c3,0x18c3,0x18c3,0x10c2,0x18c3,0x10c2,0x18c3,0x10c2,0x18c3,0x10a2,0x18c3,0x10c2,0x18c3,
  0x10c2,0x18c3,0x10c2,0x18c3,0x10c2,0x18c3,0x10c2,0x18c3,0x10a2,0x18c3,0x10a2,0x18c3,0x10a2,0x18c3,0x10a2,0x18c3,
  0x10a2,0x18c3,0x10a2,0x18c3,0x10a2,0x18c3,0x10a2,0x18c3,0x10a2,0x18a3,0x10a2,0x10a2,0x10a2,0x10a2,0x10a2,0x10a2,
  0x1082,0x10a2,0x1082,0x10a2,0x1082,0x10a2,0x1082,0x10a2,0x1082,0x1082,0x0881,0x1082,0x1082,0x1082,0x0881,0x1082,
  0x1082,0x1082,0x0881,0x1082,0x1082,0x1082,0x0881,0x1082,0x1082,0x1082,0x0881,0x1082,0x0881,0x1082,0x0881,0x1082,
  0x0881,0x1082,0x0881,0x1082,0x0881,0x1082,0x0881,0x1082,0x39c7,0x39c7,0x39c7,0x31c6,0x39c7,0x39c7,0x39c7,0x31a6,
  0x39c7,0x39c7,0x39c7,0x31c6,0x39c7,0x31a6,0x39c7,0x31a6,0x39c7,0x31a6,0x39c7,0x31a6,0x39c7,0x31a6,0x39a7,0x31a6,
  0x39a7,0x31a6,0x39a7,0x31a6,0x39c7,0x39c7,0x39c7,0x31a6,0x39a7,0x31a6,0x31a6,0x3186,0x39a7,0x31a6,0x31a6,0x31a6,
  0x31a6,0x31a6,0x31a6,0x31a6,0x39a7,0x3186,0x31a6,0x3186,0x31a6,0x3186,0x31a6,0x3186,0x3186,0x3186,0x31a6,0x3186,
  0x3186,0x2965,0x3186,0x2985,0x3186,0x3186,0x3186,0x3186,0x3186,0x3186,0x3186,0x3186,0x3186,0x3186,0x3186,0x3186,
  0x3186,0x3186,0x3186,0x2985,0x3186,0x2965,0x3186,0x2985,0x3186,0x3186,0x3186,0x2965,0x3186,0x2965,0x3166,0x2965,
  0x3186,0x2965,0x3186,0x2965,0x39a7,0x4208,0x5acb,0x632c,0x632c,0x5aeb,0x5acb,0x632c,0x738e,0x73ae,0x73ae,0x738e,
  0x83f0,0x7bef,0x8410,0x7c0f,0x8410,0x8410,0x7bef,0x738e,0x738e,0x6b4d,0x632c,0x52aa,0x528a,0x5aeb,0x630c,0x4208,
  0x62ec,0x6b4d,0x738e,0x632c,0x62ec,0x6b4d,0x73ae,0x738e,0x7bcf,0x7bcf,0x6b6d,0x73ae,0x83f0,0x7bcf,0x6b4d,0x5acb,
  0x5aeb,0x630c,0x630c,0x632c,0x5acb,0x52aa,0x5acb,0x528a,0x528a,0x4228,0x4228,0x4208,0x39e7,0x3186,0x31a6,0x2965,
  0x2965,0x2965,0x39a7,0x39e7,0x39c7,0x2945,0x3166,0x39e7,0x39c7,0x3186,0x39e7,0x4228,0x4a69,0x4a69,0x528a,0x528a,
  0x528a,0x4a49,0x4a49,0x4a69,0x52aa,0x52aa,0x52aa,0x5acb,0x630c,0x4a69,0x4a49,0x4208,0x4208,0x31a6,0x3186,0x2985,
  0x3186,0x2965,0x2965,0x2124,0x2925,0x18e3,0x18e3,0x10a2,0x18a3,0x1082,0x1082,0x0881,0x1082,0x0861,0x1082,0x0861,
  0x1082,0x1082,0x1082,0x1082,0x18a3,0x10a2,0x18c3,0x18c3,0x18e3,0x10a2,0x18c3,0x18c3,0x2104,0x2104,0x2104,0x1903,
  0x2925,0x2124,0x2124,0x2104,0x2104,0x18e3,0x20e4,0x18c3,0x18c3,0x10a2,0x10a2,0x1082,0x10a2,0x10a2,0x10a2,0x10a2,
  0x10a2,0x1082,0x1082,0x0861,0x1082,0x0861,0x0861,0x0861,0x1082,0x0861,0x1082,0x1082,0x18c3,0x18e3,0x2104,0x18e3,
  0x20e4,0x18c3,0x18c3,0x1082,0x10a2,0x1082,0x1082,0x0881,0x1082,0x0861,0x0861,0x0861,0x0841,0x1082,0x20e4,0x18c3,
  0x20e4,0x18e3,0x18e3,0x18c3,0x18e3,0x18e3,0x18e3,0x18c3,0x18e3,0x18c3,0x18e3,0x18c3,0x18e3,0x18c3,0x18c3,0x18c3,
  0x18c3,0x18c3,0x18c3,0x10c2,0x18c3,0x18c3,0x18c3,0x18c3,0x18c3,0x18c3,0x18c3,0x18c3,0x18c3,0x18c3,0x18c3,0x10c2,
  0x18c3,0x18c3,0x18c3,0x10c2,0x18c3,0x18c3,0x18c3,0x10a2,0x18c3,0x18c3,0x18c3,0x10a2,0x18c3,0x10a2,0x18c3,0x10a2,
  0x18c3,0x10a2,0x18a3,0x10a2,0x18a3,0x10a2,0x18a3,0x10a2,0x18a3,0x10a2,0x10a2,0x10a2,0x18a3,0x10a2,0x10a2,0x10a2,
  0x18a3,0x1082,0x10a2,0x1082,0x10a2,0x1082,0x10a2,0x1082,0x10a2,0x1082,0x10a2,0x1082,0x10a2,0x1082,0x10a2,0x1082,
  0x10a2,0x1082,0x1082,0x1082,0x1082,0x1082,0x1082,0x1082,0x1082,0x1082,0x1082,0x1082,0x1082,0x1082,0x1082,0x1082,
  0x31c6,0x39c7,0x31c6,0x39c7,0x31a6,0x39c7,0x31a6,0x39a7,0x31a6,0x39c7,0x31a6,0x39c7,0x31a6,0x39c7,0x31a6,0x39a7,
  0x31a6,0x31a6,0x31a6,0x39a7,0x31a6,0x31a6,0x31a6,0x31a6,0x31a6,0x31a6,0x31a6,0x39a7,0x31a6,0x31a6,0x31a6,0x39a7,
  0x31a6,0x31a6,0x3186,0x31a6,0x31a6,0x31a6,0x3186,0x31a6,0x3186,0x31a6,0x3186,0x31a6,0x3186,0x31a6,0x3186,0x31a6,
  0x3186,0x31a6,0x3186,0x3186,0x2985,0x3186,0x3186,0x31a6,0x2985,0x3186,0x2965,0x3186,0x2985,0x3186,0x2985,0x3186,
  0x2965,0x3186,0x2985,0x3186,0x2985,0x3186,0x2985,0x3186,0x2965,0x3186,0x2965,0x3186,0x2965,0x3186,0x2965,0x3186,
  0x2985,0x3186,0x2965,0x3186,0x2965,0x2965,0x2965,0x3186,0x2965,0x2965,0x2965,0x2965,0x31a6,0x4228,0x52aa,0x632c,
  0x5aeb,0x5acb,0x5acb,0x6b2d,0x6b4d,0x7bcf,0x6b4d,0x6b4d,0x7bef,0x8410,0x7c0f,0x8430,0x7c0f,0x7bef,0x7bef,0x83f0,
  0x632c,0x52aa,0x52aa,0x632c,0x52aa,0x630c,0x632c,0x630c,0x5acb,0x6b4d,0x738e,0x73ae,0x634c,0x7bcf,0x7bcf,0x83f0,
  0x73ce,0x8430,0x7bef,0x73ae,0x73ae,0x7bcf,0x6b8d,0x6b4d,0x634c,0x630c,0x630c,0x5acb,0x52aa,0x5acb,0x4a69,0x4a49,
  0x4a49,0x4228,0x4208,0x4208,0x39e7,0x39c7,0x2985,0x39c7,0x39e7,0x39e7,0x4228,0x4a69,0x4a69,0x528a,0x3a07,0x39c7,
  0x39e7,0x39e7,0x4248,0x4a69,0x528a,0x52aa,0x528a,0x4a69,0x4a69,0x528a,0x4a69,0x528a,0x4a89,0x5aeb,0x52ca,0x52aa,
  0x52aa,0x4a69,0x4a49,0x4228,0x3a07,0x39c7,0x3186,0x3186,0x2965,0x2945,0x2104,0x2104,0x18e3,0x18c3,0x10a2,0x18c3,
  0x10a2,0x1082,0x0881,0x1082,0x0861,0x1082,0x0881,0x1082,0x0881,0x10a2,0x10a2,0x10a2,0x10a2,0x10a2,0x10a2,0x18c3,
  0x10a2,0x18e3,0x18e3,0x2104,0x2124,0x2945,0x2945,0x2945,0x2124,0x2945,0x2945,0x2965,0x2945,0x2945,0x2124,0x2104,
  0x1903,0x2104,0x18e3,0x18e3,0x10c2,0x18c3,0x10a2,0x10a2,0x18c3,0x18c3,0x10a2,0x10a2,0x1082,0x10a2,0x0861,0x1082,
  0x0861,0x0861,0x0861,0x1082,0x10a2,0x18e3,0x18e3,0x18e3,0x18e3,0x18e3,0x18c3,0x18a3,0x0881,0x1082,0x0861,0x1062,
  0x0861,0x0861,0x0841,0x0861,0x0040,0x10a2,0x18e3,0x18e3,0x18c3,0x18c3,0x18c3,0x18c3,0x10c2,0x18c3,0x10c2,0x18c3,
  0x18c3,0x18e3,0x18c3,0x18c3,0x10c2,0x18c3,0x10c2,0x18c3,0x10c2,0x18c3,0x10c2,0x18c3,0x10a2,0x18c3,0x10c2,0x18c3,
  0x10c2,0x18c3,0x10c2,0x18c3,0x10c2,0x18c3,0x10c2,0x18c3,0x10a2,0x18c3,0x10a2,0x18c3,0x10a2,0x18c3,0x10a2,0x18c3,
  0x10a2,0x18c3,0x10a2,0x18c3,0x10a2,0x18c3,0x10a2,0x18c3,0x10a2,0x10a2,0x10a2,0x10a2,0x10a2,0x10a2,0x10a2,0x10a2,
  0x1082,0x10a2,0x1082,0x10a2,0x1082,0x10a2,0x1082,0x10a2,0x1082,0x1082,0x1082,0x1082,0x0881,0x1082,0x1082,0x1082,
  0x0881,0x1082,0x1082,0x1082,0x0881,0x1082,0x1082,0x1082,0x0881,0x1082,0x0881,0x1082,0x0881,0x1082,0x0881,0x1082,
  0x0881,0x1082,0x0881,0x1082,0x0881,0x1082,0x0881,0x1082,0x39c7,0x39c7,0x39c7,0x39c7,0x39c7,0x31c6,0x39c7,0x39c7,
  0x39c7,0x31c6,0x39c7,0x31a6,0x39c7,0x31a6,0x39c7,0x31a6,0x39c7,0x31a6,0x39c7,0x31a6,0x39c7,0x31a6,0x39a7,0x31a6,
  0x39c7,0x31a6,0x39a7,0x31a6,0x39c7,0x31a6,0x39a7,0x31a6,0x39a7,0x31a6,0x39c7,0x31a6,0x31a6,0x31a6,0x39a7,0x3186,
  0x31a6,0x31a6,0x39a7,0x31a6,0x31a6,0x31a6,0x31a6,0x3186,0x31a6,0x3186,0x39a7,0x31a6,0x31a6,0x3186,0x31a6,0x3186,
  0x3186,0x3186,0x31a6,0x3186,0x3186,0x3186,0x3186,0x3186,0x3186,0x3186,0x3186,0x3186,0x3186,0x3186,0x3186,0x3186,
  0x3186,0x3186,0x3186,0x3186,0x31a6,0x3186,0x3186,0x3186,0x3186,0x2985,0x3186,0x2965,0x3186,0x2965,0x3166,0x2965,
  0x3186,0x2965,0x3186,0x2965,0x39c7,0x4228,0x5aab,0x630c,0x5acb,0x5aeb,0x62ec,0x630c,0x6b6d,0x73ae,0x6b4d,0x6b4d,
  0x83f0,0x7bef,0x8430,0x8430,0x8410,0x73ce,0x8430,0x8410,0x630c,0x4a69,0x62ec,0x6b4d,0x5aeb,0x5acb,0x630c,0x6b4d,
  0x8410,0x7c0f,0x738e,0x738e,0x738e,0x6b6d,0x7bef,0x8430,0x8430,0x7bcf,0x7bcf,0x738e,0x738e,0x73ae,0x738e,0x6b4d,
  0x630c,0x632c,0x630c,0x52aa,0x4a49,0x39e7,0x39e7,0x31a6,0x2965,0x2945,0x2945,0x2104,0x2124,0x2104,0x20e4,0x18e3,
  0x2124,0x2124,0x2965,0x2965,0x39c7,0x4228,0x528a,0x4a69,0x526a,0x4a49,0x528a,0x4a49,0x4a69,0x4a69,0x5aab,0x4a69,
  0x528a,0x52aa,0x5acb,0x5acb,0x5aeb,0x630c,0x6b4d,0x5acb,0x528a,0x528a,0x52aa,0x4228,0x4208,0x39e7,0x39c7,0x31a6,
  0x3166,0x2124,0x2104,0x18e3,0x18e3,0x18c3,0x18c3,0x10a2,0x18a3,0x1082,0x1082,0x0861,0x1082,0x0881,0x1082,0x1082,
  0x1082,0x0861,0x1062,0x0861,0x1082,0x0881,0x1082,0x0861,0x1082,0x10a2,0x18a3,0x10a2,0x18e3,0x18e3,0x18c3,0x18c3,
  0x20e4,0x2104,0x2945,0x2945,0x2965,0x2945,0x3166,0x2945,0x2945,0x2124,0x2124,0x2104,0x2104,0x18e3,0x18c3,0x10a2,
  0x2104,0x18e3,0x20e4,0x18c3,0x18c3,0x10a2,0x18a3,0x10a2,0x18a3,0x1082,0x1082,0x1082,0x18a3,0x18c3,0x20e4,0x18e3,
  0x20e4,0x18e3,0x18e3,0x10a2,0x10a2,0x0881,0x1082,0x1082,0x1082,0x0881,0x1082,0x0841,0x0861,0x10a2,0x20e4,0x18e3,
  0x18e3,0x18c3,0x18e3,0x18c3,0x18e3,0x18c3,0x18e3,0x18c3,0x18e3,0x18c3,0x18e3,0x18c3,0x18e3,0x18c3,0x18c3,0x18c3,
  0x18c3,0x18c3,0x18c3,0x18c3,0x18c3,0x10c2,0x18c3,0x18c3,0x18c3,0x18c3,0x18c3,0x18c3,0x18c3,0x18c3,0x18c3,0x18c3,
  0x18c3,0x10c2,0x18c3,0x18c3,0x18c3,0x10c2,0x18c3,0x10a2,0x18c3,0x10c2,0x18c3,0x10a2,0x18c3,0x10a2,0x18c3,0x10a2,
  0x18c3,0x10a2,0x18a3,0x10a2,0x18a3,0x10a2,0x18a3,0x10a2,0x10a2,0x10a2,0x18a3,0x10a2,0x10a2,0x10a2,0x18a3,0x10a2,
  0x10a2,0x1082,0x10a2,0x1082,0x10a2,0x1082,0x10a2,0x1082,0x10a2,0x1082,0x10a2,0x1082,0x10a2,0x1082,0x10a2,0x1082,
  0x10a2,0x1082,0x1082,0x1082,0x1082,0x1082,0x1082,0x1082,0x1082,0x1082,0x1082,0x1082,0x1082,0x1082,0x1082,0x1082,
  0x31c6,0x39c7,0x31c6,0x39c7,0x31a6,0x39c7,0x31c6,0x39c7,0x31c6,0x39c7,0x31a6,0x31a6,0x31a6,0x39c7,0x31a6,0x39c7,
  0x31a6,0x39c7,0x31a6,0x39c7,0x31a6,0x39a7,0x3186,0x31a6,0x31a6,0x31a6,0x31a6,0x31a6,0x31a6,0x39a7,0x31a6,0x31a6,
  0x31a6,0x31a6,0x31a6,0x31a6,0x3186,0x31a6,0x3186,0x31a6,0x3186,0x31a6,0x3186,0x31a6,0x3186,0x31a6,0x3186,0x31a6,
  0x3186,0x31a6,0x3186,0x31a6,0x3186,0x31a6,0x2985,0x3186,0x3186,0x31a6,0x3186,0x3186,0x2965,0x3186,0x2985,0x3186,
  0x2985,0x3186,0x2985,0x3186,0x2985,0x3186,0x2985,0x3186,0x2965,0x3186,0x2965,0x3186,0x3186,0x3186,0x2945,0x2965,
  0x2965,0x3166,0x2965,0x3186,0x2965,0x3186,0x2965,0x3186,0x2965,0x2965,0x2965,0x2965,0x2985,0x39e7,0x4a69,0x632c,
  0x4a89,0x630c,0x5aeb,0x630c,0x6b8d,0x6b6d,0x632c,0x6b6d,0x7bef,0x8410,0x8430,0x8430,0x8410,0x8410,0x7bef,0x7bef,
  0x6b6d,0x738e,0x6b8d,0x6b4d,0x73ce,0x8410,0x6b8d,0x738e,0x73ae,0x7bef,0x7c0f,0x8430,0x7bef,0x8410,0x7bcf,0x8410,
  0x7bef,0x73ae,0x73ae,0x6b6d,0x6b6d,0x6b4d,0x5aeb,0x632c,0x4a69,0x4a49,0x4228,0x528a,0x4a69,0x39e7,0x3186,0x2965,
  0x2124,0x2124,0x1903,0x18e3,0x18c3,0x18c3,0x10c2,0x18c3,0x1082,0x1082,0x0881,0x1082,0x18e3,0x2965,0x39c7,0x4228,
  0x4228,0x4a69,0x4a69,0x528a,0x52aa,0x5acb,0x52aa,0x630c,0x5acb,0x52aa,0x5acb,0x632c,0x6b4d,0x6b4d,0x6b6d,0x6b4d,
  0x5acb,0x5acb,0x528a,0x4a49,0x39e7,0x39c7,0x31a6,0x3186,0x2124,0x2104,0x1903,0x2104,0x18e3,0x18e3,0x18c3,0x18c3,
  0x10a2,0x1082,0x0861,0x1082,0x0861,0x1062,0x0861,0x0861,0x0841,0x0841,0x0841,0x0861,0x1082,0x18a3,0x10a2,0x10a2,
  0x10a2,0x18c3,0x18c3,0x18e3,0x18c3,0x20e4,0x10a2,0x10a2,0x10c2,0x18e3,0x18e3,0x18e3,0x18c3,0x2104,0x2104,0x2124,
  0x2124,0x2124,0x2124,0x2104,0x18e3,0x18e3,0x10a2,0x18c3,0x18c3,0x20e4,0x18e3,0x18c3,0x10a2,0x10a2,0x10a2,0x18c3,
  0x18c3,0x18e3,0x10a2,0x10a2,0x1082,0x18c3,0x18e3,0x2104,0x18e3,0x18e3,0x18c3,0x18c3,0x1082,0x1062,0x0861,0x1082,
  0x1082,0x1082,0x0881,0x0841,0x0861,0x18a3,0x10c2,0x18e3,0x18c3,0x18e3,0x18c3,0x18e3,0x18c3,0x18e3,0x18c3,0x18e3,
  0x18c3,0x18c3,0x10c2,0x18c3,0x18c3,0x18c3,0x10c2,0x18c3,0x10c2,0x18c3,0x10c2,0x18c3,0x10a2,0x18c3,0x10a2,0x18c3,
  0x10c2,0x18c3,0x10c2,0x18c3,0x10a2,0x18c3,0x10a2,0x18c3,0x10a2,0x18c3,0x10a2,0x18c3,0x10a2,0x18c3,0x10a2,0x18c3,
  0x10a2,0x18c3,0x10a2,0x18c3,0x10a2,0x18c3,0x10a2,0x10a2,0x10a2,0x18a3,0x10a2,0x10a2,0x10a2,0x10a2,0x10a2,0x10a2,
  0x10a2,0x10a2,0x1082,0x10a2,0x10a2,0x10a2,0x1082,0x10a2,0x1082,0x10a2,0x1082,0x10a2,0x1082,0x10a2,0x0881,0x1082,
  0x1082,0x1082,0x0881,0x1082,0x1082,0x1082,0x0881,0x1082,0x1082,0x1082,0x0881,0x1082,0x1082,0x1082,0x0881,0x1082,
  0x0881,0x1082,0x0881,0x1082,0x0881,0x1082,0x0881,0x1082,0x39c7,0x39c7,0x39c7,0x31c6,0x39c7,0x39c7,0x39c7,0x31a6,
  0x39c7,0x31a6,0x39c7,0x31a6,0x39c7,0x39c7,0x39c7,0x31a6,0x39c7,0x31a6,0x39c7,0x31a6,0x39c7,0x31a6,0x39c7,0x31a6,
  0x39c7,0x31a6,0x31a6,0x3186,0x39a7,0x31a6,0x39c7,0x31a6,0x39a7,0x31a6,0x39a7,0x31a6,0x39a7,0x31a6,0x39a7,0x31a6,
  0x39a7,0x31a6,0x31a6,0x31a6,0x39a7,0x31a6,0x31a6,0x3186,0x31a6,0x3186,0x31a6,0x3186,0x31a6,0x3186,0x31a6,0x31a6,
  0x39a7,0x3186,0x3186,0x3186,0x31a6,0x3186,0x31a6,0x3186,0x3186,0x3186,0x31a6,0x3186,0x31a6,0x3186,0x31a6,0x3186,
  0x31a6,0x3186,0x3186,0x2985,0x3186,0x3186,0x3186,0x2985,0x3186,0x2965,0x3186,0x2965,0x3186,0x2965,0x3186,0x2985,
  0x3166,0x2965,0x3186,0x2985,0x31a6,0x39c7,0x528a,0x632c,0x5acb,0x5aeb,0x52aa,0x630c,0x6b6d,0x6b4d,0x6b6d,0x738e,
  0x8410,0x7bef,0x8430,0x8430,0x8c31,0x7bef,0x8410,0x8410,0x7bcf,0x738e,0x738e,0x6b8d,0x7bef,0x8410,0x7bef,0x738e,
  0x7bcf,0x8410,0x7bef,0x8410,0x8430,0x7bef,0x7bcf,0x73ae,0x738e,0x73ae,0x6b4d,0x5b0b,0x528a,0x4228,0x528a,0x52aa,
  0x630c,0x52aa,0x5aeb,0x52aa,0x4208,0x31a6,0x3186,0x2965,0x2945,0x2104,0x2104,0x18e3,0x2124,0x2104,0x2104,0x2124,
  0x2124,0x18e3,0x18e3,0x10c2,0x18c3,0x10a2,0x2925,0x3186,0x41e8,0x4228,0x4a69,0x4a89,0x5aeb,0x630c,0x632c,0x632c,
  0x6b2d,0x630c,0x6b2d,0x6b4d,0x736e,0x6b6d,0x736e,0x6b4d,0x6b2d,0x5aeb,0x528a,0x4208,0x4208,0x31a6,0x3186,0x2965,
  0x2945,0x2104,0x2104,0x18e3,0x18e3,0x18c3,0x18c3,0x10a2,0x10a2,0x1082,0x1062,0x0861,0x1062,0x0841,0x0821,0x0020,
  0x0841,0x1082,0x18c3,0x10a2,0x18e3,0x18e3,0x2104,0x18c3,0x18e3,0x18c3,0x2104,0x2104,0x20e4,0x2104,0x18e3,0x10c2,
  0x18e3,0x18e3,0x18e3,0x10a2,0x18a3,0x10a2,0x1082,0x10a2,0x18c3,0x18c3,0x2104,0x2124,0x2925,0x2104,0x18e3,0x10c2,
  0x20e4,0x18e3,0x2104,0x18e3,0x18c3,0x18c3,0x18e3,0x10c2,0x18e3,0x18e3,0x2104,0x10a2,0x10a2,0x18e3,0x2104,0x2104,
  0x2104,0x18e3,0x20e4,0x18c3,0x10a2,0x0861,0x1082,0x1082,0x10a2,0x1082,0x1082,0x0841,0x1082,0x10a2,0x18e3,0x18e3,
  0x20e4,0x18e3,0x18e3,0x18c3,0x18e3,0x18c3,0x18e3,0x18c3,0x18e3,0x18c3,0x18e3,0x18c3,0x18e3,0x18c3,0x18c3,0x18c3,
  0x18c3,0x18c3,0x18c3,0x18c3,0x18c3,0x18c3,0x18c3,0x10a2,0x18c3,0x18c3,0x18c3,0x18c3,0x18c3,0x18c3,0x18c3,0x10c2,
  0x18c3,0x18c3,0x18c3,0x10c2,0x18c3,0x10a2,0x18c3,0x10a2,0x18c3,0x18c3,0x18c3,0x10a2,0x18c3,0x10a2,0x18c3,0x10a2,
  0x18c3,0x10a2,0x18c3,0x10a2,0x18a3,0x10a2,0x18a3,0x10a2,0x18a3,0x10a2,0x10a2,0x10a2,0x18a3,0x10a2,0x10a2,0x1082,
  0x10a2,0x1082,0x10a2,0x1082,0x10a2,0x1082,0x10a2,0x1082,0x10a2,0x1082,0x10a2,0x1082,0x10a2,0x1082,0x10a2,0x1082,
  0x10a2,0x1082,0x10a2,0x1082,0x10a2,0x1082,0x1082,0x1082,0x1082,0x1082,0x1082,0x1082,0x1082,0x1082,0x1082,0x1082,
  0x31a6,0x39c7,0x31c6,0x39c7,0x31a6,0x39c7,0x31c6,0x39c7,0x31a6,0x39c7,0x31a6,0x39c7,0x31a6,0x39c7,0x31a6,0x39c7,
  0x31a6,0x39c7,0x31a6,0x39a7,0x31a6,0x31a6,0x31a6,0x39c7,0x31a6,0x31a6,0x3186,0x31a6,0x31a6,0x31a6,0x31a6,0x39a7,
  0x31a6,0x31a6,0x31a6,0x31a6,0x3186,0x31a6,0x31a6,0x31a6,0x31a6,0x31a6,0x3186,0x31a6,0x3186,0x31a6,0x3186,0x31a6,
  0x3186,0x31a6,0x3186,0x3186,0x2985,0x3186,0x3186,0x31a6,0x3186,0x31a6,0x2985,0x3186,0x3186,0x31a6,0x3186,0x3186,
  0x2965,0x3186,0x3186,0x3186,0x2985,0x3186,0x3186,0x3186,0x2985,0x3186,0x2965,0x3186,0x2965,0x3186,0x2965,0x3186,
  0x2965,0x3186,0x2965,0x3186,0x2965,0x3186,0x2965,0x3186,0x2965,0x2965,0x2985,0x3186,0x2985,0x39e7,0x4a69,0x5aeb,
  0x52aa,0x5acb,0x4248,0x632c,0x5b0b,0x632c,0x634c,0x73ae,0x7bef,0x8410,0x8410,0x8c51,0x7c0f,0x7bef,0x7bef,0x83f0,
  0x73ae,0x7bcf,0x73ae,0x73ae,0x73ae,0x7bcf,0x7bcf,0x83f0,0x7bef,0x8410,0x8430,0x73ae,0x7bef,0x738e,0x73ae,0x738e,
  0x632c,0x528a,0x39e7,0x528a,0x632c,0x630c,0x738e,0x736e,0x6b6d,0x5aeb,0x2965,0x2124,0x10a2,0x0861,0x0841,0x0821,
  0x0040,0x0020,0x0000,0x0841,0x0861,0x10a2,0x10c2,0x2104,0x2124,0x2124,0x2104,0x20e4,0x18c3,0x2104,0x18e3,0x2124,
  0x31a6,0x4228,0x4a49,0x528a,0x52ca,0x630c,0x632c,0x6b4d,0x634c,0x6b6d,0x6b6d,0x738e,0x73ae,0x7bcf,0x738e,0x6b6d,
  0x632c,0x5aeb,0x4a89,0x4a49,0x4208,0x39c7,0x2965,0x2965,0x2144,0x2124,0x2104,0x2104,0x18c3,0x18c3,0x1082,0x10a2,
  0x0861,0x1082,0x0841,0x0841,0x0040,0x0020,0x0000,0x0821,0x0861,0x10a2,0x18c3,0x2104,0x2104,0x18e3,0x10a2,0x18c3,
  0x1082,0x0841,0x0020,0x0841,0x0841,0x0841,0x0861,0x0861,0x0841,0x10a2,0x10a2,0x18e3,0x18e3,0x18c3,0x1082,0x10a2,
  0x1082,0x10a2,0x10a2,0x18c3,0x18e3,0x2104,0x18e3,0x18e3,0x1903,0x2104,0x1903,0x20e4,0x18c3,0x18e3,0x18c3,0x18a3,
  0x10c2,0x2104,0x18e3,0x18c3,0x1082,0x18e3,0x18e3,0x2104,0x18e3,0x18e3,0x18c3,0x18c3,0x10a2,0x1082,0x0861,0x1082,
  0x1082,0x1082,0x0881,0x0861,0x0861,0x18c3,0x18c3,0x18e3,0x18c3,0x18e3,0x18c3,0x18e3,0x18c3,0x18e3,0x18c3,0x18e3,
  0x18c3,0x18c3,0x18c3,0x18c3,0x10c2,0x18c3,0x10c2,0x18c3,0x10c2,0x18c3,0x10c2,0x18c3,0x10a2,0x18c3,0x10a2,0x18c3,
  0x10c2,0x18c3,0x10c2,0x18c3,0x10a2,0x18c3,0x10a2,0x18c3,0x10a2,0x18c3,0x10a2,0x18c3,0x10a2,0x18c3,0x10a2,0x18c3,
  0x10a2,0x18c3,0x10a2,0x18c3,0x10a2,0x18c3,0x10a2,0x18a3,0x10a2,0x10a2,0x10a2,0x18a3,0x10a2,0x10a2,0x10a2,0x10a2,
  0x10a2,0x10a2,0x1082,0x10a2,0x1082,0x10a2,0x1082,0x10a2,0x1082,0x10a2,0x1082,0x10a2,0x1082,0x10a2,0x1082,0x1082,
  0x0881,0x1082,0x1082,0x1082,0x0881,0x1082,0x1082,0x1082,0x0881,0x1082,0x1082,0x1082,0x0881,0x1082,0x0881,0x1082,
  0x0881,0x1082,0x0881,0x1082,0x0881,0x1082,0x0881,0x1082,0x39c7,0x39c7,0x39c7,0x39c7,0x39c7,0x31c6,0x39e7,0x39c7,
  0x39c7,0x39c7,0x39c7,0x39c7,0x39c7,0x31a6,0x39c7,0x39c7,0x39c7,0x31a6,0x39c7,0x31a6,0x39a7,0x31a6,0x39a7,0x31a6,
  0x39c7,0x31a6,0x39c7,0x31a6,0x39c7,0x31a6,0x39c7,0x31a6,0x39a7,0x31a6,0x39a7,0x31a6,0x31a6,0x3186,0x39a7,0x31a6,
  0x31a6,0x3186,0x31a6,0x31a6,0x31a6,0x31a6,0x31a6,0x3186,0x31a6,0x3186,0x31a6,0x3186,0x31a6,0x3186,0x31a6,0x3186,
  0x31a6,0x31a6,0x31a6,0x3186,0x3186,0x3186,0x31a6,0x3186,0x3186,0x3186,0x31a6,0x3186,0x31a6,0x3186,0x31a6,0x3186,
  0x31a6,0x3186,0x3186,0x2965,0x3186,0x3186,0x31a6,0x3186,0x3186,0x2985,0x3186,0x2965,0x3186,0x2965,0x3186,0x3186,
  0x31a6,0x2985,0x3186,0x2965,0x31a6,0x39e7,0x528a,0x52aa,0x5acb,0x52aa,0x526a,0x632c,0x5aeb,0x632c,0x6b4d,0x73ae,
  0x8430,0x8430,0x8c51,0x8430,0x8430,0x7bef,0x8430,0x8410,0x8410,0x8410,0x8410,0x8430,0x8430,0x7bef,0x8c31,0x8c51,
  0x8c31,0x7c0f,0x8410,0x7bcf,0x73ae,0x738e,0x6b2d,0x52aa,0x4228,0x5acb,0x6b2d,0x738e,0x7baf,0x6b6d,0x5acb,0x31a6,
  0x2124,0x1082,0x1062,0x0841,0x10a2,0x0841,0x0000,0x0000,0x0020,0x0000,0x0821,0x0020,0x0821,0x0861,0x2104,0x18c3,
  0x18e3,0x2104,0x2945,0x2945,0x2945,0x2104,0x20e4,0x2104,0x2965,0x31c6,0x4a49,0x528a,0x5acb,0x630c,0x6b4d,0x6b4d,
  0x6b6d,0x6b6d,0x73ae,0x73ae,0x7bcf,0x7bcf,0x73ae,0x6b6d,0x6b2d,0x5acb,0x52aa,0x528a,0x4a29,0x39c7,0x3186,0x2965,
  0x2965,0x2124,0x2104,0x18e3,0x18e3,0x10a2,0x10a2,0x1082,0x1082,0x0861,0x0861,0x0020,0x0020,0x0000,0x0821,0x0841,
  0x10a2,0x10a2,0x18e3,0x18e3,0x18c3,0x0881,0x0861,0x0020,0x0020,0x0000,0x1062,0x1082,0x0000,0x0000,0x0821,0x0000,
  0x0020,0x0020,0x0821,0x0841,0x1082,0x10a2,0x18c3,0x18c3,0x18c3,0x10a2,0x1082,0x0861,0x10a2,0x18c3,0x20e4,0x18e3,
  0x2104,0x2104,0x2104,0x18e3,0x18c3,0x18c3,0x18e3,0x10a2,0x18c3,0x18c3,0x2104,0x18e3,0x18e3,0x18e3,0x2104,0x2104,
  0x2104,0x18e3,0x20e4,0x18c3,0x18c3,0x1082,0x1082,0x1082,0x10a2,0x1082,0x1082,0x0841,0x1082,0x10a2,0x18e3,0x18e3,
  0x18e3,0x18e3,0x20e4,0x18e3,0x18e3,0x18e3,0x20e4,0x18e3,0x18e3,0x18c3,0x18e3,0x18c3,0x18e3,0x18c3,0x18c3,0x18c3,
  0x18c3,0x18c3,0x18c3,0x18c3,0x18c3,0x10c2,0x18c3,0x18c3,0x18c3,0x18c3,0x18c3,0x18c3,0x18c3,0x10c2,0x18c3,0x18c3,
  0x18c3,0x10c2,0x18c3,0x18c3,0x18c3,0x10a2,0x18c3,0x10a2,0x18c3,0x10c2,0x18c3,0x10a2,0x18c3,0x10a2,0x18c3,0x10a2,
  0x18c3,0x10a2,0x18c3,0x10a2,0x18a3,0x10a2,0x18a3,0x10a2,0x18a3,0x10a2,0x18a3,0x10a2,0x10a2,0x10a2,0x18a3,0x10a2,
  0x10a2,0x1082,0x10a2,0x1082,0x10a2,0x1082,0x10a2,0x1082,0x10a2,0x1082,0x10a2,0x1082,0x10a2,0x1082,0x10a2,0x1082,
  0x10a2,0x1082,0x10a2,0x1082,0x10a2,0x1082,0x1082,0x1082,0x1082,0x1082,0x1082,0x1082,0x1082,0x1082,0x1082,0x1082,
  0x31a6,0x39c7,0x31c6,0x39c7,0x31a6,0x39c7,0x31c6,0x39c7,0x39c7,0x39c7,0x31a6,0x39c7,0x31a6,0x39a7,0x31a6,0x39c7,
  0x31a6,0x39c7,0x31a6,0x31a6,0x31a6,0x39a7,0x31a6,0x39c7,0x31a6,0x39a7,0x31a6,0x39c7,0x31a6,0x39a7,0x31a6,0x31a6,
  0x31a6,0x31a6,0x31a6,0x31a6,0x3186,0x31a6,0x3186,0x31a6,0x3186,0x31a6,0x3186,0x31a6,0x3186,0x31a6,0x3186,0x31a6,
  0x3186,0x31a6,0x3186,0x31a6,0x3186,0x31a6,0x3186,0x3186,0x3186,0x31a6,0x3186,0x3186,0x2965,0x3186,0x2985,0x3186,
  0x3186,0x3186,0x2985,0x3186,0x3186,0x3186,0x2985,0x3186,0x3186,0x3186,0x2985,0x3186,0x2965,0x3186,0x2985,0x3186,
  0x2985,0x3186,0x2965,0x3186,0x2965,0x3186,0x2965,0x3186,0x3186,0x3186,0x2965,0x2965,0x2985,0x41e8,0x4a69,0x52aa,
  0x5acb,0x5aeb,0x52aa,0x632c,0x5acb,0x6b4d,0x6b6d,0x7bcf,0x8410,0x8430,0x8430,0x8430,0x8410,0x8410,0x8410,0x8410,
  0x7c0f,0x8c31,0x8430,0x8c51,0x8430,0x8c51,0x8430,0x8410,0x7bef,0x8410,0x7bef,0x7bcf,0x73ae,0x5acb,0x31a6,0x4a49,
  0x630c,0x738e,0x6b8d,0x7bcf,0x6b6d,0x4228,0x1903,0x10a2,0x0000,0x2925,0x52aa,0x18e3,0x39c7,0x2124,0x0000,0x0020,
  0x0000,0x0841,0x0881,0x1082,0x0841,0x18c3,0x2965,0x3186,0x2104,0x18c3,0x18c3,0x2945,0x2945,0x2104,0x18e3,0x2124,
  0x2124,0x3186,0x39e7,0x528a,0x5aeb,0x6b4d,0x6b6d,0x6b6d,0x6b6d,0x738e,0x6b8d,0x73ae,0x73ae,0x738e,0x6b6d,0x6b6d,
  0x632c,0x5aeb,0x52aa,0x5acb,0x4248,0x41e8,0x31a6,0x3186,0x2965,0x2925,0x18e3,0x2104,0x18c3,0x10a2,0x0881,0x1082,
  0x0861,0x0841,0x0020,0x0020,0x0000,0x0000,0x0020,0x0861,0x0861,0x10a2,0x10a2,0x0861,0x0841,0x1082,0x10a2,0x0861,
  0x0000,0x0000,0x4228,0x52aa,0x0000,0x0020,0x0000,0x0020,0x0000,0x0020,0x0000,0x0000,0x0000,0x0841,0x0841,0x10a2,
  0x10a2,0x18c3,0x10a2,0x1082,0x0861,0x1082,0x10a2,0x18e3,0x18e3,0x2104,0x1903,0x2104,0x18c3,0x18e3,0x18c3,0x18e3,
  0x18c3,0x18e3,0x18e3,0x2104,0x18e3,0x18e3,0x1903,0x2104,0x18e3,0x2104,0x18e3,0x18e3,0x18c3,0x1082,0x0861,0x1082,
  0x0881,0x1082,0x0861,0x0841,0x0861,0x18c3,0x18c3,0x18e3,0x18c3,0x18e3,0x10c2,0x18e3,0x18c3,0x18e3,0x18c3,0x18c3,
  0x18c3,0x18c3,0x10c2,0x18c3,0x18c3,0x18c3,0x10c2,0x18c3,0x10c2,0x18c3,0x10a2,0x18c3,0x10c2,0x18c3,0x10c2,0x18c3,
  0x10c2,0x18c3,0x10c2,0x18c3,0x10a2,0x18c3,0x10a2,0x18c3,0x10a2,0x18c3,0x10a2,0x18c3,0x10a2,0x18c3,0x10a2,0x18c3,
  0x10a2,0x18c3,0x10a2,0x18c3,0x10a2,0x18c3,0x10a2,0x10a2,0x10a2,0x18a3,0x10a2,0x10a2,0x10a2,0x10a2,0x10a2,0x10a2,
  0x10a2,0x10a2,0x1082,0x10a2,0x1082,0x10a2,0x1082,0x10a2,0x1082,0x10a2,0x0881,0x10a2,0x1082,0x10a2,0x0881,0x1082,
  0x1082,0x1082,0x0881,0x1082,0x1082,0x1082,0x0881,0x1082,0x1082,0x1082,0x0881,0x1082,0x1082,0x1082,0x0881,0x1082,
  0x0881,0x1082,0x0881,0x1082,0x0881,0x1082,0x0881,0x1082,0x39c7,0x39c7,0x39c7,0x31c6,0x39c7,0x39c7,0x39e7,0x39c7,
  0x39c7,0x39c7,0x39c7,0x31a6,0x39c7,0x39c7,0x39c7,0x31a6,0x39c7,0x31a6,0x39c7,0x31a6,0x39c7,0x31a6,0x39a7,0x31a6,
  0x39c7,0x31a6,0x31a6,0x31a6,0x39c7,0x31a6,0x39c7,0x31a6,0x39a7,0x31a6,0x39a7,0x31a6,0x31a6,0x31a6,0x31a6,0x31a6,
  0x39a7,0x31a6,0x31a6,0x31a6,0x39a7,0x31a6,0x31a6,0x3186,0x31a6,0x3186,0x31a6,0x3186,0x31a6,0x3186,0x31a6,0x3186,
  0x31a6,0x3186,0x31a6,0x3186,0x3186,0x3186,0x31a6,0x3186,0x3186,0x3186,0x3186,0x3186,0x3186,0x3186,0x3186,0x3186,
  0x3186,0x3186,0x31a6,0x3186,0x3186,0x3186,0x31a6,0x2985,0x3186,0x3186,0x3186,0x2985,0x3186,0x3186,0x3186,0x3186,
  0x3186,0x2965,0x3186,0x2965,0x3186,0x39c7,0x4a49,0x528a,0x5acb,0x5acb,0x5aeb,0x52ca,0x5acb,0x632c,0x73ae,0x7bef,
  0x8c31,0x8410,0x8c51,0x8430,0x8c31,0x7bef,0x8430,0x8430,0x8c51,0x8c71,0x8c51,0x8430,0x8c71,0x8c51,0x8c51,0x8410,
  0x8410,0x8410,0x8410,0x738e,0x526a,0x2945,0x528a,0x6b4d,0x7bef,0x73ae,0x6b6d,0x4a49,0x2945,0x10a2,0x2945,0x2104,
  0x2945,0x4a49,0x632c,0x2965,0x630c,0x2945,0x0000,0x0861,0x0000,0x0020,0x1082,0x1082,0x1062,0x18c3,0x39a7,0x4208,
  0x39e7,0x2945,0x18e3,0x18c3,0x2104,0x2104,0x2124,0x2124,0x3166,0x39c7,0x4a49,0x52aa,0x630c,0x6b4d,0x738e,0x6b6d,
  0x738e,0x738e,0x738e,0x73ae,0x7bcf,0x6b6d,0x738e,0x6b4d,0x6b2d,0x5aeb,0x5aeb,0x52aa,0x526a,0x4208,0x39c7,0x31a6,
  0x3186,0x2945,0x2124,0x18e3,0x18c3,0x1082,0x1082,0x0881,0x1062,0x0841,0x0020,0x0020,0x0821,0x0020,0x0020,0x0020,
  0x0861,0x0841,0x0861,0x0881,0x18c3,0x2124,0x2965,0x10a2,0x0841,0x0000,0x5aeb,0x6b4d,0x0000,0x0000,0x0000,0x0040,
  0x0841,0x0841,0x0861,0x0020,0x0841,0x0841,0x0841,0x0841,0x1082,0x10a2,0x18c3,0x18c3,0x18a3,0x0861,0x1082,0x1082,
  0x18c3,0x2104,0x2124,0x2104,0x2104,0x18e3,0x18e3,0x18e3,0x20e4,0x18e3,0x2104,0x2104,0x2104,0x18e3,0x2124,0x2104,
  0x2104,0x18e3,0x2104,0x18e3,0x18e3,0x1082,0x1062,0x0861,0x1082,0x0861,0x0861,0x0841,0x1082,0x18c3,0x18e3,0x18e3,
  0x18e3,0x18c3,0x18e3,0x18c3,0x18e3,0x18c3,0x18e3,0x18c3,0x18e3,0x18c3,0x18e3,0x18c3,0x18e3,0x18c3,0x18c3,0x18c3,
  0x18c3,0x18c3,0x18c3,0x10c2,0x18c3,0x18c3,0x18c3,0x18c3,0x18c3,0x18c3,0x18c3,0x18c3,0x18c3,0x18c3,0x18c3,0x10c2,
  0x18c3,0x18c3,0x18c3,0x10c2,0x18c3,0x10a2,0x18c3,0x10a2,0x18c3,0x18c3,0x18c3,0x10a2,0x18c3,0x10a2,0x18c3,0x10a2,
  0x18c3,0x10a2,0x18c3,0x10a2,0x18a3,0x10a2,0x18a3,0x10a2,0x18a3,0x10a2,0x10a2,0x10a2,0x10a2,0x10a2,0x10a2,0x10a2,
  0x18a3,0x10a2,0x10a2,0x1082,0x10a2,0x1082,0x10a2,0x1082,0x10a2,0x1082,0x10a2,0x1082,0x10a2,0x1082,0x10a2,0x1082,
  0x10a2,0x1082,0x10a2,0x1082,0x10a2,0x1082,0x1082,0x1082,0x1082,0x1082,0x1082,0x1082,0x1082,0x1082,0x1082,0x1082,
  0x31a6,0x39c7,0x31a6,0x39c7,0x31c6,0x39c7,0x39c7,0x39c7,0x31c6,0x39c7,0x31a6,0x39c7,0x31c6,0x39c7,0x31a6,0x39a7,
  0x31a6,0x31a6,0x31a6,0x39c7,0x31a6,0x31a6,0x31a6,0x39a7,0x31a6,0x31a6,0x3186,0x31a6,0x3186,0x31a6,0x31a6,0x39a7,
  0x31a6,0x31a6,0x31a6,0x31a6,0x3186,0x31a6,0x31a6,0x31a6,0x31a6,0x31a6,0x3186,0x31a6,0x3186,0x31a6,0x3186,0x31a6,
  0x3186,0x31a6,0x3186,0x31a6,0x3186,0x31a6,0x3186,0x31a6,0x3186,0x3186,0x2985,0x3186,0x2985,0x31a6,0x3186,0x3186,
  0x2965,0x3186,0x2985,0x3186,0x2985,0x3186,0x2985,0x3186,0x2985,0x3186,0x3186,0x3186,0x2965,0x3186,0x3186,0x3186,
  0x2965,0x3186,0x2965,0x3186,0x2985,0x3186,0x2985,0x3186,0x2965,0x2965,0x2985,0x3186,0x2965,0x31a6,0x39e7,0x528a,
  0x528a,0x52aa,0x52aa,0x526a,0x4a89,0x630c,0x738e,0x8410,0x8430,0x8410,0x8c51,0x8c71,0x8450,0x8430,0x8450,0x8c71,
  0x9492,0x94b2,0x8c51,0x8c51,0x8430,0x8430,0x7bef,0x8410,0x7bef,0x7bcf,0x6b6d,0x528a,0x2985,0x52aa,0x634c,0x736e,
  0x738e,0x738e,0x4208,0x2104,0x2104,0x4228,0x6b6d,0x4a69,0x3186,0x52aa,0x6b8d,0x3166,0x2965,0x1082,0x0841,0x0000,
  0x0000,0x0861,0x1082,0x1082,0x0841,0x18c3,0x3186,0x39e7,0x39e7,0x39e7,0x2945,0x18c3,0x10a2,0x18c3,0x18c3,0x2124,
  0x3186,0x4228,0x528a,0x5aeb,0x5aeb,0x632c,0x6b6d,0x6b6d,0x6b6d,0x738e,0x738e,0x7bcf,0x7bcf,0x7bcf,0x738e,0x6b6d,
  0x630c,0x630c,0x5acb,0x52aa,0x4a49,0x4208,0x31a6,0x3186,0x2945,0x2124,0x2124,0x20e4,0x10a2,0x1082,0x0861,0x1062,
  0x0841,0x0020,0x0000,0x0821,0x0020,0x0841,0x0000,0x0000,0x0020,0x0020,0x0040,0x2104,0x2965,0x31a6,0x2945,0x1082,
  0x0000,0x0000,0x2965,0x39c7,0x0000,0x0020,0x0000,0x0000,0x0040,0x0861,0x0841,0x0821,0x0000,0x0861,0x1082,0x0861,
  0x0020,0x0841,0x1082,0x18c3,0x10c2,0x10a2,0x0841,0x0841,0x0881,0x18c3,0x18e3,0x2104,0x18e3,0x18e3,0x18c3,0x18e3,
  0x18e3,0x2104,0x2104,0x2104,0x18e3,0x2104,0x2104,0x2104,0x18e3,0x18e3,0x18e3,0x18e3,0x18c3,0x10a2,0x0861,0x1082,
  0x0881,0x1082,0x0841,0x0861,0x1082,0x18c3,0x18e3,0x18e3,0x18c3,0x18c3,0x18c3,0x18e3,0x18c3,0x18e3,0x18c3,0x18e3,
  0x18c3,0x18e3,0x18c3,0x18c3,0x10c2,0x18c3,0x10c2,0x18c3,0x10c2,0x18c3,0x10a2,0x18c3,0x10c2,0x18c3,0x10c2,0x18c3,
  0x10c2,0x18c3,0x10c2,0x18c3,0x10a2,0x18c3,0x10a2,0x18c3,0x10a2,0x18c3,0x10a2,0x18c3,0x10a2,0x18c3,0x10a2,0x18c3,
  0x10a2,0x18c3,0x10a2,0x18c3,0x10a2,0x18c3,0x10a2,0x18a3,0x10a2,0x10a2,0x10a2,0x18a3,0x10a2,0x10a2,0x10a2,0x10a2,
  0x10a2,0x10a2,0x1082,0x10a2,0x1082,0x10a2,0x1082,0x10a2,0x1082,0x10a2,0x1082,0x10a2,0x1082,0x10a2,0x1082,0x1082,
  0x0881,0x1082,0x1082,0x1082,0x0881,0x1082,0x1082,0x1082,0x0881,0x1082,0x1082,0x1082,0x0881,0x1082,0x0881,0x1082,
  0x0881,0x1082,0x0881,0x1082,0x0881,0x1082,0x0881,0x1082,0x39c7,0x31a6,0x39c7,0x39c7,0x39e7,0x39c7,0x41e8,0x31a6,
  0x39c7,0x39c7,0x39e7,0x39c7,0x39c7,0x31a6,0x39c7,0x31a6,0x39c7,0x31a6,0x39c7,0x39c7,0x39c7,0x31a6,0x39c7,0x31a6,
  0x39c7,0x31a6,0x39c7,0x31a6,0x39a7,0x31a6,0x39a7,0x31a6,0x39c7,0x31a6,0x39a7,0x31a6,0x31a6,0x31a6,0x39a7,0x31a6,
  0x39a7,0x31a6,0x39a7,0x3186,0x31a6,0x3186,0x31a6,0x31a6,0x31a6,0x31a6,0x39a7,0x3186,0x31a6,0x3186,0x39a7,0x31a6,
  0x31a6,0x3186,0x31a6,0x3186,0x31a6,0x3186,0x31a6,0x3186,0x3186,0x3186,0x31a6,0x3186,0x3186,0x3186,0x31a6,0x3186,
  0x3186,0x3186,0x3186,0x3186,0x3186,0x3186,0x3186,0x3186,0x3186,0x2985,0x3186,0x3186,0x3186,0x3186,0x31a6,0x2965,
  0x3186,0x2985,0x3166,0x3186,0x3186,0x2965,0x4a49,0x5acb,0x5acb,0x4a69,0x4a49,0x4a69,0x4a69,0x52aa,0x7baf,0x8410,
  0x8430,0x8450,0x8c51,0x8c51,0x8c51,0x8430,0x8c51,0x8c71,0x9492,0x8c91,0x9492,0x8c51,0x8c51,0x8c51,0x8c51,0x8410,
  0x7bef,0x738e,0x5aeb,0x2965,0x52aa,0x6b6d,0x736e,0x632c,0x632c,0x2965,0x0861,0x18c3,0x52aa,0x8410,0x8430,0x5acb,
  0x39c7,0x3a07,0x52aa,0x2945,0x0841,0x0020,0x0821,0x0000,0x0841,0x0861,0x1082,0x0841,0x0861,0x18c3,0x3186,0x2965,
  0x2945,0x2124,0x2104,0x18e3,0x18c3,0x10a2,0x1082,0x0861,0x2104,0x31c6,0x52aa,0x632c,0x632c,0x632c,0x738e,0x6b6d,
  0x738e,0x6b6d,0x7baf,0x73ae,0x7bcf,0x73ae,0x7bcf,0x6b6d,0x6b4d,0x630c,0x62ec,0x528a,0x4a69,0x4208,0x39c7,0x2965,
  0x2965,0x2124,0x2124,0x18e3,0x18c3,0x0881,0x1062,0x0841,0x0861,0x0020,0x0861,0x0841,0x0020,0x0000,0x0000,0x0000,
  0x0020,0x0020,0x1062,0x18c3,0x2124,0x2965,0x31a6,0x18e3,0x0020,0x0000,0x0000,0x0000,0x0000,0x0000,0x0000,0x0000,
  0x0861,0x0861,0x1082,0x0861,0x0861,0x1082,0x2104,0x10a2,0x0861,0x0020,0x0841,0x0861,0x10a2,0x18c3,0x18c3,0x1082,
  0x0861,0x0861,0x18c3,0x2104,0x18e3,0x18c3,0x2104,0x18e3,0x2124,0x2124,0x2925,0x2124,0x2124,0x2124,0x2925,0x2104,
  0x2104,0x1903,0x2104,0x18e3,0x18e3,0x18c3,0x1082,0x0861,0x1082,0x0861,0x1082,0x0861,0x10a2,0x18c3,0x18e3,0x18c3,
  0x18e3,0x18c3,0x18e3,0x18c3,0x18e3,0x18c3,0x18e3,0x18c3,0x18e3,0x18c3,0x18e3,0x18c3,0x18e3,0x18c3,0x18c3,0x18c3,
  0x18c3,0x18c3,0x18c3,0x18c3,0x18c3,0x18c3,0x18c3,0x18c3,0x18c3,0x18c3,0x18c3,0x18c3,0x18c3,0x18c3,0x18c3,0x18c3,
  0x18c3,0x18c3,0x18c3,0x18c3,0x18c3,0x10c2,0x18c3,0x18c3,0x18c3,0x10a2,0x18c3,0x10a2,0x18c3,0x10a2,0x18c3,0x10a2,
  0x18c3,0x10a2,0x18a3,0x10a2,0x18a3,0x10a2,0x18c3,0x10a2,0x10a2,0x10a2,0x18a3,0x1082,0x10a2,0x1082,0x10a2,0x1082,
  0x10a2,0x1082,0x10a2,0x10a2,0x10a2,0x1082,0x10a2,0x1082,0x10a2,0x1082,0x10a2,0x1082,0x10a2,0x1082,0x10a2,0x1082,
  0x10a2,0x1082,0x10a2,0x1082,0x10a2,0x1082,0x1082,0x1082,0x1082,0x1082,0x1082,0x1082,0x1082,0x1082,0x1082,0x1082,
  0x39c7,0x39c7,0x31c6,0x39c7,0x31c6,0x39c7,0x31c6,0x39c7,0x31c6,0x39e7,0x39c7,0x39c7,0x31a6,0x39c7,0x31c6,0x39c7,
  0x31a6,0x39c7,0x31a6,0x39c7,0x31a6,0x39a7,0x31a6,0x39c7,0x31a6,0x39c7,0x31a6,0x31a6,0x31a6,0x31a6,0x31a6,0x31a6,
  0x31a6,0x31a6,0x31a6,0x31a6,0x3186,0x31a6,0x3186,0x31a6,0x31a6,0x31a6,0x31a6,0x31a6,0x3186,0x31a6,0x31a6,0x31a6,
  0x31a6,0x31a6,0x3186,0x31a6,0x3186,0x31a6,0x3186,0x31a6,0x3186,0x3186,0x2985,0x3186,0x3186,0x3186,0x2985,0x3186,
  0x2985,0x31a6,0x2985,0x3186,0x2985,0x3186,0x2985,0x31a6,0x3186,0x3186,0x2985,0x3186,0x3186,0x3186,0x2985,0x3186,
  0x3186,0x3186,0x2985,0x3186,0x2985,0x3186,0x2985,0x2965,0x2945,0x3186,0x2965,0x31a6,0x2965,0x3186,0x4a69,0x630c,
  0x5aeb,0x528a,0x4208,0x4a69,0x528a,0x5aeb,0x73ae,0x8430,0x8430,0x8c51,0x8430,0x8c51,0x8410,0x8c31,0x8450,0x8c71,
  0x8c71,0x9472,0x8450,0x8c71,0x8430,0x8430,0x8410,0x7bef,0x738e,0x5aeb,0x4208,0x4a49,0x6b6d,0x632c,0x528a,0x4208,
  0x2124,0x18c3,0x2124,0x2945,0x39c7,0x52aa,0x738e,0x630c,0x31a6,0x2124,0x2945,0x10a2,0x0861,0x0841,0x0000,0x0841,
  0x0020,0x0841,0x0040,0x0861,0x1082,0x18e3,0x2124,0x18e3,0x18c3,0x18e3,0x10c2,0x10a2,0x1082,0x1082,0x0861,0x1082,
  0x10a2,0x18c3,0x2144,0x4a69,0x5aeb,0x6b6d,0x6b6d,0x6b4d,0x6b6d,0x738e,0x73ae,0x73ae,0x73ae,0x738e,0x738e,0x6b6d,
  0x630c,0x62ec,0x52aa,0x4a49,0x4228,0x4208,0x31a6,0x3186,0x2945,0x2124,0x1903,0x18e3,0x10a2,0x1082,0x0841,0x0861,
  0x0841,0x0841,0x0020,0x0020,0x0000,0x0000,0x0000,0x0000,0x0000,0x0841,0x0841,0x1082,0x0881,0x18c3,0x2104,0x18c3,
  0x0020,0x0020,0x0040,0x0841,0x0000,0x0000,0x0000,0x0020,0x0020,0x1082,0x0841,0x0841,0x0861,0x18c3,0x10a2,0x1082,
  0x0841,0x0841,0x0020,0x0841,0x0841,0x0861,0x0881,0x1082,0x0861,0x1082,0x1082,0x18e3,0x18e3,0x2104,0x18e3,0x2104,
  0x18e3,0x2124,0x1903,0x2104,0x18e3,0x2104,0x2104,0x2104,0x1903,0x2104,0x18e3,0x2104,0x18e3,0x18c3,0x0861,0x0861,
  0x0861,0x0861,0x0861,0x0861,0x1082,0x18c3,0x10c2,0x18e3,0x18e3,0x18e3,0x18c3,0x18e3,0x18c3,0x18e3,0x18c3,0x18e3,
  0x18c3,0x18c3,0x10c2,0x18c3,0x18c3,0x18c3,0x10c2,0x18c3,0x10c2,0x18c3,0x10c2,0x18c3,0x10c2,0x18c3,0x10c2,0x18c3,
  0x10c2,0x18c3,0x10c2,0x18c3,0x10c2,0x18c3,0x10c2,0x18c3,0x10c2,0x18c3,0x10c2,0x18c3,0x10a2,0x18c3,0x10a2,0x18c3,
  0x10a2,0x18c3,0x10a2,0x18c3,0x10a2,0x18c3,0x10a2,0x18c3,0x10a2,0x18a3,0x10a2,0x10a2,0x10a2,0x18a3,0x10a2,0x10a2,
  0x1082,0x10a2,0x1082,0x10a2,0x1082,0x10a2,0x1082,0x10a2,0x1082,0x1082,0x0881,0x10a2,0x1082,0x10a2,0x0881,0x1082,
  0x1082,0x10a2,0x0881,0x1082,0x1082,0x1082,0x0881,0x1082,0x1082,0x1082,0x0881,0x1082,0x1082,0x1082,0x0881,0x1082,
  0x0881,0x1082,0x0881,0x1082,0x0881,0x1082,0x0881,0x1082,0x39e7,0x39c7,0x39c7,0x31c6,0x39c7,0x31a6,0x39c7,0x31a6,
  0x39c7,0x39c7,0x39e7,0x39c7,0x39c7,0x39c7,0x39c7,0x39c7,0x39c7,0x39c7,0x39c7,0x39c7,0x39c7,0x31a6,0x39c7,0x31a6,
  0x39c7,0x31a6,0x39c7,0x31a6,0x39c7,0x31a6,0x39a7,0x31a6,0x39c7,0x31a6,0x39a7,0x31a6,0x39a7,0x31a6,0x39a7,0x31a6,
  0x39a7,0x31a6,0x39a7,0x31a6,0x39a7,0x31a6,0x39a7,0x31a6,0x39a7,0x31a6,0x31a6,0x3186,0x39a7,0x31a6,0x31a6,0x3186,
  0x31a6,0x3186,0x31a6,0x3186,0x31a6,0x3186,0x31a6,0x3186,0x3186,0x3186,0x31a6,0x3186,0x31a6,0x3186,0x31a6,0x3186,
  0x31a6,0x3186,0x31a6,0x3186,0x31a6,0x3186,0x31a6,0x3186,0x31a6,0x3186,0x3186,0x3186,0x3186,0x3186,0x31a6,0x2965,
  0x3186,0x3186,0x3186,0x2985,0x31a6,0x3186,0x4a49,0x630c,0x6b4d,0x4a69,0x41e8,0x528a,0x5aeb,0x5acb,0x7bcf,0x8430,
  0x8430,0x8430,0x8430,0x8430,0x8c31,0x8430,0x8c71,0x8c71,0x9492,0x8c51,0x8c51,0x8c51,0x8c51,0x8410,0x83f0,0x6b8d,
  0x6b4d,0x5acb,0x5acb,0x632c,0x5aeb,0x39e7,0x2965,0x2124,0x2104,0x31a6,0x4a49,0x4a69,0x528a,0x39e7,0x4208,0x4208,
  0x41e8,0x2965,0x3186,0x18c3,0x10a2,0x1082,0x1082,0x1082,0x18c3,0x10a2,0x18c3,0x18e3,0x2925,0x2124,0x2945,0x2945,
  0x2965,0x2945,0x2124,0x18e3,0x18c3,0x18c3,0x20e4,0x2124,0x3166,0x2124,0x3186,0x4a69,0x630c,0x6b6d,0x736e,0x632c,
  0x736e,0x738e,0x73ae,0x738e,0x7baf,0x6b6d,0x73ae,0x6b6d,0x6b2d,0x5acb,0x52aa,0x4248,0x4a29,0x39e7,0x39c7,0x2985,
  0x2965,0x2124,0x2124,0x1903,0x18e3,0x1082,0x1082,0x0861,0x1062,0x0861,0x0841,0x0000,0x0000,0x0000,0x0000,0x0000,
  0x0841,0x0020,0x1062,0x10c2,0x18a3,0x1082,0x10a2,0x1082,0x1062,0x0861,0x10a2,0x0861,0x0841,0x0000,0x0020,0x0000,
  0x0020,0x0841,0x0821,0x0000,0x1062,0x1082,0x0861,0x0861,0x1082,0x0861,0x0861,0x0841,0x0841,0x0020,0x0841,0x0841,
  0x1062,0x0861,0x1082,0x10a2,0x20e4,0x18e3,0x18c3,0x18c3,0x20e4,0x2104,0x2124,0x2104,0x2124,0x2124,0x2124,0x2104,
  0x2124,0x2104,0x2104,0x18e3,0x2104,0x18e3,0x10a2,0x0861,0x1082,0x0861,0x1082,0x0881,0x18a3,0x18c3,0x18e3,0x18e3,
  0x20e4,0x18e3,0x18e3,0x18e3,0x20e4,0x18e3,0x18e3,0x18c3,0x18e3,0x18c3,0x18e3,0x18c3,0x18e3,0x18c3,0x18c3,0x18c3,
  0x18c3,0x18c3,0x18c3,0x18c3,0x18c3,0x18c3,0x18c3,0x18c3,0x18c3,0x18c3,0x18c3,0x18c3,0x18c3,0x18c3,0x18c3,0x18c3,
  0x18c3,0x18c3,0x18c3,0x10c2,0x18c3,0x18c3,0x18c3,0x10c2,0x18c3,0x10a2,0x18c3,0x10a2,0x18c3,0x10a2,0x18c3,0x10a2,
  0x18c3,0x10a2,0x18a3,0x10a2,0x18a3,0x10a2,0x18c3,0x10a2,0x18a3,0x10a2,0x10a2,0x10a2,0x18a3,0x10a2,0x10a2,0x1082,
  0x10a2,0x1082,0x10a2,0x10a2,0x10a2,0x1082,0x10a2,0x1082,0x10a2,0x1082,0x10a2,0x1082,0x10a2,0x1082,0x10a2,0x1082,
  0x10a2,0x1082,0x10a2,0x1082,0x10a2,0x1082,0x1082,0x1082,0x1082,0x1082,0x1082,0x1082,0x1082,0x1082,0x1082,0x1082,
  0x31c6,0x39c7,0x31a6,0x39c7,0x31a6,0x39c7,0x31a6,0x39c7,0x31a6,0x39c7,0x31c6,0x39c7,0x31a6,0x39c7,0x39c7,0x39c7,
  0x31a6,0x39c7,0x31a6,0x39c7,0x31a6,0x31a6,0x31a6,0x39c7,0x31a6,0x31a6,0x31a6,0x39a7,0x31a6,0x31a6,0x31a6,0x31a6,
  0x31a6,0x31a6,0x31a6,0x31a6,0x31a6,0x31a6,0x31a6,0x31a6,0x3186,0x31a6,0x3186,0x31a6,0x3186,0x31a6,0x3186,0x31a6,
  0x3186,0x31a6,0x3186,0x31a6,0x31a6,0x31a6,0x3186,0x3186,0x3186,0x31a6,0x3186,0x3186,0x2985,0x3186,0x3186,0x3186,
  0x2985,0x3186,0x3186,0x3186,0x2985,0x3186,0x3186,0x3186,0x3186,0x31a6,0x3186,0x31a6,0x3186,0x31a6,0x3186,0x3186,
  0x2965,0x3186,0x2985,0x3186,0x2985,0x3186,0x3186,0x3186,0x2985,0x31a6,0x2945,0x2965,0x2985,0x31a6,0x4208,0x52aa,
  0x5b0b,0x52aa,0x4228,0x526a,0x4a89,0x630c,0x7bef,0x8430,0x8430,0x8430,0x8430,0x8c51,0x8430,0x8c51,0x8c51,0x8c71,
  0x8c51,0x8c71,0x8c51,0x8410,0x7bef,0x8410,0x73ce,0x6b6d,0x6b4d,0x738e,0x5b0b,0x528a,0x31c6,0x39e7,0x39e7,0x4a49,
  0x52aa,0x6b6d,0x6b4d,0x630c,0x738e,0x738e,0x632c,0x5acb,0x528a,0x4a69,0x4a69,0x39e7,0x2965,0x3186,0x2965,0x2945,
  0x3186,0x3186,0x2945,0x2965,0x2945,0x2945,0x2124,0x2124,0x2124,0x2124,0x2104,0x2104,0x2104,0x2945,0x3186,0x39e7,
  0x4248,0x528a,0x52aa,0x630c,0x5b0b,0x6b6d,0x634c,0x632c,0x6b4d,0x738e,0x6b6d,0x738e,0x738e,0x738e,0x738e,0x738e,
  0x632c,0x5aeb,0x528a,0x4a69,0x4228,0x4208,0x39c7,0x31a6,0x2965,0x2945,0x2104,0x2104,0x10c2,0x10a2,0x0861,0x0861,
  0x0861,0x0861,0x0040,0x0020,0x0000,0x0020,0x0000,0x0020,0x0020,0x0861,0x0881,0x18c3,0x18c3,0x2124,0x2965,0x2965,
  0x18e3,0x1082,0x1082,0x1082,0x0861,0x0861,0x0861,0x0861,0x0040,0x0861,0x0841,0x1062,0x0881,0x10a2,0x1082,0x18a3,
  0x10a2,0x18c3,0x10a2,0x1082,0x0861,0x0861,0x0020,0x0821,0x0040,0x0861,0x0861,0x10a2,0x10a2,0x18c3,0x18e3,0x2104,
  0x1903,0x2124,0x2124,0x2124,0x2104,0x2945,0x2124,0x2124,0x1903,0x2104,0x18e3,0x18e3,0x18e3,0x2104,0x1082,0x1062,
  0x0861,0x1082,0x0861,0x1082,0x10a2,0x2104,0x18c3,0x18c3,0x10a2,0x18c3,0x10a2,0x18c3,0x18c3,0x18e3,0x18c3,0x18c3,
  0x10c2,0x18e3,0x18c3,0x18c3,0x10c2,0x18c3,0x10c2,0x18c3,0x10c2,0x18c3,0x10c2,0x18c3,0x10c2,0x18c3,0x10c2,0x18c3,
  0x10c2,0x18c3,0x10c2,0x18c3,0x10c2,0x18c3,0x10c2,0x18c3,0x10a2,0x18c3,0x10a2,0x18c3,0x10a2,0x18c3,0x10a2,0x18c3,
  0x10a2,0x18c3,0x10a2,0x18c3,0x10a2,0x18c3,0x10a2,0x18c3,0x10a2,0x10a2,0x10a2,0x10a2,0x10a2,0x10a2,0x10a2,0x10a2,
  0x10a2,0x10a2,0x1082,0x10a2,0x1082,0x10a2,0x1082,0x10a2,0x1082,0x10a2,0x1082,0x1082,0x0881,0x10a2,0x1082,0x10a2,
  0x1082,0x10a2,0x1082,0x1082,0x0881,0x1082,0x1082,0x1082,0x0881,0x1082,0x1082,0x1082,0x0881,0x1082,0x0881,0x1082,
  0x0881,0x1082,0x0881,0x1082,0x0881,0x1082,0x0881,0x1082,0x39c7,0x39c7,0x39c7,0x39c7,0x39c7,0x39c7,0x39e7,0x39c7,
  0x39c7,0x39c7,0x39e7,0x39c7,0x39c7,0x31c6,0x39c7,0x39c7,0x39c7,0x31a6,0x39c7,0x31a6,0x39a7,0x31a6,0x39c7,0x31a6,
  0x39c7,0x31a6,0x39c7,0x31a6,0x39c7,0x31a6,0x39a7,0x31a6,0x39c7,0x31a6,0x39a7,0x31a6,0x39c7,0x31a6,0x39a7,0x31a6,
  0x31a6,0x31a6,0x39a7,0x31a6,0x31a6,0x31a6,0x31a6,0x3186,0x31a6,0x3186,0x31a6,0x31a6,0x31a6,0x3186,0x31a6,0x3186,
  0x31a6,0x31a6,0x31a6,0x3186,0x31a6,0x3186,0x31a6,0x3186,0x31a6,0x3186,0x31a6,0x3186,0x31a6,0x3186,0x31a6,0x3186,
  0x31a6,0x3186,0x31a6,0x3186,0x31a6,0x3186,0x31a6,0x3186,0x3186,0x2985,0x3186,0x3186,0x31a6,0x3186,0x39a7,0x2965,
  0x2965,0x31a6,0x39c7,0x31a6,0x31a6,0x2965,0x39c7,0x4228,0x630c,0x5acb,0x4a69,0x528a,0x52aa,0x6b4d,0x8410,0x8430,
  0x8c51,0x8c51,0x8c51,0x8c51,0x8c51,0x8c51,0x9472,0x8c71,0x8c71,0x8c71,0x9472,0x8c51,0x8410,0x73ce,0x73ae,0x6b4d,
  0x6b2d,0x5aeb,0x5aeb,0x5acb,0x528a,0x5b0b,0x5aeb,0x6b4d,0x73ae,0x73ae,0x83f0,0x7bcf,0x8430,0x73ce,0x7bcf,0x7bcf,
  0x7bef,0x630c,0x630c,0x5aeb,0x52aa,0x4208,0x39c7,0x39e7,0x39c7,0x3186,0x3186,0x2945,0x2945,0x2124,0x2925,0x2965,
  0x3166,0x2945,0x2925,0x2104,0x2945,0x2945,0x39c7,0x39c7,0x4a49,0x52ca,0x630c,0x630c,0x6b2d,0x6b4d,0x6b2d,0x632c,
  0x736e,0x6b6d,0x736e,0x6b6d,0x7baf,0x738e,0x73ae,0x6b6d,0x6b2d,0x5acb,0x52aa,0x4a69,0x4a49,0x4208,0x41e8,0x31a6,
  0x3166,0x2124,0x2124,0x2104,0x18e3,0x10a2,0x1082,0x0861,0x1082,0x0861,0x1062,0x0841,0x0841,0x0020,0x0841,0x0020,
  0x0841,0x0881,0x18c3,0x10a2,0x18c3,0x2104,0x2965,0x2104,0x18c3,0x10a2,0x18c3,0x10a2,0x18a3,0x18c3,0x18c3,0x10a2,
  0x18c3,0x10a2,0x18c3,0x18c3,0x18c3,0x10a2,0x20e4,0x18e3,0x18e3,0x18e3,0x2104,0x18c3,0x18c3,0x10a2,0x18a3,0x1082,
  0x1082,0x0881,0x10a2,0x18c3,0x18e3,0x18e3,0x2104,0x2104,0x2104,0x2104,0x2124,0x2104,0x2104,0x2124,0x2925,0x2104,
  0x2124,0x2104,0x2104,0x2104,0x2104,0x1903,0x18a3,0x0861,0x1082,0x0861,0x1082,0x1082,0x18c3,0x18e3,0x18c3,0x0861,
  0x1062,0x0861,0x10a2,0x10a2,0x18e3,0x18c3,0x18e3,0x18c3,0x18e3,0x18c3,0x18e3,0x18c3,0x18e3,0x18c3,0x18c3,0x18c3,
  0x18c3,0x18c3,0x18c3,0x18c3,0x18c3,0x18c3,0x18c3,0x18c3,0x18c3,0x18c3,0x18c3,0x18c3,0x18c3,0x18c3,0x18c3,0x18c3,
  0x18c3,0x10c2,0x18c3,0x10a2,0x18c3,0x10a2,0x18c3,0x18c3,0x18c3,0x10a2,0x18c3,0x10a2,0x18c3,0x10a2,0x18c3,0x10a2,
  0x18c3,0x10a2,0x18a3,0x10a2,0x18a3,0x10a2,0x18a3,0x10a2,0x18a3,0x10a2,0x18a3,0x10a2,0x10a2,0x10a2,0x18a3,0x10a2,
  0x10a2,0x1082,0x10a2,0x1082,0x10a2,0x1082,0x10a2,0x1082,0x10a2,0x1082,0x10a2,0x1082,0x10a2,0x1082,0x10a2,0x1082,
  0x10a2,0x1082,0x10a2,0x1082,0x10a2,0x1082,0x1082,0x1082,0x1082,0x1082,0x1082,0x1082,0x1082,0x1082,0x1082,0x1082,
  0x39c7,0x39c7,0x31c6,0x39c7,0x31c6,0x39c7,0x31c6,0x39c7,0x39c7,0x39c7,0x31c6,0x39c7,0x31a6,0x39c7,0x31c6,0x39c7,
  0x31a6,0x39c7,0x31a6,0x39c7,0x31a6,0x39c7,0x31a6,0x31a6,0x31a6,0x39a7,0x31a6,0x31a6,0x31a6,0x31a6,0x31a6,0x31a6,
  0x31a6,0x31a6,0x31a6,0x31a6,0x31a6,0x39a7,0x31a6,0x31a6,0x3186,0x31a6,0x3186,0x31a6,0x31a6,0x31a6,0x3186,0x31a6,
  0x3186,0x31a6,0x31a6,0x31a6,0x3186,0x31a6,0x3186,0x31a6,0x3186,0x31a6,0x3186,0x31a6,0x3186,0x3186,0x2985,0x31a6,
  0x3186,0x3186,0x2985,0x3186,0x3186,0x3186,0x2985,0x3186,0x3186,0x3186,0x2985,0x3186,0x3186,0x3186,0x2985,0x3186,
  0x2985,0x3186,0x2985,0x3186,0x2985,0x3186,0x2985,0x2965,0x31a6,0x526a,0x52aa,0x528a,0x4228,0x31a6,0x2945,0x39e7,
  0x5acb,0x5acb,0x4248,0x5acb,0x5aeb,0x738e,0x7bef,0x8410,0x8410,0x8c51,0x8450,0x8c51,0x8430,0x8c51,0x8c51,0x8c71,
  0x8c51,0x8c71,0x8c51,0x8c71,0x7bef,0x7bcf,0x7bcf,0x7bcf,0x738e,0x6b2d,0x632c,0x738e,0x632c,0x6b4d,0x630c,0x738e,
  0x7bcf,0x7baf,0x7bcf,0x8430,0x8c51,0x8410,0x8430,0x8410,0x7bcf,0x73ae,0x634c,0x6b4d,0x5aeb,0x4a49,0x39e7,0x4208,
  0x3186,0x31a6,0x2965,0x2965,0x2945,0x2965,0x2965,0x2965,0x2945,0x2945,0x2124,0x2124,0x2945,0x3166,0x3186,0x39c7,
  0x3a07,0x4a69,0x528a,0x5aeb,0x632c,0x6b6d,0x632c,0x6b4d,0x6b6d,0x738e,0x738e,0x73ae,0x73ae,0x73ae,0x6b8d,0x6b6d,
  0x632c,0x5aeb,0x4a89,0x4a49,0x4208,0x4208,0x39c7,0x31a6,0x2945,0x2124,0x1903,0x2104,0x18c3,0x18a3,0x1082,0x1082,
  0x0861,0x0861,0x0841,0x0841,0x0020,0x0841,0x0020,0x0841,0x0040,0x0861,0x0861,0x18c3,0x18c3,0x18c3,0x18e3,0x2104,
  0x2104,0x2104,0x18e3,0x18e3,0x18c3,0x18e3,0x10c2,0x10a2,0x10c2,0x18c3,0x18c3,0x18e3,0x18c3,0x18e3,0x18e3,0x2104,
  0x18e3,0x20e4,0x18e3,0x2104,0x18c3,0x18c3,0x10a2,0x10a2,0x0861,0x0861,0x0861,0x1082,0x10a2,0x18c3,0x10a2,0x18c3,
  0x10c2,0x18e3,0x18e3,0x2104,0x1903,0x2104,0x1903,0x2124,0x2104,0x2124,0x1903,0x2104,0x18e3,0x2104,0x10a2,0x0861,
  0x0861,0x1082,0x0881,0x1082,0x10a2,0x10a2,0x0861,0x0841,0x0841,0x0861,0x0881,0x18c3,0x18c3,0x18e3,0x18c3,0x18c3,
  0x18c3,0x18e3,0x10c2,0x18c3,0x18c3,0x18c3,0x10c2,0x18c3,0x10c2,0x18c3,0x10c2,0x18c3,0x10c2,0x18c3,0x10c2,0x18c3,
  0x10c2,0x18c3,0x10c2,0x18c3,0x10c2,0x18c3,0x10c2,0x18c3,0x10a2,0x18c3,0x10a2,0x18c3,0x10a2,0x18c3,0x10a2,0x18c3,
  0x10a2,0x18c3,0x10a2,0x18c3,0x10a2,0x18c3,0x10a2,0x18c3,0x10a2,0x18a3,0x10a2,0x10a2,0x10a2,0x10a2,0x1082,0x10a2,
  0x10a2,0x10a2,0x10a2,0x10a2,0x10a2,0x10a2,0x1082,0x10a2,0x1082,0x10a2,0x1082,0x10a2,0x1082,0x10a2,0x1082,0x10a2,
  0x1082,0x1082,0x0881,0x1082,0x1082,0x1082,0x0881,0x1082,0x1082,0x1082,0x0881,0x1082,0x1082,0x1082,0x0881,0x1082,
  0x0881,0x1082,0x0881,0x1082,0x0881,0x1082,0x0881,0x1082,0x39e7,0x39c7,0x39e7,0x39c7,0x39c7,0x39c7,0x39c7,0x31c6,
  0x39c7,0x39c7,0x39c7,0x31a6,0x39c7,0x39c7,0x39c7,0x31c6,0x39c7,0x39c7,0x39c7,0x39c7,0x39c7,0x39c7,0x39c7,0x31a6,
  0x39c7,0x31a6,0x39c7,0x31a6,0x39c7,0x31a6,0x39a7,0x31a6,0x39c7,0x31a6,0x39a7,0x31a6,0x39c7,0x31a6,0x39a7,0x31a6,
  0x39a7,0x3186,0x31a6,0x31a6,0x39a7,0x31a6,0x39a7,0x31a6,0x39a7,0x31a6,0x39c7,0x31a6,0x31a6,0x3186,0x39a7,0x31a6,
  0x39a7,0x31a6,0x31a6,0x3186,0x31a6,0x3186,0x31a6,0x3186,0x31a6,0x3186,0x31a6,0x3186,0x31a6,0x3186,0x31a6,0x3186,
  0x3186,0x3186,0x3186,0x3186,0x3186,0x3186,0x3186,0x3186,0x31a6,0x3186,0x3186,0x3186,0x3186,0x3186,0x3186,0x31a6,
  0x52aa,0x738e,0x73ae,0x632c,0x5aeb,0x528a,0x39c7,0x2965,0x4a49,0x5acb,0x52aa,0x52aa,0x528a,0x7bcf,0x8430,0x8430,
  0x8c31,0x8c71,0x8c71,0x8c51,0x8c31,0x8c51,0x9492,0x8c71,0x9472,0x8c51,0x8c71,0x8c71,0x8c51,0x8410,0x8430,0x7bef,
  0x7bcf,0x73ae,0x738e,0x7bcf,0x738e,0x738e,0x7bcf,0x73ae,0x7baf,0x73ae,0x8410,0x8410,0x8c71,0x8430,0x8c51,0x8410,
  0x8410,0x7bcf,0x73ae,0x632c,0x5aeb,0x528a,0x52aa,0x4a49,0x4a29,0x4208,0x4208,0x39c7,0x39c7,0x3186,0x3186,0x3186,
  0x3186,0x2945,0x2965,0x2965,0x3186,0x3186,0x31a6,0x31a6,0x4a29,0x4228,0x4a49,0x52aa,0x630c,0x6b4d,0x6b6d,0x6b6d,
  0x736e,0x738e,0x7bef,0x7bcf,0x7bcf,0x73ae,0x738e,0x6b6d,0x6b4d,0x5aeb,0x528a,0x4228,0x41e8,0x39e7,0x39c7,0x3186,
  0x2965,0x2124,0x2104,0x1903,0x20e4,0x18c3,0x18a3,0x1082,0x1082,0x0861,0x0861,0x0841,0x0841,0x0020,0x0841,0x0020,
  0x0841,0x0841,0x0861,0x1082,0x18a3,0x18c3,0x2104,0x2104,0x2104,0x2104,0x2124,0x2104,0x20e4,0x18e3,0x20e4,0x18e3,
  0x20e4,0x2104,0x2104,0x18c3,0x2104,0x2104,0x20e4,0x2104,0x2104,0x18e3,0x2104,0x2104,0x2104,0x18e3,0x18c3,0x10a2,
  0x18c3,0x10a2,0x10a2,0x1082,0x18c3,0x18c3,0x2104,0x18e3,0x2104,0x2104,0x2124,0x2104,0x2124,0x2124,0x2124,0x2104,
  0x2124,0x2104,0x2104,0x1903,0x2104,0x2104,0x18a3,0x0861,0x1082,0x1082,0x1082,0x10a2,0x18c3,0x0861,0x0841,0x0841,
  0x1082,0x1082,0x10a2,0x18c3,0x20e4,0x18e3,0x18e3,0x18c3,0x18e3,0x18c3,0x18e3,0x18c3,0x18e3,0x18c3,0x18c3,0x18c3,
  0x18c3,0x18c3,0x18c3,0x18c3,0x18c3,0x18c3,0x18c3,0x18c3,0x18c3,0x18c3,0x18c3,0x18c3,0x18c3,0x18c3,0x18c3,0x10c2,
  0x18c3,0x10a2,0x18c3,0x10a2,0x18c3,0x10a2,0x18c3,0x10c2,0x18c3,0x10a2,0x18c3,0x10a2,0x18c3,0x10a2,0x18c3,0x10a2,
  0x18c3,0x10a2,0x18a3,0x10a2,0x18a3,0x10a2,0x10a2,0x10a2,0x18a3,0x10a2,0x18a3,0x10a2,0x18a3,0x10a2,0x10a2,0x10a2,
  0x18a3,0x10a2,0x10a2,0x1082,0x18a3,0x10a2,0x10a2,0x1082,0x10a2,0x1082,0x10a2,0x1082,0x10a2,0x1082,0x10a2,0x1082,
  0x10a2,0x1082,0x10a2,0x1082,0x10a2,0x1082,0x1082,0x1082,0x1082,0x1082,0x1082,0x1082,0x1082,0x1082,0x1082,0x1082,
  0x39c7,0x39c7,0x31c6,0x39c7,0x31a6,0x39c7,0x31a6,0x39c7,0x31c6,0x39c7,0x31c6,0x39c7,0x31a6,0x39c7,0x31a6,0x39c7,
  0x31a6,0x39c7,0x31a6,0x39c7,0x31a6,0x31a6,0x31a6,0x39a7,0x31a6,0x31a6,0x31a6,0x39a7,0x31a6,0x39c7,0x31a6,0x31a6,
  0x31a6,0x31a6,0x31a6,0x31a6,0x3186,0x31a6,0x31a6,0x31a6,0x31a6,0x31a6,0x3186,0x31a6,0x3186,0x31a6,0x3186,0x31a6,
  0x31a6,0x31a6,0x3186,0x31a6,0x3186,0x31a6,0x3186,0x31a6,0x3186,0x31a6,0x3186,0x31a6,0x3186,0x31a6,0x3186,0x3186,
  0x2985,0x3186,0x3186,0x31a6,0x3186,0x31a6,0x3186,0x3186,0x2985,0x3186,0x3186,0x3186,0x2985,0x3186,0x2985,0x3186,
  0x2985,0x3186,0x2985,0x3186,0x2985,0x3186,0x2945,0x526a,0x73ae,0x8430,0x7c0f,0x73ae,0x6b6d,0x630c,0x4a49,0x39c7,
  0x5aeb,0x6b6d,0x5acb,0x528a,0x52aa,0x7bcf,0x7bef,0x8430,0x8410,0x8c51,0x8c51,0x8c51,0x7bef,0x8c71,0x8c51,0x9492,
  0x9492,0x8c51,0x8430,0x8c51,0x8430,0x8c51,0x8410,0x8410,0x7bef,0x7bef,0x7bef,0x7bef,0x73ce,0x7bcf,0x73ce,0x7bcf,
  0x7bcf,0x7bcf,0x73ae,0x8410,0x8430,0x8430,0x8410,0x8430,0x7bef,0x7bcf,0x73ce,0x738e,0x632c,0x630c,0x5aeb,0x5acb,
  0x528a,0x4a69,0x4228,0x4208,0x39e7,0x39c7,0x39c7,0x39a7,0x2985,0x3186,0x2965,0x3186,0x3186,0x31a6,0x3186,0x39e7,
  0x4228,0x4a49,0x4248,0x528a,0x5b0b,0x738e,0x6b6d,0x6b4d,0x6b6d,0x7bcf,0x73ae,0x738e,0x6b6d,0x73ae,0x6b8d,0x6b6d,
  0x632c,0x630c,0x52aa,0x4a49,0x3a07,0x39c7,0x3186,0x3186,0x2945,0x2945,0x2104,0x2104,0x18c3,0x18c3,0x10a2,0x18c3,
  0x1082,0x0861,0x0040,0x0841,0x0040,0x0841,0x0020,0x0020,0x0020,0x0841,0x0841,0x1062,0x1082,0x18c3,0x18c3,0x18e3,
  0x18e3,0x2104,0x1903,0x2104,0x18e3,0x2104,0x18e3,0x2104,0x1903,0x2124,0x2104,0x2104,0x1903,0x2124,0x2104,0x2124,
  0x2124,0x2124,0x2124,0x2104,0x18e3,0x18c3,0x10c2,0x18c3,0x10c2,0x10a2,0x1082,0x18a3,0x18c3,0x2104,0x18e3,0x2124,
  0x2124,0x2124,0x2104,0x2124,0x2104,0x2104,0x2104,0x2124,0x1903,0x2104,0x18e3,0x2104,0x18e3,0x2124,0x10c2,0x0841,
  0x0861,0x10a2,0x0861,0x10a2,0x0881,0x0841,0x0040,0x0861,0x0861,0x10a2,0x10a2,0x18c3,0x18e3,0x18e3,0x18c3,0x18e3,
  0x18c3,0x18e3,0x18c3,0x18c3,0x10c2,0x18c3,0x10c2,0x18c3,0x10c2,0x18c3,0x10c2,0x18c3,0x10c2,0x18c3,0x10c2,0x18c3,
  0x10c2,0x18c3,0x10c2,0x18c3,0x10c2,0x18c3,0x10c2,0x18c3,0x10c2,0x18c3,0x10c2,0x18c3,0x10a2,0x18c3,0x10a2,0x18c3,
  0x10a2,0x18c3,0x10a2,0x18c3,0x10a2,0x18c3,0x10a2,0x18a3,0x10a2,0x18c3,0x10a2,0x18c3,0x10a2,0x10a2,0x10a2,0x18a3,
  0x10a2,0x10a2,0x10a2,0x10a2,0x1082,0x10a2,0x1082,0x10a2,0x1082,0x10a2,0x1082,0x10a2,0x1082,0x10a2,0x1082,0x10a2,
  0x1082,0x1082,0x1082,0x1082,0x0881,0x1082,0x1082,0x1082,0x0881,0x1082,0x1082,0x1082,0x0881,0x1082,0x1082,0x1082,
  0x0881,0x1082,0x1082,0x1082,0x0881,0x1082,0x1082,0x1082,0x39e7,0x39c7,0x39c7,0x39c7,0x39c7,0x31c6,0x39c7,0x39c7,
  0x39c7,0x39c7,0x39e7,0x39c7,0x39c7,0x31c6,0x39c7,0x39c7,0x39c7,0x31c6,0x39c7,0x31a6,0x39c7,0x31a6,0x39a7,0x31a6,
  0x39c7,0x31a6,0x39c7,0x31a6,0x39c7,0x31c6,0x39a7,0x31a6,0x39c7,0x31a6,0x39c7,0x31a6,0x31a6,0x31a6,0x39a7,0x31a6,
  0x39a7,0x31a6,0x31a6,0x31a6,0x31a6,0x3186,0x39a7,0x31a6,0x39a7,0x3186,0x39a7,0x31a6,0x31a6,0x31a6,0x31a6,0x3186,
  0x31a6,0x3186,0x31a6,0x3186,0x31a6,0x3186,0x31a6,0x3186,0x31a6,0x3186,0x31a6,0x3186,0x31a6,0x3186,0x31a6,0x3186,
  0x31a6,0x3186,0x31a6,0x3186,0x31a6,0x3186,0x3186,0x3186,0x3186,0x3186,0x3186,0x3186,0x3186,0x3186,0x3166,0x52aa,
  0x8c31,0x8c71,0x8c31,0x7bef,0x83f0,0x738e,0x6b4d,0x5acb,0x73ae,0x7bcf,0x6b4d,0x5acb,0x630c,0x7bef,0x8430,0x8430,
  0x8430,0x8c51,0x9472,0x8430,0x8430,0x8c71,0x9492,0x9492,0x9cb3,0x8c71,0x9492,0x8c71,0x9472,0x8c51,0x8c71,0x8c51,
  0x8c51,0x8430,0x83f0,0x7bcf,0x7bcf,0x73ae,0x7bcf,0x7bcf,0x7bef,0x7bcf,0x7bcf,0x7bef,0x83f0,0x7bcf,0x7bef,0x7bcf,
  0x7bcf,0x73ae,0x73ae,0x6b6d,0x6b2d,0x630c,0x630c,0x5acb,0x52aa,0x4a69,0x4a69,0x4228,0x4208,0x39e7,0x39c7,0x31a6,
  0x31a6,0x3186,0x39a7,0x31a6,0x39c7,0x39c7,0x39c7,0x39e7,0x4a49,0x4a49,0x4a49,0x528a,0x6b4d,0x6b6d,0x6b4d,0x6b6d,
  0x73ae,0x73ae,0x738e,0x738e,0x73ae,0x738e,0x738e,0x6b4d,0x632c,0x5aeb,0x528a,0x4228,0x41e8,0x31a6,0x39a7,0x2965,
  0x2945,0x2124,0x2124,0x18e3,0x20e4,0x18c3,0x18c3,0x18c3,0x10a2,0x1082,0x1062,0x0841,0x0841,0x0020,0x0841,0x0020,
  0x0841,0x0841,0x1062,0x0861,0x10a2,0x10a2,0x18c3,0x18c3,0x18e3,0x18c3,0x18e3,0x18e3,0x2104,0x2104,0x2104,0x2104,
  0x2124,0x2124,0x2925,0x2124,0x2124,0x2124,0x2925,0x2104,0x2104,0x2104,0x2104,0x18e3,0x18e3,0x18c3,0x18c3,0x10a2,
  0x18c3,0x10a2,0x10a2,0x10a2,0x18e3,0x18e3,0x2104,0x2104,0x2124,0x2124,0x2124,0x2104,0x2124,0x2104,0x2925,0x2124,
  0x2124,0x2104,0x2104,0x2104,0x2104,0x2104,0x18c3,0x0861,0x1082,0x10a2,0x10a2,0x1082,0x1062,0x0841,0x1082,0x1082,
  0x10a2,0x18c3,0x20e4,0x18e3,0x20e4,0x18e3,0x18e3,0x18c3,0x18e3,0x18c3,0x18e3,0x18c3,0x18e3,0x18c3,0x18c3,0x18c3,
  0x18c3,0x18c3,0x18c3,0x18c3,0x18c3,0x18c3,0x18c3,0x18c3,0x18c3,0x18c3,0x18c3,0x18c3,0x18c3,0x18c3,0x18c3,0x18c3,
  0x18c3,0x18c3,0x18c3,0x18c3,0x18c3,0x10c2,0x18c3,0x10a2,0x18c3,0x10a2,0x18c3,0x10a2,0x18c3,0x10a2,0x18c3,0x10a2,
  0x18c3,0x10a2,0x18c3,0x10a2,0x18c3,0x10a2,0x18a3,0x10a2,0x18a3,0x10a2,0x18a3,0x10a2,0x10a2,0x10a2,0x18a3,0x10a2,
  0x10a2,0x10a2,0x18a3,0x1082,0x10a2,0x1082,0x10a2,0x1082,0x10a2,0x1082,0x10a2,0x1082,0x10a2,0x1082,0x10a2,0x1082,
  0x10a2,0x1082,0x10a2,0x1082,0x10a2,0x1082,0x10a2,0x1082,0x10a2,0x1082,0x10a2,0x1082,0x10a2,0x1082,0x10a2,0x1082,
  0x39c7,0x39c7,0x31c6,0x39c7,0x31a6,0x39c7,0x31a6,0x39c7,0x31c6,0x39c7,0x31c6,0x39c7,0x31a6,0x39c7,0x31a6,0x39c7,
  0x31a6,0x39c7,0x31a6,0x39c7,0x31a6,0x39c7,0x31a6,0x31a6,0x31a6,0x39c7,0x31a6,0x31a6,0x31a6,0x39c7,0x31a6,0x31a6,
  0x31a6,0x39a7,0x31a6,0x31a6,0x3186,0x39a7,0x31a6,0x31a6,0x31a6,0x39a7,0x3186,0x31a6,0x3186,0x31a6,0x3186,0x31a6,
  0x31a6,0x31a6,0x3186,0x31a6,0x3186,0x31a6,0x3186,0x31a6,0x3186,0x31a6,0x3186,0x31a6,0x3186,0x31a6,0x2985,0x3186,
  0x3186,0x3186,0x2985,0x3186,0x3186,0x3186,0x2985,0x3186,0x3186,0x31a6,0x3186,0x31a6,0x3186,0x3186,0x2985,0x3186,
  0x2985,0x3186,0x2985,0x3186,0x2985,0x3186,0x2965,0x52aa,0x8450,0x9cd3,0x8c71,0x8c71,0x8450,0x7bef,0x73ae,0x738e,
  0x7bef,0x8410,0x6b6d,0x5aeb,0x632c,0x8410,0x8410,0x8430,0x8430,0x8c51,0x8450,0x8c51,0x8430,0x9492,0x8c71,0x9492,
  0x94b2,0x9492,0x8c91,0x94b2,0x8c71,0x8c71,0x8c71,0x8c71,0x8430,0x8410,0x7bcf,0x7bef,0x7bcf,0x73ae,0x738e,0x7bcf,
  0x73ae,0x73ae,0x73ae,0x7bcf,0x73ae,0x73ae,0x73ae,0x73ae,0x738e,0x738e,0x6b4d,0x632c,0x5aeb,0x5aeb,0x52aa,0x52aa,
  0x4a49,0x4a49,0x4228,0x4208,0x3a07,0x4208,0x39c7,0x39c7,0x31a6,0x39c7,0x39c7,0x39e7,0x39c7,0x39e7,0x39e7,0x4228,
  0x4a69,0x5aab,0x52aa,0x5aeb,0x632c,0x6b4d,0x634c,0x738e,0x73ae,0x7bcf,0x73ae,0x7bcf,0x73ae,0x73ae,0x6b8d,0x6b6d,
  0x630c,0x5aeb,0x4a89,0x4228,0x39c7,0x31a6,0x3186,0x2965,0x2104,0x2104,0x1903,0x2104,0x18e3,0x18e3,0x10c2,0x10a2,
  0x10a2,0x10a2,0x0881,0x0861,0x0841,0x0841,0x0020,0x0841,0x0020,0x0841,0x0040,0x0861,0x0861,0x1082,0x1082,0x18c3,
  0x10a2,0x18c3,0x10a2,0x18c3,0x18c3,0x20e4,0x18e3,0x2104,0x18e3,0x20e4,0x18e3,0x18e3,0x18e3,0x20e4,0x18e3,0x18e3,
  0x18e3,0x20e4,0x18e3,0x18e3,0x18c3,0x18e3,0x10a2,0x10a2,0x10a2,0x18c3,0x10a2,0x18c3,0x18e3,0x2104,0x18e3,0x2104,
  0x2104,0x2104,0x1903,0x2124,0x2104,0x2124,0x2104,0x2124,0x2104,0x2104,0x18e3,0x2104,0x18c3,0x2104,0x10c2,0x1082,
  0x1082,0x18c3,0x10a2,0x1082,0x0861,0x1082,0x1082,0x10a2,0x10a2,0x18c3,0x18e3,0x2104,0x18c3,0x18e3,0x18c3,0x18c3,
  0x10a2,0x18c3,0x10c2,0x18c3,0x18c3,0x18c3,0x10c2,0x18c3,0x10c2,0x18c3,0x10c2,0x18c3,0x10c2,0x18c3,0x10c2,0x18c3,
  0x10c2,0x18c3,0x10c2,0x18c3,0x10c2,0x18c3,0x10c2,0x18c3,0x10c2,0x18c3,0x10c2,0x18c3,0x10a2,0x18c3,0x10a2,0x18c3,
  0x10a2,0x18c3,0x10a2,0x18c3,0x10a2,0x18c3,0x10a2,0x18c3,0x10a2,0x18a3,0x10a2,0x10a2,0x10a2,0x10a2,0x1082,0x10a2,
  0x1082,0x10a2,0x1082,0x10a2,0x1082,0x10a2,0x1082,0x10a2,0x1082,0x10a2,0x1082,0x10a2,0x1082,0x10a2,0x1082,0x10a2,
  0x1082,0x1082,0x0881,0x1082,0x1082,0x1082,0x0881,0x1082,0x1082,0x1082,0x0881,0x1082,0x1082,0x1082,0x0881,0x1082,
  0x1082,0x1082,0x0881,0x1082,0x1082,0x1082,0x0881,0x1082,0x39e7,0x39c7,0x39c7,0x39c7,0x39c7,0x39c7,0x39c7,0x31c6,
  0x39e7,0x39c7,0x39e7,0x39c7,0x39c7,0x39c7,0x39c7,0x31c6,0x39c7,0x39c7,0x39c7,0x31a6,0x39c7,0x31a6,0x39c7,0x31a6,
  0x39c7,0x31a6,0x39c7,0x31a6,0x39c7,0x39c7,0x39a7,0x31a6,0x39c7,0x31a6,0x39c7,0x31a6,0x39a7,0x31a6,0x39c7,0x31a6,
  0x39c7,0x31a6,0x31a6,0x31a6,0x39a7,0x31a6,0x31a6,0x31a6,0x39a7,0x3186,0x31a6,0x31a6,0x39a7,0x31a6,0x31a6,0x31a6,
  0x31a6,0x3186,0x31a6,0x3186,0x31a6,0x3186,0x31a6,0x3186,0x31a6,0x3186,0x3186,0x3186,0x31a6,0x3186,0x3186,0x3186,
  0x31a6,0x3186,0x31a6,0x3186,0x31a6,0x3186,0x31a6,0x3186,0x3186,0x3186,0x3186,0x3186,0x3186,0x3186,0x3186,0x4208,
  0x738e,0x9492,0x9cd3,0x94b2,0x9492,0x8410,0x8410,0x7bef,0x8c31,0x8430,0x7bcf,0x5aeb,0x736e,0x8410,0x8c31,0x8430,
  0x8c51,0x8c51,0x8c71,0x8c51,0x8c51,0x8c71,0x9492,0x8c91,0x94b2,0x9492,0x94b2,0x8c71,0x9472,0x8c71,0x9492,0x8c71,
  0x8c51,0x8410,0x8410,0x7bef,0x8410,0x73ae,0x738e,0x73ae,0x7baf,0x738e,0x73ae,0x73ae,0x7baf,0x73ae,0x7bcf,0x73ae,
  0x738e,0x6b6d,0x6b6d,0x632c,0x630c,0x5acb,0x52aa,0x528a,0x52aa,0x4a49,0x4a49,0x4228,0x4208,0x39e7,0x4208,0x39e7,
  0x4228,0x4228,0x4a49,0x4a49,0x4a69,0x4a69,0x52aa,0x52aa,0x5aab,0x5acb,0x630c,0x632c,0x738e,0x738e,0x738e,0x6b6d,
  0x73ae,0x7bef,0x83f0,0x73ae,0x73ae,0x73ae,0x73ae,0x6b6d,0x6b4d,0x630c,0x5acb,0x4a49,0x41e8,0x3186,0x3186,0x2965,
  0x2925,0x2104,0x2104,0x18e3,0x20e4,0x18e3,0x18c3,0x10a2,0x18a3,0x10a2,0x18a3,0x0881,0x1062,0x0020,0x0841,0x0841,
  0x0841,0x0841,0x0861,0x0841,0x1062,0x1082,0x10a2,0x10a2,0x18c3,0x18c3,0x18c3,0x18c3,0x18e3,0x18c3,0x18e3,0x18c3,
  0x20e4,0x18e3,0x18e3,0x18e3,0x20e4,0x18e3,0x18e3,0x18e3,0x2104,0x18e3,0x18e3,0x18c3,0x18e3,0x18e3,0x18c3,0x18c3,
  0x18e3,0x18e3,0x20e4,0x18e3,0x2104,0x2104,0x2104,0x2104,0x2104,0x2104,0x2124,0x2104,0x2925,0x2124,0x2124,0x2104,
  0x2124,0x2104,0x2104,0x18e3,0x2104,0x2104,0x18e3,0x10a2,0x18c3,0x18e3,0x18c3,0x1082,0x10a2,0x10a2,0x18c3,0x18c3,
  0x18e3,0x18e3,0x2104,0x18e3,0x18e3,0x18c3,0x18e3,0x18c3,0x18e3,0x18c3,0x18e3,0x18c3,0x18e3,0x18c3,0x18c3,0x18c3,
  0x18c3,0x18c3,0x18c3,0x18c3,0x18c3,0x18c3,0x18c3,0x18c3,0x18c3,0x18c3,0x18c3,0x18c3,0x18c3,0x18c3,0x18c3,0x18c3,
  0x18c3,0x18c3,0x18c3,0x10c2,0x18c3,0x18c3,0x18c3,0x10a2,0x18c3,0x10a2,0x18c3,0x10a2,0x18c3,0x10a2,0x18c3,0x10a2,
  0x18c3,0x10a2,0x18c3,0x10a2,0x18a3,0x10a2,0x18c3,0x10a2,0x18a3,0x10a2,0x10a2,0x10a2,0x18a3,0x10a2,0x10a2,0x10a2,
  0x18a3,0x10a2,0x10a2,0x1082,0x10a2,0x1082,0x10a2,0x1082,0x10a2,0x1082,0x10a2,0x1082,0x10a2,0x1082,0x10a2,0x1082,
  0x10a2,0x1082,0x10a2,0x1082,0x10a2,0x1082,0x10a2,0x1082,0x10a2,0x1082,0x10a2,0x1082,0x10a2,0x1082,0x10a2,0x1082,
  0x31c6,0x39c7,0x39c7,0x39c7,0x31c6,0x39c7,0x31c6,0x39c7,0x31c6,0x39c7,0x31c6,0x39c7,0x31a6,0x39c7,0x31a6,0x39c7,
  0x31a6,0x39c7,0x31a6,0x39c7,0x31a6,0x39c7,0x31a6,0x39c7,0x31a6,0x39c7,0x31a6,0x39c7,0x31a6,0x39c7,0x31a6,0x31a6,
  0x31a6,0x31a6,0x31a6,0x31a6,0x31a6,0x39c7,0x31a6,0x31a6,0x31a6,0x31a6,0x3186,0x39a7,0x31a6,0x31a6,0x31a6,0x31a6,
  0x31a6,0x31a6,0x31a6,0x31a6,0x31a6,0x31a6,0x3186,0x31a6,0x3186,0x31a6,0x3186,0x31a6,0x3186,0x31a6,0x3186,0x3186,
  0x2985,0x3186,0x3186,0x3186,0x2985,0x3186,0x3186,0x3186,0x3186,0x31a6,0x3186,0x31a6,0x2985,0x3186,0x3186,0x3186,
  0x2985,0x3186,0x3186,0x3186,0x2985,0x3186,0x3186,0x3186,0x4a89,0x8410,0x94b2,0x9cd3,0x9492,0x8c71,0x8c51,0x8c51,
  0x8450,0x8c71,0x7c0f,0x62ec,0x6b8d,0x8410,0x8430,0x8c51,0x8450,0x8c71,0x8c51,0x8c71,0x8c71,0x9492,0x9492,0x9492,
  0x8c71,0x9492,0x8c71,0x8c51,0x8c51,0x9492,0x8c71,0x8c71,0x8450,0x8c51,0x7c0f,0x8410,0x7bef,0x7bcf,0x73ae,0x7bcf,
  0x73ae,0x73ae,0x73ae,0x7baf,0x738e,0x73ae,0x738e,0x73ae,0x6b8d,0x738e,0x6b4d,0x6b2d,0x630c,0x5aeb,0x52ca,0x52aa,
  0x52aa,0x4a69,0x4248,0x4a69,0x4228,0x4208,0x4228,0x4a69,0x4a69,0x528a,0x528a,0x52aa,0x52aa,0x5acb,0x5acb,0x5acb,
  0x52aa,0x5aeb,0x630c,0x6b6d,0x6b8d,0x738e,0x6b6d,0x736e,0x738e,0x7bcf,0x73ae,0x73ae,0x6b6d,0x738e,0x6b8d,0x6b6d,
  0x634c,0x632c,0x5acb,0x526a,0x39e7,0x31a6,0x2965,0x2945,0x2104,0x2124,0x18e3,0x18e3,0x18e3,0x18e3,0x18c3,0x18a3,
  0x10a2,0x18c3,0x10a2,0x10a2,0x0861,0x0861,0x0841,0x0861,0x0040,0x0861,0x0861,0x1062,0x0861,0x1082,0x1082,0x18a3,
  0x10a2,0x18c3,0x10c2,0x18e3,0x18c3,0x18e3,0x18e3,0x20e4,0x18e3,0x2104,0x18e3,0x2104,0x18e3,0x2104,0x18e3,0x2104,
  0x18e3,0x18e3,0x18c3,0x18c3,0x10c2,0x18e3,0x18c3,0x20e4,0x18e3,0x2104,0x18e3,0x2104,0x1903,0x2104,0x1903,0x2104,
  0x1903,0x2104,0x2104,0x2124,0x2124,0x2124,0x2104,0x2104,0x2104,0x2124,0x1903,0x2104,0x1903,0x2104,0x18c3,0x18c3,
  0x18c3,0x2104,0x18c3,0x18c3,0x10c2,0x18e3,0x18e3,0x18e3,0x18c3,0x2104,0x1903,0x18e3,0x18c3,0x18c3,0x18c3,0x18e3,
  0x18c3,0x18e3,0x18c3,0x18c3,0x10c2,0x18c3,0x10c2,0x18c3,0x10c2,0x18c3,0x10c2,0x18c3,0x10c2,0x18c3,0x10c2,0x18c3,
  0x10c2,0x18c3,0x10c2,0x18c3,0x10c2,0x18c3,0x10c2,0x18c3,0x10c2,0x18c3,0x10c2,0x18c3,0x10a2,0x18c3,0x10a2,0x18c3,
  0x10a2,0x18c3,0x10a2,0x18c3,0x10a2,0x18c3,0x10a2,0x18c3,0x10a2,0x10a2,0x10a2,0x10a2,0x10a2,0x18c3,0x10a2,0x10a2,
  0x1082,0x10a2,0x10a2,0x18a3,0x1082,0x10a2,0x1082,0x10a2,0x1082,0x10a2,0x1082,0x10a2,0x1082,0x10a2,0x1082,0x10a2,
  0x1082,0x1082,0x1082,0x1082,0x0881,0x1082,0x1082,0x1082,0x0881,0x1082,0x1082,0x1082,0x0881,0x1082,0x1082,0x1082,
  0x0881,0x1082,0x1082,0x1082,0x0881,0x1082,0x1082,0x1082,0x39c7,0x39c7,0x39e7,0x39c7,0x39e7,0x39c7,0x39c7,0x39c7,
  0x39c7,0x39c7,0x39c7,0x31a6,0x39c7,0x31a6,0x39c7,0x39c7,0x39c7,0x31c6,0x39c7,0x31a6,0x39c7,0x31a6,0x39c7,0x31a6,
  0x39c7,0x31c6,0x39c7,0x31a6,0x39c7,0x31c6,0x39a7,0x31a6,0x39c7,0x31a6,0x39c7,0x31a6,0x39a7,0x31a6,0x39c7,0x31a6,
  0x39c7,0x31a6,0x39a7,0x31a6,0x39a7,0x31a6,0x39a7,0x31a6,0x39c7,0x31a6,0x39a7,0x31a6,0x39a7,0x31a6,0x39a7,0x31a6,
  0x31a6,0x31a6,0x31a6,0x3186,0x31a6,0x3186,0x31a6,0x3186,0x31a6,0x3186,0x31a6,0x3186,0x31a6,0x3186,0x31a6,0x3186,
  0x31a6,0x3186,0x31a6,0x3186,0x31a6,0x3186,0x3186,0x3186,0x31a6,0x3186,0x31a6,0x3186,0x31a6,0x3186,0x31a6,0x2945,
  0x528a,0x7bef,0x8c71,0x9492,0x9cd3,0x94b2,0x9492,0x9492,0x8c71,0x9492,0x8410,0x52aa,0x7baf,0x8430,0x8c31,0x8c51,
  0x8c51,0x8c51,0x8c71,0x8c51,0x9492,0x8c91,0x9cb3,0x9492,0x9492,0x94b2,0x9492,0x8c71,0x9492,0x8c71,0x9472,0x8c51,
  0x8c31,0x8410,0x8430,0x8430,0x8430,0x8410,0x8410,0x8410,0x8410,0x7bef,0x7bef,0x7bcf,0x73ae,0x6b6d,0x738e,0x738e,
  0x738e,0x6b6d,0x6b4d,0x632c,0x6b4d,0x630c,0x5aeb,0x52aa,0x528a,0x4a69,0x526a,0x4a69,0x528a,0x528a,0x52aa,0x52aa,
  0x5aab,0x52aa,0x52aa,0x528a,0x52aa,0x52aa,0x52aa,0x52aa,0x630c,0x6b6d,0x738e,0x738e,0x736e,0x6b6d,0x738e,0x738e,
  0x7bcf,0x73ae,0x738e,0x738e,0x73ae,0x6b8d,0x738e,0x738e,0x738e,0x6b4d,0x630c,0x528a,0x4228,0x31a6,0x3166,0x2124,
  0x2104,0x1903,0x2104,0x18e3,0x2104,0x18e3,0x20e4,0x18c3,0x18c3,0x10a2,0x18c3,0x10a2,0x10a2,0x0881,0x1062,0x0841,
  0x0861,0x0841,0x0861,0x0861,0x1082,0x1082,0x10a2,0x10a2,0x18a3,0x10a2,0x18c3,0x18c3,0x2104,0x1903,0x2104,0x2104,
  0x2104,0x18e3,0x2104,0x18e3,0x2104,0x18e3,0x2104,0x2104,0x2104,0x18e3,0x20e4,0x18e3,0x20e4,0x18e3,0x2104,0x2104,
  0x2104,0x2104,0x2124,0x2104,0x2104,0x2104,0x2124,0x2104,0x2124,0x2104,0x2124,0x2104,0x2124,0x2104,0x2124,0x2124,
  0x2124,0x2104,0x2124,0x2104,0x2124,0x2104,0x20e4,0x18c3,0x2104,0x2104,0x20e4,0x18e3,0x20e4,0x18e3,0x2104,0x18e3,
  0x18e3,0x18e3,0x2104,0x18e3,0x18e3,0x18e3,0x20e4,0x18c3,0x18e3,0x18c3,0x18e3,0x18c3,0x18e3,0x18c3,0x18c3,0x18c3,
  0x18c3,0x18c3,0x18c3,0x18c3,0x18c3,0x18c3,0x18c3,0x18c3,0x18c3,0x18c3,0x18c3,0x18c3,0x18c3,0x18c3,0x18c3,0x18c3,
  0x18c3,0x18c3,0x18c3,0x18c3,0x18c3,0x10c2,0x18c3,0x10a2,0x18c3,0x10a2,0x18c3,0x10a2,0x18c3,0x10a2,0x18c3,0x10a2,
  0x18c3,0x10a2,0x18c3,0x10a2,0x18c3,0x10a2,0x18c3,0x10a2,0x10a2,0x10a2,0x18a3,0x10a2,0x10a2,0x10a2,0x18a3,0x10a2,
  0x10a2,0x10a2,0x18a3,0x1082,0x10a2,0x1082,0x10a2,0x1082,0x10a2,0x1082,0x10a2,0x1082,0x10a2,0x1082,0x10a2,0x1082,
  0x10a2,0x1082,0x10a2,0x1082,0x10a2,0x1082,0x10a2,0x1082,0x10a2,0x1082,0x10a2,0x1082,0x10a2,0x1082,0x10a2,0x1082,
  0x31a6,0x39c7,0x31c6,0x39c7,0x39c7,0x39c7,0x31c6,0x31a6,0x31a6,0x39c7,0x31a6,0x39c7,0x31a6,0x39a7,0x31a6,0x39c7,
  0x31a6,0x39c7,0x31a6,0x39c7,0x31a6,0x39c7,0x31a6,0x39c7,0x31a6,0x39c7,0x31a6,0x39c7,0x31a6,0x39c7,0x31a6,0x31a6,
  0x31a6,0x39a7,0x31a6,0x31a6,0x31a6,0x39c7,0x31a6,0x31a6,0x31a6,0x39c7,0x3186,0x31a6,0x31a6,0x31a6,0x31a6,0x31a6,
  0x31a6,0x31a6,0x31a6,0x31a6,0x31a6,0x31a6,0x31a6,0x31a6,0x3186,0x31a6,0x3186,0x31a6,0x3186,0x31a6,0x2985,0x3186,
  0x3186,0x3186,0x3186,0x31a6,0x3186,0x31a6,0x3186,0x3186,0x3186,0x3186,0x2985,0x3186,0x2985,0x3186,0x2985,0x3186,
  0x3186,0x3186,0x2985,0x3186,0x3186,0x31a6,0x2965,0x3186,0x630c,0x8c51,0x8430,0x9492,0x94b2,0x9cd3,0x94b2,0x9cd3,
  0x9492,0x94b2,0x7bef,0x52aa,0x7bef,0x8c51,0x8430,0x8c51,0x8c51,0x8c51,0x8430,0x8c51,0x8c71,0x8c71,0x94b2,0x9492,
  0x8c71,0x94b2,0x8c71,0x9492,0x8c71,0x8c51,0x8c51,0x8c71,0x8c71,0x8c51,0x8450,0x8c51,0x8410,0x8430,0x7c0f,0x7bef,
  0x7bef,0x7bef,0x73ae,0x7bef,0x7bcf,0x73ae,0x738e,0x73ae,0x738e,0x6b4d,0x630c,0x632c,0x630c,0x5acb,0x4a69,0x4a69,
  0x4a69,0x5aeb,0x52ca,0x528a,0x52ca,0x630c,0x4a89,0x5acb,0x5acb,0x5aab,0x52aa,0x5aeb,0x5aeb,0x632c,0x5aeb,0x632c,
  0x6b6d,0x738e,0x6b6d,0x6b6d,0x6b8d,0x73ae,0x6b8d,0x738e,0x738e,0x73ae,0x738e,0x738e,0x6b6d,0x6b6d,0x6b6d,0x738e,
  0x6b6d,0x6b4d,0x5aeb,0x528a,0x3a07,0x39a7,0x2965,0x2124,0x18c3,0x18e3,0x18e3,0x2104,0x18e3,0x20e4,0x18e3,0x18e3,
  0x10c2,0x18c3,0x10a2,0x18c3,0x10a2,0x10a2,0x0861,0x0861,0x0861,0x0861,0x0040,0x0861,0x0861,0x10a2,0x10a2,0x10a2,
  0x10a2,0x10a2,0x10a2,0x18c3,0x18c3,0x18e3,0x18e3,0x2104,0x2104,0x2104,0x1903,0x2104,0x2104,0x2104,0x1903,0x2124,
  0x2104,0x2104,0x18e3,0x2104,0x1903,0x2104,0x2104,0x2124,0x2104,0x2124,0x2104,0x2124,0x2104,0x2104,0x18e3,0x2104,
  0x2104,0x2104,0x18e3,0x2104,0x18e3,0x2104,0x2104,0x2124,0x2104,0x2104,0x2104,0x2124,0x2104,0x2104,0x10c2,0x18c3,
  0x18e3,0x2104,0x18e3,0x18e3,0x18e3,0x2104,0x18e3,0x18c3,0x10a2,0x18a3,0x10c2,0x18e3,0x18e3,0x20e4,0x18c3,0x18c3,
  0x10c2,0x18c3,0x10c2,0x18c3,0x18c3,0x18c3,0x10c2,0x18c3,0x10c2,0x18c3,0x10c2,0x18c3,0x10c2,0x18c3,0x10c2,0x18c3,
  0x10c2,0x18c3,0x10c2,0x18c3,0x10c2,0x18c3,0x10c2,0x18c3,0x10c2,0x18c3,0x10c2,0x18c3,0x10a2,0x18c3,0x10a2,0x18c3,
  0x10a2,0x18c3,0x10a2,0x18c3,0x10a2,0x18c3,0x10a2,0x10a2,0x10a2,0x18c3,0x10a2,0x18c3,0x10a2,0x18a3,0x10a2,0x10a2,
  0x1082,0x10a2,0x1082,0x10a2,0x1082,0x10a2,0x1082,0x10a2,0x1082,0x10a2,0x1082,0x10a2,0x1082,0x10a2,0x1082,0x10a2,
  0x1082,0x1082,0x0881,0x1082,0x1082,0x1082,0x0881,0x1082,0x1082,0x1082,0x0881,0x1082,0x1082,0x1082,0x0881,0x1082,
  0x1082,0x1082,0x0881,0x1082,0x1082,0x1082,0x0881,0x1082,0x39e7,0x39c7,0x39e7,0x39c7,0x39c7,0x39c7,0x39c7,0x31c6,
  0x39c7,0x39c7,0x39c7,0x39c7,0x39c7,0x39c7,0x39c7,0x39c7,0x39e7,0x39c7,0x39c7,0x31a6,0x39c7,0x31a6,0x39c7,0x31a6,
  0x39c7,0x31a6,0x39c7,0x31c6,0x39c7,0x31a6,0x39c7,0x31c6,0x39c7,0x31a6,0x39c7,0x31a6,0x39c7,0x39c7,0x39c7,0x31a6,
  0x39c7,0x31a6,0x39a7,0x31a6,0x39a7,0x31a6,0x31a6,0x31a6,0x39a7,0x3186,0x31a6,0x31a6,0x31a6,0x3186,0x31a6,0x3186,
  0x31a6,0x3186,0x31a6,0x31a6,0x31a6,0x3186,0x31a6,0x3186,0x31a6,0x31a6,0x31a6,0x31a6,0x31a6,0x3186,0x31a6,0x3186,
  0x3186,0x3186,0x31a6,0x3186,0x3186,0x3186,0x31a6,0x3186,0x31a6,0x3186,0x31a6,0x3186,0x31a6,0x3186,0x39a7,0x2965,
  0x6b4d,0x9cd3,0x8c51,0x632c,0x8410,0x9cd3,0x9cd3,0x94b2,0x9cd3,0x94b2,0x8c51,0x630c,0x7bcf,0x8430,0x8c31,0x8450,
  0x8c71,0x8c51,0x8c31,0x8430,0x8c51,0x8c71,0x9492,0x9492,0x9cb3,0x9492,0x8c71,0x8c71,0x9472,0x8c71,0x9492,0x8c71,
  0x9472,0x8c51,0x8c51,0x8c51,0x8c51,0x8430,0x8430,0x8430,0x8430,0x7bef,0x8410,0x7bef,0x7bef,0x73ae,0x73ae,0x6b4d,
  0x632c,0x630c,0x632c,0x630c,0x630c,0x632c,0x62ec,0x5aeb,0x6b4d,0x632c,0x6b4d,0x632c,0x632c,0x630c,0x5acb,0x52aa,
  0x5aab,0x52aa,0x630c,0x630c,0x632c,0x6b6d,0x6b6d,0x6b4d,0x738e,0x73ae,0x738e,0x73ae,0x83f0,0x7bcf,0x7bcf,0x738e,
  0x738e,0x73ae,0x73ae,0x6b6d,0x738e,0x6b6d,0x738e,0x6b4d,0x6b4d,0x6b4d,0x630c,0x52aa,0x4a49,0x39e7,0x3186,0x2124,
  0x2104,0x18e3,0x20e4,0x18c3,0x20e4,0x18e3,0x20e4,0x18c3,0x18c3,0x10a2,0x18c3,0x10c2,0x18c3,0x10a2,0x10a2,0x0881,
  0x1062,0x0861,0x1062,0x0861,0x1082,0x1082,0x10a2,0x10a2,0x18c3,0x18c3,0x18c3,0x18c3,0x18e3,0x18e3,0x20e4,0x18e3,
  0x2104,0x2104,0x2104,0x1903,0x2104,0x18e3,0x18e3,0x18e3,0x2124,0x2104,0x2104,0x2104,0x2945,0x2124,0x2945,0x2124,
  0x2925,0x2124,0x2945,0x2124,0x2124,0x2104,0x2124,0x2104,0x2124,0x2104,0x2124,0x2104,0x2124,0x2104,0x2124,0x2104,
  0x2124,0x2104,0x2124,0x2124,0x2104,0x2124,0x18e3,0x10a2,0x2104,0x2124,0x2124,0x18e3,0x2925,0x2104,0x2124,0x18e3,
  0x0861,0x0841,0x18c3,0x18e3,0x2104,0x18e3,0x18c3,0x18c3,0x18e3,0x18c3,0x18e3,0x18c3,0x18e3,0x18c3,0x18c3,0x18c3,
  0x18c3,0x18c3,0x18c3,0x18c3,0x18c3,0x18c3,0x18c3,0x18c3,0x18e3,0x18c3,0x18c3,0x18c3,0x18c3,0x18c3,0x18c3,0x18c3,
  0x18e3,0x18c3,0x18c3,0x18c3,0x18c3,0x18c3,0x18c3,0x10c2,0x18c3,0x10a2,0x18c3,0x10a2,0x18c3,0x10a2,0x18c3,0x10a2,
  0x18c3,0x10a2,0x18c3,0x10a2,0x18c3,0x10a2,0x18a3,0x10a2,0x18a3,0x10a2,0x10a2,0x10a2,0x18a3,0x10a2,0x18a3,0x10a2,
  0x18a3,0x10a2,0x10a2,0x10a2,0x18a3,0x10a2,0x10a2,0x1082,0x10a2,0x1082,0x10a2,0x1082,0x10a2,0x1082,0x10a2,0x1082,
  0x10a2,0x1082,0x10a2,0x1082,0x10a2,0x1082,0x10a2,0x1082,0x10a2,0x1082,0x10a2,0x1082,0x10a2,0x1082,0x1082,0x1082,
  0x39c7,0x39e7,0x39c7,0x39e7,0x31c6,0x39c7,0x31a6,0x39c7,0x31c6,0x39c7,0x39c7,0x39c7,0x31c6,0x39c7,0x31a6,0x39c7,
  0x31c6,0x39c7,0x31a6,0x39c7,0x31c6,0x39c7,0x31a6,0x39c7,0x31a6,0x39c7,0x31a6,0x39c7,0x31a6,0x39c7,0x31a6,0x39c7,
  0x31a6,0x31a6,0x31a6,0x39a7,0x31a6,0x31a6,0x31a6,0x31a6,0x31a6,0x31a6,0x31a6,0x39a7,0x31a6,0x31a6,0x31a6,0x39a7,
  0x31a6,0x31a6,0x31a6,0x39a7,0x31a6,0x31a6,0x31a6,0x31a6,0x31a6,0x31a6,0x3186,0x31a6,0x3186,0x31a6,0x3186,0x31a6,
  0x3186,0x31a6,0x3186,0x31a6,0x3186,0x3186,0x3186,0x31a6,0x2985,0x31a6,0x3186,0x3186,0x2985,0x3186,0x3186,0x3186,
  0x2985,0x3186,0x3186,0x3186,0x2985,0x31a6,0x31a6,0x3186,0x6b4d,0x9cf3,0x8410,0x52aa,0x7bef,0x94b2,0x94b2,0x9cd3,
  0x94b2,0x94b2,0x8c51,0x736e,0x7c0f,0x8c51,0x8430,0x8c51,0x8450,0x8c51,0x8430,0x8c51,0x8430,0x9492,0x8c71,0x9492,
  0x94b2,0x9492,0x8c71,0x9472,0x8c71,0x8c71,0x8c51,0x8c71,0x8c71,0x8c71,0x8c71,0x9472,0x8430,0x8c51,0x8430,0x8410,
  0x7bef,0x8410,0x7bcf,0x73ae,0x6b6d,0x738e,0x738e,0x738e,0x6b4d,0x738e,0x6b6d,0x6b6d,0x6b4d,0x73ae,0x6b4d,0x736e,
  0x630c,0x632c,0x5aeb,0x632c,0x634c,0x632c,0x632c,0x6b4d,0x632c,0x632c,0x632c,0x630c,0x5aeb,0x632c,0x6b8d,0x73ae,
  0x73ae,0x7bcf,0x738e,0x73ae,0x73ae,0x73ae,0x73ae,0x7baf,0x73ae,0x73ae,0x6b8d,0x738e,0x6b8d,0x738e,0x6b6d,0x6b4d,
  0x634c,0x6b4d,0x630c,0x5acb,0x4a49,0x4208,0x3186,0x2945,0x1903,0x18e3,0x18c3,0x18c3,0x18c3,0x18e3,0x18e3,0x18c3,
  0x10c2,0x18c3,0x10c2,0x18c3,0x10a2,0x10a2,0x10a2,0x10a2,0x0861,0x0861,0x0861,0x1062,0x0861,0x1082,0x1082,0x10a2,
  0x10a2,0x18c3,0x10c2,0x18e3,0x18c3,0x18e3,0x18e3,0x18e3,0x1903,0x2104,0x2104,0x2104,0x1903,0x2104,0x18e3,0x18e3,
  0x18e3,0x2104,0x18e3,0x2104,0x2104,0x2104,0x2104,0x2925,0x2124,0x2945,0x2124,0x2124,0x2104,0x2124,0x2104,0x2104,
  0x1903,0x2104,0x2104,0x2104,0x2104,0x2104,0x2104,0x2124,0x2104,0x2124,0x2104,0x2124,0x18e3,0x2124,0x18c3,0x18c3,
  0x1903,0x2124,0x2104,0x20e4,0x2104,0x2124,0x2124,0x2104,0x0020,0x0020,0x1082,0x18c3,0x18e3,0x18e3,0x10c2,0x18c3,
  0x18c3,0x18e3,0x18c3,0x18c3,0x10c2,0x18c3,0x10c2,0x18c3,0x10c2,0x18c3,0x10c2,0x18c3,0x10c2,0x18c3,0x10c2,0x18c3,
  0x10c2,0x18c3,0x18c3,0x18c3,0x10c2,0x18c3,0x10a2,0x18c3,0x10c2,0x18c3,0x10c2,0x18c3,0x10a2,0x18c3,0x10a2,0x18c3,
  0x10a2,0x18c3,0x10a2,0x18c3,0x10a2,0x18c3,0x10a2,0x18c3,0x10a2,0x18c3,0x10a2,0x18a3,0x10a2,0x10a2,0x10a2,0x10a2,
  0x10a2,0x10a2,0x1082,0x10a2,0x10a2,0x10a2,0x10a2,0x10a2,0x10a2,0x10a2,0x1082,0x10a2,0x1082,0x10a2,0x1082,0x10a2,
  0x1082,0x10a2,0x1082,0x10a2,0x1082,0x10a2,0x1082,0x10a2,0x1082,0x10a2,0x1082,0x1082,0x0881,0x1082,0x1082,0x1082,
  0x0881,0x1082,0x1082,0x1082,0x0881,0x1082,0x0881,0x1082,0x39e7,0x39e7,0x39e7,0x39c7,0x39e7,0x39c7,0x39e7,0x39c7,
  0x39e7,0x39c7,0x39e7,0x39c7,0x39c7,0x39c7,0x39c7,0x31a6,0x39c7,0x39c7,0x39c7,0x39c7,0x39c7,0x39c7,0x39c7,0x39c7,
  0x39c7,0x31a6,0x39c7,0x31a6,0x39c7,0x39c7,0x39c7,0x31a6,0x39a7,0x31a6,0x39c7,0x39c7,0x39c7,0x31a6,0x39a7,0x31a6,
  0x39c7,0x31a6,0x39c7,0x31a6,0x31a6,0x31a6,0x39a7,0x31a6,0x31a6,0x3186,0x39a7,0x31a6,0x31a6,0x3186,0x31a6,0x3186,
  0x31a6,0x31a6,0x39a7,0x31a6,0x31a6,0x3186,0x31a6,0x3186,0x31a6,0x3186,0x31a6,0x31a6,0x31a6,0x3186,0x39a7,0x31a6,
  0x31a6,0x3186,0x39a7,0x3186,0x31a6,0x3186,0x31a6,0x3186,0x31a6,0x3186,0x31a6,0x3186,0x31a6,0x31a6,0x3186,0x3186,
  0x6b6d,0x9cf3,0x7bef,0x5acb,0x9472,0x9492,0x9cd3,0x9cd3,0x9cf3,0x94b2,0x8c71,0x6b6d,0x8c31,0x8430,0x8c31,0x8430,
  0x8c51,0x8430,0x8c51,0x8c51,0x9492,0x94b2,0x94b2,0x9492,0x94b2,0x8c71,0x9472,0x8c71,0x8c71,0x8c51,0x8c71,0x8c71,
  0x9492,0x8c91,0x9492,0x8c51,0x8c31,0x8430,0x8c31,0x7bef,0x8410,0x8430,0x8c51,0x7bef,0x7bcf,0x73ae,0x7bcf,0x73ae,
  0x738e,0x73ae,0x736e,0x6b6d,0x738e,0x738e,0x6b4d,0x6b6d,0x738e,0x634c,0x6b6d,0x632c,0x630c,0x630c,0x62ec,0x632c,
  0x6b2d,0x632c,0x6b4d,0x6b4d,0x736e,0x73ae,0x7bcf,0x73ae,0x7bcf,0x7bcf,0x7bcf,0x7bcf,0x7bcf,0x73ae,0x7bcf,0x7bcf,
  0x7bcf,0x73ae,0x738e,0x738e,0x73ae,0x6b6d,0x6b6d,0x6b4d,0x6b4d,0x634c,0x632c,0x5acb,0x526a,0x4208,0x39c7,0x2965,
  0x2925,0x18e3,0x20e4,0x18c3,0x18e3,0x18e3,0x20e4,0x18e3,0x18e3,0x18c3,0x18e3,0x18c3,0x18c3,0x10a2,0x18c3,0x10a2,
  0x18a3,0x1082,0x1082,0x0861,0x1082,0x0861,0x10a2,0x10a2,0x18c3,0x10c2,0x18e3,0x18e3,0x2104,0x18e3,0x2104,0x18e3,
  0x2124,0x2104,0x2104,0x2104,0x2124,0x2104,0x2104,0x18e3,0x2104,0x2104,0x2104,0x2104,0x2124,0x2104,0x2124,0x2124,
  0x2945,0x2144,0x2925,0x2104,0x2124,0x2124,0x2104,0x2104,0x2124,0x2104,0x2124,0x2104,0x2124,0x1903,0x2124,0x2124,
  0x2925,0x2124,0x2124,0x2104,0x2104,0x2104,0x18e3,0x10a2,0x2104,0x2104,0x2104,0x18e3,0x2124,0x2104,0x2925,0x2124,
  0x0861,0x0000,0x1062,0x10a2,0x18e3,0x18c3,0x18e3,0x18c3,0x18e3,0x18c3,0x18e3,0x18c3,0x18e3,0x18c3,0x18c3,0x18c3,
  0x18c3,0x18c3,0x18c3,0x18c3,0x18c3,0x18c3,0x18c3,0x18c3,0x18e3,0x18c3,0x18e3,0x18c3,0x18c3,0x10c2,0x18c3,0x18c3,
  0x18c3,0x18c3,0x18c3,0x18c3,0x18c3,0x10c2,0x18c3,0x18c3,0x18c3,0x10a2,0x18c3,0x10a2,0x18c3,0x10a2,0x18c3,0x10a2,
  0x18c3,0x10a2,0x18c3,0x10a2,0x18c3,0x10a2,0x18a3,0x10a2,0x18a3,0x10a2,0x18a3,0x10a2,0x18a3,0x10a2,0x18a3,0x10a2,
  0x18a3,0x10a2,0x18a3,0x10a2,0x10a2,0x10a2,0x18a3,0x1082,0x10a2,0x1082,0x10a2,0x1082,0x10a2,0x1082,0x10a2,0x1082,
  0x10a2,0x1082,0x10a2,0x1082,0x10a2,0x1082,0x10a2,0x1082,0x10a2,0x1082,0x10a2,0x1082,0x10a2,0x1082,0x1082,0x1082,
  0x39e7,0x39e7,0x39c7,0x39c7,0x39c7,0x39e7,0x39c7,0x39c7,0x31c6,0x39c7,0x31c6,0x39c7,0x31a6,0x39c7,0x31a6,0x39c7,
  0x31a6,0x39c7,0x31a6,0x39c7,0x31a6,0x39c7,0x31a6,0x39c7,0x31a6,0x39c7,0x31a6,0x39c7,0x31a6,0x39c7,0x31a6,0x31a6,
  0x31a6,0x39a7,0x31a6,0x39c7,0x31a6,0x31a6,0x3186,0x31a6,0x31a6,0x31a6,0x31a6,0x31a6,0x3186,0x31a6,0x3186,0x31a6,
  0x3186,0x3186,0x3186,0x31a6,0x3186,0x31a6,0x2985,0x3186,0x3186,0x31a6,0x3186,0x31a6,0x3186,0x31a6,0x3186,0x31a6,
  0x3186,0x3186,0x3186,0x31a6,0x3186,0x31a6,0x3186,0x31a6,0x3186,0x31a6,0x3186,0x31a6,0x3186,0x3186,0x2985,0x3186,
  0x3186,0x3186,0x2985,0x3186,0x3186,0x31a6,0x2985,0x2965,0x6b6d,0x9cf3,0x73ae,0x6b4d,0x9492,0x94b2,0x8c91,0x9cf3,
  0x9cf3,0x9cf3,0x8450,0x6b4d,0x7bcf,0x8c31,0x8410,0x8430,0x8430,0x8430,0x8430,0x8c51,0x8c71,0x94b2,0x8c91,0x9492,
  0x8c71,0x8c51,0x8c51,0x9492,0x8c71,0x8c71,0x8c71,0x9492,0x8c71,0x9492,0x8c51,0x8c71,0x8c51,0x8410,0x7bef,0x8430,
  0x8410,0x7bef,0x7bef,0x7bef,0x7bcf,0x7bcf,0x7bcf,0x7bcf,0x73ae,0x7baf,0x6b6d,0x6b6d,0x738e,0x73ae,0x634c,0x738e,
  0x632c,0x6b6d,0x632c,0x6b6d,0x6b4d,0x630c,0x632c,0x6b6d,0x6b4d,0x6b6d,0x6b8d,0x73ae,0x738e,0x7baf,0x73ce,0x73ae,
  0x738e,0x7bcf,0x73ae,0x7bef,0x7bcf,0x73ae,0x73ae,0x7bcf,0x73ae,0x73ae,0x6b6d,0x6b6d,0x6b6d,0x6b4d,0x632c,0x632c,
  0x632c,0x6b4d,0x5b0b,0x5aeb,0x4a69,0x4228,0x31a6,0x2965,0x2124,0x2104,0x18e3,0x18c3,0x18c3,0x18e3,0x18c3,0x18e3,
  0x18c3,0x18e3,0x18c3,0x18c3,0x10a2,0x18c3,0x10c2,0x18c3,0x10a2,0x10a2,0x1082,0x1082,0x0861,0x1082,0x0881,0x10a2,
  0x10a2,0x18c3,0x18c3,0x18e3,0x18e3,0x2104,0x18e3,0x18e3,0x18e3,0x20e4,0x18e3,0x2104,0x1903,0x2104,0x18e3,0x18e3,
  0x18e3,0x2104,0x1903,0x2124,0x2104,0x2124,0x2104,0x2124,0x2124,0x2124,0x2104,0x2124,0x2124,0x2124,0x1903,0x2104,
  0x2104,0x2124,0x2104,0x2104,0x2104,0x2104,0x2104,0x2124,0x2124,0x2124,0x2104,0x2104,0x18e3,0x2124,0x10c2,0x18c3,
  0x1903,0x2124,0x1903,0x2104,0x1903,0x18e3,0x1903,0x2104,0x0861,0x0000,0x0020,0x1082,0x10a2,0x18e3,0x18c3,0x18e3,
  0x18c3,0x18e3,0x10c2,0x18c3,0x18c3,0x18c3,0x10c2,0x18c3,0x10c2,0x18c3,0x10c2,0x18c3,0x10c2,0x18c3,0x10c2,0x18c3,
  0x10c2,0x18c3,0x10c2,0x18c3,0x10c2,0x18c3,0x10c2,0x18c3,0x10a2,0x18c3,0x10a2,0x18c3,0x10a2,0x18c3,0x10a2,0x18c3,
  0x10a2,0x18c3,0x10a2,0x18c3,0x10a2,0x18c3,0x10a2,0x18c3,0x10a2,0x18c3,0x10a2,0x10a2,0x10a2,0x10a2,0x10a2,0x10a2,
  0x10a2,0x10a2,0x1082,0x10a2,0x10a2,0x10a2,0x10a2,0x10a2,0x10a2,0x10a2,0x1082,0x10a2,0x1082,0x10a2,0x1082,0x10a2,
  0x1082,0x10a2,0x1082,0x10a2,0x1082,0x10a2,0x1082,0x10a2,0x1082,0x10a2,0x0881,0x1082,0x1082,0x1082,0x0881,0x1082,
  0x1082,0x1082,0x0881,0x1082,0x1082,0x1082,0x0881,0x1082,0x41e8,0x39e7,0x39e7,0x39c7,0x39e7,0x39c7,0x39e7,0x39c7,
  0x39c7,0x39c7,0x39c7,0x31c6,0x39c7,0x39c7,0x39c7,0x31a6,0x39c7,0x31a6,0x39c7,0x31c6,0x39c7,0x39c7,0x39c7,0x31c6,
  0x39c7,0x39c7,0x39c7,0x31a6,0x39c7,0x31a6,0x39c7,0x31c6,0x39c7,0x31a6,0x39c7,0x31a6,0x39c7,0x31a6,0x31a6,0x31a6,
  0x39a7,0x31a6,0x31a6,0x31a6,0x39a7,0x31a6,0x39c7,0x31a6,0x39a7,0x31a6,0x39a7,0x31a6,0x39a7,0x31a6,0x31a6,0x31a6,
  0x39a7,0x31a6,0x31a6,0x31a6,0x31a6,0x3186,0x31a6,0x3186,0x31a6,0x3186,0x31a6,0x31a6,0x31a6,0x3186,0x31a6,0x31a6,
  0x31a6,0x3186,0x31a6,0x3186,0x31a6,0x3186,0x3186,0x3186,0x31a6,0x3186,0x31a6,0x3186,0x31a6,0x3186,0x39a7,0x2985,
  0x7bcf,0x94b2,0x7baf,0x7bef,0x9492,0x94b2,0x9492,0x9cd3,0xa514,0x9cf3,0x9472,0x632c,0x7bcf,0x8430,0x8430,0x8430,
  0x8c31,0x8430,0x8c51,0x8c51,0x8c51,0x8c71,0x9492,0x8c91,0x9492,0x8c71,0x9492,0x9492,0x9492,0x9492,0x9492,0x9492,
  0x9492,0x8c71,0x9492,0x9492,0x9472,0x8410,0x8410,0x8410,0x8410,0x7bcf,0x7bcf,0x7bcf,0x7bcf,0x738e,0x738e,0x6b6d,
  0x738e,0x6b6d,0x6b4d,0x6b4d,0x738e,0x738e,0x6b2d,0x6b6d,0x738e,0x632c,0x6b6d,0x6b6d,0x6b2d,0x6b4d,0x6b4d,0x632c,
  0x6b4d,0x738e,0x7bcf,0x7bef,0x7bcf,0x73ae,0x7bef,0x7bcf,0x7bcf,0x7bcf,0x7bcf,0x7bef,0x7bcf,0x73ae,0x7bcf,0x73ae,
  0x7baf,0x73ae,0x73ae,0x6b6d,0x6b4d,0x6b6d,0x6b4d,0x634c,0x6b4d,0x632c,0x632c,0x5aeb,0x526a,0x4228,0x39c7,0x2965,
  0x2945,0x2104,0x2104,0x18e3,0x20e4,0x18e3,0x18e3,0x18e3,0x20e4,0x18e3,0x18e3,0x18e3,0x18c3,0x18c3,0x18c3,0x10c2,
  0x18c3,0x10a2,0x18c3,0x10a2,0x1082,0x1082,0x10a2,0x10a2,0x18a3,0x10a2,0x18c3,0x18c3,0x20e4,0x18e3,0x18e3,0x18c3,
  0x20e4,0x18e3,0x20e4,0x18e3,0x2104,0x18e3,0x2104,0x18c3,0x18e3,0x18e3,0x2104,0x18e3,0x2104,0x2104,0x2124,0x2104,
  0x2104,0x2104,0x2124,0x2124,0x2925,0x2124,0x2925,0x2104,0x2124,0x2104,0x2124,0x2104,0x2124,0x2124,0x2124,0x2104,
  0x2124,0x2104,0x2124,0x2104,0x2104,0x2104,0x18e3,0x18c3,0x2104,0x2104,0x2124,0x2124,0x2104,0x18c3,0x2104,0x18e3,
  0x1082,0x0020,0x0020,0x0841,0x18c3,0x18c3,0x18e3,0x18e3,0x18e3,0x18c3,0x18e3,0x18c3,0x18e3,0x18c3,0x18c3,0x18c3,
  0x18c3,0x18c3,0x18c3,0x18c3,0x18c3,0x18c3,0x18c3,0x18c3,0x18c3,0x18c3,0x18c3,0x18c3,0x18e3,0x18c3,0x18e3,0x10c2,
  0x18c3,0x18c3,0x18c3,0x10c2,0x18c3,0x10a2,0x18c3,0x10c2,0x18c3,0x10a2,0x18c3,0x10a2,0x18c3,0x10a2,0x18c3,0x10a2,
  0x18c3,0x10a2,0x18c3,0x10a2,0x18c3,0x10a2,0x18a3,0x10a2,0x18a3,0x10a2,0x10a2,0x10a2,0x18a3,0x10a2,0x18a3,0x10a2,
  0x18a3,0x10a2,0x10a2,0x10a2,0x18a3,0x10a2,0x10a2,0x1082,0x10a2,0x1082,0x10a2,0x1082,0x10a2,0x1082,0x10a2,0x1082,
  0x10a2,0x1082,0x10a2,0x1082,0x10a2,0x1082,0x10a2,0x1082,0x10a2,0x1082,0x10a2,0x1082,0x10a2,0x1082,0x1082,0x1082,
  0x31c6,0x39e7,0x39c7,0x39c7,0x31c6,0x39e7,0x39c7,0x39c7,0x31c6,0x39c7,0x31a6,0x39c7,0x31a6,0x39c7,0x31a6,0x39c7,
  0x31a6,0x31a6,0x31a6,0x39c7,0x31a6,0x39c7,0x31c6,0x39c7,0x31a6,0x39c7,0x31a6,0x39c7,0x31a6,0x31a6,0x31a6,0x39c7,
  0x31a6,0x39c7,0x31a6,0x31a6,0x31a6,0x31a6,0x31a6,0x31a6,0x3186,0x31a6,0x3186,0x31a6,0x31a6,0x31a6,0x31a6,0x31a6,
  0x3186,0x31a6,0x3186,0x31a6,0x3186,0x31a6,0x3186,0x31a6,0x3186,0x31a6,0x3186,0x31a6,0x3186,0x31a6,0x3186,0x31a6,
  0x3186,0x3186,0x3186,0x31a6,0x3186,0x31a6,0x3186,0x31a6,0x3186,0x3186,0x2985,0x3186,0x2985,0x3186,0x2965,0x3186,
  0x2985,0x3186,0x3186,0x3186,0x2985,0x31a6,0x3186,0x31a6,0x7bef,0x94b2,0x7bcf,0x8c51,0x8c71,0x94b2,0x8c71,0x9cb3,
  0x9cd3,0x9cf3,0x8c71,0x6b6d,0x7bef,0x8430,0x8430,0x8c51,0x8430,0x8430,0x8430,0x8c71,0x8c51,0x9492,0x8c71,0x94b2,
  0x8c91,0x8c71,0x8c71,0x9492,0x8c91,0x9492,0x8c71,0x9492,0x8c71,0x8c71,0x8c71,0x8c71,0x8430,0x8c51,0x8430,0x8430,
  0x8410,0x8430,0x7bef,0x8410,0x73ce,0x73ae,0x738e,0x7bcf,0x73ae,0x6b6d,0x6b4d,0x6b6d,0x6b6d,0x738e,0x632c,0x736e,
  0x6b4d,0x6b4d,0x630c,0x6b4d,0x6b4d,0x6b4d,0x738e,0x6b4d,0x632c,0x738e,0x73ae,0x7bcf,0x73ce,0x73ae,0x7bcf,0x7bef,
  0x73ce,0x7bef,0x7bcf,0x7bef,0x7bcf,0x7bcf,0x7bef,0x7bcf,0x73ae,0x73ae,0x738e,0x6b6d,0x634c,0x6b6d,0x632c,0x6b2d,
  0x632c,0x632c,0x5aeb,0x5aeb,0x4a69,0x4228,0x31a6,0x3166,0x2124,0x2124,0x18e3,0x18e3,0x18c3,0x18e3,0x18c3,0x18e3,
  0x18e3,0x18e3,0x18e3,0x20e4,0x18c3,0x18c3,0x10c2,0x18c3,0x10a2,0x18c3,0x10a2,0x18a3,0x1082,0x10a2,0x1082,0x10a2,
  0x1082,0x10a2,0x10a2,0x18c3,0x10c2,0x18c3,0x10c2,0x18c3,0x10c2,0x18c3,0x18c3,0x18e3,0x18c3,0x18c3,0x18c3,0x18e3,
  0x18c3,0x18c3,0x18e3,0x20e4,0x18e3,0x2104,0x2104,0x2104,0x18e3,0x2104,0x2104,0x2124,0x2104,0x2124,0x2124,0x2104,
  0x2104,0x2124,0x2124,0x2124,0x2104,0x2124,0x2104,0x2124,0x1903,0x2104,0x2104,0x2124,0x1903,0x2104,0x18c3,0x18e3,
  0x1903,0x2104,0x2104,0x2124,0x18c3,0x18c3,0x18c3,0x18e3,0x1082,0x0841,0x0000,0x0861,0x10a2,0x18e3,0x18c3,0x18e3,
  0x18c3,0x18c3,0x18c3,0x18c3,0x10c2,0x18c3,0x10c2,0x18c3,0x10c2,0x18c3,0x10c2,0x18c3,0x10c2,0x18c3,0x10c2,0x18c3,
  0x10c2,0x18c3,0x10c2,0x18c3,0x10c2,0x18c3,0x10c2,0x18c3,0x10c2,0x18c3,0x10a2,0x18c3,0x10a2,0x18c3,0x10a2,0x18c3,
  0x10a2,0x18c3,0x10a2,0x18c3,0x10a2,0x18c3,0x10a2,0x18c3,0x10a2,0x18c3,0x10a2,0x18a3,0x10a2,0x10a2,0x10a2,0x10a2,
  0x10a2,0x10a2,0x1082,0x10a2,0x10a2,0x10a2,0x10a2,0x10a2,0x10a2,0x10a2,0x1082,0x10a2,0x1082,0x10a2,0x1082,0x10a2,
  0x1082,0x10a2,0x1082,0x10a2,0x1082,0x10a2,0x1082,0x10a2,0x1082,0x10a2,0x1082,0x1082,0x0881,0x1082,0x1082,0x1082,
  0x0881,0x1082,0x1082,0x1082,0x0881,0x1082,0x0881,0x1082,0x39c7,0x39c7,0x39e7,0x39c7,0x39e7,0x39c7,0x39c7,0x39c7,
  0x39e7,0x39c7,0x39e7,0x39c7,0x39e7,0x39c7,0x39e7,0x39c7,0x39c7,0x31c6,0x39c7,0x39c7,0x39c7,0x31a6,0x39c7,0x39c7,
  0x39c7,0x39c7,0x39c7,0x39c7,0x39c7,0x31c6,0x39c7,0x31a6,0x39c7,0x31a6,0x39c7,0x31a6,0x39c7,0x31a6,0x39a7,0x31a6,
  0x39c7,0x31a6,0x39a7,0x31a6,0x39c7,0x31a6,0x39c7,0x31a6,0x39c7,0x31a6,0x39a7,0x31a6,0x31a6,0x3186,0x31a6,0x3186,
  0x31a6,0x31a6,0x39a7,0x31a6,0x31a6,0x3186,0x31a6,0x3186,0x31a6,0x31a6,0x39a7,0x31a6,0x31a6,0x3186,0x31a6,0x3186,
  0x31a6,0x3186,0x3186,0x3186,0x31a6,0x31a6,0x3186,0x3186,0x31a6,0x3186,0x31a6,0x3186,0x31a6,0x31a6,0x3186,0x4208,
  0x8430,0x94b2,0x83f0,0x8430,0x9492,0x8c51,0x9472,0x9cd3,0xa514,0x9cd3,0x8c71,0x6b4d,0x8410,0x8410,0x8c31,0x8c51,
  0x8c51,0x8430,0x8c51,0x8c71,0x8c71,0x8c71,0x9492,0x94b2,0x9cb3,0x8c71,0x9492,0x9492,0x9492,0x8c71,0x8c71,0x8c51,
  0x8c71,0x8c71,0x8c71,0x8c71,0x8c71,0x8430,0x8430,0x8c51,0x8430,0x7bef,0x8410,0x7bef,0x7bcf,0x73ce,0x7bcf,0x738e,
  0x6b6d,0x6b4d,0x738e,0x6b6d,0x632c,0x6b4d,0x6b2d,0x6b4d,0x738e,0x632c,0x6b4d,0x6b6d,0x6b6d,0x6b6d,0x738e,0x73ae,
  0x7bcf,0x73ae,0x7bcf,0x7bcf,0x7bef,0x73ae,0x7bef,0x7bef,0x7bef,0x7bef,0x7bef,0x7bef,0x8410,0x7bef,0x83f0,0x7bef,
  0x7bcf,0x6b8d,0x738e,0x6b4d,0x6b4d,0x6b4d,0x6b4d,0x632c,0x632c,0x5b0b,0x5acb,0x5acb,0x52aa,0x4248,0x39c7,0x2965,
  0x2925,0x2104,0x2104,0x18c3,0x18e3,0x18c3,0x18e3,0x18e3,0x2104,0x18e3,0x2104,0x18e3,0x18e3,0x18c3,0x18e3,0x18c3,
  0x18c3,0x18c3,0x18c3,0x18c3,0x18c3,0x10a2,0x18a3,0x10a2,0x10a2,0x10a2,0x18c3,0x18c3,0x18c3,0x18c3,0x18c3,0x18c3,
  0x18c3,0x18e3,0x2104,0x18e3,0x18e3,0x18c3,0x20e4,0x2104,0x18e3,0x18c3,0x20e4,0x18c3,0x18e3,0x18e3,0x2124,0x2104,
  0x2124,0x2104,0x2104,0x2104,0x2124,0x2124,0x2124,0x2104,0x2124,0x2124,0x2945,0x2945,0x2925,0x2104,0x2925,0x2124,
  0x2124,0x2124,0x2124,0x2104,0x2104,0x1903,0x18c3,0x18c3,0x2124,0x1903,0x2124,0x2104,0x18c3,0x10c2,0x20e4,0x18e3,
  0x18c3,0x0841,0x0821,0x0861,0x18c3,0x18c3,0x18e3,0x18c3,0x18e3,0x18c3,0x18e3,0x18c3,0x18e3,0x18c3,0x18c3,0x18c3,
  0x18c3,0x18c3,0x18c3,0x18c3,0x18c3,0x18c3,0x18c3,0x18c3,0x18e3,0x18c3,0x18e3,0x18c3,0x18c3,0x10c2,0x18c3,0x18c3,
  0x18e3,0x18c3,0x18c3,0x18c3,0x18c3,0x18c3,0x18c3,0x18c3,0x18c3,0x10a2,0x18c3,0x10a2,0x18c3,0x10a2,0x18c3,0x10a2,
  0x18c3,0x10a2,0x18c3,0x10a2,0x18c3,0x10a2,0x18a3,0x10a2,0x18a3,0x10a2,0x18a3,0x10a2,0x18a3,0x10a2,0x18a3,0x10a2,
  0x18a3,0x10a2,0x18a3,0x10a2,0x10a2,0x10a2,0x18a3,0x1082,0x10a2,0x1082,0x10a2,0x1082,0x10a2,0x1082,0x10a2,0x1082,
  0x10a2,0x1082,0x10a2,0x1082,0x10a2,0x1082,0x10a2,0x1082,0x10a2,0x1082,0x10a2,0x1082,0x10a2,0x1082,0x1082,0x1082,
  0x31a6,0x39c7,0x31c6,0x39c7,0x31c6,0x39e7,0x39c7,0x39c7,0x31c6,0x39c7,0x31c6,0x39c7,0x31a6,0x39c7,0x31c6,0x39c7,
  0x31c6,0x39c7,0x31c6,0x39c7,0x31a6,0x39c7,0x31a6,0x39c7,0x31a6,0x39c7,0x31a6,0x39c7,0x31a6,0x39c7,0x31a6,0x31a6,
  0x31a6,0x39a7,0x31a6,0x31a6,0x31a6,0x31a6,0x31a6,0x31a6,0x31a6,0x31a6,0x31a6,0x31a6,0x31a6,0x39a7,0x31a6,0x31a6,
  0x31a6,0x39a7,0x31a6,0x31a6,0x31a6,0x31a6,0x3186,0x31a6,0x3186,0x31a6,0x3186,0x31a6,0x3186,0x31a6,0x3186,0x31a6,
  0x3186,0x31a6,0x3186,0x31a6,0x3186,0x31a6,0x3186,0x31a6,0x3186,0x31a6,0x3186,0x31a6,0x3186,0x31a6,0x2985,0x3186,
  0x3186,0x3186,0x2985,0x3186,0x3186,0x31a6,0x2965,0x4a69,0x8c71,0x94b2,0x7bef,0x8410,0x8430,0x8c51,0x8c71,0x94b2,
  0x9cd3,0x9cd3,0x8c71,0x6b4d,0x7bef,0x8410,0x8430,0x8c51,0x8430,0x8c31,0x8430,0x8c71,0x8c51,0x8c71,0x8c71,0x9492,
  0x8c91,0x9492,0x94b2,0x94b2,0x9492,0x9472,0x8c51,0x8c71,0x8c71,0x9492,0x8c51,0x8c71,0x8c71,0x8c51,0x8430,0x8c51,
  0x8430,0x8410,0x7c0f,0x7bef,0x73ce,0x7bcf,0x6b8d,0x6b6d,0x634c,0x6b6d,0x634c,0x6b4d,0x6b4d,0x738e,0x6b4d,0x6b4d,
  0x6b8d,0x736e,0x6b4d,0x6b6d,0x6b6d,0x6b6d,0x738e,0x73ae,0x73ae,0x7bcf,0x73ae,0x7bcf,0x7bcf,0x8410,0x7c0f,0x8410,
  0x7bef,0x8410,0x7bef,0x8410,0x7bef,0x7bef,0x7bef,0x7bef,0x73ae,0x73ae,0x6b6d,0x6b6d,0x6b4d,0x6b6d,0x634c,0x6b4d,
  0x632c,0x632c,0x5aeb,0x5acb,0x4a69,0x4228,0x31a6,0x2965,0x2124,0x2124,0x1903,0x18e3,0x18c3,0x18c3,0x18c3,0x18e3,
  0x18e3,0x2104,0x18e3,0x18e3,0x18e3,0x18e3,0x18c3,0x18c3,0x10c2,0x18c3,0x10c2,0x18c3,0x10a2,0x10a2,0x10a2,0x10a2,
  0x1082,0x10a2,0x10a2,0x18c3,0x18c3,0x18e3,0x18c3,0x18c3,0x18c3,0x18e3,0x18e3,0x18e3,0x18c3,0x18e3,0x18e3,0x18e3,
  0x18c3,0x18e3,0x18e3,0x18e3,0x18e3,0x2104,0x1903,0x2124,0x2124,0x2124,0x2104,0x2104,0x2104,0x2124,0x2124,0x2124,
  0x2104,0x2124,0x2124,0x2945,0x2124,0x2124,0x2104,0x2124,0x2124,0x2124,0x1903,0x2104,0x18e3,0x2124,0x10c2,0x10a2,
  0x18e3,0x2104,0x1903,0x2124,0x18e3,0x18e3,0x18e3,0x18e3,0x18c3,0x0861,0x0020,0x0841,0x10a2,0x20e4,0x18e3,0x18c3,
  0x10c2,0x18c3,0x10c2,0x18c3,0x18c3,0x18c3,0x10c2,0x18c3,0x10c2,0x18c3,0x10c2,0x18c3,0x18c3,0x18c3,0x10c2,0x18c3,
  0x18c3,0x18c3,0x10c2,0x18c3,0x10c2,0x18c3,0x10a2,0x18c3,0x10c2,0x18c3,0x10a2,0x18c3,0x10a2,0x18c3,0x10a2,0x18c3,
  0x10a2,0x18c3,0x10a2,0x18c3,0x10a2,0x18c3,0x10a2,0x18c3,0x10a2,0x18a3,0x10a2,0x18c3,0x10a2,0x18a3,0x10a2,0x10a2,
  0x10a2,0x10a2,0x1082,0x10a2,0x10a2,0x10a2,0x10a2,0x10a2,0x10a2,0x10a2,0x1082,0x10a2,0x1082,0x10a2,0x1082,0x10a2,
  0x1082,0x10a2,0x1082,0x10a2,0x1082,0x10a2,0x1082,0x10a2,0x1082,0x10a2,0x0881,0x1082,0x1082,0x1082,0x0881,0x1082,
  0x1082,0x1082,0x0881,0x1082,0x1082,0x1082,0x0881,0x1082,0x39e7,0x39c7,0x39c7,0x39c7,0x39e7,0x39c7,0x39e7,0x31c6,
  0x39c7,0x39c7,0x39e7,0x31c6,0x39c7,0x39c7,0x39c7,0x39c7,0x39c7,0x39c7,0x39c7,0x31c6,0x39c7,0x39c7,0x39c7,0x31c6,
  0x39c7,0x39c7,0x39c7,0x31c6,0x39c7,0x31a6,0x39c7,0x31a6,0x39c7,0x31a6,0x39a7,0x31a6,0x39a7,0x31a6,0x39a7,0x31a6,
  0x39a7,0x31a6,0x39a7,0x31a6,0x39a7,0x31a6,0x39a7,0x31a6,0x39c7,0x31a6,0x39c7,0x31a6,0x39a7,0x3186,0x31a6,0x3186,
  0x31a6,0x3186,0x31a6,0x3186,0x31a6,0x3186,0x31a6,0x3186,0x31a6,0x3186,0x31a6,0x3186,0x31a6,0x3186,0x31a6,0x3186,
  0x31a6,0x3186,0x31a6,0x3186,0x31a6,0x3186,0x31a6,0x3186,0x31a6,0x3186,0x31a6,0x31a6,0x39a7,0x31a6,0x3186,0x5aeb,
  0x9cd3,0x8c71,0x7bef,0x8430,0x8c51,0x9cd3,0xa514,0x9cd3,0x9cf3,0x94b2,0x8c51,0x630c,0x83f0,0x8410,0x8c51,0x8430,
  0x8c51,0x8430,0x8c31,0x8c71,0x9492,0x9492,0x94b2,0x9492,0x9492,0x9492,0x94b2,0x94b2,0x94b2,0x9492,0x9492,0x8c71,
  0x9492,0x94b2,0x9492,0x8c51,0x9492,0x8c71,0x8c71,0x8c51,0x8c51,0x8430,0x8410,0x7bef,0x7bef,0x7bcf,0x73ae,0x738e,
  0x73ae,0x6b4d,0x632c,0x634c,0x738e,0x738e,0x738e,0x6b4d,0x73ae,0x738e,0x7bcf,0x73ae,0x738e,0x6b6d,0x736e,0x73ae,
  0x7bcf,0x73ae,0x7bcf,0x7bcf,0x7bef,0x7bef,0x8410,0x8410,0x8410,0x8410,0x8410,0x8410,0x83f0,0x7bcf,0x7bef,0x73ce,
  0x7bcf,0x738e,0x6b6d,0x6b4d,0x736e,0x6b6d,0x6b6d,0x634c,0x6b4d,0x632c,0x630c,0x52aa,0x526a,0x4208,0x39c7,0x2965,
  0x2945,0x2124,0x2124,0x18e3,0x18e3,0x18c3,0x18e3,0x18e3,0x20e4,0x18e3,0x2104,0x1903,0x2104,0x18e3,0x20e4,0x18c3,
  0x18e3,0x18c3,0x18c3,0x10a2,0x18c3,0x10a2,0x18c3,0x10a2,0x18c3,0x10a2,0x10a2,0x10a2,0x18c3,0x18c3,0x18e3,0x18c3,
  0x20e4,0x18e3,0x18e3,0x18c3,0x18e3,0x18e3,0x18e3,0x18c3,0x20e4,0x18e3,0x2104,0x2104,0x2124,0x2104,0x2104,0x2104,
  0x2925,0x2124,0x2925,0x2124,0x2925,0x2124,0x2945,0x2124,0x2925,0x2124,0x2945,0x2124,0x2945,0x2124,0x2124,0x2124,
  0x2925,0x2104,0x2104,0x2104,0x2104,0x2104,0x18c3,0x1082,0x20e4,0x2104,0x20e4,0x18e3,0x2925,0x2124,0x2925,0x2124,
  0x2104,0x1082,0x0841,0x0841,0x10a2,0x18e3,0x2104,0x10c2,0x18c3,0x18c3,0x18e3,0x18c3,0x18e3,0x18c3,0x18c3,0x18c3,
  0x18c3,0x18c3,0x18e3,0x18c3,0x18e3,0x18c3,0x18e3,0x18c3,0x18c3,0x18c3,0x18c3,0x18c3,0x18c3,0x18c3,0x18c3,0x10c2,
  0x18c3,0x18c3,0x18c3,0x10c2,0x18c3,0x18c3,0x18c3,0x10a2,0x18c3,0x18c3,0x18c3,0x10a2,0x18c3,0x10a2,0x18c3,0x10a2,
  0x18c3,0x10a2,0x18c3,0x10a2,0x18c3,0x10a2,0x18c3,0x10a2,0x18c3,0x10a2,0x10a2,0x10a2,0x18a3,0x10a2,0x18a3,0x10a2,
  0x18a3,0x10a2,0x10a2,0x10a2,0x18a3,0x10a2,0x10a2,0x1082,0x10a2,0x1082,0x10a2,0x10a2,0x10a2,0x1082,0x10a2,0x1082,
  0x10a2,0x1082,0x10a2,0x1082,0x10a2,0x1082,0x10a2,0x1082,0x10a2,0x1082,0x10a2,0x1082,0x10a2,0x1082,0x10a2,0x1082,
  0x39c7,0x39e7,0x39c7,0x39c7,0x31c6,0x39e7,0x39c7,0x39c7,0x31c6,0x39e7,0x39c7,0x39c7,0x31c6,0x39e7,0x39c7,0x39c7,
  0x31c6,0x39c7,0x31a6,0x39c7,0x31a6,0x39c7,0x31a6,0x39c7,0x31a6,0x39c7,0x31a6,0x39c7,0x31a6,0x39c7,0x31a6,0x39a7,
  0x31a6,0x31a6,0x31a6,0x39a7,0x31a6,0x31a6,0x31a6,0x31a6,0x31a6,0x31a6,0x31a6,0x31a6,0x31a6,0x31a6,0x31a6,0x31a6,
  0x31a6,0x31a6,0x31a6,0x31a6,0x3186,0x31a6,0x3186,0x31a6,0x3186,0x31a6,0x3186,0x31a6,0x3186,0x31a6,0x3186,0x31a6,
  0x3186,0x31a6,0x3186,0x31a6,0x3186,0x31a6,0x3186,0x31a6,0x3186,0x31a6,0x3186,0x31a6,0x3186,0x31a6,0x3186,0x31a6,
  0x2985,0x3186,0x2965,0x3186,0x3186,0x3186,0x31a6,0x738e,0x94d2,0x8430,0x7bef,0x9492,0x9d13,0xad55,0xad55,0x9cd3,
  0x8c71,0x9492,0x73ae,0x5aeb,0x738e,0x8430,0x8450,0x8c31,0x8430,0x8430,0x8430,0x9492,0x8c71,0x9492,0x9492,0x94b2,
  0x8c91,0x9492,0x9492,0x94b2,0x9492,0x94b2,0x9492,0x94b2,0x8c91,0x9492,0x8c71,0x8c71,0x8c71,0x8c71,0x8c51,0x8c51,
  0x8430,0x8410,0x7bef,0x83f0,0x7bef,0x7bcf,0x738e,0x738e,0x6b8d,0x6b6d,0x6b4d,0x736e,0x6b8d,0x738e,0x6b6d,0x6b6d,
  0x73ae,0x738e,0x6b6d,0x73ae,0x738e,0x7bcf,0x7bef,0x7bcf,0x738e,0x73ae,0x73ae,0x83f0,0x7bef,0x8410,0x7bef,0x8410,
  0x7c0f,0x8410,0x7bef,0x8410,0x7bef,0x7bcf,0x73ae,0x73ae,0x6b8d,0x6b6d,0x6b4d,0x6b4d,0x6b4d,0x6b6d,0x634c,0x6b4d,
  0x632c,0x632c,0x5acb,0x52aa,0x4a69,0x4228,0x31a6,0x3166,0x2124,0x2104,0x18e3,0x18e3,0x18c3,0x18e3,0x18c3,0x18e3,
  0x18e3,0x2104,0x18e3,0x20e4,0x18e3,0x18e3,0x18c3,0x18c3,0x10c2,0x18c3,0x10a2,0x18a3,0x10a2,0x18c3,0x10a2,0x18c3,
  0x10a2,0x18c3,0x10a2,0x10a2,0x1082,0x18c3,0x18c3,0x18e3,0x18e3,0x2104,0x18e3,0x18e3,0x18c3,0x18e3,0x18c3,0x2104,
  0x18e3,0x18e3,0x18e3,0x2104,0x1903,0x2124,0x2104,0x2124,0x2124,0x2124,0x2124,0x2124,0x2124,0x2124,0x2104,0x2925,
  0x2124,0x2945,0x2124,0x2925,0x2124,0x2945,0x2104,0x2124,0x2104,0x2104,0x18e3,0x2104,0x1903,0x2104,0x1082,0x1082,
  0x18e3,0x18e3,0x1082,0x1082,0x10c2,0x2124,0x2124,0x2945,0x2124,0x18e3,0x0861,0x0841,0x0861,0x18c3,0x18e3,0x18e3,
  0x10c2,0x18c3,0x18c3,0x18c3,0x10c2,0x18c3,0x10c2,0x18c3,0x10c2,0x18c3,0x18c3,0x18c3,0x10c2,0x18c3,0x18c3,0x18c3,
  0x10c2,0x18c3,0x10c2,0x18c3,0x10c2,0x18c3,0x10c2,0x18c3,0x10a2,0x18c3,0x10a2,0x18c3,0x10a2,0x18c3,0x10a2,0x18c3,
  0x10a2,0x18c3,0x10a2,0x18c3,0x10a2,0x18c3,0x10a2,0x18c3,0x10a2,0x10a2,0x10a2,0x18a3,0x10a2,0x10a2,0x10a2,0x18a3,
  0x10a2,0x10a2,0x1082,0x10a2,0x10a2,0x10a2,0x10a2,0x10a2,0x10a2,0x10a2,0x1082,0x10a2,0x1082,0x10a2,0x1082,0x10a2,
  0x1082,0x10a2,0x1082,0x10a2,0x1082,0x10a2,0x1082,0x1082,0x0881,0x1082,0x1082,0x1082,0x0881,0x1082,0x1082,0x1082,
  0x0881,0x1082,0x1082,0x1082,0x0881,0x1082,0x1082,0x1082,0x39e7,0x39c7,0x39e7,0x39c7,0x39e7,0x39c7,0x39e7,0x39c7,
  0x39e7,0x39c7,0x39e7,0x39c7,0x39c7,0x39c7,0x39c7,0x39c7,0x39c7,0x31c6,0x39c7,0x39c7,0x39c7,0x31c6,0x39c7,0x39c7,
  0x39c7,0x31c6,0x39c7,0x39c7,0x39c7,0x31a6,0x39c7,0x31a6,0x39c7,0x31a6,0x39c7,0x31a6,0x39a7,0x31a6,0x39a7,0x31a6,
  0x39a7,0x31a6,0x39a7,0x31a6,0x39a7,0x31a6,0x39a7,0x31a6,0x39a7,0x31a6,0x39c7,0x31a6,0x39a7,0x31a6,0x39a7,0x31a6,
  0x39c7,0x31a6,0x31a6,0x3186,0x31a6,0x3186,0x31a6,0x3186,0x31a6,0x3186,0x31a6,0x3186,0x31a6,0x3186,0x31a6,0x3186,
  0x31a6,0x3186,0x31a6,0x3186,0x31a6,0x3186,0x31a6,0x3186,0x3186,0x2965,0x3186,0x3186,0x3186,0x2965,0x41e8,0x8410,
  0x94b2,0x7bef,0x8c51,0xa514,0xb596,0x9d13,0x9492,0x738e,0x738e,0x8c71,0x83f0,0x5aeb,0x738e,0x8430,0x8c51,0x8410,
  0x8430,0x8430,0x8c51,0x8c51,0x9492,0x8c71,0x9472,0x8c51,0x8c71,0x9492,0x9cd3,0x94b2,0x9cb3,0x94b2,0x9cd3,0x94b2,
  0x94b2,0x9492,0x9492,0x8c71,0x9492,0x8c91,0x9492,0x8c51,0x8430,0x7c0f,0x8410,0x8410,0x8410,0x7bcf,0x738e,0x6b6d,
  0x738e,0x6b6d,0x736e,0x6b6d,0x738e,0x6b6d,0x738e,0x6b6d,0x73ae,0x6b8d,0x73ae,0x7bcf,0x7bef,0x7bcf,0x7bef,0x738e,
  0x738e,0x738e,0x7bcf,0x8410,0x8430,0x8430,0x8c31,0x8410,0x8410,0x7bcf,0x83f0,0x7bef,0x7bef,0x73ae,0x73ae,0x738e,
  0x738e,0x6b6d,0x6b6d,0x6b6d,0x738e,0x6b4d,0x6b4d,0x632c,0x6b4d,0x632c,0x630c,0x5acb,0x52aa,0x4228,0x39c7,0x3186,
  0x2945,0x1903,0x2104,0x18e3,0x20e4,0x18e3,0x18e3,0x18c3,0x20e4,0x18e3,0x2104,0x18e3,0x20e4,0x18c3,0x18e3,0x18c3,
  0x18c3,0x10c2,0x18c3,0x10a2,0x18c3,0x10c2,0x18c3,0x10a2,0x18c3,0x10a2,0x18a3,0x1082,0x10a2,0x10a2,0x18c3,0x18c3,
  0x18c3,0x18c3,0x20e4,0x18e3,0x2104,0x2104,0x2104,0x2104,0x2104,0x1903,0x2104,0x2104,0x2124,0x2124,0x2925,0x2124,
  0x2925,0x2124,0x2925,0x2124,0x2945,0x2144,0x2925,0x2124,0x2945,0x2124,0x2945,0x2124,0x2945,0x2945,0x2925,0x2104,
  0x2124,0x18e3,0x2104,0x2104,0x2124,0x1903,0x18a3,0x1082,0x18e3,0x10a2,0x1062,0x0020,0x1062,0x10a2,0x20e4,0x2124,
  0x2945,0x2124,0x18c3,0x0841,0x0861,0x10a2,0x2104,0x18e3,0x18e3,0x18c3,0x18e3,0x18c3,0x18e3,0x18c3,0x18c3,0x18c3,
  0x18c3,0x18c3,0x18e3,0x18c3,0x18e3,0x18c3,0x18e3,0x18c3,0x18c3,0x18c3,0x18c3,0x18c3,0x18c3,0x18c3,0x18c3,0x18c3,
  0x18c3,0x10c2,0x18c3,0x18c3,0x18c3,0x10c2,0x18c3,0x10a2,0x18c3,0x10c2,0x18c3,0x10a2,0x18c3,0x10a2,0x18c3,0x10a2,
  0x18c3,0x10a2,0x18c3,0x10a2,0x18c3,0x10a2,0x18c3,0x10a2,0x18c3,0x10a2,0x18a3,0x10a2,0x18a3,0x10a2,0x18a3,0x10a2,
  0x18a3,0x10a2,0x18a3,0x10a2,0x10a2,0x10a2,0x18a3,0x10a2,0x10a2,0x10a2,0x10a2,0x1082,0x10a2,0x1082,0x10a2,0x1082,
  0x10a2,0x1082,0x10a2,0x1082,0x10a2,0x1082,0x10a2,0x1082,0x10a2,0x1082,0x10a2,0x1082,0x10a2,0x1082,0x10a2,0x1082,
  0x39c7,0x39e7,0x39c7,0x39c7,0x39c7,0x39e7,0x39c7,0x39c7,0x39c7,0x39c7,0x31c6,0x39c7,0x31c6,0x39c7,0x31c6,0x39c7,
  0x31c6,0x39c7,0x31a6,0x39c7,0x31a6,0x39c7,0x31a6,0x39c7,0x31a6,0x39c7,0x31a6,0x39c7,0x31a6,0x39c7,0x31a6,0x39c7,
  0x31a6,0x39a7,0x31a6,0x31a6,0x31a6,0x31a6,0x31a6,0x31a6,0x31a6,0x31a6,0x31a6,0x31a6,0x31a6,0x31a6,0x31a6,0x31a6,
  0x31a6,0x31a6,0x31a6,0x31a6,0x31a6,0x31a6,0x31a6,0x31a6,0x31a6,0x39a7,0x3186,0x31a6,0x3186,0x31a6,0x3186,0x31a6,
  0x3186,0x31a6,0x3186,0x31a6,0x3186,0x31a6,0x3186,0x31a6,0x3186,0x31a6,0x3186,0x31a6,0x3186,0x31a6,0x3186,0x31a6,
  0x3186,0x31a6,0x31a6,0x31a6,0x3186,0x3166,0x4a69,0x94b2,0x8c71,0x8410,0x94d2,0xad75,0xa534,0x8430,0x634c,0x528a,
  0x528a,0x83f0,0x7bcf,0x630c,0x738e,0x8c51,0x8430,0x8410,0x7c0f,0x8430,0x8410,0x8430,0x8c51,0x8c71,0x8c51,0x8c51,
  0x8c51,0x9492,0x94b2,0x9cd3,0x94b2,0x9cb3,0x94b2,0x94b2,0x94b2,0x9cb3,0x8c71,0x8c71,0x8c71,0x9492,0x8c71,0x8c71,
  0x8410,0x83f0,0x7bcf,0x7bef,0x7bef,0x7bcf,0x6b6d,0x738e,0x6b8d,0x738e,0x6b4d,0x6b4d,0x634c,0x6b4d,0x6b4d,0x738e,
  0x73ae,0x738e,0x738e,0x7bcf,0x73ce,0x7bcf,0x73ae,0x73ae,0x73ae,0x7bef,0x7bef,0x8410,0x8410,0x8430,0x8430,0x8410,
  0x7bcf,0x7bcf,0x7bcf,0x8410,0x73ae,0x738e,0x6b8d,0x6b6d,0x6b6d,0x736e,0x6b6d,0x6b6d,0x6b6d,0x6b4d,0x632c,0x632c,
  0x630c,0x632c,0x5aeb,0x5aeb,0x528a,0x4a49,0x39e7,0x31a6,0x2965,0x2124,0x18e3,0x2104,0x18e3,0x18e3,0x18c3,0x18e3,
  0x18c3,0x18e3,0x18e3,0x2104,0x18e3,0x2104,0x18e3,0x18e3,0x18e3,0x18e3,0x10a2,0x18c3,0x10c2,0x18c3,0x10a2,0x10a2,
  0x10a2,0x10a2,0x10a2,0x10a2,0x10a2,0x18a3,0x10a2,0x18c3,0x10a2,0x18c3,0x18c3,0x18e3,0x18e3,0x2104,0x1903,0x2104,
  0x1903,0x2104,0x1903,0x2124,0x2104,0x2124,0x2124,0x2124,0x2124,0x2124,0x2104,0x2124,0x2144,0x2945,0x2124,0x2124,
  0x2124,0x2124,0x2124,0x2124,0x2124,0x2945,0x2104,0x2104,0x2104,0x2104,0x18e3,0x2124,0x1903,0x2104,0x10a2,0x10a2,
  0x10a2,0x1082,0x0020,0x0841,0x0841,0x1062,0x10a2,0x2124,0x2945,0x2945,0x18c3,0x0861,0x0040,0x10a2,0x18e3,0x2104,
  0x18c3,0x18c3,0x10c2,0x18c3,0x18c3,0x18c3,0x10c2,0x18c3,0x10c2,0x18c3,0x10c2,0x18c3,0x18c3,0x18c3,0x10c2,0x18c3,
  0x10c2,0x18c3,0x10c2,0x18c3,0x10c2,0x18c3,0x10c2,0x18c3,0x10a2,0x18c3,0x10a2,0x18c3,0x10a2,0x18c3,0x10a2,0x18c3,
  0x10a2,0x18c3,0x10a2,0x18c3,0x10a2,0x18c3,0x10a2,0x18c3,0x10a2,0x18c3,0x10a2,0x10a2,0x10a2,0x18a3,0x10a2,0x10a2,
  0x10a2,0x10a2,0x1082,0x10a2,0x10a2,0x10a2,0x10a2,0x10a2,0x10a2,0x10a2,0x1082,0x10a2,0x10a2,0x10a2,0x1082,0x10a2,
  0x1082,0x10a2,0x1082,0x10a2,0x1082,0x1082,0x0881,0x1082,0x1082,0x1082,0x0881,0x1082,0x1082,0x1082,0x0881,0x1082,
  0x1082,0x1082,0x0881,0x1082,0x1082,0x1082,0x0881,0x1082,0x39e7,0x39c7,0x39e7,0x39c7,0x39e7,0x39c7,0x39e7,0x39c7,
  0x39e7,0x39c7,0x39c7,0x39c7,0x39e7,0x39c7,0x39c7,0x39c7,0x39c7,0x39c7,0x39c7,0x31c6,0x39c7,0x39c7,0x39c7,0x31c6,
  0x39c7,0x39c7,0x39c7,0x31c6,0x39c7,0x31a6,0x39c7,0x31a6,0x39c7,0x31a6,0x39c7,0x31a6,0x39a7,0x31a6,0x39a7,0x31a6,
  0x39a7,0x31a6,0x39a7,0x31a6,0x39c7,0x31a6,0x39a7,0x31a6,0x39a7,0x31a6,0x39a7,0x31a6,0x39a7,0x31a6,0x31a6,0x31a6,
  0x39a7,0x31a6,0x31a6,0x3186,0x31a6,0x3186,0x31a6,0x3186,0x31a6,0x3186,0x31a6,0x3186,0x31a6,0x3186,0x31a6,0x3186,
  0x31a6,0x3186,0x31a6,0x3186,0x31a6,0x3186,0x31a6,0x31a6,0x31a6,0x3186,0x39a7,0x3186,0x31a6,0x3186,0x632c,0x94b2,
  0x8c71,0x8c71,0xad75,0xad75,0x9cf3,0x73ae,0x630c,0x4a69,0x52aa,0x6b6d,0x7bcf,0x5aeb,0x7bef,0x8430,0x8c51,0x8410,
  0x8430,0x8c51,0x8c51,0x8430,0x8c71,0x8c71,0x9492,0x9492,0x9492,0x9492,0x94b2,0x94b2,0x9cd3,0x94b2,0x9cb3,0x94b2,
  0x9cb3,0x94b2,0x9492,0x8c71,0x9472,0x8c71,0x8c71,0x8c51,0x8c31,0x7bef,0x7bcf,0x73ae,0x7bcf,0x73ae,0x738e,0x6b6d,
  0x738e,0x6b6d,0x6b4d,0x632c,0x6b4d,0x6b4d,0x738e,0x73ae,0x7bef,0x73ae,0x73ae,0x738e,0x73ae,0x73ae,0x7bcf,0x738e,
  0x7baf,0x7bcf,0x8410,0x7bef,0x8410,0x8410,0x8c51,0x8410,0x7bef,0x73ae,0x7bef,0x7bcf,0x738e,0x6b6d,0x738e,0x6b6d,
  0x736e,0x6b6d,0x736e,0x6b6d,0x736e,0x6b4d,0x6b2d,0x630c,0x630c,0x630c,0x5aeb,0x52aa,0x528a,0x4228,0x4208,0x31a6,
  0x3166,0x2124,0x2104,0x18e3,0x2104,0x18e3,0x20e4,0x18e3,0x20e4,0x18e3,0x18e3,0x18c3,0x2104,0x2104,0x2104,0x18e3,
  0x2104,0x18e3,0x18e3,0x18c3,0x18c3,0x10a2,0x18c3,0x10a2,0x18a3,0x1082,0x18a3,0x10a2,0x18c3,0x10a2,0x18c3,0x10a2,
  0x18c3,0x18c3,0x18e3,0x18e3,0x2104,0x2104,0x2104,0x18e3,0x2104,0x2104,0x2124,0x2124,0x2925,0x2104,0x2124,0x2124,
  0x2925,0x2124,0x2124,0x2124,0x2945,0x2945,0x2945,0x2124,0x2925,0x2124,0x2945,0x2124,0x2945,0x2945,0x2124,0x2104,
  0x2124,0x2104,0x2104,0x2104,0x2104,0x18e3,0x18a3,0x1082,0x1082,0x0841,0x0841,0x0841,0x0861,0x0861,0x10a2,0x2104,
  0x2945,0x2104,0x2104,0x10a2,0x0841,0x1082,0x20e4,0x1903,0x20e4,0x18c3,0x18e3,0x18c3,0x18e3,0x18c3,0x18c3,0x18c3,
  0x18c3,0x18c3,0x18e3,0x18c3,0x18e3,0x18c3,0x18e3,0x18c3,0x18c3,0x18c3,0x18c3,0x18c3,0x18c3,0x18c3,0x18c3,0x10c2,
  0x18c3,0x18c3,0x18c3,0x10c2,0x18c3,0x18c3,0x18c3,0x10a2,0x18c3,0x18c3,0x18c3,0x10a2,0x18c3,0x10a2,0x18c3,0x10a2,
  0x18c3,0x10a2,0x18c3,0x10a2,0x18c3,0x10a2,0x18c3,0x10a2,0x18c3,0x10a2,0x10a2,0x10a2,0x18a3,0x10a2,0x18a3,0x10a2,
  0x18a3,0x10a2,0x10a2,0x10a2,0x18a3,0x10a2,0x18a3,0x10a2,0x18a3,0x10a2,0x10a2,0x1082,0x10a2,0x1082,0x10a2,0x1082,
  0x10a2,0x1082,0x10a2,0x1082,0x10a2,0x1082,0x10a2,0x1082,0x10a2,0x1082,0x10a2,0x1082,0x10a2,0x1082,0x10a2,0x1082,
  0x31c6,0x39c7,0x31c6,0x39c7,0x31c6,0x39e7,0x39c7,0x39e7,0x31c6,0x39c7,0x31a6,0x39e7,0x39c7,0x39e7,0x31c6,0x39c7,
  0x31c6,0x39c7,0x31a6,0x39c7,0x31a6,0x39c7,0x31a6,0x39c7,0x31a6,0x39c7,0x31a6,0x39c7,0x31a6,0x39c7,0x31a6,0x39c7,
  0x31a6,0x39c7,0x31a6,0x39c7,0x31a6,0x31a6,0x31a6,0x31a6,0x31a6,0x31a6,0x31a6,0x39a7,0x31a6,0x31a6,0x31a6,0x31a6,
  0x31a6,0x31a6,0x3186,0x39a7,0x3186,0x31a6,0x3186,0x31a6,0x3186,0x31a6,0x3186,0x31a6,0x3186,0x31a6,0x3186,0x31a6,
  0x3186,0x31a6,0x3186,0x31a6,0x3186,0x31a6,0x3186,0x31a6,0x3186,0x31a6,0x3186,0x31a6,0x3186,0x31a6,0x3186,0x31a6,
  0x2985,0x3186,0x3186,0x3166,0x3186,0x39e7,0x738e,0x9cd3,0x8c51,0x9cf3,0xb596,0xad55,0x8c91,0x7bcf,0x630c,0x5acb,
  0x5aeb,0x738e,0x8410,0x5acb,0x73ae,0x8410,0x8430,0x8430,0x7c0f,0x8c51,0x8430,0x8c51,0x8450,0x8c71,0x8c71,0x9492,
  0x8c91,0x94b2,0x94b2,0x9cd3,0x94b2,0x9cd3,0x94b2,0x9cb3,0x94b2,0x94b2,0x9492,0x9492,0x8c71,0x8c51,0x8c51,0x8c71,
  0x8430,0x8410,0x7bcf,0x7bcf,0x73ae,0x73ae,0x6b6d,0x736e,0x6b6d,0x6b4d,0x630c,0x632c,0x634c,0x6b6d,0x738e,0x7bcf,
  0x73ae,0x7bcf,0x7bcf,0x7bef,0x73ce,0x73ae,0x73ae,0x73ae,0x73ae,0x7bef,0x7bcf,0x8410,0x8430,0x8410,0x8410,0x8c31,
  0x7c0f,0x7bef,0x73ce,0x7baf,0x6b6d,0x6b6d,0x6b6d,0x6b6d,0x6b6d,0x738e,0x6b6d,0x6b6d,0x634c,0x6b4d,0x632c,0x632c,
  0x630c,0x630c,0x52aa,0x528a,0x4a69,0x4228,0x39e7,0x39e7,0x3186,0x2945,0x2104,0x20e4,0x18e3,0x2104,0x18e3,0x2104,
  0x18e3,0x18e3,0x10a2,0x18c3,0x18e3,0x2104,0x1903,0x2104,0x18c3,0x18e3,0x18e3,0x18c3,0x10c2,0x18c3,0x10a2,0x10a2,
  0x10a2,0x10a2,0x10a2,0x18c3,0x10a2,0x10a2,0x10a2,0x18c3,0x10c2,0x18e3,0x18e3,0x18e3,0x18e3,0x2104,0x18e3,0x2104,
  0x1903,0x2104,0x2104,0x2124,0x2104,0x2124,0x2124,0x2945,0x2124,0x2945,0x2124,0x2925,0x2144,0x2945,0x2124,0x2945,
  0x2144,0x2945,0x2124,0x2925,0x2124,0x2945,0x2104,0x2124,0x2104,0x2104,0x1903,0x2124,0x18e3,0x18e3,0x0861,0x0861,
  0x0861,0x0861,0x0841,0x0841,0x0861,0x1082,0x0881,0x18e3,0x2124,0x2124,0x2104,0x18c3,0x0040,0x1082,0x18c3,0x2104,
  0x18c3,0x18c3,0x18c3,0x18c3,0x10c2,0x18c3,0x10c2,0x18c3,0x10c2,0x18c3,0x18c3,0x18c3,0x10c2,0x18c3,0x18c3,0x18c3,
  0x10c2,0x18c3,0x10c2,0x18c3,0x10c2,0x18c3,0x10c2,0x18c3,0x10a2,0x18c3,0x10a2,0x18c3,0x10a2,0x18c3,0x10a2,0x18c3,
  0x10a2,0x18c3,0x10a2,0x18c3,0x10a2,0x18c3,0x10a2,0x18c3,0x10a2,0x18c3,0x10a2,0x18a3,0x10a2,0x10a2,0x10a2,0x18a3,
  0x10a2,0x10a2,0x1082,0x10a2,0x10a2,0x10a2,0x10a2,0x10a2,0x10a2,0x10a2,0x1082,0x10a2,0x10a2,0x10a2,0x10a2,0x10a2,
  0x1082,0x10a2,0x1082,0x10a2,0x1082,0x10a2,0x1082,0x10a2,0x1082,0x10a2,0x1082,0x1082,0x0881,0x1082,0x1082,0x1082,
  0x0881,0x1082,0x1082,0x1082,0x0881,0x1082,0x1082,0x1082,0x39c7,0x39c7,0x39c7,0x39c7,0x39c7,0x39c7,0x39e7,0x39e7,
  0x39e7,0x39c7,0x39c7,0x39c7,0x39e7,0x39c7,0x39e7,0x39c7,0x39c7,0x39c7,0x39c7,0x39c7,0x39c7,0x31c6,0x39c7,0x39c7,
  0x39c7,0x31c6,0x39c7,0x39c7,0x39c7,0x31c6,0x39c7,0x31a6,0x39c7,0x31a6,0x39c7,0x31a6,0x39c7,0x31a6,0x39a7,0x31a6,
  0x39c7,0x31a6,0x39c7,0x31a6,0x39c7,0x31a6,0x39a7,0x31a6,0x39a7,0x31a6,0x39c7,0x31a6,0x39a7,0x31a6,0x39a7,0x31a6,
  0x39a7,0x31a6,0x39a7,0x3186,0x31a6,0x3186,0x31a6,0x3186,0x31a6,0x3186,0x31a6,0x3186,0x31a6,0x3186,0x31a6,0x31a6,
  0x31a6,0x3186,0x31a6,0x3186,0x31a6,0x3186,0x39a7,0x31a6,0x31a6,0x3186,0x31a6,0x2965,0x39c7,0x4228,0x8430,0x94b2,
  0x9492,0xa554,0xb596,0xa514,0x8c71,0x73ae,0x6b2d,0x5aeb,0x6b2d,0x73ce,0x9492,0x5acb,0x738e,0x7bcf,0x8c31,0x8410,
  0x8410,0x8410,0x8c51,0x8c51,0x8c71,0x8c71,0x9492,0x8c71,0x9492,0x9492,0x9cd3,0x9cd3,0x9cd3,0x94b2,0x9cd3,0x94b2,
  0x9cd3,0x94b2,0x9cd3,0x9492,0x9492,0x8c51,0x8c71,0x8c51,0x8c71,0x8430,0x8410,0x7bcf,0x7bcf,0x73ae,0x738e,0x6b6d,
  0x738e,0x6b6d,0x6b4d,0x6b4d,0x738e,0x738e,0x73ae,0x73ae,0x7bcf,0x73ae,0x7baf,0x73ae,0x738e,0x738e,0x7bef,0x7bef,
  0x8410,0x8410,0x8410,0x8410,0x8430,0x7bef,0x8410,0x8430,0x8410,0x7bcf,0x7bcf,0x738e,0x736e,0x6b6d,0x738e,0x6b6d,
  0x738e,0x6b8d,0x736e,0x6b4d,0x736e,0x6b4d,0x6b4d,0x630c,0x632c,0x630c,0x5acb,0x528a,0x4a49,0x4228,0x4228,0x39e7,
  0x39c7,0x2965,0x2925,0x18e3,0x2104,0x18e3,0x2104,0x18e3,0x18e3,0x18e3,0x18e3,0x18c3,0x18e3,0x18e3,0x2124,0x2104,
  0x2104,0x18e3,0x18e3,0x18c3,0x18c3,0x10a2,0x18a3,0x10a2,0x18c3,0x10a2,0x18c3,0x10a2,0x18a3,0x10a2,0x18c3,0x18c3,
  0x18c3,0x18e3,0x2104,0x18e3,0x2104,0x1903,0x2104,0x2104,0x2124,0x2104,0x2104,0x2104,0x2124,0x2124,0x2945,0x2945,
  0x2945,0x2945,0x2945,0x2945,0x2945,0x2144,0x2945,0x2945,0x2965,0x2945,0x2945,0x2124,0x2925,0x2124,0x2124,0x2124,
  0x2124,0x2104,0x2104,0x2104,0x2104,0x18c3,0x1082,0x0861,0x10a2,0x0861,0x0861,0x0861,0x1062,0x0861,0x10a2,0x18c3,
  0x2124,0x2144,0x2945,0x18e3,0x1082,0x0861,0x18c3,0x18e3,0x18e3,0x18c3,0x18e3,0x18c3,0x18e3,0x18c3,0x18c3,0x18c3,
  0x18c3,0x18c3,0x18e3,0x18c3,0x18e3,0x18c3,0x18e3,0x18c3,0x18c3,0x18c3,0x18c3,0x18c3,0x18c3,0x18c3,0x18c3,0x18c3,
  0x18c3,0x10c2,0x18c3,0x18c3,0x18c3,0x10c2,0x18c3,0x10a2,0x18c3,0x10c2,0x18c3,0x10a2,0x18c3,0x10a2,0x18c3,0x10a2,
  0x18c3,0x10a2,0x18c3,0x10a2,0x18a3,0x10a2,0x18c3,0x10a2,0x18c3,0x10a2,0x18a3,0x10a2,0x18a3,0x10a2,0x18a3,0x10a2,
  0x18a3,0x10a2,0x18a3,0x10a2,0x18a3,0x10a2,0x18a3,0x10a2,0x10a2,0x10a2,0x18a3,0x10a2,0x10a2,0x10a2,0x10a2,0x1082,
  0x10a2,0x1082,0x10a2,0x1082,0x10a2,0x1082,0x10a2,0x1082,0x10a2,0x1082,0x10a2,0x1082,0x10a2,0x1082,0x10a2,0x1082,
  0x39c7,0x39c7,0x39c7,0x39e7,0x39c7,0x39c7,0x31c6,0x39c7,0x39c7,0x39e7,0x31c6,0x39c7,0x31a6,0x39c7,0x31c6,0x39c7,
  0x39c7,0x39c7,0x31c6,0x39c7,0x31a6,0x39c7,0x31a6,0x39c7,0x31a6,0x39c7,0x31a6,0x39c7,0x31c6,0x39c7,0x31a6,0x39c7,
  0x31a6,0x39c7,0x31a6,0x39c7,0x31a6,0x39a7,0x31a6,0x31a6,0x31a6,0x39c7,0x31a6,0x31a6,0x31a6,0x31a6,0x31a6,0x31a6,
  0x31a6,0x31a6,0x31a6,0x31a6,0x3186,0x31a6,0x31a6,0x31a6,0x3186,0x31a6,0x31a6,0x31a6,0x3186,0x31a6,0x3186,0x31a6,
  0x3186,0x3186,0x2985,0x31a6,0x3186,0x31a6,0x3186,0x31a6,0x3186,0x3186,0x2985,0x3186,0x3186,0x31a6,0x31a6,0x31a6,
  0x3186,0x3186,0x3186,0x3186,0x3186,0x4a69,0x8c51,0x8c71,0x8c91,0xad75,0xa554,0x9cd3,0x8430,0x6b6d,0x5b0b,0x5aeb,
  0x6b4d,0x8410,0x8c51,0x5aeb,0x6b6d,0x7bef,0x8410,0x8430,0x8410,0x8410,0x8450,0x8430,0x8c51,0x8c71,0x8c71,0x9492,
  0x8c71,0x9492,0x9492,0x9cd3,0x94d2,0x9cd3,0x94b2,0x94b2,0x94b2,0x94b2,0x9492,0x9492,0x8c51,0x8c51,0x8450,0x8c51,
  0x8430,0x8410,0x7bcf,0x7bef,0x73ae,0x738e,0x6b6d,0x738e,0x6b6d,0x6b6d,0x6b4d,0x6b6d,0x6b6d,0x6b6d,0x6b4d,0x738e,
  0x738e,0x73ae,0x73ae,0x73ae,0x6b6d,0x738e,0x738e,0x7bcf,0x7bef,0x8410,0x8410,0x8410,0x7c0f,0x8430,0x8410,0x8410,
  0x7bcf,0x73ae,0x6b8d,0x738e,0x6b6d,0x738e,0x6b6d,0x6b6d,0x6b6d,0x738e,0x634c,0x6b4d,0x6b6d,0x6b6d,0x632c,0x630c,
  0x630c,0x5aeb,0x4a89,0x528a,0x3a07,0x4208,0x3a07,0x39e7,0x31a6,0x2965,0x2104,0x2104,0x18e3,0x18e3,0x18e3,0x18e3,
  0x18c3,0x20e4,0x18e3,0x18c3,0x10c2,0x18e3,0x1903,0x2124,0x18e3,0x18e3,0x10a2,0x18c3,0x10c2,0x10a2,0x1082,0x10a2,
  0x10a2,0x18c3,0x1082,0x10a2,0x10a2,0x10a2,0x10a2,0x18e3,0x10a2,0x18e3,0x18e3,0x2104,0x18e3,0x2104,0x2104,0x2104,
  0x18e3,0x2104,0x18e3,0x18e3,0x1903,0x2124,0x2124,0x2945,0x2124,0x2945,0x2144,0x2945,0x2124,0x2945,0x2144,0x2945,
  0x2945,0x2945,0x2144,0x2945,0x2124,0x2124,0x2104,0x2124,0x2104,0x2104,0x1903,0x2104,0x2104,0x18c3,0x0861,0x1082,
  0x10a2,0x1082,0x0841,0x0861,0x0841,0x1062,0x1082,0x18c3,0x18c3,0x2124,0x2104,0x2104,0x10a2,0x1062,0x10a2,0x18e3,
  0x18c3,0x18e3,0x18c3,0x18e3,0x18c3,0x18c3,0x10c2,0x18c3,0x18c3,0x18c3,0x10c2,0x18c3,0x18c3,0x18c3,0x10c2,0x18c3,
  0x18c3,0x18c3,0x10c2,0x18c3,0x10c2,0x18c3,0x10c2,0x18c3,0x10a2,0x18c3,0x10a2,0x18c3,0x10a2,0x18c3,0x10a2,0x18c3,
  0x10a2,0x18c3,0x10a2,0x18c3,0x10a2,0x18c3,0x10a2,0x18c3,0x10a2,0x18c3,0x10a2,0x10a2,0x10a2,0x18c3,0x10a2,0x10a2,
  0x10a2,0x18a3,0x10a2,0x18c3,0x10a2,0x10a2,0x10a2,0x10a2,0x10a2,0x10a2,0x1082,0x10a2,0x10a2,0x10a2,0x10a2,0x10a2,
  0x1082,0x10a2,0x1082,0x10a2,0x1082,0x10a2,0x1082,0x10a2,0x1082,0x10a2,0x1082,0x10a2,0x1082,0x10a2,0x1082,0x1082,
  0x1082,0x1082,0x0881,0x1082,0x1082,0x1082,0x0881,0x1082,0x41e8,0x39e7,0x39e7,0x39c7,0x39e7,0x39c7,0x39e7,0x39c7,
  0x39e7,0x39c7,0x39e7,0x31a6,0x39c7,0x39c7,0x39c7,0x39c7,0x39c7,0x39c7,0x39c7,0x39c7,0x39c7,0x39c7,0x39e7,0x39c7,
  0x39c7,0x31a6,0x39c7,0x31a6,0x39c7,0x31a6,0x39c7,0x31a6,0x39c7,0x31a6,0x39c7,0x31a6,0x39c7,0x31a6,0x39a7,0x31a6,
  0x39a7,0x31a6,0x39a7,0x31a6,0x39c7,0x31a6,0x39a7,0x31a6,0x39a7,0x31a6,0x39a7,0x31a6,0x39a7,0x31a6,0x39a7,0x31a6,
  0x31a6,0x3186,0x39a7,0x31a6,0x39a7,0x3186,0x31a6,0x31a6,0x39a7,0x31a6,0x31a6,0x3186,0x31a6,0x3186,0x31a6,0x3186,
  0x39a7,0x31a6,0x31a6,0x3186,0x31a6,0x31a6,0x31a6,0x31a6,0x39c7,0x3186,0x31a6,0x3186,0x3186,0x5acb,0x8c51,0x8c51,
  0x9cf3,0xad75,0xa514,0x8c71,0x7bef,0x6b4d,0x6b4d,0x632c,0x7bcf,0x8430,0x8c51,0x5acb,0x738e,0x8410,0x8c31,0x8410,
  0x8410,0x7bef,0x8c51,0x8430,0x9472,0x8c71,0x8c71,0x8c71,0x94b2,0x94b2,0x94b2,0x9cd3,0x9cb3,0x9492,0x9492,0x9492,
  0x94b2,0x8c71,0x9492,0x9492,0x8c51,0x8c51,0x8c71,0x8c51,0x8c31,0x7bef,0x7bef,0x7bef,0x7bcf,0x738e,0x738e,0x6b6d,
  0x6b6d,0x6b4d,0x6b4d,0x6b6d,0x738e,0x6b4d,0x736e,0x6b6d,0x73ae,0x738e,0x73ae,0x738e,0x73ae,0x73ae,0x7bcf,0x7bcf,
  0x83f0,0x8410,0x8430,0x8410,0x8c31,0x8c51,0x8c31,0x7bef,0x7bcf,0x738e,0x738e,0x6b6d,0x73ae,0x738e,0x738e,0x738e,
  0x7baf,0x73ae,0x736e,0x6b4d,0x736e,0x6b6d,0x6b6d,0x6b4d,0x632c,0x52aa,0x4a69,0x4a49,0x4a29,0x4228,0x4228,0x39e7,
  0x39c7,0x2965,0x2945,0x2104,0x2104,0x2104,0x2124,0x2104,0x2104,0x2104,0x2104,0x18e3,0x18e3,0x18e3,0x2104,0x2104,
  0x2104,0x18e3,0x18e3,0x18c3,0x18c3,0x10a2,0x10a2,0x10a2,0x18a3,0x1082,0x10a2,0x10c2,0x18c3,0x10a2,0x18c3,0x18c3,
  0x18e3,0x18e3,0x2104,0x1903,0x2104,0x2104,0x2124,0x1903,0x2104,0x2104,0x2104,0x1903,0x2104,0x2104,0x2925,0x2124,
  0x2945,0x2124,0x2945,0x2144,0x2945,0x2945,0x2945,0x2945,0x2945,0x2945,0x2945,0x2124,0x2945,0x2945,0x2945,0x2124,
  0x2925,0x2104,0x2104,0x1903,0x20e4,0x10a2,0x1082,0x10a2,0x20e4,0x10a2,0x0861,0x0861,0x1062,0x0861,0x10a2,0x10a2,
  0x18c3,0x18e3,0x2104,0x1903,0x18c3,0x0861,0x18c3,0x18e3,0x20e4,0x18c3,0x18e3,0x18c3,0x18e3,0x18c3,0x18e3,0x18c3,
  0x18e3,0x18c3,0x18e3,0x18c3,0x18e3,0x18c3,0x18e3,0x18c3,0x18e3,0x18c3,0x18c3,0x18c3,0x18c3,0x18c3,0x18e3,0x10c2,
  0x18c3,0x18c3,0x18c3,0x10c2,0x18c3,0x10a2,0x18c3,0x10c2,0x18c3,0x10a2,0x18c3,0x10a2,0x18c3,0x10a2,0x18c3,0x10a2,
  0x18c3,0x10a2,0x18c3,0x10a2,0x18c3,0x10a2,0x18c3,0x10a2,0x18a3,0x10a2,0x18a3,0x10a2,0x18a3,0x10a2,0x18a3,0x10a2,
  0x18a3,0x10a2,0x10a2,0x10a2,0x18a3,0x10a2,0x18a3,0x10a2,0x10a2,0x10a2,0x10a2,0x10a2,0x18a3,0x10a2,0x10a2,0x10a2,
  0x18a3,0x10a2,0x10a2,0x1082,0x10a2,0x1082,0x10a2,0x1082,0x10a2,0x1082,0x10a2,0x1082,0x10a2,0x1082,0x10a2,0x1082,
  0x39c7,0x39e7,0x39c7,0x39c7,0x31c6,0x39c7,0x39c7,0x39c7,0x39c7,0x39c7,0x39c7,0x39c7,0x31a6,0x39c7,0x31c6,0x39c7,
  0x31c6,0x39c7,0x31c6,0x39c7,0x31a6,0x39c7,0x31c6,0x39c7,0x31a6,0x39c7,0x31a6,0x39c7,0x31a6,0x39c7,0x31a6,0x39c7,
  0x31a6,0x31a6,0x31a6,0x39c7,0x31a6,0x31a6,0x31a6,0x39a7,0x31a6,0x31a6,0x31a6,0x39c7,0x31a6,0x31a6,0x31a6,0x31a6,
  0x3186,0x31a6,0x31a6,0x39a7,0x31a6,0x39c7,0x31a6,0x39a7,0x31a6,0x31a6,0x31a6,0x31a6,0x3186,0x31a6,0x3186,0x31a6,
  0x3186,0x31a6,0x3186,0x31a6,0x3186,0x3186,0x3186,0x3186,0x31a6,0x31a6,0x3186,0x31a6,0x3186,0x31a6,0x3186,0x3186,
  0x31a6,0x3186,0x3186,0x31a6,0x2985,0x6b4d,0x8c51,0x8c71,0x9d13,0xa514,0x8c71,0x8410,0x73ae,0x738e,0x6b6d,0x73ae,
  0x8410,0x8c71,0x8430,0x5acb,0x634c,0x8410,0x8430,0x8430,0x7bef,0x7bef,0x8430,0x8430,0x8c71,0x8c71,0x8c71,0x9492,
  0x9492,0x94b2,0x94b2,0x94b2,0x9492,0x9492,0x9492,0x94b2,0x9492,0x9492,0x8c91,0x9472,0x8430,0x8c51,0x8450,0x8c51,
  0x7c0f,0x7bef,0x7bef,0x8410,0x7bcf,0x73ae,0x73ae,0x738e,0x6b4d,0x738e,0x6b4d,0x7bcf,0x738e,0x6b6d,0x738e,0x738e,
  0x634c,0x6b4d,0x6b6d,0x738e,0x6b8d,0x73ae,0x7bcf,0x7bef,0x7bef,0x8410,0x8410,0x8430,0x8410,0x8430,0x8410,0x8410,
  0x73ae,0x738e,0x6b6d,0x738e,0x73ae,0x73ae,0x738e,0x73ae,0x73ce,0x7bcf,0x6b8d,0x736e,0x6b6d,0x738e,0x6b4d,0x632c,
  0x5acb,0x528a,0x4248,0x4a49,0x4208,0x4228,0x4208,0x4208,0x31c6,0x3186,0x2945,0x2124,0x1903,0x2124,0x2104,0x2124,
  0x18e3,0x2104,0x2104,0x20e4,0x10c2,0x18c3,0x18e3,0x2104,0x18e3,0x18e3,0x18c3,0x18e3,0x10c2,0x10a2,0x1082,0x10a2,
  0x1082,0x1082,0x1082,0x18c3,0x10c2,0x18c3,0x10c2,0x18c3,0x18c3,0x18e3,0x1903,0x2104,0x1903,0x2104,0x2104,0x2124,
  0x2104,0x2124,0x2104,0x2124,0x2104,0x2124,0x2104,0x2124,0x2124,0x2124,0x2124,0x2945,0x2144,0x2965,0x2945,0x2945,
  0x2124,0x2124,0x2124,0x2925,0x2124,0x2945,0x2124,0x2124,0x2104,0x2104,0x1903,0x2104,0x18e3,0x10a2,0x0861,0x18c3,
  0x1903,0x18c3,0x0841,0x0861,0x0861,0x1082,0x1082,0x10a2,0x10a2,0x18c3,0x18c3,0x2124,0x18e3,0x0861,0x10a2,0x2104,
  0x18c3,0x18c3,0x18c3,0x18e3,0x10c2,0x18c3,0x18c3,0x18c3,0x10c2,0x18c3,0x18c3,0x18c3,0x10c2,0x18c3,0x18c3,0x18c3,
  0x10c2,0x18c3,0x10c2,0x18c3,0x10c2,0x18c3,0x18c3,0x18c3,0x10a2,0x18c3,0x10a2,0x18c3,0x10a2,0x18c3,0x10a2,0x18c3,
  0x10a2,0x18c3,0x10a2,0x18c3,0x10a2,0x18c3,0x10a2,0x18c3,0x10a2,0x18c3,0x10a2,0x18a3,0x10a2,0x18c3,0x10a2,0x18c3,
  0x10a2,0x10a2,0x10a2,0x10a2,0x10a2,0x10a2,0x10a2,0x10a2,0x10a2,0x10a2,0x1082,0x10a2,0x10a2,0x10a2,0x10a2,0x10a2,
  0x1082,0x10a2,0x1082,0x10a2,0x1082,0x10a2,0x1082,0x10a2,0x1082,0x10a2,0x1082,0x10a2,0x1082,0x10a2,0x1082,0x1082,
  0x0881,0x1082,0x1082,0x1082,0x0881,0x1082,0x1082,0x1082,0x39e7,0x39c7,0x39e7,0x39c7,0x39e7,0x39c7,0x39e7,0x39c7,
  0x39e7,0x39c7,0x39e7,0x39c7,0x39e7,0x39c7,0x39c7,0x39c7,0x39c7,0x31c6,0x39c7,0x39c7,0x39c7,0x31c6,0x39c7,0x39c7,
  0x39c7,0x31c6,0x39c7,0x39c7,0x39c7,0x39c7,0x39c7,0x39c7,0x39c7,0x31a6,0x39c7,0x39c7,0x39c7,0x31a6,0x39c7,0x31a6,
  0x39c7,0x31a6,0x39a7,0x31a6,0x39c7,0x31a6,0x39a7,0x31a6,0x39a7,0x31a6,0x39a7,0x3186,0x39a7,0x31a6,0x39a7,0x3186,
  0x31a6,0x3186,0x39a7,0x31a6,0x31a6,0x31a6,0x39a7,0x3186,0x31a6,0x3186,0x31a6,0x3186,0x31a6,0x3186,0x31a6,0x3186,
  0x39a7,0x31a6,0x39a7,0x31a6,0x31a6,0x3186,0x31a6,0x2965,0x31a6,0x3186,0x39a7,0x3186,0x31a6,0x6b8d,0x9492,0x94b2,
  0xad55,0x9cd3,0x8410,0x7bcf,0x7bef,0x738e,0x738e,0x7bef,0x9472,0x9492,0x8c51,0x630c,0x6b4d,0x7bef,0x8c31,0x8430,
  0x8430,0x8410,0x8c51,0x8430,0x9472,0x8c71,0x9492,0x9492,0x9492,0x9492,0x9cb3,0x9cd3,0x9cd3,0x9cd3,0x9cd3,0x9492,
  0x9492,0x8c71,0x9492,0x8c71,0x8c71,0x8450,0x8c51,0x8410,0x8410,0x7bef,0x83f0,0x8410,0x83f0,0x7bcf,0x7bcf,0x738e,
  0x736e,0x73ae,0x736e,0x7bcf,0x73ae,0x6b4d,0x73ae,0x6b6d,0x6b6d,0x6b8d,0x7baf,0x73ae,0x73ae,0x738e,0x7bcf,0x7bef,
  0x8410,0x8410,0x8430,0x8410,0x8410,0x8410,0x8430,0x7bef,0x7baf,0x6b8d,0x738e,0x73ae,0x7bef,0x7bcf,0x7bcf,0x7bcf,
  0x7bcf,0x73ce,0x7baf,0x73ae,0x7bcf,0x738e,0x738e,0x632c,0x5acb,0x4a69,0x4a29,0x4208,0x4208,0x4208,0x4228,0x4208,
  0x39e7,0x31a6,0x3186,0x2124,0x2925,0x2124,0x2925,0x2104,0x2124,0x2104,0x2124,0x2104,0x18e3,0x18c3,0x18e3,0x18e3,
  0x2104,0x18e3,0x18e3,0x18c3,0x18c3,0x10a2,0x18a3,0x1082,0x10a2,0x1082,0x18a3,0x10a2,0x18a3,0x10a2,0x18e3,0x18e3,
  0x20e4,0x18e3,0x2104,0x2104,0x2124,0x2124,0x2925,0x2104,0x2124,0x2104,0x2124,0x2104,0x2124,0x2104,0x2124,0x2124,
  0x2945,0x2124,0x2945,0x2124,0x2965,0x2945,0x2945,0x2945,0x2925,0x2124,0x2925,0x2124,0x2945,0x2124,0x2925,0x2124,
  0x2124,0x2104,0x2104,0x2104,0x2104,0x10a2,0x1062,0x18c3,0x2124,0x18c3,0x1082,0x0861,0x1082,0x0881,0x10a2,0x1082,
  0x10a2,0x10a2,0x18c3,0x2104,0x2124,0x1082,0x18a3,0x18e3,0x18e3,0x18c3,0x18e3,0x18c3,0x18e3,0x18c3,0x18e3,0x18c3,
  0x18e3,0x18c3,0x18e3,0x18c3,0x18e3,0x18c3,0x18e3,0x18c3,0x18e3,0x18c3,0x18c3,0x18c3,0x18c3,0x18c3,0x18e3,0x18c3,
  0x18c3,0x10c2,0x18c3,0x18c3,0x18c3,0x10a2,0x18c3,0x18c3,0x18c3,0x10a2,0x18c3,0x10a2,0x18c3,0x10a2,0x18c3,0x10a2,
  0x18c3,0x10a2,0x18c3,0x10a2,0x18c3,0x10c2,0x18c3,0x10a2,0x18a3,0x10a2,0x18a3,0x10a2,0x18a3,0x10a2,0x18a3,0x10a2,
  0x18a3,0x10a2,0x18a3,0x10a2,0x18a3,0x10a2,0x18a3,0x10a2,0x10a2,0x10a2,0x18a3,0x10a2,0x10a2,0x10a2,0x18a3,0x10a2,
  0x10a2,0x10a2,0x10a2,0x1082,0x10a2,0x1082,0x10a2,0x1082,0x10a2,0x1082,0x10a2,0x1082,0x10a2,0x1082,0x10a2,0x1082,
  0x39c7,0x39e7,0x39c7,0x39e7,0x39c7,0x39e7,0x39c7,0x39e7,0x39c7,0x39c7,0x31c6,0x39c7,0x39c7,0x39c7,0x31c6,0x39c7,
  0x31a6,0x39c7,0x31a6,0x39c7,0x31a6,0x39c7,0x31a6,0x39c7,0x31a6,0x39c7,0x31a6,0x39c7,0x31a6,0x39c7,0x31a6,0x39c7,
  0x31a6,0x39c7,0x31a6,0x39c7,0x31a6,0x39c7,0x31a6,0x39c7,0x31a6,0x39a7,0x31a6,0x31a6,0x31a6,0x31a6,0x31a6,0x31a6,
  0x31a6,0x39a7,0x31a6,0x31a6,0x31a6,0x31a6,0x3186,0x31a6,0x3186,0x31a6,0x3186,0x31a6,0x31a6,0x31a6,0x3186,0x31a6,
  0x3186,0x3186,0x2985,0x31a6,0x3186,0x31a6,0x3186,0x31a6,0x3186,0x31a6,0x3186,0x31a6,0x3186,0x31a6,0x3186,0x3186,
  0x31a6,0x3186,0x3186,0x3186,0x31c6,0x73ae,0x8c91,0x9cf3,0xa534,0x94b2,0x7bef,0x7bcf,0x73ae,0x73ae,0x73ae,0x8c51,
  0x9492,0x94b2,0x8c51,0x6b4d,0x630c,0x7bef,0x8410,0x8430,0x8430,0x8430,0x8430,0x8430,0x8430,0x8c71,0x8c71,0x9492,
  0x8c71,0x9492,0x9492,0x94b2,0x94b2,0x9cf3,0x94b2,0x9492,0x8c71,0x8c71,0x8c51,0x8c71,0x8c51,0x8c51,0x8410,0x8410,
  0x7c0f,0x8410,0x7bcf,0x7bef,0x7bcf,0x7bcf,0x73ae,0x6b6d,0x6b6d,0x73ae,0x6b6d,0x73ae,0x6b6d,0x6b6d,0x6b6d,0x6b6d,
  0x6b6d,0x738e,0x73ae,0x7bcf,0x738e,0x73ae,0x73ce,0x8410,0x7bef,0x8410,0x7bef,0x8410,0x7c0f,0x8410,0x7c0f,0x7bef,
  0x73ae,0x738e,0x73ae,0x7bcf,0x73ce,0x7bcf,0x7bcf,0x7bcf,0x73ce,0x7bcf,0x73ce,0x7bef,0x7bef,0x7bef,0x73ce,0x738e,
  0x5b0b,0x52aa,0x4228,0x39e7,0x39e7,0x4208,0x4208,0x4228,0x4208,0x39c7,0x2985,0x2965,0x2124,0x2124,0x2124,0x2124,
  0x2104,0x2124,0x2124,0x2124,0x18e3,0x18e3,0x18e3,0x18e3,0x18e3,0x18e3,0x10c2,0x18c3,0x10a2,0x18a3,0x10a2,0x10a2,
  0x1082,0x10a2,0x10a2,0x10a2,0x1082,0x18c3,0x18c3,0x18e3,0x18e3,0x2104,0x1903,0x2124,0x2124,0x2124,0x2124,0x2124,
  0x2104,0x2124,0x2104,0x2124,0x2124,0x2124,0x2104,0x2124,0x2124,0x2945,0x2124,0x2124,0x2945,0x2965,0x2144,0x2945,
  0x2124,0x2124,0x2124,0x2124,0x2124,0x2925,0x2104,0x2104,0x1903,0x2104,0x1903,0x2104,0x10c2,0x1082,0x0040,0x10a2,
  0x2104,0x18e3,0x1082,0x1082,0x0861,0x1082,0x0861,0x1082,0x0861,0x1082,0x10a2,0x2104,0x1903,0x18c3,0x10a2,0x18e3,
  0x18c3,0x18c3,0x18c3,0x18e3,0x18c3,0x18c3,0x10c2,0x18c3,0x18c3,0x18c3,0x10c2,0x18c3,0x18c3,0x18c3,0x10c2,0x18c3,
  0x18c3,0x18c3,0x10c2,0x18c3,0x10c2,0x18c3,0x10c2,0x18c3,0x10a2,0x18c3,0x10a2,0x18c3,0x10a2,0x18c3,0x10a2,0x18c3,
  0x10a2,0x18c3,0x10a2,0x18c3,0x10a2,0x18c3,0x10a2,0x18c3,0x10a2,0x18c3,0x10a2,0x10a2,0x10a2,0x18c3,0x10a2,0x10a2,
  0x10a2,0x10a2,0x10a2,0x10a2,0x10a2,0x10a2,0x10a2,0x10a2,0x10a2,0x10a2,0x1082,0x10a2,0x10a2,0x10a2,0x10a2,0x10a2,
  0x1082,0x10a2,0x1082,0x10a2,0x1082,0x10a2,0x1082,0x10a2,0x1082,0x10a2,0x1082,0x10a2,0x1082,0x10a2,0x1082,0x1082,
  0x1082,0x1082,0x0881,0x1082,0x1082,0x1082,0x0881,0x1082,0x41e8,0x39e7,0x39e7,0x39e7,0x41e8,0x39e7,0x39e7,0x39c7,
  0x39e7,0x39c7,0x39e7,0x39c7,0x39e7,0x39c7,0x39c7,0x39c7,0x39c7,0x31a6,0x39c7,0x31a6,0x39c7,0x31a6,0x39c7,0x31c6,
  0x39c7,0x39c7,0x39c7,0x31a6,0x39c7,0x39c7,0x39c7,0x31a6,0x39c7,0x31a6,0x39c7,0x31a6,0x39c7,0x31a6,0x39c7,0x31a6,
  0x39c7,0x31a6,0x39c7,0x31a6,0x39a7,0x31a6,0x39a7,0x31a6,0x39c7,0x31a6,0x39c7,0x31a6,0x39c7,0x31a6,0x31a6,0x31a6,
  0x39c7,0x31a6,0x31a6,0x31a6,0x39a7,0x31a6,0x31a6,0x3186,0x31a6,0x3186,0x31a6,0x3186,0x31a6,0x3186,0x31a6,0x3186,
  0x31a6,0x3186,0x31a6,0x31a6,0x39a7,0x3186,0x31a6,0x31a6,0x31a6,0x3186,0x31a6,0x2965,0x4a29,0x7bcf,0x9492,0x9cd3,
  0x9cd3,0x8430,0x7bef,0x73ae,0x738e,0x73ae,0x8430,0x9492,0x9cb3,0x94b2,0x9472,0x6b6d,0x5aeb,0x7bcf,0x8410,0x8410,
  0x8430,0x8410,0x8c51,0x8430,0x8c51,0x8c51,0x9492,0x8c71,0x9492,0x9492,0x9cb3,0x9492,0x9cb3,0x9cd3,0x9cd3,0x94b2,
  0x9492,0x8c51,0x8c71,0x8c71,0x8c51,0x8430,0x8430,0x8410,0x8430,0x8410,0x8410,0x7bcf,0x83f0,0x7bef,0x7baf,0x6b8d,
  0x73ae,0x73ae,0x738e,0x738e,0x7bcf,0x73ae,0x738e,0x6b6d,0x73ae,0x738e,0x73ae,0x73ae,0x7bcf,0x7bcf,0x83f0,0x7bef,
  0x8410,0x7bef,0x8410,0x7c0f,0x8410,0x8410,0x8410,0x7bcf,0x7bcf,0x73ae,0x7bef,0x7bef,0x7bcf,0x7bcf,0x7bcf,0x73ce,
  0x7bcf,0x73ae,0x7bcf,0x7bcf,0x8410,0x8410,0x8c31,0x7bef,0x6b4d,0x52aa,0x4a49,0x3a07,0x4208,0x4208,0x4a49,0x4a49,
  0x4a29,0x39c7,0x31a6,0x2965,0x2945,0x2124,0x2124,0x2104,0x2124,0x2124,0x2945,0x2124,0x2124,0x18e3,0x2104,0x18e3,
  0x2104,0x18e3,0x18e3,0x18c3,0x18c3,0x18c3,0x18c3,0x10a2,0x18a3,0x10a2,0x18c3,0x10a2,0x10a2,0x10a2,0x18e3,0x18c3,
  0x2104,0x2104,0x2124,0x2124,0x2945,0x2124,0x2925,0x2124,0x2945,0x2124,0x2925,0x2124,0x2945,0x2124,0x2124,0x2124,
  0x2945,0x2945,0x2945,0x2124,0x2945,0x2945,0x2965,0x2144,0x2945,0x2124,0x2945,0x2124,0x2945,0x2945,0x2945,0x2104,
  0x2104,0x2104,0x2104,0x2104,0x18c3,0x1082,0x0861,0x10a2,0x2124,0x18c3,0x18a3,0x1082,0x1082,0x0861,0x1082,0x0861,
  0x0861,0x0861,0x1082,0x18c3,0x2104,0x18c3,0x18e3,0x18e3,0x18e3,0x18e3,0x18e3,0x18c3,0x18e3,0x18c3,0x18e3,0x18c3,
  0x18e3,0x18c3,0x18e3,0x18c3,0x18e3,0x18c3,0x18e3,0x18c3,0x18e3,0x18c3,0x18c3,0x18c3,0x18c3,0x18c3,0x18e3,0x10c2,
  0x18c3,0x18c3,0x18c3,0x10c2,0x18c3,0x10a2,0x18c3,0x10c2,0x18c3,0x10a2,0x18c3,0x10a2,0x18c3,0x10a2,0x18c3,0x10a2,
  0x18c3,0x10a2,0x18c3,0x10a2,0x18c3,0x10a2,0x18c3,0x10a2,0x18a3,0x10a2,0x18c3,0x10a2,0x18a3,0x10a2,0x18a3,0x10a2,
  0x18a3,0x10a2,0x10a2,0x10a2,0x18a3,0x10a2,0x18a3,0x10a2,0x10a2,0x10a2,0x10a2,0x10a2,0x18a3,0x10a2,0x10a2,0x10a2,
  0x18a3,0x10a2,0x10a2,0x1082,0x10a2,0x1082,0x10a2,0x1082,0x10a2,0x1082,0x10a2,0x1082,0x10a2,0x1082,0x10a2,0x1082,
  0x39c7,0x39e7,0x39c7,0x39e7,0x39c7,0x39c7,0x39c7,0x39e7,0x31c6,0x39c7,0x39c7,0x39e7,0x39c7,0x39c7,0x31c6,0x39c7,
  0x31a6,0x39c7,0x31a6,0x39c7,0x31a6,0x39c7,0x31c6,0x39c7,0x31c6,0x39c7,0x31a6,0x39a7,0x31a6,0x39c7,0x31a6,0x39c7,
  0x31a6,0x31a6,0x31a6,0x39c7,0x3186,0x31a6,0x31a6,0x31a6,0x31a6,0x31a6,0x31a6,0x31a6,0x3186,0x31a6,0x3186,0x31a6,
  0x31a6,0x39c7,0x31a6,0x31a6,0x31a6,0x31a6,0x3186,0x3186,0x31a6,0x31a6,0x3186,0x31a6,0x31a6,0x31a6,0x3186,0x31a6,
  0x3186,0x31a6,0x3186,0x31a6,0x3186,0x3186,0x3186,0x3186,0x2985,0x3186,0x3186,0x31a6,0x3186,0x31a6,0x3186,0x39a7,
  0x2985,0x3186,0x2985,0x3186,0x4a49,0x8410,0x8c51,0x9492,0x8430,0x7bcf,0x6b8d,0x738e,0x6b6d,0x73ae,0x8410,0x9492,
  0x9492,0x94b2,0x9492,0x7baf,0x52ca,0x7bcf,0x7bef,0x8410,0x7c0f,0x8410,0x8430,0x8c31,0x8450,0x8c51,0x8c71,0x9492,
  0x94b2,0x9cd3,0x94b2,0x9cb3,0x94b2,0x9cd3,0x94b2,0x9492,0x8c71,0x8c51,0x8c51,0x8c71,0x8430,0x8430,0x8430,0x8430,
  0x8410,0x8430,0x8410,0x7bef,0x7bef,0x8410,0x73ae,0x73ae,0x73ae,0x73ae,0x738e,0x738e,0x73ae,0x7bcf,0x738e,0x736e,
  0x7bef,0x7bcf,0x738e,0x7bcf,0x7bcf,0x7bef,0x7bef,0x8410,0x7bef,0x8410,0x7bef,0x8410,0x7c0f,0x8410,0x7bef,0x7bef,
  0x73ce,0x7bef,0x7bef,0x8410,0x73ce,0x73ae,0x738e,0x73ae,0x73ae,0x73ae,0x738e,0x7baf,0x73ce,0x8410,0x8410,0x7bcf,
  0x5b0b,0x528a,0x4228,0x4208,0x3a07,0x4228,0x4248,0x4a69,0x4228,0x39e7,0x3186,0x2965,0x2124,0x2124,0x1903,0x2104,
  0x1903,0x2124,0x2124,0x2124,0x1903,0x2104,0x18e3,0x18e3,0x18e3,0x18e3,0x18c3,0x18c3,0x10c2,0x18c3,0x10c2,0x18c3,
  0x1082,0x1082,0x10a2,0x18a3,0x1082,0x18c3,0x18c3,0x18c3,0x18e3,0x2104,0x2104,0x2124,0x2124,0x2124,0x2124,0x2124,
  0x2104,0x2124,0x2104,0x2124,0x2124,0x2124,0x2104,0x2945,0x2945,0x2945,0x2124,0x2925,0x2124,0x2945,0x2144,0x2945,
  0x2124,0x2124,0x2124,0x2925,0x2124,0x2945,0x2124,0x2124,0x1903,0x2104,0x18e3,0x2104,0x10a2,0x10a2,0x0881,0x18e3,
  0x2104,0x18e3,0x1082,0x1082,0x0861,0x0861,0x0841,0x0841,0x0040,0x0861,0x0861,0x18a3,0x18c3,0x18e3,0x18e3,0x18c3,
  0x18c3,0x18e3,0x18c3,0x18e3,0x10c2,0x18c3,0x18c3,0x18c3,0x10c2,0x18c3,0x18c3,0x18c3,0x10c2,0x18c3,0x18c3,0x18c3,
  0x10c2,0x18c3,0x10c2,0x18c3,0x10c2,0x18c3,0x18c3,0x18c3,0x10a2,0x18c3,0x10a2,0x18c3,0x10a2,0x18c3,0x10a2,0x18c3,
  0x10a2,0x18c3,0x10a2,0x18c3,0x10a2,0x18c3,0x10a2,0x18c3,0x10a2,0x18c3,0x10a2,0x18a3,0x10a2,0x10a2,0x10a2,0x10a2,
  0x10a2,0x10a2,0x10a2,0x18c3,0x10a2,0x10a2,0x10a2,0x10a2,0x10a2,0x10a2,0x1082,0x10a2,0x10a2,0x10a2,0x10a2,0x10a2,
  0x1082,0x10a2,0x1082,0x10a2,0x1082,0x10a2,0x1082,0x10a2,0x1082,0x10a2,0x1082,0x10a2,0x1082,0x10a2,0x1082,0x1082,
  0x0881,0x1082,0x1082,0x1082,0x0881,0x1082,0x1082,0x1082,0x39e7,0x39c7,0x39e7,0x39e7,0x39e7,0x39c7,0x39e7,0x39c7,
  0x39e7,0x39c7,0x39e7,0x39c7,0x39e7,0x39c7,0x39e7,0x39c7,0x39e7,0x39c7,0x39c7,0x39c7,0x39c7,0x39c7,0x39e7,0x39c7,
  0x39c7,0x31a6,0x39c7,0x31a6,0x39a7,0x31c6,0x39c7,0x31a6,0x39c7,0x31a6,0x39c7,0x31a6,0x39a7,0x31a6,0x39c7,0x31a6,
  0x39c7,0x31a6,0x39a7,0x31a6,0x39a7,0x31a6,0x39a7,0x31a6,0x39a7,0x31a6,0x39a7,0x31a6,0x39c7,0x31a6,0x39c7,0x31a6,
  0x39c7,0x31a6,0x31a6,0x31a6,0x31a6,0x31a6,0x39a7,0x31a6,0x31a6,0x3186,0x31a6,0x3186,0x31a6,0x31a6,0x39a7,0x31a6,
  0x31a6,0x31a6,0x31a6,0x3186,0x31a6,0x3186,0x31a6,0x31a6,0x31a6,0x3186,0x31a6,0x2965,0x528a,0x7c0f,0x9492,0x8c71,
  0x8410,0x6b6d,0x6b4d,0x632c,0x6b6d,0x73ae,0x8430,0x8c71,0x94b2,0x94b2,0xa4f4,0x8430,0x5acb,0x738e,0x8410,0x8410,
  0x8430,0x8430,0x83f0,0x8c51,0x8c51,0x8c51,0x8c51,0x9492,0x94b2,0x94b2,0x9cb3,0x94b2,0x9cb3,0x9492,0x8c71,0x8c51,
  0x9472,0x9492,0x9492,0x8c51,0x8c51,0x8430,0x8c51,0x8c51,0x8c51,0x8410,0x8410,0x7bef,0x7bef,0x7bcf,0x7bcf,0x73ae,
  0x7bcf,0x73ae,0x7bcf,0x73ae,0x73ae,0x7bcf,0x7baf,0x6b4d,0x738e,0x738e,0x7bcf,0x73ae,0x7bef,0x7bef,0x8410,0x7bef,
  0x8410,0x7bef,0x8410,0x7bef,0x8410,0x8410,0x8410,0x7bef,0x7bef,0x7bef,0x8410,0x7bcf,0x73ae,0x6b8d,0x738e,0x6b4d,
  0x6b6d,0x6b6d,0x738e,0x73ae,0x7bcf,0x7bcf,0x7bef,0x6b4d,0x5aeb,0x528a,0x4228,0x39c7,0x4208,0x39e7,0x4228,0x4a49,
  0x4a49,0x39e7,0x39c7,0x2945,0x2945,0x2124,0x2104,0x18e3,0x2104,0x2104,0x2124,0x2104,0x2124,0x2104,0x2104,0x18e3,
  0x18e3,0x18c3,0x20e4,0x18c3,0x18c3,0x10c2,0x18c3,0x10a2,0x18c3,0x10a2,0x18c3,0x10a2,0x18c3,0x10c2,0x20e4,0x18e3,
  0x2104,0x1903,0x2124,0x2104,0x2925,0x2124,0x2945,0x2104,0x2124,0x2124,0x2925,0x2124,0x2945,0x2124,0x2945,0x2945,
  0x2965,0x2945,0x2945,0x2124,0x2925,0x2144,0x2945,0x2124,0x2124,0x2104,0x2945,0x2124,0x2945,0x2124,0x2945,0x2104,
  0x2104,0x18e3,0x2104,0x18e3,0x10a2,0x0881,0x18c3,0x18e3,0x2104,0x1903,0x1082,0x0861,0x1082,0x0841,0x0861,0x0841,
  0x0841,0x0841,0x1082,0x10a2,0x18c3,0x18e3,0x20e4,0x18c3,0x18e3,0x18c3,0x18e3,0x18c3,0x18e3,0x18c3,0x18e3,0x18c3,
  0x18e3,0x18c3,0x18e3,0x18c3,0x18c3,0x18c3,0x18e3,0x18c3,0x18e3,0x18c3,0x18c3,0x18c3,0x18c3,0x18c3,0x18c3,0x18c3,
  0x18c3,0x18c3,0x18c3,0x18c3,0x18c3,0x10c2,0x18c3,0x18c3,0x18c3,0x10c2,0x18c3,0x18c3,0x18c3,0x10a2,0x18c3,0x10a2,
  0x18c3,0x10a2,0x18c3,0x10a2,0x18c3,0x10a2,0x18c3,0x10a2,0x18c3,0x10a2,0x18c3,0x10a2,0x18a3,0x10a2,0x18a3,0x10a2,
  0x18a3,0x10a2,0x18a3,0x10a2,0x18a3,0x10a2,0x18a3,0x10a2,0x10a2,0x10a2,0x18a3,0x10a2,0x10a2,0x10a2,0x10a2,0x1082,
  0x10a2,0x10a2,0x18a3,0x10a2,0x10a2,0x1082,0x10a2,0x1082,0x10a2,0x1082,0x10a2,0x1082,0x10a2,0x1082,0x10a2,0x1082,
  0x39c7,0x39e7,0x39c7,0x39c7,0x39c7,0x39e7,0x31c6,0x39c7,0x31c6,0x39c7,0x31c6,0x39c7,0x39c7,0x39c7,0x31c6,0x39c7,
  0x31a6,0x39c7,0x31a6,0x39c7,0x31a6,0x39c7,0x31c6,0x39c7,0x31a6,0x39c7,0x31a6,0x31a6,0x31a6,0x39c7,0x31a6,0x39c7,
  0x31a6,0x39c7,0x31a6,0x39c7,0x31a6,0x31a6,0x31a6,0x39c7,0x31a6,0x39a7,0x31a6,0x31a6,0x31a6,0x31a6,0x31a6,0x31a6,
  0x31a6,0x31a6,0x3186,0x31a6,0x31a6,0x39a7,0x31a6,0x31a6,0x31a6,0x39c7,0x3186,0x31a6,0x3186,0x31a6,0x3186,0x31a6,
  0x3186,0x31a6,0x3186,0x31a6,0x3186,0x31a6,0x3186,0x31a6,0x3186,0x31a6,0x3186,0x3186,0x3186,0x31a6,0x3186,0x31a6,
  0x3186,0x3186,0x3186,0x3186,0x528a,0x8430,0x8c71,0x8c71,0x73ae,0x632c,0x5aeb,0x630c,0x632c,0x738e,0x7bef,0x8c71,
  0x9492,0x9cd3,0x9cf3,0x8430,0x5acb,0x738e,0x7bef,0x8410,0x8410,0x8c51,0x7bef,0x8430,0x7c0f,0x8430,0x8410,0x8c71,
  0x8c71,0x94b2,0x9492,0x94b2,0x9492,0x9492,0x8c91,0x94b2,0x9492,0x8c51,0x8430,0x8c71,0x8430,0x8c51,0x8430,0x8430,
  0x8430,0x8430,0x7c0f,0x7bef,0x7bcf,0x7bcf,0x73ae,0x7bcf,0x7bcf,0x738e,0x73ae,0x7bcf,0x73ae,0x73ae,0x6b6d,0x6b6d,
  0x738e,0x73ae,0x7bcf,0x7bcf,0x7bef,0x8410,0x7c0f,0x8410,0x7bef,0x8410,0x7bef,0x7bef,0x7bcf,0x8410,0x7bcf,0x7bef,
  0x7bef,0x83f0,0x73ce,0x73ae,0x6b6d,0x6b4d,0x632c,0x6b4d,0x632c,0x6b6d,0x6b8d,0x6b6d,0x632c,0x73ae,0x6b6d,0x632c,
  0x5aeb,0x52aa,0x4208,0x4208,0x39c7,0x4208,0x4208,0x4228,0x3a07,0x39e7,0x31a6,0x2124,0x2104,0x2124,0x1903,0x2104,
  0x18e3,0x2104,0x1903,0x2104,0x2104,0x2104,0x1903,0x18e3,0x18c3,0x18c3,0x10c2,0x18c3,0x10a2,0x18c3,0x10a2,0x10a2,
  0x10a2,0x18a3,0x10a2,0x18c3,0x10a2,0x18c3,0x10c2,0x18e3,0x18e3,0x2104,0x2124,0x2945,0x2124,0x2124,0x2104,0x2124,
  0x2124,0x2925,0x2124,0x2124,0x2124,0x2925,0x2124,0x2965,0x2945,0x2965,0x2144,0x2945,0x2144,0x2945,0x2144,0x2945,
  0x2124,0x2124,0x2124,0x2945,0x2144,0x2945,0x2124,0x2124,0x18e3,0x2104,0x18e3,0x18e3,0x10a2,0x1082,0x10a2,0x2104,
  0x2104,0x2104,0x1082,0x0861,0x0841,0x0841,0x0040,0x0841,0x0020,0x0841,0x0861,0x10a2,0x10a2,0x18e3,0x18c3,0x18e3,
  0x18c3,0x18e3,0x10c2,0x18c3,0x18c3,0x18c3,0x10c2,0x18c3,0x18c3,0x18c3,0x10c2,0x18c3,0x10c2,0x18c3,0x10c2,0x18c3,
  0x18c3,0x18c3,0x10c2,0x18c3,0x10c2,0x18c3,0x10c2,0x18c3,0x10c2,0x18c3,0x10c2,0x18c3,0x10a2,0x18c3,0x10a2,0x18c3,
  0x10a2,0x18c3,0x10a2,0x18c3,0x10a2,0x18c3,0x10a2,0x18c3,0x10a2,0x18c3,0x10a2,0x18c3,0x10a2,0x18c3,0x10a2,0x10a2,
  0x10a2,0x18a3,0x10a2,0x10a2,0x10a2,0x10a2,0x10a2,0x10a2,0x10a2,0x10a2,0x1082,0x10a2,0x10a2,0x10a2,0x1082,0x10a2,
  0x1082,0x10a2,0x1082,0x10a2,0x1082,0x10a2,0x1082,0x10a2,0x1082,0x1082,0x0881,0x10a2,0x1082,0x10a2,0x1082,0x10a2,
  0x1082,0x1082,0x0881,0x1082,0x1082,0x1082,0x0881,0x1082,0x41e8,0x39c7,0x39e7,0x39c7,0x39e7,0x39c7,0x39e7,0x39c7,
  0x39c7,0x39c7,0x39e7,0x39c7,0x39e7,0x39c7,0x39e7,0x39c7,0x39c7,0x39c7,0x39c7,0x39c7,0x39c7,0x39c7,0x39c7,0x31a6,
  0x39c7,0x31a6,0x39c7,0x31a6,0x39c7,0x39c7,0x39c7,0x31a6,0x39c7,0x31a6,0x39c7,0x31a6,0x39a7,0x31a6,0x39c7,0x31a6,
  0x39c7,0x31a6,0x39a7,0x31a6,0x39c7,0x31a6,0x39c7,0x31a6,0x39c7,0x31a6,0x39c7,0x31a6,0x31a6,0x31a6,0x39c7,0x31a6,
  0x39c7,0x31a6,0x39a7,0x31a6,0x39a7,0x31a6,0x31a6,0x3186,0x39a7,0x31a6,0x31a6,0x3186,0x31a6,0x3186,0x31a6,0x31a6,
  0x39a7,0x31a6,0x31a6,0x3186,0x31a6,0x3186,0x31a6,0x3186,0x39a7,0x3186,0x31a6,0x31a6,0x5acb,0x8430,0x9492,0x8c51,
  0x7bcf,0x632c,0x630c,0x5aeb,0x630c,0x6b4d,0x7bcf,0x8450,0x9cb3,0x9cd3,0xa514,0x8c71,0x6b2d,0x6b6d,0x7bef,0x8410,
  0x8410,0x8c51,0x8430,0x7c0f,0x8410,0x8430,0x8c51,0x8c51,0x8c51,0x8c71,0x9492,0x8c71,0x94b2,0x94b2,0x9492,0x8c71,
  0x9472,0x8c71,0x8c71,0x8c51,0x8c71,0x8c51,0x8c51,0x8430,0x8c51,0x8c51,0x8c51,0x8410,0x8410,0x7bef,0x7bcf,0x7bcf,
  0x7bef,0x738e,0x73ae,0x73ce,0x7bcf,0x738e,0x738e,0x73ae,0x7bef,0x7bef,0x83f0,0x73ce,0x7bcf,0x7bcf,0x7bcf,0x7bcf,
  0x83f0,0x7bef,0x7bef,0x7bcf,0x83f0,0x7bef,0x7bef,0x7bcf,0x8410,0x7bef,0x7bcf,0x6b6d,0x6b2d,0x630c,0x5acb,0x4248,
  0x39c7,0x39e7,0x52aa,0x632c,0x736e,0x6b6d,0x6b6d,0x630c,0x5aeb,0x4a69,0x4208,0x3a07,0x39c7,0x39e7,0x4208,0x4228,
  0x4208,0x39c7,0x31a6,0x2945,0x2925,0x18e3,0x18c3,0x10a2,0x18c3,0x18e3,0x20e4,0x18e3,0x2104,0x2104,0x2104,0x18e3,
  0x20e4,0x18c3,0x18c3,0x10c2,0x18c3,0x10a2,0x18c3,0x10a2,0x18c3,0x18c3,0x18c3,0x10c2,0x18c3,0x18c3,0x18e3,0x18e3,
  0x20e4,0x2104,0x2925,0x2945,0x2945,0x2124,0x2124,0x2144,0x2945,0x2124,0x2945,0x2124,0x2945,0x2124,0x2945,0x2945,
  0x2945,0x2945,0x2945,0x2144,0x2945,0x2124,0x2945,0x2945,0x2945,0x2124,0x2945,0x2144,0x2945,0x2945,0x2925,0x2104,
  0x2104,0x18e3,0x20e4,0x18c3,0x18c3,0x0861,0x10a2,0x2104,0x2925,0x18e3,0x10a2,0x0861,0x0861,0x0841,0x0841,0x0841,
  0x0841,0x0861,0x1062,0x1082,0x18c3,0x18e3,0x18e3,0x18c3,0x18e3,0x18c3,0x18e3,0x18c3,0x18e3,0x18c3,0x18e3,0x18c3,
  0x18e3,0x18c3,0x18e3,0x18c3,0x18e3,0x18c3,0x18e3,0x18c3,0x18e3,0x18c3,0x18c3,0x18c3,0x18c3,0x18c3,0x18c3,0x18c3,
  0x18c3,0x18c3,0x18c3,0x10c2,0x18c3,0x18c3,0x18c3,0x10c2,0x18c3,0x18c3,0x18c3,0x10c2,0x18c3,0x10a2,0x18c3,0x10a2,
  0x18c3,0x10a2,0x18c3,0x10a2,0x18c3,0x10a2,0x18c3,0x10a2,0x18c3,0x10a2,0x18c3,0x10a2,0x18a3,0x10a2,0x18a3,0x10a2,
  0x18a3,0x10a2,0x10a2,0x10a2,0x18a3,0x10a2,0x10a2,0x10a2,0x18a3,0x10a2,0x10a2,0x10a2,0x18a3,0x10a2,0x10a2,0x1082,
  0x10a2,0x1082,0x1082,0x1082,0x10a2,0x1082,0x10a2,0x1082,0x10a2,0x1082,0x10a2,0x1082,0x10a2,0x1082,0x10a2,0x1082,
  0x39c7,0x39e7,0x39c7,0x39c7,0x31c6,0x39c7,0x39c7,0x39c7,0x31c6,0x39c7,0x39c7,0x39c7,0x31c6,0x39c7,0x39c7,0x39e7,
  0x31c6,0x39c7,0x31c6,0x39c7,0x31c6,0x39c7,0x31a6,0x39c7,0x31a6,0x39c7,0x31a6,0x39c7,0x31a6,0x39c7,0x31a6,0x39c7,
  0x31a6,0x39c7,0x31a6,0x39c7,0x31a6,0x39c7,0x31a6,0x39a7,0x31a6,0x31a6,0x31a6,0x31a6,0x31a6,0x31a6,0x31a6,0x31a6,
  0x31a6,0x31a6,0x31a6,0x39a7,0x3186,0x31a6,0x31a6,0x39c7,0x31a6,0x31a6,0x31a6,0x31a6,0x3186,0x31a6,0x3186,0x31a6,
  0x3186,0x31a6,0x31a6,0x31a6,0x2985,0x3186,0x3186,0x31a6,0x3186,0x31a6,0x3186,0x3186,0x2985,0x31a6,0x3186,0x31a6,
  0x3186,0x3186,0x3186,0x39c7,0x5aeb,0x8430,0x8c51,0x8c71,0x7bcf,0x6b6d,0x5acb,0x52aa,0x52aa,0x630c,0x738e,0x8410,
  0x8c71,0x94b2,0x9cd3,0x9492,0x632c,0x632c,0x73ce,0x8430,0x7bef,0x8430,0x8410,0x8410,0x7bef,0x8430,0x8430,0x8c71,
  0x8c51,0x9492,0x9492,0x9492,0x8c71,0x8c71,0x8c51,0x9472,0x8c91,0x9492,0x8c71,0x8c71,0x8c71,0x8c71,0x8430,0x8c51,
  0x8450,0x8c51,0x8410,0x8410,0x7c0f,0x7bef,0x73ae,0x73ae,0x73ae,0x7bef,0x738e,0x7baf,0x73ce,0x738e,0x6b6d,0x7baf,
  0x7bcf,0x7bcf,0x73ce,0x7bcf,0x7bcf,0x7bcf,0x738e,0x7bcf,0x73ae,0x7bcf,0x7bcf,0x7bcf,0x7bcf,0x7bef,0x7bcf,0x7bcf,
  0x73ae,0x738e,0x6b6d,0x632c,0x52aa,0x4208,0x2104,0x1082,0x0000,0x0000,0x10c2,0x39c7,0x4a89,0x630c,0x632c,0x630c,
  0x528a,0x4a49,0x39e7,0x39e7,0x2985,0x31a6,0x39c7,0x4208,0x3a07,0x31a6,0x2945,0x2124,0x18c3,0x0861,0x0020,0x0020,
  0x0020,0x1082,0x10a2,0x18c3,0x10c2,0x18e3,0x18e3,0x18e3,0x18c3,0x18c3,0x10a2,0x18a3,0x10a2,0x10a2,0x10a2,0x18a3,
  0x10a2,0x18c3,0x10a2,0x18c3,0x18c3,0x18c3,0x18c3,0x2104,0x18e3,0x2104,0x2104,0x2945,0x2144,0x2945,0x2124,0x2945,
  0x2144,0x2945,0x2124,0x2945,0x2124,0x2945,0x2124,0x2945,0x2124,0x2124,0x2124,0x2925,0x2124,0x2124,0x2124,0x2945,
  0x2124,0x2124,0x2104,0x2945,0x2124,0x2124,0x18e3,0x20e4,0x18e3,0x18e3,0x18c3,0x18a3,0x0881,0x0841,0x10a2,0x2124,
  0x2124,0x18e3,0x1082,0x1062,0x0040,0x0841,0x0040,0x0841,0x0040,0x0861,0x0861,0x10a2,0x10c2,0x18e3,0x18c3,0x18c3,
  0x10c2,0x18c3,0x18c3,0x18c3,0x10c2,0x18c3,0x18c3,0x18c3,0x10c2,0x18c3,0x18c3,0x18e3,0x18c3,0x18e3,0x18c3,0x18c3,
  0x10c2,0x18c3,0x10c2,0x18c3,0x10c2,0x18c3,0x10c2,0x18c3,0x10c2,0x18c3,0x10c2,0x18c3,0x10a2,0x18c3,0x10a2,0x18c3,
  0x10a2,0x18c3,0x10a2,0x18c3,0x10a2,0x18c3,0x10a2,0x18c3,0x10a2,0x18c3,0x10a2,0x18c3,0x10a2,0x18c3,0x10a2,0x18a3,
  0x10a2,0x10a2,0x10a2,0x10a2,0x10a2,0x10a2,0x10a2,0x10a2,0x10a2,0x10a2,0x1082,0x10a2,0x10a2,0x10a2,0x1082,0x10a2,
  0x1082,0x10a2,0x1082,0x10a2,0x1082,0x10a2,0x1082,0x10a2,0x1082,0x10a2,0x1082,0x10a2,0x1082,0x10a2,0x1082,0x1082,
  0x0881,0x1082,0x1082,0x1082,0x0881,0x1082,0x1082,0x1082,0x39e7,0x39c7,0x39e7,0x39c7,0x39e7,0x39c7,0x39e7,0x39c7,
  0x39e7,0x39c7,0x39e7,0x39c7,0x39c7,0x31c6,0x39c7,0x39c7,0x39c7,0x31c6,0x39c7,0x39c7,0x39c7,0x31c6,0x39c7,0x39c7,
  0x39c7,0x31a6,0x39c7,0x39c7,0x39c7,0x31c6,0x39c7,0x31a6,0x39c7,0x31a6,0x39c7,0x31a6,0x39c7,0x31a6,0x39c7,0x31a6,
  0x39a7,0x31a6,0x39a7,0x31a6,0x39a7,0x31a6,0x39a7,0x31a6,0x39a7,0x31a6,0x39a7,0x31a6,0x31a6,0x31a6,0x39a7,0x31a6,
  0x39a7,0x31a6,0x39a7,0x31a6,0x31a6,0x31a6,0x31a6,0x3186,0x31a6,0x31a6,0x39a7,0x31a6,0x31a6,0x3186,0x31a6,0x3186,
  0x31a6,0x31a6,0x31a6,0x3186,0x31a6,0x3186,0x31a6,0x3186,0x31a6,0x3186,0x3186,0x39c7,0x630c,0x8410,0x8c51,0x8c51,
  0x8410,0x6b6d,0x5aeb,0x4a69,0x528a,0x5acb,0x6b6d,0x7bcf,0x8c51,0x9492,0xa514,0x94b2,0x738e,0x632c,0x7bcf,0x8430,
  0x7bef,0x7c0f,0x8430,0x8410,0x8410,0x8430,0x8c31,0x8c71,0x9472,0x94b2,0x9cd3,0x94b2,0x94b2,0x8c71,0x9492,0x9492,
  0x94b2,0x8c71,0x9472,0x9492,0x9492,0x8c71,0x8c71,0x8c51,0x8c51,0x8430,0x8410,0x8410,0x8410,0x7bef,0x7bcf,0x738e,
  0x73ae,0x7bef,0x738e,0x738e,0x7baf,0x73ae,0x738e,0x73ae,0x7bef,0x7bcf,0x7bcf,0x7bcf,0x7bef,0x7bcf,0x73ae,0x73ae,
  0x7bcf,0x73ae,0x7bcf,0x7bcf,0x7bcf,0x73ae,0x7bef,0x7bcf,0x738e,0x634c,0x6b2d,0x52aa,0x4208,0x2124,0x1062,0x0841,
  0x0861,0x0040,0x0000,0x0841,0x2124,0x4a69,0x632c,0x5aeb,0x52aa,0x4a69,0x4228,0x31a6,0x3186,0x3186,0x39e7,0x4208,
  0x4208,0x2985,0x2104,0x1082,0x0841,0x0000,0x0000,0x0000,0x0000,0x0020,0x1062,0x1082,0x18c3,0x18c3,0x18e3,0x18c3,
  0x18e3,0x10a2,0x18a3,0x10a2,0x18a3,0x10a2,0x18c3,0x10a2,0x18c3,0x18c3,0x18c3,0x18e3,0x2104,0x18e3,0x20e4,0x2104,
  0x2104,0x1903,0x2124,0x2124,0x2945,0x2945,0x3166,0x2945,0x2945,0x2124,0x2945,0x2945,0x2945,0x2945,0x2965,0x2945,
  0x2945,0x2124,0x2925,0x2104,0x2124,0x2104,0x2925,0x2945,0x2945,0x2124,0x2925,0x2124,0x2925,0x2104,0x2104,0x18e3,
  0x2104,0x18e3,0x18e3,0x18c3,0x1082,0x0861,0x18e3,0x2124,0x2104,0x10c2,0x1082,0x0841,0x0841,0x0020,0x0841,0x0841,
  0x0861,0x0861,0x18a3,0x10a2,0x18e3,0x18e3,0x18e3,0x18c3,0x18e3,0x18c3,0x18e3,0x18c3,0x18e3,0x18c3,0x18e3,0x18c3,
  0x18e3,0x18c3,0x18e3,0x18c3,0x18e3,0x18c3,0x18e3,0x18c3,0x18e3,0x18c3,0x18c3,0x18c3,0x18c3,0x18c3,0x18c3,0x18c3,
  0x18c3,0x18c3,0x18c3,0x18c3,0x18c3,0x10c2,0x18c3,0x18c3,0x18c3,0x10c2,0x18c3,0x18c3,0x18c3,0x10a2,0x18c3,0x10a2,
  0x18c3,0x10a2,0x18c3,0x10a2,0x18c3,0x10a2,0x18c3,0x10a2,0x18c3,0x10a2,0x18c3,0x10a2,0x18a3,0x10a2,0x18a3,0x10a2,
  0x18a3,0x10a2,0x18a3,0x10a2,0x18a3,0x10a2,0x18a3,0x10a2,0x10a2,0x10a2,0x18a3,0x10a2,0x10a2,0x10a2,0x10a2,0x1082,
  0x10a2,0x10a2,0x18a3,0x10a2,0x10a2,0x1082,0x10a2,0x1082,0x10a2,0x1082,0x10a2,0x1082,0x10a2,0x1082,0x10a2,0x1082,
  0x39c7,0x39e7,0x39c7,0x39e7,0x39c7,0x39e7,0x31c6,0x39e7,0x39c7,0x39e7,0x39c7,0x39c7,0x31c6,0x39c7,0x31a6,0x39c7,
  0x31a6,0x39c7,0x31a6,0x39c7,0x31a6,0x39c7,0x31c6,0x39c7,0x31a6,0x39c7,0x31a6,0x39c7,0x31a6,0x39c7,0x31a6,0x39c7,
  0x31a6,0x39c7,0x31a6,0x39c7,0x31a6,0x39c7,0x31a6,0x31a6,0x31a6,0x31a6,0x31a6,0x31a6,0x31a6,0x31a6,0x31a6,0x31a6,
  0x31a6,0x31a6,0x3186,0x31a6,0x31a6,0x31a6,0x3186,0x31a6,0x3186,0x31a6,0x3186,0x31a6,0x3186,0x31a6,0x3186,0x31a6,
  0x3186,0x3186,0x3186,0x31a6,0x31a6,0x31a6,0x3186,0x31a6,0x3186,0x31a6,0x3186,0x3186,0x3186,0x31a6,0x3186,0x3186,
  0x3186,0x3186,0x2965,0x39e7,0x630c,0x8430,0x8430,0x8c51,0x8430,0x7bef,0x634c,0x5acb,0x52aa,0x5aab,0x5aeb,0x6b6d,
  0x7bef,0x9472,0x9cf3,0xa514,0x7bef,0x6b6d,0x73ae,0x8410,0x7bcf,0x7bef,0x7bef,0x8410,0x8430,0x8c51,0x8410,0x8c51,
  0x8450,0x9472,0x8c71,0x9492,0x94b2,0x9cf3,0x94b2,0x9492,0x8c71,0x9492,0x8c71,0x9492,0x8c71,0x9492,0x8c71,0x8c51,
  0x8430,0x8410,0x7bef,0x8410,0x8410,0x8410,0x7bcf,0x7bcf,0x73ae,0x738e,0x6b6d,0x738e,0x73ae,0x7bcf,0x73ce,0x7bef,
  0x7bcf,0x7bef,0x7bcf,0x7bcf,0x73ae,0x73ae,0x6b6d,0x73ae,0x73ae,0x7baf,0x73ae,0x7bcf,0x73ae,0x73ae,0x73ae,0x7bcf,
  0x738e,0x632c,0x52ca,0x4a69,0x31a6,0x2124,0x10a2,0x18e3,0x2124,0x2124,0x18e3,0x2945,0x31a6,0x4a49,0x5aeb,0x5aeb,
  0x5acb,0x52aa,0x4208,0x3186,0x2965,0x31a6,0x39e7,0x39e7,0x31a6,0x2124,0x10a2,0x0861,0x0000,0x0000,0x0020,0x0020,
  0x0000,0x0821,0x0841,0x1082,0x1082,0x18c3,0x10c2,0x18c3,0x10a2,0x18a3,0x10a2,0x10a2,0x10a2,0x10a2,0x10a2,0x18c3,
  0x10a2,0x18c3,0x10a2,0x18e3,0x18e3,0x18e3,0x18c3,0x2124,0x18e3,0x2104,0x1903,0x2124,0x2124,0x2945,0x2945,0x2945,
  0x2124,0x2945,0x2124,0x2945,0x2144,0x2945,0x2124,0x2945,0x2124,0x2925,0x2104,0x2124,0x2124,0x2925,0x2124,0x2945,
  0x2124,0x2124,0x2124,0x2124,0x2104,0x2124,0x1903,0x2104,0x1903,0x18e3,0x10a2,0x18c3,0x0861,0x10a2,0x1903,0x2104,
  0x10a2,0x1082,0x0861,0x0841,0x0020,0x0821,0x0020,0x0861,0x0861,0x10a2,0x10a2,0x18e3,0x18e3,0x20e4,0x18c3,0x18c3,
  0x18c3,0x18e3,0x10c2,0x18c3,0x18c3,0x18c3,0x10c2,0x18c3,0x18c3,0x18c3,0x10c2,0x18c3,0x10c2,0x18c3,0x10c2,0x18c3,
  0x18c3,0x18c3,0x10c2,0x18c3,0x10c2,0x18c3,0x10c2,0x18c3,0x10c2,0x18c3,0x10c2,0x18c3,0x10a2,0x18c3,0x10a2,0x18c3,
  0x10a2,0x18c3,0x10a2,0x18c3,0x10a2,0x18c3,0x10a2,0x18c3,0x10a2,0x18c3,0x10a2,0x18c3,0x10a2,0x18c3,0x10a2,0x10a2,
  0x10a2,0x18a3,0x10a2,0x10a2,0x10a2,0x10a2,0x10a2,0x10a2,0x10a2,0x10a2,0x1082,0x10a2,0x10a2,0x10a2,0x1082,0x10a2,
  0x1082,0x10a2,0x1082,0x10a2,0x1082,0x10a2,0x1082,0x10a2,0x1082,0x10a2,0x1082,0x10a2,0x1082,0x10a2,0x1082,0x1082,
  0x1082,0x1082,0x0881,0x1082,0x1082,0x1082,0x0881,0x1082,0x39e7,0x39c7,0x39e7,0x39e7,0x41e8,0x39c7,0x39e7,0x39c7,
  0x39e7,0x39c7,0x39e7,0x39c7,0x39e7,0x39c7,0x39e7,0x39c7,0x39e7,0x39c7,0x39c7,0x39c7,0x39c7,0x39c7,0x39e7,0x39c7,
  0x39c7,0x39c7,0x39c7,0x31c6,0x39c7,0x39c7,0x39c7,0x31a6,0x39c7,0x31a6,0x39c7,0x31a6,0x39c7,0x31a6,0x39c7,0x31a6,
  0x39a7,0x31a6,0x39a7,0x31a6,0x39c7,0x31a6,0x39c7,0x31a6,0x39c7,0x31a6,0x39a7,0x31a6,0x39c7,0x31a6,0x31a6,0x3186,
  0x39a7,0x31a6,0x31a6,0x31a6,0x39a7,0x31a6,0x31a6,0x31a6,0x31a6,0x3186,0x31a6,0x31a6,0x39c7,0x31a6,0x31a6,0x3186,
  0x39a7,0x31a6,0x31a6,0x3186,0x31a6,0x3186,0x31a6,0x2985,0x31a6,0x3186,0x3186,0x39e7,0x6b4d,0x8c51,0x8c31,0x8c71,
  0x9492,0x9492,0x8430,0x6b6d,0x630c,0x52aa,0x5acb,0x630c,0x738e,0x8410,0x94b2,0x94b2,0x7bcf,0x73ae,0x73ae,0x7c0f,
  0x7bef,0x7bcf,0x7bef,0x7bcf,0x8c51,0x8430,0x8410,0x8430,0x8c51,0x8c71,0x9492,0x9492,0x9cb3,0x9492,0x9492,0x9492,
  0x94b2,0x9492,0x9492,0x8c91,0x9492,0x9492,0x9492,0x8c51,0x8c31,0x8410,0x83f0,0x7bef,0x8410,0x7bef,0x7bef,0x7bcf,
  0x7bef,0x73ae,0x7bcf,0x73ce,0x7bef,0x7bcf,0x7bcf,0x73ae,0x73ae,0x7bcf,0x7bef,0x73ae,0x738e,0x738e,0x738e,0x73ae,
  0x7baf,0x73ae,0x7baf,0x73ae,0x7bcf,0x73ae,0x73ae,0x73ae,0x7bcf,0x6b4d,0x5acb,0x4a49,0x39e7,0x31a6,0x39e7,0x4a49,
  0x528a,0x4a69,0x4a69,0x4a69,0x52aa,0x5acb,0x630c,0x5aeb,0x62ec,0x528a,0x41e8,0x2965,0x2945,0x3186,0x39e7,0x31a6,
  0x2945,0x18c3,0x1082,0x0861,0x0841,0x0020,0x0861,0x0841,0x0841,0x0841,0x1082,0x1082,0x18a3,0x18c3,0x18e3,0x18c3,
  0x18c3,0x10a2,0x18a3,0x10a2,0x18a3,0x10a2,0x18c3,0x10a2,0x18c3,0x18e3,0x18c3,0x18e3,0x2104,0x18e3,0x18e3,0x2104,
  0x2104,0x2104,0x2124,0x2124,0x2945,0x2124,0x2945,0x2124,0x2945,0x2945,0x2945,0x2945,0x2945,0x2124,0x2945,0x2124,
  0x2945,0x2124,0x2124,0x2104,0x2925,0x2945,0x2945,0x2945,0x2945,0x2124,0x2945,0x2124,0x2104,0x2104,0x2104,0x2104,
  0x2104,0x18c3,0x18a3,0x10a2,0x1082,0x18c3,0x2124,0x18c3,0x1082,0x0861,0x0861,0x0841,0x0861,0x0841,0x0861,0x0861,
  0x10a2,0x18c3,0x20e4,0x18e3,0x2104,0x18e3,0x18e3,0x18c3,0x20e4,0x18e3,0x18e3,0x18c3,0x18e3,0x18c3,0x18e3,0x18c3,
  0x18e3,0x18c3,0x18e3,0x10c2,0x18c3,0x18c3,0x18e3,0x18c3,0x18e3,0x18c3,0x18c3,0x18c3,0x18c3,0x18c3,0x18c3,0x18c3,
  0x18c3,0x18c3,0x18c3,0x10c2,0x18c3,0x18c3,0x18c3,0x10c2,0x18c3,0x18c3,0x18c3,0x10c2,0x18c3,0x10a2,0x18c3,0x10a2,
  0x18c3,0x10a2,0x18c3,0x10a2,0x18c3,0x10a2,0x18c3,0x10a2,0x18c3,0x10a2,0x18c3,0x10a2,0x18a3,0x10a2,0x18a3,0x10a2,
  0x18a3,0x10a2,0x10a2,0x10a2,0x18a3,0x10a2,0x10a2,0x10a2,0x18a3,0x10a2,0x10a2,0x10a2,0x18a3,0x10a2,0x10a2,0x1082,
  0x10a2,0x1082,0x10a2,0x1082,0x10a2,0x1082,0x10a2,0x1082,0x10a2,0x1082,0x10a2,0x1082,0x10a2,0x1082,0x10a2,0x1082,
  0x31c6,0x39c7,0x39c7,0x39c7,0x31c6,0x39e7,0x39c7,0x39c7,0x31c6,0x39e7,0x39c7,0x39c7,0x31a6,0x39c7,0x31c6,0x39c7,
  0x31c6,0x39c7,0x39c7,0x39c7,0x39c7,0x39c7,0x31a6,0x39c7,0x31c6,0x39c7,0x31a6,0x39a7,0x31a6,0x39c7,0x31a6,0x39c7,
  0x31a6,0x39c7,0x31a6,0x39c7,0x31a6,0x31a6,0x31a6,0x39c7,0x31a6,0x31a6,0x31a6,0x39a7,0x31a6,0x31a6,0x31a6,0x39a7,
  0x31a6,0x31a6,0x31a6,0x39a7,0x31a6,0x31a6,0x31a6,0x39a7,0x31a6,0x31a6,0x31a6,0x31a6,0x3186,0x31a6,0x3186,0x31a6,
  0x3186,0x3186,0x3186,0x31a6,0x31a6,0x31a6,0x31a6,0x31a6,0x31a6,0x31a6,0x3186,0x31a6,0x2985,0x3186,0x3186,0x3186,
  0x3186,0x3186,0x3186,0x4208,0x632c,0x8c51,0x8430,0x8c71,0x94b2,0x9cf3,0x9492,0x8430,0x73ce,0x738e,0x6b4d,0x7baf,
  0x6b6d,0x6b6d,0x8410,0xa534,0x8c51,0x73ae,0x6b6d,0x7bcf,0x8410,0x7bcf,0x738e,0x7bcf,0x8410,0x8410,0x7bcf,0x8430,
  0x8c51,0x8c51,0x8c71,0x9cb3,0x9492,0x9492,0x9492,0x94b2,0x9492,0x8c71,0x8c51,0x9492,0x8c91,0x9492,0x8c51,0x8c51,
  0x8450,0x8430,0x8410,0x8430,0x7bef,0x7bcf,0x738e,0x738e,0x6b8d,0x7bcf,0x73ae,0x738e,0x6b6d,0x7bcf,0x73ae,0x6b6d,
  0x73ae,0x7bcf,0x7bcf,0x7bcf,0x73ae,0x73ae,0x6b8d,0x73ae,0x73ae,0x7bcf,0x73ae,0x7bcf,0x7bcf,0x7bef,0x73ae,0x73ae,
  0x73ae,0x6b6d,0x5aeb,0x528a,0x4a49,0x4a69,0x528a,0x5aeb,0x634c,0x6b4d,0x630c,0x5aeb,0x5aeb,0x632c,0x632c,0x6b4d,
  0x630c,0x528a,0x39c7,0x3186,0x2965,0x3186,0x2965,0x2945,0x18e3,0x18c3,0x0881,0x10a2,0x1082,0x1082,0x1082,0x1082,
  0x0861,0x1082,0x0881,0x1082,0x10a2,0x18c3,0x18c3,0x18c3,0x10a2,0x10a2,0x10a2,0x18c3,0x10a2,0x18c3,0x10c2,0x18c3,
  0x10c2,0x18c3,0x18c3,0x18e3,0x18e3,0x18e3,0x18e3,0x2104,0x18e3,0x2124,0x2124,0x2925,0x2124,0x2124,0x2144,0x2965,
  0x2124,0x2124,0x2124,0x2945,0x2124,0x2124,0x2124,0x2945,0x2104,0x2124,0x2124,0x2124,0x2104,0x2945,0x2124,0x2104,
  0x2124,0x2945,0x2124,0x2104,0x1903,0x2124,0x2104,0x2104,0x18e3,0x18e3,0x10a2,0x1082,0x0841,0x18c3,0x18c3,0x1082,
  0x0040,0x0861,0x0861,0x10a2,0x10a2,0x18c3,0x18c3,0x18c3,0x10a2,0x18e3,0x2104,0x2124,0x18e3,0x18e3,0x18c3,0x18e3,
  0x10c2,0x18c3,0x18c3,0x18c3,0x10c2,0x18c3,0x18c3,0x18c3,0x10c2,0x18c3,0x10c2,0x18c3,0x10c2,0x18c3,0x18c3,0x18c3,
  0x10c2,0x18c3,0x10c2,0x18c3,0x10a2,0x18c3,0x18c3,0x18c3,0x10a2,0x18c3,0x10a2,0x18c3,0x10a2,0x18c3,0x10a2,0x18c3,
  0x10a2,0x18c3,0x10a2,0x18c3,0x10a2,0x18c3,0x10a2,0x18c3,0x10a2,0x18c3,0x10a2,0x18c3,0x10a2,0x18c3,0x10a2,0x18c3,
  0x10a2,0x10a2,0x10a2,0x18a3,0x10a2,0x10a2,0x10a2,0x10a2,0x10a2,0x10a2,0x10a2,0x18a3,0x10a2,0x10a2,0x1082,0x10a2,
  0x1082,0x10a2,0x1082,0x10a2,0x1082,0x10a2,0x1082,0x10a2,0x1082,0x10a2,0x1082,0x10a2,0x1082,0x10a2,0x1082,0x1082,
  0x0881,0x1082,0x1082,0x1082,0x0881,0x1082,0x0881,0x1082,0x39e7,0x39c7,0x39e7,0x39c7,0x39e7,0x39c7,0x39e7,0x39e7,
  0x39e7,0x39e7,0x41e8,0x39e7,0x41e8,0x39e7,0x39c7,0x31a6,0x39c7,0x39c7,0x39c7,0x39c7,0x39e7,0x31c6,0x39c7,0x39c7,
  0x39c7,0x39c7,0x39c7,0x39c7,0x39c7,0x39c7,0x39c7,0x31a6,0x39c7,0x31a6,0x39c7,0x39c7,0x39c7,0x31a6,0x39c7,0x31a6,
  0x39c7,0x31a6,0x39c7,0x31a6,0x39a7,0x31a6,0x39c7,0x31a6,0x39a7,0x31a6,0x39a7,0x31a6,0x39a7,0x31a6,0x39a7,0x31a6,
  0x39a7,0x31a6,0x39c7,0x31a6,0x31a6,0x31a6,0x39a7,0x31a6,0x31a6,0x3186,0x39a7,0x31a6,0x39a7,0x31a6,0x39a7,0x31a6,
  0x31a6,0x31a6,0x39a7,0x3186,0x31a6,0x3186,0x31a6,0x3186,0x31a6,0x3186,0x39a7,0x39e7,0x6b6d,0x8c71,0x8c71,0x8c71,
  0x9cd3,0x9cf3,0x9cf3,0x9492,0x8c51,0x8430,0x8430,0x8410,0x738e,0x632c,0x7bef,0xa534,0x9cb3,0x6b4d,0x73ae,0x738e,
  0x7bcf,0x73ae,0x83f0,0x8410,0x7bef,0x8410,0x8430,0x8410,0x8430,0x8c51,0x94b2,0x94b2,0x9492,0x8c71,0x9492,0x94b2,
  0x94b2,0x8c91,0x9492,0x9492,0x94b2,0x9492,0x9472,0x8430,0x8c51,0x8430,0x8430,0x8410,0x8410,0x7bcf,0x7bef,0x7bcf,
  0x83f0,0x7bef,0x73ae,0x738e,0x73ae,0x73ae,0x7bcf,0x7bcf,0x73ae,0x73ae,0x7bcf,0x73ae,0x738e,0x6b8d,0x7baf,0x738e,
  0x7baf,0x73ae,0x7baf,0x738e,0x73ae,0x738e,0x73ae,0x73ae,0x7bcf,0x73ae,0x6b6d,0x5acb,0x526a,0x4a49,0x528a,0x5acb,
  0x6b6d,0x73ae,0x736e,0x630c,0x5aeb,0x632c,0x736e,0x6b6d,0x6b4d,0x5acb,0x4a49,0x39c7,0x31a6,0x3186,0x2965,0x2104,
  0x2104,0x18e3,0x18c3,0x10a2,0x18a3,0x10a2,0x18c3,0x10a2,0x1082,0x0861,0x10a2,0x10a2,0x18c3,0x10c2,0x18c3,0x18c3,
  0x18c3,0x10a2,0x18c3,0x10a2,0x18c3,0x18c3,0x18c3,0x18c3,0x18e3,0x18e3,0x2104,0x18e3,0x2104,0x1903,0x2104,0x2104,
  0x2124,0x2124,0x2945,0x2124,0x2945,0x2124,0x2965,0x2945,0x2945,0x2124,0x2925,0x2945,0x2945,0x2124,0x2945,0x2124,
  0x2925,0x2124,0x2945,0x2124,0x2925,0x2144,0x2945,0x2124,0x2945,0x2124,0x2925,0x2104,0x2104,0x2104,0x2104,0x2104,
  0x2104,0x18c3,0x10a2,0x0861,0x0861,0x10a2,0x18c3,0x0861,0x0841,0x0841,0x1062,0x10a2,0x18c3,0x18c3,0x2104,0x18e3,
  0x18e3,0x1903,0x2124,0x2104,0x20e4,0x18e3,0x20e4,0x18e3,0x18e3,0x18c3,0x18e3,0x18c3,0x18e3,0x18c3,0x18e3,0x18c3,
  0x18e3,0x18c3,0x18e3,0x18c3,0x18e3,0x18e3,0x18e3,0x18c3,0x18e3,0x18c3,0x18c3,0x18c3,0x18c3,0x18c3,0x18e3,0x18c3,
  0x18c3,0x10c2,0x18c3,0x18c3,0x18c3,0x10c2,0x18c3,0x18c3,0x18c3,0x10c2,0x18c3,0x18c3,0x18c3,0x10c2,0x18c3,0x10a2,
  0x18c3,0x10a2,0x18c3,0x10a2,0x18c3,0x10a2,0x18c3,0x10a2,0x18c3,0x10a2,0x18a3,0x10a2,0x18c3,0x10a2,0x18c3,0x10a2,
  0x18c3,0x10a2,0x18c3,0x10a2,0x18a3,0x10a2,0x18a3,0x10a2,0x10a2,0x1082,0x18a3,0x10a2,0x10a2,0x10a2,0x18a3,0x10a2,
  0x10a2,0x10a2,0x10a2,0x1082,0x10a2,0x1082,0x10a2,0x1082,0x10a2,0x1082,0x10a2,0x1082,0x10a2,0x1082,0x10a2,0x1082,
  0x39c7,0x39c7,0x31c6,0x39c7,0x39c7,0x39c7,0x39c7,0x39e7,0x39c7,0x39c7,0x31c6,0x39e7,0x39c7,0x39c7,0x31a6,0x39c7,
  0x31a6,0x39c7,0x31c6,0x39c7,0x31c6,0x39c7,0x31a6,0x39c7,0x31c6,0x39c7,0x31c6,0x39c7,0x31a6,0x39c7,0x31a6,0x39c7,
  0x31a6,0x39c7,0x31a6,0x39c7,0x31a6,0x39c7,0x31a6,0x31a6,0x31a6,0x39c7,0x31a6,0x31a6,0x31a6,0x31a6,0x31a6,0x31a6,
  0x3186,0x31a6,0x31a6,0x31a6,0x31a6,0x31a6,0x3186,0x31a6,0x3186,0x31a6,0x31a6,0x31a6,0x3186,0x31a6,0x3186,0x31a6,
  0x31a6,0x31a6,0x31a6,0x31a6,0x31a6,0x31a6,0x3186,0x31a6,0x3186,0x31a6,0x3186,0x31a6,0x3186,0x31a6,0x3186,0x3186,
  0x3186,0x31a6,0x3186,0x39c7,0x632c,0x8c71,0x8c51,0x9492,0x9492,0x9cd3,0x9cd3,0x9cd3,0x8c91,0x8c71,0x8430,0x7bef,
  0x6b4d,0x630c,0x6b8d,0xa534,0x9cf3,0x6b4d,0x7bcf,0x73ae,0x738e,0x7bcf,0x7c0f,0x8410,0x7bcf,0x8430,0x7bef,0x7bef,
  0x8430,0x8c71,0x8c71,0x94b2,0x8c91,0x9492,0x8c91,0x9492,0x9492,0x9472,0x8c71,0x8c71,0x8c91,0x9492,0x8c51,0x8430,
  0x8430,0x8430,0x8430,0x8430,0x7c0f,0x8410,0x7bef,0x8410,0x8410,0x7bcf,0x6b6d,0x73ae,0x7bcf,0x73ae,0x6b4d,0x73ae,
  0x73ae,0x7bcf,0x73ae,0x738e,0x6b6d,0x738e,0x73ce,0x73ae,0x73ae,0x7bcf,0x73ae,0x73ae,0x738e,0x7bcf,0x73ae,0x7bcf,
  0x73ce,0x7bcf,0x6b8d,0x632c,0x52aa,0x526a,0x4a69,0x5aeb,0x630c,0x630c,0x52ca,0x630c,0x632c,0x6b4d,0x6b8d,0x738e,
  0x632c,0x630c,0x4a89,0x4208,0x31a6,0x3186,0x2124,0x2104,0x18e3,0x18e3,0x18c3,0x18c3,0x1082,0x10a2,0x10a2,0x10a2,
  0x1082,0x1082,0x10a2,0x10a2,0x10a2,0x18c3,0x10a2,0x18c3,0x10a2,0x18a3,0x10a2,0x18c3,0x10c2,0x18c3,0x10c2,0x18e3,
  0x18c3,0x18e3,0x18e3,0x2104,0x18e3,0x2104,0x1903,0x2104,0x2104,0x2124,0x2124,0x2945,0x2124,0x2945,0x2144,0x2945,
  0x2124,0x2945,0x2124,0x2945,0x2124,0x2925,0x2124,0x2945,0x2124,0x2925,0x2124,0x2124,0x2124,0x2925,0x2124,0x2965,
  0x2124,0x2124,0x2104,0x2104,0x18e3,0x2104,0x18e3,0x2104,0x18e3,0x18c3,0x1082,0x0861,0x0861,0x10a2,0x0881,0x0841,
  0x0020,0x0841,0x0841,0x1082,0x10a2,0x18c3,0x18e3,0x2104,0x18e3,0x2104,0x1903,0x18e3,0x18e3,0x18e3,0x18e3,0x18e3,
  0x18c3,0x18e3,0x18c3,0x18e3,0x18c3,0x18e3,0x18c3,0x18e3,0x18c3,0x18c3,0x10c2,0x18e3,0x18c3,0x18e3,0x18c3,0x18c3,
  0x10c2,0x18c3,0x10c2,0x18c3,0x10c2,0x18c3,0x10c2,0x18c3,0x10c2,0x18c3,0x10c2,0x18c3,0x10c2,0x18c3,0x10a2,0x18c3,
  0x10a2,0x18c3,0x10a2,0x18c3,0x10a2,0x18c3,0x10a2,0x18c3,0x10a2,0x18c3,0x10a2,0x18c3,0x10a2,0x18a3,0x10a2,0x10a2,
  0x10a2,0x10a2,0x10a2,0x10a2,0x10a2,0x18a3,0x10a2,0x10a2,0x10a2,0x18a3,0x10a2,0x10a2,0x10a2,0x10a2,0x1082,0x10a2,
  0x1082,0x10a2,0x1082,0x10a2,0x1082,0x10a2,0x1082,0x10a2,0x1082,0x10a2,0x1082,0x10a2,0x1082,0x10a2,0x1082,0x1082,
  0x1082,0x10a2,0x1082,0x10a2,0x1082,0x10a2,0x0881,0x1082,0x39e7,0x39c7,0x39e7,0x39c7,0x39e7,0x39c7,0x39e7,0x39c7,
  0x39e7,0x39c7,0x39c7,0x39c7,0x39c7,0x39c7,0x39c7,0x31c6,0x39c7,0x39c7,0x39e7,0x39c7,0x39c7,0x39c7,0x39e7,0x39c7,
  0x39c7,0x39c7,0x39c7,0x31a6,0x39c7,0x39c7,0x39c7,0x31a6,0x39c7,0x31a6,0x39c7,0x31a6,0x39c7,0x31a6,0x39c7,0x31a6,
  0x39a7,0x31a6,0x39c7,0x31a6,0x39a7,0x31a6,0x39a7,0x31a6,0x39a7,0x31a6,0x39a7,0x31a6,0x39a7,0x31a6,0x39a7,0x31a6,
  0x39a7,0x31a6,0x39a7,0x31a6,0x39a7,0x31a6,0x31a6,0x31a6,0x39a7,0x31a6,0x39a7,0x31a6,0x39a7,0x31a6,0x31a6,0x31a6,
  0x39a7,0x3186,0x31a6,0x3186,0x31a6,0x3186,0x31a6,0x31a6,0x31a6,0x31a6,0x3186,0x2985,0x630c,0x8c51,0x9492,0x9492,
  0x94b2,0x9cd3,0x9cf3,0x94d2,0x9492,0x8c51,0x8410,0x7bcf,0x736e,0x632c,0x6b4d,0x94b2,0x9cf3,0x738e,0x7bef,0x73ae,
  0x7baf,0x7bef,0x8410,0x7bef,0x8c51,0x8410,0x7bef,0x8410,0x8c71,0x8c51,0x8c51,0x9492,0x94b2,0x9492,0x9492,0x9492,
  0x9492,0x8c71,0x8c71,0x8c71,0x9492,0x8c71,0x8c71,0x8c51,0x8c51,0x8430,0x8c51,0x8430,0x8430,0x8410,0x8410,0x7bef,
  0x8410,0x8430,0x7bcf,0x738e,0x73ae,0x6b6d,0x738e,0x7bcf,0x7bef,0x7bcf,0x73ae,0x6b8d,0x738e,0x738e,0x7bcf,0x73ae,
  0x7bcf,0x73ae,0x7baf,0x73ae,0x7bcf,0x7bcf,0x7bcf,0x73ae,0x7bcf,0x73ae,0x738e,0x6b4d,0x6b4d,0x630c,0x630c,0x5aeb,
  0x5acb,0x528a,0x52aa,0x5b0b,0x6b4d,0x630c,0x630c,0x5aeb,0x632c,0x630c,0x52aa,0x4248,0x4208,0x3186,0x2945,0x1903,
  0x2104,0x18e3,0x18c3,0x10a2,0x1082,0x0861,0x1082,0x0861,0x1082,0x10a2,0x18c3,0x10a2,0x18c3,0x10a2,0x18c3,0x10a2,
  0x18c3,0x18c3,0x18c3,0x10c2,0x18c3,0x18c3,0x18e3,0x18c3,0x20e4,0x18e3,0x2104,0x18e3,0x2104,0x18e3,0x2104,0x2104,
  0x2925,0x2124,0x2124,0x2124,0x2945,0x2945,0x2945,0x2144,0x2945,0x2945,0x2965,0x2144,0x2945,0x2124,0x2945,0x2945,
  0x2945,0x2124,0x2945,0x2124,0x2945,0x2124,0x2925,0x2945,0x2925,0x2104,0x2945,0x2124,0x2104,0x2104,0x2104,0x1903,
  0x2104,0x18e3,0x18c3,0x0881,0x1082,0x10a2,0x1082,0x0020,0x0841,0x0841,0x1082,0x1082,0x18a3,0x18c3,0x2104,0x2104,
  0x2104,0x2104,0x2104,0x18e3,0x20e4,0x18e3,0x18e3,0x18c3,0x18e3,0x18c3,0x18e3,0x18c3,0x18e3,0x18c3,0x18e3,0x18c3,
  0x18e3,0x18c3,0x18c3,0x18c3,0x18e3,0x18c3,0x18c3,0x18c3,0x18c3,0x18c3,0x18e3,0x18c3,0x18e3,0x18c3,0x18c3,0x18c3,
  0x18c3,0x18c3,0x18c3,0x18c3,0x18c3,0x18c3,0x18c3,0x10c2,0x18c3,0x18c3,0x18c3,0x10c2,0x18c3,0x18c3,0x18c3,0x10a2,
  0x18c3,0x10a2,0x18c3,0x10a2,0x18c3,0x10a2,0x18c3,0x10a2,0x18a3,0x10a2,0x18a3,0x10a2,0x18c3,0x10a2,0x18c3,0x10a2,
  0x18c3,0x10a2,0x18c3,0x10a2,0x18a3,0x10a2,0x10a2,0x10a2,0x18a3,0x1082,0x10a2,0x10a2,0x18a3,0x10a2,0x10a2,0x10a2,
  0x18a3,0x10a2,0x10a2,0x1082,0x10a2,0x1082,0x10a2,0x1082,0x10a2,0x1082,0x10a2,0x1082,0x10a2,0x1082,0x1082,0x1082,
  0x39c7,0x39e7,0x39c7,0x39c7,0x31c6,0x39c7,0x39c7,0x39e7,0x39c7,0x39e7,0x39c7,0x39c7,0x31c6,0x39e7,0x39c7,0x39c7,
  0x31c6,0x39c7,0x39c7,0x39e7,0x31a6,0x39c7,0x31c6,0x39c7,0x31c6,0x39c7,0x31c6,0x39c7,0x31a6,0x39c7,0x31a6,0x39c7,
  0x31a6,0x39c7,0x31a6,0x39a7,0x31a6,0x31a6,0x31a6,0x39c7,0x31a6,0x31a6,0x31a6,0x39a7,0x31a6,0x31a6,0x31a6,0x39a7,
  0x31a6,0x31a6,0x31a6,0x39a7,0x31a6,0x31a6,0x31a6,0x39a7,0x31a6,0x31a6,0x31a6,0x31a6,0x31a6,0x31a6,0x31a6,0x31a6,
  0x3186,0x31a6,0x3186,0x31a6,0x31a6,0x31a6,0x31a6,0x31a6,0x31a6,0x31a6,0x3186,0x31a6,0x2985,0x3186,0x3186,0x31a6,
  0x31a6,0x3186,0x2965,0x3186,0x52aa,0x8430,0x8c71,0x9492,0x8c91,0x9cd3,0x9cd3,0x9cd3,0x8c91,0x8c71,0x8450,0x8430,
  0x73ae,0x738e,0x6b4d,0x8c51,0x9492,0x73ae,0x6b4d,0x6b4d,0x6b6d,0x8410,0x7bef,0x8410,0x8430,0x8410,0x7bef,0x8c51,
  0x8450,0x8430,0x8c71,0x9492,0x8c71,0x8c71,0x8c71,0x9492,0x8c71,0x8c71,0x8c71,0x9492,0x8c71,0x8c71,0x8c51,0x8c51,
  0x8430,0x8430,0x8410,0x8430,0x8410,0x8410,0x7bef,0x7bef,0x73ce,0x7bef,0x7bcf,0x7bef,0x73ae,0x73ae,0x738e,0x738e,
  0x73ae,0x738e,0x6b6d,0x738e,0x6b8d,0x73ae,0x738e,0x73ae,0x738e,0x73ae,0x73ae,0x73ae,0x6b8d,0x738e,0x6b6d,0x738e,
  0x73ae,0x73ae,0x738e,0x736e,0x6b6d,0x6b4d,0x5aeb,0x52aa,0x4a69,0x528a,0x52ca,0x5acb,0x5aeb,0x5aeb,0x4248,0x4a69,
  0x5acb,0x5aeb,0x528a,0x528a,0x39e7,0x31a6,0x2945,0x2124,0x18e3,0x18c3,0x10a2,0x10a2,0x0881,0x1082,0x0881,0x1082,
  0x0861,0x1082,0x1082,0x10a2,0x10a2,0x10a2,0x10a2,0x18a3,0x10a2,0x18c3,0x10a2,0x18c3,0x10c2,0x18c3,0x18c3,0x18e3,
  0x18c3,0x18e3,0x18e3,0x2104,0x18e3,0x2104,0x1903,0x2104,0x1903,0x2124,0x2104,0x2925,0x2124,0x2945,0x2124,0x2945,
  0x2144,0x2945,0x2945,0x2945,0x2124,0x2945,0x2124,0x2945,0x2124,0x2945,0x2124,0x2925,0x2124,0x2124,0x2104,0x2124,
  0x1903,0x2124,0x2124,0x2925,0x1903,0x18e3,0x18c3,0x18e3,0x18e3,0x18e3,0x10a2,0x1082,0x0861,0x10a2,0x0881,0x0861,
  0x0841,0x1082,0x0881,0x18a3,0x10c2,0x18e3,0x2104,0x2104,0x18e3,0x2104,0x18e3,0x18e3,0x18c3,0x18e3,0x18c3,0x18c3,
  0x10c2,0x18c3,0x18c3,0x18c3,0x10c2,0x18c3,0x10c2,0x18c3,0x10c2,0x18c3,0x18c3,0x18e3,0x18c3,0x18e3,0x10c2,0x18c3,
  0x10a2,0x18c3,0x10c2,0x18c3,0x10c2,0x18c3,0x10a2,0x18c3,0x10c2,0x18c3,0x10c2,0x18c3,0x10c2,0x18c3,0x10a2,0x18c3,
  0x10a2,0x18c3,0x10a2,0x18c3,0x10a2,0x18c3,0x10a2,0x18c3,0x10a2,0x18c3,0x10a2,0x18c3,0x10a2,0x18c3,0x10a2,0x18c3,
  0x10a2,0x10a2,0x10a2,0x18a3,0x10a2,0x10a2,0x10a2,0x10a2,0x10a2,0x10a2,0x10a2,0x10a2,0x1082,0x10a2,0x1082,0x10a2,
  0x1082,0x10a2,0x10a2,0x10a2,0x1082,0x10a2,0x1082,0x10a2,0x1082,0x10a2,0x1082,0x10a2,0x1082,0x10a2,0x1082,0x1082,
  0x0881,0x10a2,0x1082,0x10a2,0x1082,0x10a2,0x1082,0x1082,0x39e7,0x39e7,0x39e7,0x39c7,0x39c7,0x39c7,0x39c7,0x39c7,
  0x39e7,0x39c7,0x39e7,0x39c7,0x39c7,0x39e7,0x39e7,0x39c7,0x39c7,0x39c7,0x39e7,0x39c7,0x39c7,0x31a6,0x39c7,0x39c7,
  0x39c7,0x39c7,0x39c7,0x39c7,0x39e7,0x31c6,0x39c7,0x39c7,0x39c7,0x31c6,0x39c7,0x31a6,0x39c7,0x31a6,0x39c7,0x39c7,
  0x39c7,0x31a6,0x39c7,0x31a6,0x39c7,0x31a6,0x39c7,0x31a6,0x39a7,0x31a6,0x39a7,0x31a6,0x39c7,0x31a6,0x39a7,0x31a6,
  0x39a7,0x31a6,0x39a7,0x31a6,0x39c7,0x31a6,0x39a7,0x31a6,0x31a6,0x31a6,0x39a7,0x3186,0x31a6,0x3186,0x39a7,0x31a6,
  0x31a6,0x31a6,0x39a7,0x31a6,0x31a6,0x3186,0x31a6,0x3186,0x39a7,0x3186,0x39a7,0x3186,0x4a49,0x73ce,0x9472,0x8c71,
  0x9492,0x9492,0x9cd3,0x9cd3,0x9cb3,0x94b2,0x9cd3,0x9492,0x8c51,0x8430,0x8410,0x9492,0x9cd3,0x73ce,0x6b4d,0x5aeb,
  0x6b2d,0x7bcf,0x83f0,0x8410,0x8430,0x7c0f,0x8430,0x8c51,0x8c51,0x7bef,0x9472,0x8c71,0x8c51,0x8c51,0x8c71,0x8c71,
  0x9492,0x8c71,0x9492,0x9492,0x9492,0x8c71,0x8c51,0x8430,0x8c31,0x8410,0x8430,0x8410,0x8430,0x8410,0x8410,0x7bef,
  0x7bef,0x7bcf,0x7bef,0x73ae,0x73ae,0x738e,0x73ae,0x738e,0x738e,0x6b6d,0x738e,0x738e,0x7bcf,0x73ce,0x7bcf,0x73ae,
  0x73ae,0x73ae,0x7bcf,0x73ae,0x738e,0x6b6d,0x738e,0x738e,0x73ae,0x738e,0x738e,0x6b4d,0x6b4d,0x5b0b,0x630c,0x5acb,
  0x62ec,0x52aa,0x630c,0x5aeb,0x632c,0x5b0b,0x4a69,0x4a49,0x52aa,0x528a,0x4a69,0x4a49,0x4208,0x31a6,0x3166,0x2945,
  0x2124,0x18c3,0x18c3,0x10a2,0x10a2,0x1082,0x10a2,0x1082,0x0861,0x0861,0x1082,0x1082,0x10a2,0x10a2,0x18a3,0x10a2,
  0x18a3,0x10a2,0x18c3,0x18c3,0x18c3,0x18c3,0x18e3,0x18c3,0x18e3,0x18e3,0x2104,0x2104,0x2104,0x1903,0x2104,0x2104,
  0x2124,0x2104,0x2945,0x2124,0x2945,0x2124,0x2945,0x2945,0x2945,0x2945,0x2945,0x2945,0x2945,0x2124,0x2945,0x2945,
  0x2945,0x2124,0x2925,0x2124,0x2925,0x2104,0x2925,0x2104,0x2124,0x2104,0x2124,0x2104,0x2104,0x18e3,0x18e3,0x18c3,
  0x18e3,0x18c3,0x18a3,0x0861,0x1082,0x10a2,0x18c3,0x1082,0x10a2,0x10a2,0x18c3,0x18e3,0x2104,0x2104,0x2945,0x2124,
  0x2104,0x18e3,0x20e4,0x18e3,0x20e4,0x18e3,0x18e3,0x18c3,0x18e3,0x18c3,0x18e3,0x18c3,0x18e3,0x18c3,0x18c3,0x18c3,
  0x18e3,0x18c3,0x18e3,0x18e3,0x18e3,0x18c3,0x18e3,0x18c3,0x18e3,0x18c3,0x18c3,0x18c3,0x18c3,0x18c3,0x18e3,0x18c3,
  0x18c3,0x10c2,0x18c3,0x18c3,0x18c3,0x10c2,0x18c3,0x18c3,0x18c3,0x10c2,0x18c3,0x18c3,0x18c3,0x10c2,0x18c3,0x18c3,
  0x18c3,0x10c2,0x18c3,0x18c3,0x18c3,0x10a2,0x18c3,0x10a2,0x18c3,0x10a2,0x18c3,0x10a2,0x18a3,0x10a2,0x18a3,0x10a2,
  0x18a3,0x10a2,0x18a3,0x10a2,0x10a2,0x10a2,0x18a3,0x10a2,0x10a2,0x10a2,0x18a3,0x10a2,0x10a2,0x10a2,0x18a3,0x10a2,
  0x10a2,0x10a2,0x10a2,0x1082,0x10a2,0x1082,0x10a2,0x1082,0x10a2,0x1082,0x10a2,0x1082,0x10a2,0x1082,0x10a2,0x1082,
  0x39c7,0x39e7,0x39c7,0x39c7,0x31c6,0x39c7,0x31c6,0x39e7,0x39c7,0x39c7,0x31a6,0x39c7,0x39c7,0x39c7,0x39c7,0x39c7,
  0x31a6,0x39c7,0x31c6,0x39c7,0x31a6,0x39c7,0x39c7,0x39c7,0x31c6,0x39c7,0x31a6,0x39c7,0x31a6,0x39c7,0x31a6,0x39c7,
  0x31c6,0x39c7,0x31a6,0x39c7,0x3186,0x31a6,0x31a6,0x39c7,0x31a6,0x39a7,0x3186,0x31a6,0x31a6,0x31a6,0x31a6,0x31a6,
  0x31a6,0x31a6,0x31a6,0x31a6,0x31a6,0x31a6,0x31a6,0x31a6,0x3186,0x31a6,0x31a6,0x31a6,0x31a6,0x31a6,0x31a6,0x31a6,
  0x3186,0x39a7,0x31a6,0x31a6,0x3186,0x3186,0x2985,0x3186,0x3186,0x31a6,0x3186,0x31a6,0x3186,0x31a6,0x3186,0x3186,
  0x31a6,0x3186,0x31a6,0x31a6,0x31a6,0x6b4d,0x8c51,0x9492,0x8c71,0x9492,0x94b2,0x9cd3,0x94d2,0x9cd3,0x9d13,0xa514,
  0x94b2,0x9cf3,0x8c71,0x94b2,0x94b2,0x7bef,0x6b8d,0x632c,0x630c,0x7bef,0x73ce,0x7bcf,0x8410,0x8410,0x7bcf,0x8430,
  0x8430,0x8410,0x7bef,0x8c51,0x8430,0x8c51,0x8430,0x8c51,0x8c51,0x8c71,0x8c91,0x9492,0x8c71,0x8c51,0x8450,0x8c51,
  0x8450,0x8c51,0x8430,0x8430,0x7bef,0x8410,0x7bef,0x7bef,0x7bcf,0x7bef,0x73ae,0x7bcf,0x7bcf,0x73ae,0x6b6d,0x6b6d,
  0x6b4d,0x738e,0x73ae,0x7bcf,0x73ae,0x7bcf,0x73ae,0x7bcf,0x73ae,0x73ae,0x738e,0x6b6d,0x6b6d,0x7bcf,0x73ce,0x73ae,
  0x6b6d,0x6b6d,0x632c,0x632c,0x5aeb,0x5aeb,0x5aeb,0x4a49,0x4a69,0x4a69,0x632c,0x5acb,0x52aa,0x5acb,0x4248,0x4228,
  0x4208,0x4a29,0x3a07,0x39e7,0x39c7,0x31a6,0x2965,0x2965,0x2124,0x2104,0x18e3,0x10a2,0x0881,0x1082,0x0861,0x0861,
  0x0841,0x1082,0x0861,0x0861,0x0881,0x1082,0x1082,0x10a2,0x10a2,0x18a3,0x10a2,0x18c3,0x10c2,0x18c3,0x10c2,0x18e3,
  0x18c3,0x18c3,0x18c3,0x18e3,0x18e3,0x20e4,0x18e3,0x2104,0x2104,0x2925,0x2124,0x2945,0x2124,0x2945,0x2945,0x2945,
  0x2124,0x2945,0x2144,0x2945,0x2124,0x2124,0x2104,0x2945,0x2124,0x2124,0x2104,0x2945,0x2124,0x2124,0x2124,0x2124,
  0x2124,0x2104,0x10c2,0x18e3,0x2104,0x2104,0x18c3,0x18c3,0x10c2,0x18c3,0x0881,0x0861,0x0861,0x18e3,0x1903,0x18e3,
  0x18c3,0x2104,0x18e3,0x2124,0x2104,0x2124,0x2124,0x2124,0x18e3,0x18e3,0x18e3,0x2104,0x18e3,0x18e3,0x10c2,0x18c3,
  0x18c3,0x18e3,0x18c3,0x18e3,0x18c3,0x18c3,0x18c3,0x18e3,0x18c3,0x18c3,0x10c2,0x18e3,0x18c3,0x18c3,0x10c2,0x18c3,
  0x18c3,0x18c3,0x10c2,0x18c3,0x10a2,0x18c3,0x10c2,0x18c3,0x10a2,0x18c3,0x10a2,0x18c3,0x10a2,0x18c3,0x10a2,0x18c3,
  0x10a2,0x18c3,0x10a2,0x18c3,0x10a2,0x18c3,0x10a2,0x18c3,0x10a2,0x18c3,0x10a2,0x18c3,0x10a2,0x18a3,0x10a2,0x10a2,
  0x10a2,0x10a2,0x10a2,0x10a2,0x10a2,0x18a3,0x10a2,0x10a2,0x10a2,0x18a3,0x10a2,0x10a2,0x1082,0x10a2,0x1082,0x10a2,
  0x1082,0x10a2,0x10a2,0x10a2,0x1082,0x10a2,0x1082,0x10a2,0x1082,0x10a2,0x1082,0x10a2,0x1082,0x10a2,0x1082,0x1082,
  0x1082,0x1082,0x0881,0x1082,0x1082,0x1082,0x0881,0x1082,0x41e8,0x39e7,0x39e7,0x39c7,0x39e7,0x39c7,0x39e7,0x39e7,
  0x39e7,0x39c7,0x39e7,0x39e7,0x41e8,0x39c7,0x39e7,0x39c7,0x39c7,0x39c7,0x39c7,0x39c7,0x39c7,0x39c7,0x39c7,0x39c7,
  0x39c7,0x39c7,0x39c7,0x39c7,0x39c7,0x39c7,0x39c7,0x39c7,0x39c7,0x39c7,0x39c7,0x31a6,0x39c7,0x31a6,0x39c7,0x31a6,
  0x39c7,0x31a6,0x39a7,0x31a6,0x39c7,0x31a6,0x39c7,0x31a6,0x39c7,0x31a6,0x39c7,0x31a6,0x39a7,0x31a6,0x39c7,0x31a6,
  0x39a7,0x31a6,0x31a6,0x3186,0x31a6,0x3186,0x31a6,0x31a6,0x31a6,0x31a6,0x39a7,0x31a6,0x39a7,0x3186,0x31a6,0x3186,
  0x39a7,0x3186,0x31a6,0x3186,0x31a6,0x3186,0x31a6,0x2985,0x31a6,0x31a6,0x39c7,0x3186,0x39a7,0x528a,0x8410,0x9492,
  0x9cb3,0x94b2,0x9492,0x94b2,0xa514,0xa514,0xad55,0xad55,0xad35,0xa514,0x9cf3,0x94d2,0x9cd3,0x8c51,0x738e,0x6b4d,
  0x738e,0x73ae,0x8410,0x73ae,0x8c51,0x8430,0x83f0,0x8410,0x8c51,0x8430,0x8430,0x8410,0x8c71,0x8c51,0x8c51,0x8c51,
  0x9472,0x8410,0x8430,0x8c51,0x8c71,0x8c71,0x8c71,0x8450,0x8c51,0x8430,0x8c51,0x8c51,0x8c31,0x7bef,0x8410,0x7bef,
  0x7bef,0x7bcf,0x7bef,0x73ae,0x73ae,0x738e,0x6b6d,0x73ae,0x7bef,0x6b6d,0x736e,0x73ce,0x7bcf,0x6b6d,0x738e,0x73ae,
  0x83f0,0x738e,0x632c,0x6b4d,0x738e,0x73ae,0x73ae,0x6b6d,0x6b4d,0x6b4d,0x630c,0x4a89,0x39c7,0x4a49,0x6b4d,0x528a,
  0x4a49,0x4228,0x4a69,0x5acb,0x5aeb,0x4a69,0x4a49,0x4208,0x526a,0x4208,0x4208,0x31c6,0x39a7,0x3186,0x2965,0x2124,
  0x20e4,0x18c3,0x2104,0x10c2,0x10a2,0x0861,0x1062,0x0861,0x1062,0x0861,0x1082,0x0841,0x1062,0x1082,0x10a2,0x1082,
  0x10a2,0x10a2,0x10a2,0x1082,0x18c3,0x18c3,0x18c3,0x18c3,0x20e4,0x18e3,0x2104,0x18e3,0x18e3,0x18e3,0x2124,0x1903,
  0x2124,0x2124,0x2925,0x2124,0x2925,0x2124,0x2945,0x2124,0x2945,0x2124,0x2945,0x2124,0x2945,0x2124,0x2925,0x2124,
  0x2925,0x2124,0x2124,0x2124,0x2925,0x2104,0x2124,0x2124,0x2925,0x2124,0x2104,0x18e3,0x2124,0x2104,0x20e4,0x10a2,
  0x18a3,0x18c3,0x10a2,0x0861,0x10a2,0x18e3,0x2124,0x2104,0x2104,0x2104,0x2945,0x2144,0x2124,0x2104,0x2945,0x2124,
  0x2104,0x18e3,0x2104,0x1903,0x20e4,0x18c3,0x18e3,0x18c3,0x18e3,0x18c3,0x18e3,0x18c3,0x18e3,0x18c3,0x18e3,0x18c3,
  0x18c3,0x18c3,0x18e3,0x18c3,0x18e3,0x18c3,0x18c3,0x18c3,0x18e3,0x18c3,0x18c3,0x18c3,0x18c3,0x18c3,0x18c3,0x18c3,
  0x18e3,0x18c3,0x18c3,0x18c3,0x18c3,0x18c3,0x18c3,0x18c3,0x18c3,0x18c3,0x18c3,0x10c2,0x18c3,0x18c3,0x18c3,0x10a2,
  0x18c3,0x10a2,0x18c3,0x10a2,0x18c3,0x10a2,0x18c3,0x10a2,0x18c3,0x10a2,0x18c3,0x10a2,0x18c3,0x10a2,0x18c3,0x10a2,
  0x18c3,0x10a2,0x18a3,0x10a2,0x18a3,0x10a2,0x18a3,0x10a2,0x18a3,0x10a2,0x18a3,0x10a2,0x18a3,0x10a2,0x10a2,0x10a2,
  0x18a3,0x10a2,0x10a2,0x10a2,0x18a3,0x10a2,0x10a2,0x10a2,0x18a3,0x1082,0x10a2,0x1082,0x10a2,0x1082,0x10a2,0x1082,
  0x39c7,0x39e7,0x39c7,0x39c7,0x31c6,0x39e7,0x39c7,0x39c7,0x31c6,0x39c7,0x39c7,0x39c7,0x31c6,0x39c7,0x39c7,0x39c7,
  0x31c6,0x39c7,0x39c7,0x39c7,0x31c6,0x39c7,0x31a6,0x39c7,0x31c6,0x39c7,0x31a6,0x39c7,0x31c6,0x39c7,0x31a6,0x39c7,
  0x31c6,0x39c7,0x31a6,0x31a6,0x31a6,0x39c7,0x31a6,0x39c7,0x31a6,0x31a6,0x31a6,0x31a6,0x31a6,0x31a6,0x31a6,0x39a7,
  0x31a6,0x31a6,0x31a6,0x39a7,0x3186,0x31a6,0x31a6,0x39c7,0x31a6,0x31a6,0x31a6,0x31a6,0x3186,0x31a6,0x31a6,0x31a6,
  0x3186,0x31a6,0x3186,0x31a6,0x3186,0x31a6,0x3186,0x31a6,0x3186,0x31a6,0x3186,0x31a6,0x3186,0x31a6,0x3186,0x31a6,
  0x31a6,0x31a6,0x31a6,0x3186,0x2985,0x4208,0x6b6d,0x9472,0x94b2,0x9492,0x8c71,0x94b2,0x9cf3,0xa534,0xa554,0xad75,
  0xa554,0xa534,0x9d13,0x9cf3,0x94d2,0x8c51,0x73ae,0x73ae,0x6b6d,0x6b6d,0x7bef,0x8410,0x6b6d,0x7bef,0x8430,0x8c71,
  0x8450,0x8410,0x7bef,0x8430,0x8430,0x8c51,0x8430,0x8c51,0x8430,0x8410,0x8410,0x8c71,0x8450,0x8c51,0x8430,0x8c51,
  0x8430,0x8430,0x8410,0x8c51,0x8410,0x8410,0x7c0f,0x8410,0x73ce,0x7bcf,0x73ae,0x6b6d,0x6b6d,0x738e,0x6b4d,0x738e,
  0x6b6d,0x73ae,0x738e,0x73ae,0x738e,0x738e,0x7bcf,0x73ae,0x738e,0x73ae,0x7bef,0x738e,0x6b6d,0x6b4d,0x6b4d,0x6b4d,
  0x5aeb,0x528a,0x5aeb,0x52aa,0x5aeb,0x5aeb,0x5acb,0x528a,0x5b0b,0x5aeb,0x4a49,0x62ec,0x4a49,0x4228,0x39c7,0x39e7,
  0x4208,0x39e7,0x31a6,0x31a6,0x2965,0x2965,0x2965,0x2965,0x1903,0x18c3,0x10a2,0x18c3,0x10a2,0x1082,0x0861,0x0841,
  0x0040,0x0861,0x0841,0x0861,0x0841,0x1082,0x0881,0x1082,0x0881,0x10a2,0x10a2,0x10a2,0x10a2,0x18c3,0x10a2,0x18c3,
  0x10c2,0x18e3,0x18e3,0x18e3,0x18c3,0x18e3,0x2104,0x2104,0x2104,0x2124,0x2104,0x2124,0x2124,0x2945,0x2124,0x2945,
  0x2144,0x2945,0x2124,0x2945,0x2144,0x2945,0x2124,0x2945,0x2124,0x2945,0x2124,0x2945,0x2124,0x2124,0x2124,0x2945,
  0x2104,0x2124,0x1903,0x18e3,0x18e3,0x2104,0x18c3,0x18c3,0x1082,0x18c3,0x0881,0x0861,0x10a2,0x2104,0x2124,0x2124,
  0x2104,0x2124,0x2144,0x2945,0x1903,0x2104,0x2124,0x2945,0x2104,0x2104,0x1903,0x2104,0x18e3,0x18e3,0x18c3,0x18e3,
  0x18c3,0x18c3,0x18c3,0x18e3,0x18c3,0x18e3,0x18c3,0x18c3,0x10c2,0x18c3,0x18c3,0x18c3,0x10c2,0x18c3,0x10c2,0x18c3,
  0x10c2,0x18c3,0x10c2,0x18c3,0x10c2,0x18c3,0x10c2,0x18c3,0x10c2,0x18c3,0x10c2,0x18c3,0x10c2,0x18c3,0x10c2,0x18c3,
  0x10c2,0x18c3,0x10a2,0x18c3,0x10a2,0x18c3,0x10a2,0x18c3,0x10a2,0x18c3,0x10a2,0x18c3,0x10a2,0x18c3,0x10a2,0x18c3,
  0x10a2,0x18c3,0x10a2,0x18c3,0x10a2,0x10a2,0x10a2,0x18a3,0x10a2,0x10a2,0x10a2,0x10a2,0x10a2,0x10a2,0x10a2,0x10a2,
  0x1082,0x10a2,0x10a2,0x10a2,0x1082,0x10a2,0x1082,0x10a2,0x1082,0x10a2,0x1082,0x10a2,0x1082,0x10a2,0x1082,0x10a2,
  0x1082,0x10a2,0x1082,0x10a2,0x1082,0x10a2,0x1082,0x10a2,0x39e7,0x39c7,0x39e7,0x39c7,0x39e7,0x39c7,0x41e8,0x39c7,
  0x39c7,0x39c7,0x39c7,0x39c7,0x39c7,0x31c6,0x39c7,0x39c7,0x39e7,0x39c7,0x39e7,0x39c7,0x39e7,0x31c6,0x39c7,0x39c7,
  0x39c7,0x39c7,0x39c7,0x39c7,0x39e7,0x31c6,0x39c7,0x39c7,0x39c7,0x31c6,0x39c7,0x31a6,0x39c7,0x31a6,0x39c7,0x31a6,
  0x39c7,0x31a6,0x39c7,0x31a6,0x39c7,0x31a6,0x39c7,0x31a6,0x39c7,0x31a6,0x39c7,0x31a6,0x39a7,0x31a6,0x39c7,0x31a6,
  0x39c7,0x31a6,0x39c7,0x31a6,0x39a7,0x31a6,0x39c7,0x31a6,0x39a7,0x3186,0x31a6,0x31a6,0x31a6,0x31a6,0x39a7,0x31a6,
  0x31a6,0x3186,0x39a7,0x31a6,0x31a6,0x3186,0x31a6,0x31a6,0x39c7,0x3186,0x31a6,0x3186,0x31a6,0x3186,0x5aab,0x8430,
  0x9cd3,0x9492,0x94b2,0x9cd3,0xa514,0xa534,0xad55,0xad75,0xad75,0xa554,0xad35,0x9cf3,0x9cd3,0x8450,0x7bef,0x738e,
  0x6b2d,0x6b4d,0x7bef,0x7bcf,0x738e,0x7bef,0x8c51,0x8c51,0x8c51,0x8410,0x8c31,0x8c51,0x8430,0x8430,0x8c51,0x8430,
  0x8410,0x8410,0x8c51,0x8c51,0x8c71,0x8c51,0x8c51,0x8430,0x8c71,0x8450,0x8c31,0x8430,0x8430,0x8410,0x8430,0x8410,
  0x7bef,0x73ae,0x7baf,0x6b6d,0x7bcf,0x7bcf,0x7bcf,0x73ae,0x73ae,0x73ae,0x738e,0x6b4d,0x738e,0x738e,0x7bcf,0x632c,
  0x62ec,0x73ae,0x6b4d,0x6b6d,0x6b6d,0x6b6d,0x5aeb,0x6b6d,0x6b4d,0x632c,0x5aeb,0x4a69,0x526a,0x39e7,0x526a,0x528a,
  0x5acb,0x6b4d,0x5aab,0x52aa,0x4a29,0x39e7,0x39c7,0x31a6,0x39e7,0x31a6,0x39c7,0x31a6,0x39c7,0x3186,0x3186,0x2965,
  0x2945,0x18e3,0x18e3,0x18c3,0x18c3,0x1082,0x1082,0x0861,0x0861,0x0841,0x0861,0x0841,0x0861,0x0861,0x1082,0x1082,
  0x10a2,0x10a2,0x18c3,0x10a2,0x18a3,0x10a2,0x18a3,0x10a2,0x10a2,0x10a2,0x20e4,0x18e3,0x18e3,0x18e3,0x2104,0x2104,
  0x2925,0x2124,0x2124,0x2104,0x2124,0x2124,0x2945,0x2945,0x2945,0x2124,0x2925,0x2124,0x2945,0x2124,0x2945,0x2945,
  0x2945,0x2144,0x2965,0x2945,0x2945,0x2124,0x2945,0x2124,0x2124,0x2104,0x2104,0x18c3,0x2104,0x18e3,0x20e4,0x18c3,
  0x10a2,0x10a2,0x10a2,0x0861,0x18e3,0x2104,0x2925,0x2104,0x2124,0x2124,0x2945,0x2124,0x2124,0x2104,0x2945,0x2124,
  0x2124,0x2104,0x2104,0x2104,0x20e4,0x18e3,0x20e4,0x18e3,0x18e3,0x18c3,0x18e3,0x18c3,0x18e3,0x18c3,0x18e3,0x18c3,
  0x18c3,0x18c3,0x18e3,0x18c3,0x18e3,0x18c3,0x18c3,0x18c3,0x18e3,0x18c3,0x18c3,0x18c3,0x18c3,0x18c3,0x18c3,0x18c3,
  0x18e3,0x18c3,0x18c3,0x18c3,0x18c3,0x18c3,0x18c3,0x18c3,0x18c3,0x18c3,0x18c3,0x18c3,0x18c3,0x10c2,0x18c3,0x10a2,
  0x18c3,0x10a2,0x18c3,0x10a2,0x18c3,0x10a2,0x18c3,0x10a2,0x18c3,0x10a2,0x18c3,0x10a2,0x18c3,0x10a2,0x18c3,0x10a2,
  0x18c3,0x10a2,0x18a3,0x10a2,0x18a3,0x10a2,0x18a3,0x10a2,0x10a2,0x10a2,0x18a3,0x10a2,0x10a2,0x10a2,0x18a3,0x10a2,
  0x10a2,0x10a2,0x18a3,0x10a2,0x10a2,0x10a2,0x18a3,0x10a2,0x10a2,0x1082,0x10a2,0x1082,0x10a2,0x1082,0x10a2,0x1082,
  0x39c7,0x39c7,0x31c6,0x39c7,0x39c7,0x39e7,0x39c7,0x39c7,0x39c7,0x39e7,0x39c7,0x39e7,0x39c7,0x39c7,0x31c6,0x39c7,
  0x39c7,0x39e7,0x31c6,0x39c7,0x31c6,0x39c7,0x31a6,0x39c7,0x31c6,0x39c7,0x31a6,0x39c7,0x39c7,0x39c7,0x31a6,0x39c7,
  0x31a6,0x39c7,0x31a6,0x31a6,0x31a6,0x39c7,0x31a6,0x39c7,0x31a6,0x39a7,0x31a6,0x31a6,0x31a6,0x39a7,0x31a6,0x31a6,
  0x31a6,0x31a6,0x31a6,0x31a6,0x31a6,0x39a7,0x31a6,0x39c7,0x31a6,0x39a7,0x31a6,0x31a6,0x31a6,0x39a7,0x31a6,0x31a6,
  0x31a6,0x31a6,0x3186,0x31a6,0x3186,0x31a6,0x31a6,0x31a6,0x3186,0x31a6,0x3186,0x31a6,0x3186,0x31a6,0x3186,0x3186,
  0x31a6,0x3186,0x2965,0x31a6,0x3186,0x3186,0x39e7,0x738e,0x9492,0x94b2,0x94b2,0x9cf3,0x9d13,0xad35,0xa534,0xad55,
  0xa534,0xa534,0x9d13,0xa514,0x9cd3,0x9492,0x7bcf,0x6b6d,0x630c,0x738e,0x7bcf,0x738e,0x7bcf,0x8430,0x7c0f,0x8430,
  0x8430,0x8c31,0x8430,0x8c51,0x8410,0x8c51,0x8430,0x8c51,0x8430,0x8c71,0x8430,0x8430,0x8c51,0x8c71,0x8450,0x8c51,
  0x8430,0x8c51,0x8430,0x8430,0x8410,0x8410,0x8410,0x8410,0x7bcf,0x73ae,0x73ae,0x73ae,0x73ce,0x7bcf,0x73ae,0x73ae,
  0x738e,0x738e,0x73ae,0x7bef,0x73ae,0x6b4d,0x6b6d,0x738e,0x6b6d,0x738e,0x73ae,0x73ae,0x6b6d,0x5acb,0x4a69,0x528a,
  0x4a49,0x4a49,0x4a69,0x630c,0x6b4d,0x4a69,0x4228,0x5acb,0x4a49,0x5aab,0x4a49,0x4a69,0x39c7,0x4208,0x31a6,0x31a6,
  0x31a6,0x39a7,0x31a6,0x39c7,0x31a6,0x31a6,0x2985,0x2965,0x2124,0x2104,0x18c3,0x18c3,0x10a2,0x10a2,0x0861,0x0861,
  0x0861,0x0861,0x0861,0x0861,0x0841,0x0861,0x0861,0x0861,0x0881,0x10a2,0x0881,0x1082,0x1082,0x10a2,0x1082,0x1082,
  0x1082,0x1082,0x10a2,0x18e3,0x10c2,0x18c3,0x18e3,0x2124,0x2104,0x2124,0x2104,0x2104,0x2104,0x2124,0x2124,0x2124,
  0x2104,0x2124,0x2104,0x2124,0x2124,0x2124,0x2124,0x2945,0x2124,0x2945,0x2144,0x2945,0x2104,0x2124,0x2124,0x2124,
  0x18e3,0x2104,0x18e3,0x18e3,0x18e3,0x20e4,0x18e3,0x18e3,0x1082,0x18c3,0x1082,0x10a2,0x18e3,0x2104,0x1903,0x2104,
  0x2104,0x2925,0x2104,0x2124,0x2104,0x2104,0x2104,0x2124,0x2124,0x2124,0x1903,0x18e3,0x18e3,0x18e3,0x18c3,0x18e3,
  0x18c3,0x18e3,0x18c3,0x18e3,0x18c3,0x18c3,0x10c2,0x18c3,0x18c3,0x18c3,0x10c2,0x18c3,0x18c3,0x18c3,0x10c2,0x18c3,
  0x18c3,0x18c3,0x10c2,0x18c3,0x10c2,0x18c3,0x10c2,0x18c3,0x18c3,0x18c3,0x10c2,0x18c3,0x10c2,0x18c3,0x10c2,0x18c3,
  0x10c2,0x18c3,0x10a2,0x18c3,0x10a2,0x18c3,0x10a2,0x18c3,0x10a2,0x18c3,0x10a2,0x18c3,0x10a2,0x18c3,0x10a2,0x18c3,
  0x10a2,0x18c3,0x10a2,0x18c3,0x10a2,0x18a3,0x10a2,0x10a2,0x10a2,0x18a3,0x10a2,0x10a2,0x10a2,0x10a2,0x10a2,0x10a2,
  0x1082,0x10a2,0x10a2,0x10a2,0x1082,0x10a2,0x1082,0x10a2,0x1082,0x10a2,0x1082,0x10a2,0x1082,0x10a2,0x1082,0x10a2,
  0x1082,0x10a2,0x1082,0x10a2,0x1082,0x10a2,0x1082,0x10a2,0x39e7,0x39c7,0x39e7,0x39c7,0x39e7,0x39e7,0x39e7,0x39c7,
  0x39e7,0x39c7,0x39e7,0x39e7,0x39e7,0x39c7,0x39e7,0x39c7,0x39e7,0x39c7,0x39e7,0x39c7,0x39c7,0x39c7,0x39c7,0x39c7,
  0x39c7,0x39c7,0x39c7,0x39c7,0x39e7,0x39c7,0x39c7,0x31c6,0x39c7,0x39c7,0x39c7,0x31a6,0x39c7,0x31a6,0x39c7,0x31a6,
  0x39c7,0x31a6,0x39c7,0x31a6,0x39c7,0x31a6,0x39c7,0x31a6,0x39c7,0x31a6,0x39a7,0x31a6,0x39c7,0x31a6,0x39c7,0x31a6,
  0x39c7,0x31a6,0x31a6,0x31a6,0x39a7,0x31a6,0x39c7,0x31a6,0x31a6,0x31a6,0x39a7,0x31a6,0x39a7,0x31a6,0x31a6,0x3186,
  0x31a6,0x31a6,0x31a6,0x31a6,0x39a7,0x31a6,0x31a6,0x2985,0x39c7,0x31a6,0x3186,0x3186,0x39a7,0x31a6,0x31a6,0x52aa,
  0x8c31,0x9492,0x9cd3,0x9cf3,0xa514,0xa534,0xad55,0xa514,0xa534,0xa514,0xa514,0x9cf3,0xa514,0x9cd3,0x8c31,0x6b8d,
  0x6b4d,0x738e,0x7bcf,0x738e,0x7bcf,0x8430,0x8c51,0x8450,0x8c51,0x8430,0x8c31,0x8430,0x8c51,0x8c71,0x8c51,0x8c51,
  0x9472,0x8c51,0x8c51,0x8430,0x8c51,0x8c51,0x8c51,0x8450,0x8c51,0x8c51,0x8c51,0x8430,0x8430,0x8410,0x8410,0x7bef,
  0x7bcf,0x73ae,0x7bef,0x7bef,0x7baf,0x6b6d,0x738e,0x6b6d,0x630c,0x6b4d,0x738e,0x6b8d,0x6b6d,0x632c,0x73ae,0x7bcf,
  0x6b4d,0x4a69,0x632c,0x6b6d,0x5acb,0x5acb,0x632c,0x4a69,0x5acb,0x4a69,0x630c,0x5aeb,0x5aab,0x39e7,0x4208,0x4a49,
  0x5aab,0x4a69,0x4228,0x4a89,0x39e7,0x4208,0x31a6,0x2965,0x3186,0x31a6,0x3186,0x2985,0x3166,0x3186,0x39c7,0x3186,
  0x2965,0x2104,0x18c3,0x18c3,0x18c3,0x10a2,0x1082,0x0861,0x1082,0x0861,0x1082,0x0861,0x1062,0x0861,0x0861,0x0841,
  0x1062,0x1082,0x1082,0x0881,0x10a2,0x10a2,0x18c3,0x10a2,0x10a2,0x10a2,0x18c3,0x18c3,0x18c3,0x10a2,0x18c3,0x18e3,
  0x2124,0x2104,0x2124,0x2104,0x2124,0x2124,0x2124,0x2124,0x2945,0x2124,0x2945,0x2144,0x2945,0x2945,0x2945,0x2124,
  0x2945,0x2124,0x2945,0x2124,0x2124,0x2104,0x2124,0x2104,0x20e4,0x18e3,0x20e4,0x18e3,0x2104,0x2104,0x2104,0x18e3,
  0x10a2,0x10a2,0x18c3,0x10c2,0x2104,0x2104,0x2104,0x2104,0x2124,0x2124,0x2124,0x2104,0x2124,0x2104,0x2124,0x2124,
  0x2925,0x2124,0x2104,0x18e3,0x20e4,0x18c3,0x18e3,0x18e3,0x20e4,0x18e3,0x18e3,0x18c3,0x18e3,0x18c3,0x18e3,0x18c3,
  0x18e3,0x18c3,0x18e3,0x18c3,0x18e3,0x18c3,0x18c3,0x18c3,0x18e3,0x18c3,0x18c3,0x18c3,0x18c3,0x18c3,0x18c3,0x18c3,
  0x18e3,0x18c3,0x18c3,0x18c3,0x18c3,0x18c3,0x18c3,0x18c3,0x18c3,0x18c3,0x18c3,0x10c2,0x18c3,0x18c3,0x18c3,0x10a2,
  0x18c3,0x10a2,0x18c3,0x10a2,0x18c3,0x10a2,0x18c3,0x10a2,0x18c3,0x10a2,0x18c3,0x10a2,0x18c3,0x10a2,0x18c3,0x10a2,
  0x18c3,0x10a2,0x18a3,0x10a2,0x18a3,0x10a2,0x18a3,0x10a2,0x18a3,0x10a2,0x18a3,0x10a2,0x18a3,0x10a2,0x10a2,0x10a2,
  0x18a3,0x10a2,0x10a2,0x10a2,0x18a3,0x10a2,0x10a2,0x10a2,0x18a3,0x1082,0x10a2,0x1082,0x10a2,0x1082,0x10a2,0x1082,
  0x39c7,0x39e7,0x39c7,0x39c7,0x39c7,0x39e7,0x39c7,0x39c7,0x31c6,0x39e7,0x39c7,0x39c7,0x39c7,0x39c7,0x31c6,0x39c7,
  0x31c6,0x39c7,0x31c6,0x39c7,0x31a6,0x39c7,0x31a6,0x39c7,0x31c6,0x39c7,0x31a6,0x39c7,0x31c6,0x39c7,0x31a6,0x39c7,
  0x31a6,0x39c7,0x31a6,0x39c7,0x31a6,0x39c7,0x31a6,0x39c7,0x31a6,0x31a6,0x31a6,0x31a6,0x31a6,0x31a6,0x31a6,0x39a7,
  0x31a6,0x31a6,0x31a6,0x39a7,0x31a6,0x39c7,0x31a6,0x31a6,0x31a6,0x31a6,0x3186,0x31a6,0x31a6,0x31a6,0x31a6,0x31a6,
  0x2985,0x31a6,0x31a6,0x31a6,0x3186,0x31a6,0x3186,0x31a6,0x3186,0x31a6,0x3186,0x31a6,0x3186,0x31a6,0x3186,0x31a6,
  0x31a6,0x31a6,0x3186,0x31a6,0x2985,0x31a6,0x3186,0x4228,0x6b6d,0x9492,0x94b2,0xa4f4,0xa534,0xa534,0xa514,0xa514,
  0x9d13,0xa514,0x9cf3,0xa514,0x9cf3,0x9cd3,0x8c51,0x73ae,0x630c,0x632c,0x6b6d,0x73ae,0x73ae,0x8c51,0x8c71,0x8430,
  0x8410,0x8c51,0x8c71,0x8c51,0x8430,0x9492,0x8410,0x8c51,0x8430,0x8410,0x8450,0x8c51,0x8430,0x8430,0x8430,0x8c51,
  0x8c51,0x8c51,0x8430,0x8430,0x8410,0x8410,0x7bcf,0x7bcf,0x73ce,0x7bef,0x7bef,0x7bef,0x6b6d,0x6b4d,0x634c,0x630c,
  0x5acb,0x6b4d,0x632c,0x6b4d,0x738e,0x738e,0x5aeb,0x6b4d,0x630c,0x528a,0x52aa,0x630c,0x5b0b,0x630c,0x5acb,0x5acb,
  0x52aa,0x5acb,0x4228,0x528a,0x528a,0x52aa,0x4228,0x4a49,0x52aa,0x52aa,0x3a07,0x3186,0x39e7,0x39e7,0x3186,0x2965,
  0x2144,0x3186,0x2965,0x2945,0x2985,0x31a6,0x2985,0x2965,0x2144,0x2945,0x2124,0x2104,0x18c3,0x18c3,0x1082,0x1082,
  0x0861,0x0861,0x0861,0x1082,0x0861,0x0861,0x0841,0x0841,0x0841,0x1082,0x0881,0x10a2,0x1082,0x10a2,0x10a2,0x18a3,
  0x0881,0x18c3,0x10a2,0x18c3,0x10c2,0x10a2,0x10a2,0x18c3,0x18e3,0x2104,0x2104,0x2124,0x2104,0x2104,0x2104,0x2124,
  0x2124,0x2124,0x2124,0x2945,0x2124,0x2945,0x2124,0x2945,0x2144,0x2945,0x2124,0x2124,0x2124,0x2124,0x2104,0x2104,
  0x18e3,0x18e3,0x18e3,0x18e3,0x1903,0x2104,0x18e3,0x18e3,0x0881,0x18c3,0x10a2,0x18c3,0x18e3,0x2124,0x2104,0x2124,
  0x2104,0x2124,0x2104,0x2104,0x2104,0x2124,0x2104,0x2104,0x2104,0x2104,0x18e3,0x18e3,0x18c3,0x18e3,0x18c3,0x18e3,
  0x18e3,0x18e3,0x18c3,0x18c3,0x10c2,0x18c3,0x18c3,0x18c3,0x10c2,0x18c3,0x18c3,0x18c3,0x10c2,0x18c3,0x10c2,0x18c3,
  0x10c2,0x18c3,0x10c2,0x18c3,0x10c2,0x18c3,0x10c2,0x18c3,0x10c2,0x18c3,0x10c2,0x18c3,0x10c2,0x18c3,0x10c2,0x18c3,
  0x10c2,0x18c3,0x10a2,0x18c3,0x10a2,0x18c3,0x10a2,0x18c3,0x10a2,0x18c3,0x10a2,0x18c3,0x10a2,0x18c3,0x10a2,0x18c3,
  0x10a2,0x18c3,0x10a2,0x18c3,0x10a2,0x10a2,0x10a2,0x18a3,0x10a2,0x10a2,0x10a2,0x10a2,0x10a2,0x10a2,0x10a2,0x10a2,
  0x1082,0x10a2,0x10a2,0x10a2,0x1082,0x10a2,0x1082,0x10a2,0x1082,0x10a2,0x1082,0x10a2,0x1082,0x10a2,0x1082,0x10a2,
  0x1082,0x10a2,0x1082,0x10a2,0x1082,0x10a2,0x1082,0x10a2,0x39e7,0x39c7,0x39e7,0x39c7,0x39e7,0x39c7,0x39e7,0x39c7,
  0x39e7,0x39c7,0x39e7,0x39c7,0x39e7,0x39c7,0x39e7,0x39c7,0x39e7,0x39c7,0x39e7,0x39c7,0x39e7,0x31c6,0x39c7,0x39c7,
  0x39c7,0x39c7,0x39c7,0x39c7,0x39e7,0x31c6,0x39c7,0x31a6,0x39c7,0x31c6,0x39c7,0x39c7,0x39c7,0x31a6,0x39c7,0x31a6,
  0x39c7,0x31a6,0x39c7,0x31a6,0x39c7,0x31a6,0x39c7,0x31a6,0x39c7,0x31a6,0x39a7,0x31a6,0x39c7,0x31a6,0x39a7,0x31a6,
  0x39c7,0x31a6,0x39a7,0x31a6,0x39a7,0x31a6,0x39c7,0x31a6,0x31a6,0x3186,0x31a6,0x31a6,0x31a6,0x31a6,0x39a7,0x31a6,
  0x31a6,0x3186,0x31a6,0x3186,0x31a6,0x3186,0x39a7,0x3186,0x31a6,0x3186,0x31a6,0x31a6,0x3186,0x3186,0x39c7,0x3186,
  0x52aa,0x8430,0x94b2,0x9cf3,0xa534,0x9d13,0xa534,0x9cf3,0xa514,0xa534,0xa514,0x9cf3,0xa514,0x9cf3,0x9492,0x738e,
  0x630c,0x5b0b,0x6b6d,0x73ae,0x7bef,0x8430,0x8430,0x7bef,0x8c31,0x8430,0x8c51,0x8c71,0x8410,0x8430,0x8430,0x8430,
  0x8410,0x7bef,0x8c71,0x8c51,0x8c31,0x8430,0x8c51,0x8c51,0x8c51,0x8430,0x8c51,0x8430,0x8c31,0x8410,0x83f0,0x7bcf,
  0x7bef,0x7bef,0x7baf,0x73ae,0x6b6d,0x738e,0x73ae,0x630c,0x73ae,0x632c,0x5acb,0x4a69,0x5acb,0x5acb,0x5acb,0x6b4d,
  0x630c,0x6b4d,0x630c,0x4208,0x5aab,0x4a49,0x39a7,0x4208,0x3186,0x4a69,0x528a,0x528a,0x52aa,0x630c,0x632c,0x528a,
  0x630c,0x4a69,0x4a69,0x3186,0x41e8,0x39c7,0x3186,0x2945,0x2124,0x2945,0x2945,0x2124,0x3186,0x2965,0x2945,0x2124,
  0x2965,0x2945,0x2925,0x18e3,0x18e3,0x18c3,0x18c3,0x1082,0x1082,0x0861,0x1062,0x0861,0x1082,0x0861,0x1062,0x0841,
  0x0861,0x0861,0x10a2,0x1082,0x10a2,0x1082,0x18a3,0x1082,0x1062,0x0861,0x1082,0x1082,0x18a3,0x10a2,0x18c3,0x18c3,
  0x20e4,0x18e3,0x2124,0x2124,0x2124,0x2104,0x2104,0x2104,0x2124,0x2124,0x2945,0x2945,0x2945,0x2124,0x2925,0x2945,
  0x2945,0x2144,0x2925,0x2104,0x2945,0x2124,0x2124,0x2104,0x20e4,0x18e3,0x20e4,0x18c3,0x2104,0x1903,0x2104,0x18e3,
  0x18a3,0x18c3,0x10a2,0x1082,0x2104,0x2124,0x2945,0x2124,0x2124,0x2124,0x2124,0x2104,0x2925,0x2124,0x2104,0x18e3,
  0x2104,0x1903,0x20e4,0x18c3,0x18c3,0x18c3,0x18e3,0x18e3,0x18e3,0x18e3,0x20e4,0x18c3,0x18e3,0x18c3,0x18e3,0x18c3,
  0x18e3,0x18c3,0x18e3,0x18c3,0x18e3,0x18c3,0x18c3,0x18c3,0x18e3,0x18c3,0x18c3,0x18c3,0x18c3,0x18c3,0x18c3,0x18c3,
  0x18e3,0x18c3,0x18c3,0x18c3,0x18c3,0x18c3,0x18c3,0x18c3,0x18c3,0x18c3,0x18c3,0x18c3,0x18c3,0x10c2,0x18c3,0x10a2,
  0x18c3,0x10a2,0x18c3,0x10a2,0x18c3,0x10a2,0x18c3,0x10a2,0x18c3,0x10a2,0x18c3,0x10a2,0x18c3,0x10a2,0x18c3,0x10a2,
  0x18c3,0x10a2,0x18a3,0x10a2,0x18a3,0x10a2,0x18a3,0x10a2,0x10a2,0x10a2,0x18a3,0x10a2,0x10a2,0x10a2,0x18a3,0x10a2,
  0x10a2,0x10a2,0x18a3,0x10a2,0x10a2,0x10a2,0x18a3,0x10a2,0x10a2,0x1082,0x10a2,0x1082,0x10a2,0x1082,0x10a2,0x1082,
  0x39c7,0x39e7,0x39c7,0x39e7,0x39c7,0x39c7,0x39c7,0x39c7,0x39c7,0x39c7,0x39c7,0x39e7,0x39c7,0x39c7,0x31c6,0x39c7,
  0x39c7,0x39c7,0x31c6,0x39c7,0x39c7,0x39c7,0x31c6,0x39c7,0x31c6,0x39c7,0x31c6,0x39c7,0x39c7,0x39c7,0x31a6,0x39c7,
  0x31a6,0x39c7,0x31a6,0x39c7,0x31a6,0x39c7,0x31a6,0x39c7,0x31a6,0x39a7,0x31a6,0x31a6,0x31a6,0x39c7,0x31a6,0x39c7,
  0x31a6,0x31a6,0x31a6,0x31a6,0x31a6,0x39a7,0x31a6,0x31a6,0x31a6,0x31a6,0x31a6,0x31a6,0x31a6,0x31a6,0x31a6,0x31a6,
  0x31a6,0x31a6,0x3186,0x31a6,0x3186,0x31a6,0x31a6,0x31a6,0x3186,0x31a6,0x3186,0x31a6,0x3186,0x31a6,0x3186,0x3186,
  0x3186,0x3186,0x3186,0x31a6,0x3186,0x3186,0x31c6,0x2965,0x31a6,0x6b6d,0x8430,0x94b2,0x9cf3,0xa514,0x9d13,0x9cf3,
  0x9cf3,0xa514,0x9cf3,0x9cf3,0xa514,0xa514,0x8430,0x6b4d,0x632c,0x6b4d,0x6b4d,0x73ae,0x7bef,0x8c31,0x8430,0x8410,
  0x8410,0x8430,0x7bef,0x8410,0x7bcf,0x8430,0x8410,0x8c51,0x8410,0x8410,0x8430,0x8430,0x8410,0x8c71,0x8450,0x8c51,
  0x8430,0x8430,0x8450,0x8c51,0x8430,0x8410,0x7bcf,0x7bef,0x7c0f,0x7bcf,0x630c,0x5acb,0x5aeb,0x6b6d,0x52aa,0x4a49,
  0x52aa,0x5acb,0x39c7,0x528a,0x4a69,0x39e7,0x4a89,0x630c,0x4a69,0x5aeb,0x5aeb,0x52aa,0x31c6,0x4208,0x39e7,0x4a49,
  0x39e7,0x5acb,0x4a89,0x4228,0x52aa,0x528a,0x4248,0x5acb,0x630c,0x528a,0x4a49,0x4a49,0x4208,0x31a6,0x2985,0x2965,
  0x2104,0x2124,0x1903,0x2945,0x2124,0x2945,0x2124,0x2945,0x2945,0x2945,0x1903,0x2104,0x18e3,0x18e3,0x10a2,0x10a2,
  0x0861,0x1082,0x0841,0x0861,0x0861,0x1082,0x0861,0x0861,0x0861,0x1082,0x0881,0x10a2,0x0881,0x1082,0x1082,0x1082,
  0x0841,0x0841,0x0861,0x10a2,0x10a2,0x10a2,0x0881,0x10a2,0x18c3,0x20e4,0x1903,0x2124,0x2104,0x2104,0x1903,0x2104,
  0x2104,0x2124,0x2124,0x2945,0x2124,0x2124,0x2124,0x2945,0x2124,0x2124,0x1903,0x2104,0x2104,0x2925,0x2104,0x2104,
  0x18e3,0x2104,0x18c3,0x18e3,0x18e3,0x18e3,0x18c3,0x18e3,0x18c3,0x2104,0x18c3,0x18c3,0x18c3,0x2104,0x2124,0x2124,
  0x2104,0x2124,0x2104,0x2104,0x2104,0x2124,0x1903,0x2104,0x1903,0x2104,0x18e3,0x18e3,0x18c3,0x18e3,0x18c3,0x18e3,
  0x18c3,0x18e3,0x18e3,0x18e3,0x18c3,0x18c3,0x18c3,0x18e3,0x18c3,0x18c3,0x10c2,0x18c3,0x18c3,0x18c3,0x10c2,0x18c3,
  0x10c2,0x18c3,0x10c2,0x18c3,0x18c3,0x18c3,0x10a2,0x18c3,0x18c3,0x18c3,0x10c2,0x18c3,0x10c2,0x18c3,0x10c2,0x18c3,
  0x10c2,0x18c3,0x10a2,0x18c3,0x10a2,0x18c3,0x10a2,0x18c3,0x10a2,0x18c3,0x10a2,0x18c3,0x10a2,0x18a3,0x10a2,0x18c3,
  0x10a2,0x18c3,0x10a2,0x18c3,0x10a2,0x18c3,0x10a2,0x18c3,0x10a2,0x18a3,0x10a2,0x10a2,0x10a2,0x10a2,0x10a2,0x10a2,
  0x10a2,0x10a2,0x1082,0x10a2,0x10a2,0x10a2,0x10a2,0x10a2,0x1082,0x10a2,0x1082,0x10a2,0x1082,0x10a2,0x1082,0x10a2,
  0x1082,0x10a2,0x1082,0x10a2,0x1082,0x10a2,0x0881,0x1082,0x41e8,0x39e7,0x39e7,0x39c7,0x39e7,0x39c7,0x39e7,0x39c7,
  0x39e7,0x39c7,0x39e7,0x39c7,0x39e7,0x39c7,0x39e7,0x39c7,0x39e7,0x39c7,0x39e7,0x39c7,0x39e7,0x39c7,0x39e7,0x31c6,
  0x39c7,0x39c7,0x39c7,0x39c7,0x39c7,0x39c7,0x39c7,0x39c7,0x39c7,0x39c7,0x39c7,0x31a6,0x39c7,0x39c7,0x39c7,0x31a6,
  0x39c7,0x31a6,0x39c7,0x31a6,0x39c7,0x39c7,0x39c7,0x31a6,0x39c7,0x31a6,0x39a7,0x31a6,0x39c7,0x31a6,0x39c7,0x31a6,
  0x39a7,0x31a6,0x39a7,0x31a6,0x39a7,0x31a6,0x39a7,0x31a6,0x39c7,0x31a6,0x31a6,0x31a6,0x39a7,0x31a6,0x31a6,0x3186,
  0x39a7,0x31a6,0x31a6,0x31a6,0x39a7,0x31a6,0x31a6,0x3186,0x31a6,0x3186,0x31a6,0x3186,0x39a7,0x31a6,0x31a6,0x3186,
  0x31a6,0x4a69,0x8410,0x9492,0x9cd3,0xa514,0xa514,0x9cf3,0xa4f4,0x9cf3,0xa514,0x9cf3,0xa514,0x94b2,0x7bef,0x632c,
  0x736e,0x6b6d,0x738e,0x73ae,0x8410,0x8430,0x8c51,0x8410,0x8410,0x8430,0x8430,0x7bef,0x8c31,0x8c51,0x8c51,0x8430,
  0x8c51,0x8430,0x8410,0x7c0f,0x8430,0x8c51,0x8c51,0x8c51,0x8c71,0x8430,0x8c51,0x8c51,0x8c51,0x7bef,0x7bef,0x7bef,
  0x8410,0x73ae,0x632c,0x5acb,0x5acb,0x5aeb,0x528a,0x39e7,0x526a,0x630c,0x630c,0x5acb,0x6b2d,0x6b4d,0x6b4d,0x5acb,
  0x630c,0x5aeb,0x630c,0x6b4d,0x526a,0x4228,0x4a69,0x4228,0x4a49,0x6b4d,0x5aeb,0x4228,0x5aeb,0x52aa,0x528a,0x5aeb,
  0x62ec,0x5aeb,0x528a,0x3a07,0x39c7,0x31a6,0x2945,0x2104,0x2925,0x2104,0x2104,0x18e3,0x2945,0x2945,0x2925,0x2104,
  0x2945,0x2945,0x2124,0x18e3,0x20e4,0x18c3,0x18c3,0x10a2,0x10a2,0x1082,0x1082,0x0861,0x1082,0x0861,0x1082,0x0861,
  0x1082,0x1082,0x10a2,0x1082,0x10a2,0x1082,0x10a2,0x1082,0x0861,0x0841,0x1082,0x10a2,0x18c3,0x10a2,0x10a2,0x1082,
  0x18c3,0x18e3,0x2104,0x2104,0x2124,0x2104,0x2104,0x2104,0x2124,0x2104,0x2925,0x2124,0x2925,0x2124,0x2945,0x2144,
  0x2945,0x2945,0x2925,0x2124,0x2124,0x2124,0x2124,0x1903,0x2925,0x2104,0x18e3,0x18c3,0x2104,0x18e3,0x18e3,0x10a2,
  0x18e3,0x18e3,0x2104,0x10a2,0x18c3,0x18e3,0x2124,0x2124,0x2124,0x2104,0x2124,0x2104,0x2124,0x2104,0x2124,0x2104,
  0x2104,0x18e3,0x18e3,0x18e3,0x20e4,0x18e3,0x18e3,0x18c3,0x18e3,0x18c3,0x18e3,0x18c3,0x18c3,0x18c3,0x18c3,0x18c3,
  0x20e4,0x18c3,0x18e3,0x18c3,0x18e3,0x18c3,0x18e3,0x18c3,0x18e3,0x18c3,0x18e3,0x18c3,0x18e3,0x18c3,0x18c3,0x18c3,
  0x18e3,0x18c3,0x18c3,0x18c3,0x18c3,0x18c3,0x18c3,0x18c3,0x18c3,0x18c3,0x18c3,0x10c2,0x18c3,0x18c3,0x18c3,0x10c2,
  0x18c3,0x10a2,0x18c3,0x10a2,0x18c3,0x10a2,0x18c3,0x10a2,0x18c3,0x10a2,0x18c3,0x10a2,0x18c3,0x10a2,0x18c3,0x10a2,
  0x18c3,0x10a2,0x18a3,0x10a2,0x18a3,0x10a2,0x18c3,0x10a2,0x18a3,0x1082,0x10a2,0x10a2,0x18c3,0x10a2,0x10a2,0x1082,
  0x10a2,0x1082,0x10a2,0x10a2,0x18a3,0x10a2,0x10a2,0x10a2,0x18a3,0x1082,0x10a2,0x1082,0x10a2,0x1082,0x10a2,0x1082,
  0x39c7,0x39e7,0x39c7,0x39e7,0x39c7,0x39c7,0x39c7,0x39e7,0x39c7,0x39c7,0x31a6,0x39c7,0x31c6,0x39e7,0x39c7,0x39c7,
  0x31c6,0x39c7,0x31c6,0x39c7,0x31c6,0x39c7,0x31a6,0x39c7,0x31c6,0x39c7,0x31a6,0x39c7,0x31a6,0x39c7,0x31c6,0x39c7,
  0x31c6,0x39c7,0x31a6,0x39c7,0x31a6,0x39c7,0x31a6,0x39c7,0x31a6,0x31a6,0x31a6,0x39a7,0x31a6,0x31a6,0x31a6,0x39a7,
  0x31a6,0x39c7,0x31a6,0x39a7,0x31a6,0x39c7,0x31a6,0x39a7,0x31a6,0x31a6,0x31a6,0x39a7,0x31a6,0x31a6,0x31a6,0x31a6,
  0x3186,0x31a6,0x3186,0x31a6,0x3186,0x31a6,0x3186,0x31a6,0x3186,0x31a6,0x3186,0x31a6,0x3186,0x31a6,0x3186,0x31a6,
  0x3186,0x31a6,0x3186,0x31a6,0x3186,0x31a6,0x2945,0x39c7,0x31a6,0x31a6,0x632c,0x8c71,0x8c91,0x9cd3,0x9cd3,0x9cd3,
  0x94b2,0x9cf3,0x9cf3,0x9cf3,0x94b2,0x8c51,0x738e,0x5aeb,0x630c,0x6b4d,0x6b6d,0x73ae,0x8450,0x8430,0x8410,0x8410,
  0x7bcf,0x8430,0x73ae,0x8410,0x8c71,0x8c51,0x8c71,0x8410,0x8450,0x8c51,0x7bef,0x8410,0x8430,0x8c51,0x8c51,0x8c51,
  0x8450,0x8c51,0x8430,0x8c51,0x8430,0x8410,0x7bef,0x7bef,0x73ce,0x738e,0x738e,0x6b4d,0x4a69,0x630c,0x4a49,0x5aeb,
  0x5aeb,0x5acb,0x7bef,0x6b4d,0x52ca,0x6b4d,0x6b6d,0x632c,0x634c,0x630c,0x5acb,0x630c,0x5aeb,0x5acb,0x528a,0x52aa,
  0x5aeb,0x5aeb,0x6b4d,0x6b2d,0x52ca,0x528a,0x5aeb,0x5aeb,0x5aeb,0x5aeb,0x528a,0x4228,0x31a6,0x39c7,0x2945,0x2124,
  0x1903,0x2104,0x18c3,0x18c3,0x2124,0x2945,0x2124,0x2104,0x2124,0x2945,0x2104,0x18e3,0x10c2,0x18c3,0x10c2,0x18c3,
  0x10c2,0x10a2,0x1082,0x10a2,0x1082,0x10a2,0x1082,0x10a2,0x1082,0x10a2,0x1082,0x18a3,0x1082,0x1082,0x1082,0x10a2,
  0x0861,0x1082,0x0861,0x1082,0x1082,0x18c3,0x10a2,0x18c3,0x10a2,0x18e3,0x18e3,0x2104,0x1903,0x2104,0x2104,0x2104,
  0x1903,0x2124,0x2124,0x2925,0x2124,0x2124,0x2124,0x2945,0x2144,0x2965,0x2945,0x2925,0x1903,0x2104,0x2104,0x2124,
  0x2124,0x2104,0x10a2,0x18c3,0x1903,0x2104,0x18e3,0x18c3,0x10a2,0x18c3,0x10a2,0x1082,0x1082,0x18c3,0x18e3,0x2124,
  0x2104,0x2104,0x2104,0x2124,0x2104,0x2104,0x18e3,0x20e4,0x18e3,0x18e3,0x18c3,0x18e3,0x18c3,0x18e3,0x18c3,0x18e3,
  0x18c3,0x18e3,0x18c3,0x18c3,0x10c2,0x18c3,0x18c3,0x18e3,0x18c3,0x18c3,0x18c3,0x18c3,0x10c2,0x18c3,0x18c3,0x18c3,
  0x18c3,0x18c3,0x18c3,0x18c3,0x10c2,0x18c3,0x18c3,0x18c3,0x10c2,0x18c3,0x10c2,0x18c3,0x10c2,0x18c3,0x10c2,0x18c3,
  0x10c2,0x18c3,0x10a2,0x18c3,0x10a2,0x18c3,0x10a2,0x18c3,0x10a2,0x18c3,0x10a2,0x18c3,0x10a2,0x18c3,0x10a2,0x18c3,
  0x10a2,0x10a2,0x10a2,0x10a2,0x10a2,0x10a2,0x10a2,0x10a2,0x10a2,0x10a2,0x10a2,0x10a2,0x10a2,0x10a2,0x10a2,0x10a2,
  0x10a2,0x10a2,0x1082,0x1082,0x1082,0x10a2,0x1082,0x10a2,0x1082,0x10a2,0x1082,0x10a2,0x1082,0x10a2,0x1082,0x10a2,
  0x1082,0x10a2,0x1082,0x10a2,0x1082,0x10a2,0x1082,0x1082,0x39e7,0x39c7,0x39e7,0x39c7,0x39e7,0x39c7,0x39e7,0x39e7,
  0x39e7,0x39c7,0x39c7,0x39c7,0x39c7,0x39c7,0x39c7,0x39c7,0x39c7,0x39c7,0x39c7,0x39c7,0x39c7,0x39c7,0x39e7,0x39c7,
  0x39e7,0x39c7,0x39e7,0x39c7,0x39c7,0x39c7,0x39c7,0x39c7,0x39c7,0x31c6,0x39c7,0x39c7,0x39c7,0x31c6,0x39c7,0x31a6,
  0x39c7,0x31a6,0x39c7,0x31a6,0x39c7,0x31a6,0x39a7,0x31a6,0x39c7,0x31c6,0x39c7,0x31a6,0x39c7,0x31a6,0x39c7,0x31a6,
  0x39c7,0x31a6,0x39c7,0x31a6,0x39c7,0x31a6,0x39a7,0x31a6,0x31a6,0x31a6,0x39a7,0x31a6,0x31a6,0x3186,0x31a6,0x3186,
  0x31a6,0x31a6,0x39a7,0x31a6,0x31a6,0x31a6,0x39a7,0x31a6,0x31a6,0x31a6,0x31a6,0x3186,0x31a6,0x3186,0x31a6,0x3186,
  0x31a6,0x2985,0x4228,0x73ae,0x94b2,0x94b2,0x9cf3,0x9cd3,0x9cd3,0x9cf3,0xa4f4,0x9cd3,0x9cd3,0x8410,0x630c,0x4a69,
  0x630c,0x632c,0x736e,0x73ae,0x8410,0x73ae,0x7bef,0x7bef,0x8410,0x8c51,0x83f0,0x7bef,0x8c51,0x8430,0x8c71,0x8410,
  0x8c71,0x8c71,0x8410,0x8c51,0x9492,0x8450,0x9472,0x8c51,0x8c51,0x8c51,0x8c51,0x8430,0x8410,0x8410,0x8430,0x8410,
  0x8410,0x7bef,0x52aa,0x5aeb,0x6b4d,0x6b6d,0x736e,0x6b4d,0x62ec,0x6b4d,0x738e,0x7bef,0x738e,0x5b0b,0x5aab,0x630c,
  0x6b6d,0x5aeb,0x632c,0x632c,0x6b4d,0x6b4d,0x736e,0x6b4d,0x738e,0x630c,0x6b4d,0x5acb,0x526a,0x4a69,0x5aab,0x5aeb,
  0x630c,0x52aa,0x526a,0x4a49,0x4a49,0x31a6,0x39c7,0x3186,0x2945,0x18e3,0x2104,0x2124,0x2104,0x2124,0x2945,0x2945,
  0x2945,0x2124,0x20e4,0x18e3,0x18e3,0x18c3,0x18e3,0x18e3,0x20e4,0x10c2,0x18a3,0x1082,0x1082,0x1082,0x18c3,0x18c3,
  0x18c3,0x10a2,0x18c3,0x18c3,0x18c3,0x10a2,0x18a3,0x10a2,0x18c3,0x10a2,0x18a3,0x1082,0x10a2,0x10a2,0x18c3,0x10a2,
  0x18c3,0x18c3,0x2104,0x2104,0x2124,0x2104,0x2124,0x2104,0x2124,0x2124,0x2925,0x2124,0x2945,0x2124,0x2945,0x2124,
  0x2945,0x2945,0x2965,0x2124,0x2104,0x18e3,0x2124,0x2124,0x2945,0x1903,0x18c3,0x18c3,0x2104,0x18e3,0x18e3,0x10a2,
  0x10a2,0x10a2,0x18c3,0x10a2,0x1082,0x10a2,0x20e4,0x2104,0x2104,0x2104,0x2124,0x2104,0x2104,0x1903,0x2104,0x18e3,
  0x18e3,0x18c3,0x20e4,0x18e3,0x18e3,0x18e3,0x20e4,0x18c3,0x18e3,0x18c3,0x20e4,0x18e3,0x18e3,0x18e3,0x20e4,0x18e3,
  0x18e3,0x18c3,0x18e3,0x18c3,0x18e3,0x18c3,0x18e3,0x18c3,0x18e3,0x18c3,0x18e3,0x18c3,0x18c3,0x18c3,0x18e3,0x18c3,
  0x18e3,0x18c3,0x18c3,0x18c3,0x18c3,0x18c3,0x18c3,0x18c3,0x18c3,0x18c3,0x18c3,0x18c3,0x18c3,0x10c2,0x18c3,0x18c3,
  0x18c3,0x10a2,0x18c3,0x10a2,0x18c3,0x10c2,0x18c3,0x10a2,0x18c3,0x10a2,0x18c3,0x10a2,0x18c3,0x10a2,0x18c3,0x10a2,
  0x18c3,0x10a2,0x18c3,0x10a2,0x18c3,0x10a2,0x18c3,0x10a2,0x18a3,0x10a2,0x18a3,0x1082,0x18a3,0x10a2,0x18a3,0x10a2,
  0x18a3,0x10a2,0x18a3,0x10a2,0x10a2,0x10a2,0x18a3,0x10a2,0x10a2,0x1082,0x10a2,0x1082,0x10a2,0x1082,0x10a2,0x1082,
  0x39c7,0x39e7,0x39c7,0x39e7,0x39c7,0x39e7,0x31c6,0x39e7,0x39c7,0x39e7,0x39c7,0x39e7,0x39c7,0x39c7,0x31c6,0x39c7,
  0x39c7,0x39c7,0x31c6,0x39c7,0x39c7,0x39c7,0x31c6,0x39c7,0x39c7,0x39e7,0x31c6,0x39c7,0x31a6,0x39c7,0x31c6,0x39c7,
  0x31a6,0x39c7,0x31a6,0x39c7,0x31a6,0x39c7,0x31a6,0x39c7,0x31a6,0x39a7,0x31a6,0x31a6,0x31a6,0x31a6,0x31a6,0x31a6,
  0x31a6,0x39c7,0x31a6,0x31a6,0x31a6,0x39c7,0x31a6,0x39c7,0x31a6,0x39c7,0x31a6,0x31a6,0x31a6,0x31a6,0x3186,0x31a6,
  0x3186,0x31a6,0x31a6,0x31a6,0x3186,0x31a6,0x3186,0x31a6,0x3186,0x31a6,0x3186,0x31a6,0x3186,0x31a6,0x3186,0x31a6,
  0x3186,0x31a6,0x3186,0x31a6,0x3186,0x3186,0x31a6,0x3186,0x2985,0x31a6,0x2985,0x4a69,0x73ae,0x8c71,0x9492,0x9cd3,
  0x94d2,0x94b2,0x9492,0x9492,0x8c51,0x7bcf,0x4a69,0x4a49,0x632c,0x6b6d,0x6b6d,0x7bcf,0x8c51,0x8430,0x8410,0x8410,
  0x7bcf,0x7bef,0x6b6d,0x7bef,0x8410,0x8c51,0x8430,0x8430,0x8410,0x8c51,0x7bcf,0x8c51,0x8c71,0x8c51,0x8450,0x8430,
  0x8410,0x8c51,0x8430,0x8430,0x7bef,0x8410,0x8410,0x8410,0x73ae,0x7bcf,0x5aeb,0x528a,0x73ae,0x5aab,0x630c,0x5acb,
  0x4a69,0x73ae,0x6b8d,0x738e,0x630c,0x5aab,0x6b8d,0x738e,0x738e,0x6b6d,0x634c,0x6b4d,0x738e,0x6b4d,0x634c,0x6b4d,
  0x6b4d,0x6b4d,0x632c,0x632c,0x528a,0x632c,0x5acb,0x5aeb,0x5acb,0x5acb,0x4a89,0x4a49,0x4208,0x4208,0x39e7,0x31a6,
  0x2945,0x2925,0x2104,0x2104,0x2104,0x2945,0x2965,0x2965,0x2965,0x2945,0x18e3,0x2104,0x18e3,0x18e3,0x18e3,0x2104,
  0x18e3,0x18c3,0x1082,0x1082,0x0861,0x1082,0x10a2,0x18c3,0x10a2,0x18a3,0x10c2,0x18c3,0x18c3,0x18c3,0x10a2,0x10a2,
  0x10a2,0x18c3,0x10c2,0x18c3,0x10a2,0x10a2,0x10a2,0x18c3,0x10a2,0x18c3,0x18e3,0x2104,0x18e3,0x2104,0x2104,0x2104,
  0x2104,0x2124,0x2104,0x2124,0x2124,0x2124,0x2124,0x2945,0x2124,0x2945,0x2124,0x2124,0x18e3,0x2104,0x2104,0x2124,
  0x2124,0x2104,0x10c2,0x18e3,0x1903,0x20e4,0x10c2,0x10a2,0x1082,0x18a3,0x10a2,0x10a2,0x0861,0x10a2,0x10a2,0x18e3,
  0x18e3,0x2104,0x1903,0x2104,0x18e3,0x18e3,0x18e3,0x18e3,0x18c3,0x18e3,0x18c3,0x18e3,0x18c3,0x18e3,0x18c3,0x18e3,
  0x18c3,0x18e3,0x10c2,0x18c3,0x18c3,0x18c3,0x10c2,0x18c3,0x18c3,0x18c3,0x10c2,0x18c3,0x18c3,0x18c3,0x10c2,0x18c3,
  0x18c3,0x18e3,0x10c2,0x18c3,0x10c2,0x18c3,0x10c2,0x18c3,0x18c3,0x18c3,0x10c2,0x18c3,0x10c2,0x18c3,0x10c2,0x18c3,
  0x10c2,0x18c3,0x10a2,0x18c3,0x10a2,0x18c3,0x10a2,0x18c3,0x10a2,0x18c3,0x10a2,0x18c3,0x10a2,0x18a3,0x10a2,0x18c3,
  0x10a2,0x18c3,0x10a2,0x18c3,0x10a2,0x18c3,0x10a2,0x18c3,0x10a2,0x18a3,0x10a2,0x10a2,0x10a2,0x18a3,0x10a2,0x10a2,
  0x10a2,0x10a2,0x1082,0x10a2,0x10a2,0x18a3,0x10a2,0x10a2,0x10a2,0x10a2,0x1082,0x10a2,0x1082,0x10a2,0x1082,0x10a2,
  0x1082,0x10a2,0x1082,0x10a2,0x1082,0x10a2,0x0881,0x1082,0x41e8,0x39e7,0x39e7,0x39e7,0x41e8,0x39c7,0x39e7,0x39c7,
  0x39e7,0x39e7,0x41e8,0x39e7,0x39e7,0x39c7,0x39c7,0x39c7,0x39e7,0x39c7,0x39e7,0x39c7,0x39e7,0x39c7,0x39c7,0x39c7,
  0x39c7,0x39c7,0x39c7,0x31c6,0x39c7,0x39c7,0x39c7,0x31c6,0x39c7,0x39c7,0x39c7,0x31c6,0x39c7,0x39c7,0x39c7,0x31a6,
  0x39c7,0x31a6,0x39c7,0x31a6,0x39a7,0x31a6,0x39a7,0x31a6,0x39c7,0x31a6,0x39c7,0x31a6,0x39c7,0x31a6,0x39c7,0x31a6,
  0x39c7,0x31a6,0x39c7,0x31a6,0x39a7,0x31a6,0x39a7,0x31a6,0x39a7,0x31a6,0x39a7,0x31a6,0x39a7,0x31a6,0x31a6,0x31a6,
  0x39a7,0x31a6,0x31a6,0x31a6,0x39a7,0x31a6,0x31a6,0x31a6,0x39a7,0x31a6,0x31a6,0x3186,0x31a6,0x3186,0x3186,0x31a6,
  0x39a7,0x3186,0x39c7,0x3186,0x4a49,0x738e,0x8c51,0x9492,0x9cd3,0x94b2,0x9472,0x8430,0x83f0,0x630c,0x4a29,0x4228,
  0x736e,0x738e,0x738e,0x73ce,0x8410,0x8410,0x8430,0x8410,0x8c31,0x8410,0x8430,0x8430,0x8c31,0x8c51,0x8c51,0x8430,
  0x8410,0x7bef,0x7bef,0x8430,0x9472,0x8c51,0x8c51,0x8450,0x8c71,0x8c51,0x8430,0x8410,0x8430,0x8410,0x8430,0x73ce,
  0x73ae,0x73ae,0x632c,0x632c,0x5aab,0x528a,0x6b4d,0x632c,0x738e,0x632c,0x73ae,0x6b4d,0x7bcf,0x7bef,0x8410,0x73ae,
  0x6b6d,0x6b4d,0x73ae,0x738e,0x738e,0x6b6d,0x738e,0x6b6d,0x736e,0x6b4d,0x6b4d,0x6b8d,0x5aeb,0x630c,0x632c,0x5aeb,
  0x5aeb,0x5acb,0x52aa,0x4a49,0x4228,0x4228,0x4a49,0x39e7,0x3186,0x2945,0x2945,0x2945,0x3186,0x31a6,0x31a6,0x2965,
  0x3186,0x3186,0x2965,0x2945,0x2945,0x2104,0x2104,0x1903,0x2104,0x18e3,0x20e4,0x18e3,0x18c3,0x18c3,0x18e3,0x18e3,
  0x18c3,0x18c3,0x18c3,0x18c3,0x18e3,0x18c3,0x18c3,0x10a2,0x18c3,0x10a2,0x18e3,0x18c3,0x18c3,0x10a2,0x18c3,0x18c3,
  0x18a3,0x18c3,0x18e3,0x18e3,0x2104,0x2104,0x2124,0x2104,0x2104,0x2104,0x2124,0x2104,0x2124,0x2104,0x2945,0x2945,
  0x2945,0x2124,0x2925,0x2124,0x2124,0x2104,0x2124,0x2104,0x2124,0x18e3,0x20e4,0x18e3,0x2104,0x18e3,0x18e3,0x10a2,
  0x18a3,0x10a2,0x18c3,0x10c2,0x10a2,0x10a2,0x10a2,0x10a2,0x18c3,0x18c3,0x18e3,0x18e3,0x20e4,0x18e3,0x18e3,0x18e3,
  0x20e4,0x18e3,0x18e3,0x18e3,0x20e4,0x18e3,0x18e3,0x18c3,0x18e3,0x18c3,0x18e3,0x18e3,0x20e4,0x18e3,0x18e3,0x18c3,
  0x18e3,0x18c3,0x18e3,0x18c3,0x18e3,0x18c3,0x18e3,0x18c3,0x18e3,0x18c3,0x18e3,0x18c3,0x18c3,0x18c3,0x18e3,0x18c3,
  0x18e3,0x18c3,0x18c3,0x18c3,0x18c3,0x18c3,0x18c3,0x18c3,0x18c3,0x18c3,0x18c3,0x10c2,0x18c3,0x18c3,0x18c3,0x10c2,
  0x18c3,0x10a2,0x18c3,0x10a2,0x18c3,0x10a2,0x18c3,0x10a2,0x18c3,0x10a2,0x18c3,0x10a2,0x18c3,0x10a2,0x18c3,0x10a2,
  0x18a3,0x10a2,0x18a3,0x10a2,0x18c3,0x10a2,0x18a3,0x10a2,0x18a3,0x10a2,0x10a2,0x1082,0x18a3,0x10a2,0x10a2,0x1082,
  0x10a2,0x10a2,0x10a2,0x10a2,0x18a3,0x10a2,0x10a2,0x10a2,0x18a3,0x1082,0x10a2,0x1082,0x10a2,0x1082,0x10a2,0x1082,
  0x39e7,0x39e7,0x39e7,0x39e7,0x39c7,0x39e7,0x39c7,0x39c7,0x31c6,0x39e7,0x39c7,0x39c7,0x39c7,0x39c7,0x39c7,0x39c7,
  0x31c6,0x39c7,0x31c6,0x39c7,0x31c6,0x39c7,0x39c7,0x39c7,0x31a6,0x39c7,0x31a6,0x39c7,0x31c6,0x39c7,0x31a6,0x39c7,
  0x31a6,0x39c7,0x31a6,0x39c7,0x31a6,0x39c7,0x31a6,0x39c7,0x31a6,0x31a6,0x31a6,0x31a6,0x31a6,0x31a6,0x31a6,0x39a7,
  0x31a6,0x31a6,0x3186,0x31a6,0x31a6,0x31a6,0x31a6,0x39a7,0x31a6,0x31a6,0x31a6,0x31a6,0x31a6,0x31a6,0x31a6,0x31a6,
  0x31a6,0x31a6,0x31a6,0x31a6,0x3186,0x31a6,0x3186,0x31a6,0x3186,0x31a6,0x3186,0x31a6,0x3186,0x31a6,0x3186,0x31a6,
  0x31a6,0x31a6,0x3186,0x31a6,0x2985,0x31a6,0x2965,0x31a6,0x31a6,0x3186,0x3186,0x3186,0x3186,0x4228,0x5acb,0x738e,
  0x8430,0x8c51,0x8410,0x73ae,0x5b0b,0x4228,0x31a6,0x39c7,0x52ca,0x632c,0x632c,0x738e,0x7bef,0x8c51,0x8410,0x8410,
  0x7c0f,0x73ae,0x8430,0x8c51,0x8430,0x8430,0x8c71,0x8c31,0x8430,0x8410,0x8410,0x8430,0x8430,0x8c71,0x8430,0x8410,
  0x8430,0x8430,0x7c0f,0x8410,0x7c0f,0x8430,0x8410,0x7bef,0x73ce,0x738e,0x5aeb,0x5aeb,0x4a69,0x632c,0x6b4d,0x73ae,
  0x6b6d,0x6b4d,0x73ae,0x6b6d,0x73ae,0x8c51,0x73ce,0x7bcf,0x6b6d,0x738e,0x73ae,0x7baf,0x6b6d,0x738e,0x73ae,0x738e,
  0x6b6d,0x73ae,0x6b6d,0x6b4d,0x630c,0x632c,0x632c,0x6b4d,0x634c,0x632c,0x52aa,0x52aa,0x4a69,0x4208,0x4228,0x4208,
  0x31a6,0x31a6,0x3186,0x31a6,0x31c6,0x39e7,0x39c7,0x39a7,0x31a6,0x39c7,0x3186,0x2965,0x2144,0x2945,0x2104,0x2124,
  0x2104,0x2124,0x2104,0x2124,0x1903,0x2104,0x1903,0x2104,0x18e3,0x18e3,0x18c3,0x18c3,0x18e3,0x2104,0x18c3,0x18c3,
  0x10a2,0x18c3,0x18c3,0x18e3,0x10c2,0x18e3,0x18c3,0x18e3,0x10a2,0x18c3,0x18c3,0x20e4,0x18e3,0x2104,0x2104,0x2104,
  0x1903,0x2104,0x2104,0x2124,0x2104,0x2124,0x2104,0x2104,0x2104,0x2124,0x2104,0x2124,0x2104,0x2124,0x2104,0x2104,
  0x18c3,0x18e3,0x18e3,0x2104,0x18e3,0x18e3,0x18e3,0x18c3,0x10a2,0x18c3,0x18e3,0x18e3,0x18e3,0x18e3,0x10a2,0x18a3,
  0x10a2,0x18c3,0x18c3,0x18c3,0x18c3,0x18e3,0x18e3,0x18e3,0x18e3,0x18e3,0x18c3,0x18e3,0x18c3,0x18e3,0x18c3,0x18e3,
  0x18c3,0x18e3,0x18c3,0x18e3,0x18e3,0x18e3,0x18e3,0x18e3,0x10c2,0x18c3,0x18c3,0x18c3,0x10c2,0x18c3,0x18c3,0x18c3,
  0x10c2,0x18c3,0x18c3,0x18c3,0x10c2,0x18c3,0x10a2,0x18c3,0x10c2,0x18c3,0x10c2,0x18c3,0x10c2,0x18c3,0x10c2,0x18c3,
  0x10c2,0x18c3,0x10a2,0x18c3,0x10a2,0x18c3,0x10a2,0x18c3,0x10a2,0x18c3,0x10a2,0x18c3,0x10a2,0x18c3,0x10a2,0x18c3,
  0x10a2,0x10a2,0x10a2,0x10a2,0x10a2,0x10a2,0x10a2,0x18a3,0x10a2,0x10a2,0x10a2,0x18c3,0x10a2,0x10a2,0x10a2,0x10a2,
  0x10a2,0x10a2,0x1082,0x10a2,0x10a2,0x10a2,0x1082,0x10a2,0x1082,0x10a2,0x1082,0x10a2,0x1082,0x10a2,0x1082,0x10a2,
  0x1082,0x10a2,0x1082,0x10a2,0x1082,0x10a2,0x1082,0x1082,0x41e8,0x39e7,0x41e8,0x39e7,0x41e8,0x39e7,0x41e8,0x39c7,
  0x39e7,0x39c7,0x39e7,0x39c7,0x39e7,0x39c7,0x39c7,0x39c7,0x39e7,0x39c7,0x39e7,0x39c7,0x39e7,0x39c7,0x41e8,0x39c7,
  0x39e7,0x39c7,0x39e7,0x39c7,0x39e7,0x39c7,0x39c7,0x39c7,0x39c7,0x31c6,0x39c7,0x39c7,0x39c7,0x31c6,0x39c7,0x31a6,
  0x39c7,0x31a6,0x39c7,0x31a6,0x39c7,0x31a6,0x39c7,0x31a6,0x39a7,0x31a6,0x39a7,0x31a6,0x39a7,0x31a6,0x39c7,0x31a6,
  0x39a7,0x31a6,0x39a7,0x31a6,0x39c7,0x31a6,0x39a7,0x31a6,0x39a7,0x31a6,0x39a7,0x31a6,0x31a6,0x3186,0x31a6,0x3186,
  0x31a6,0x31a6,0x39a7,0x3186,0x31a6,0x31a6,0x31a6,0x31a6,0x31a6,0x31a6,0x39a7,0x3186,0x31a6,0x3186,0x39a7,0x31a6,
  0x39a7,0x31a6,0x3186,0x31a6,0x39a7,0x2945,0x3186,0x4208,0x528a,0x52ca,0x5acb,0x4a49,0x41e8,0x31a6,0x31a6,0x2965,
  0x4228,0x52aa,0x6b2d,0x738e,0x7bef,0x8430,0x8410,0x7bcf,0x8430,0x7bcf,0x8c71,0x8c51,0x8c51,0x8430,0x9492,0x8c51,
  0x94b2,0x8c51,0x8c51,0x8410,0x8430,0x8c51,0x7bef,0x8410,0x8c71,0x8430,0x8c31,0x8410,0x8410,0x8430,0x8c31,0x7bef,
  0x73ae,0x632c,0x62ec,0x632c,0x632c,0x4a89,0x632c,0x6b4d,0x738e,0x634c,0x6b6d,0x8410,0x7bef,0x7c0f,0x8c51,0x7bef,
  0x7bef,0x7bcf,0x73ae,0x7bcf,0x8410,0x73ae,0x738e,0x73ae,0x7bcf,0x6b6d,0x6b4d,0x6b6d,0x73ae,0x632c,0x738e,0x6b6d,
  0x736e,0x632c,0x62ec,0x5aeb,0x5acb,0x4a69,0x4a29,0x4208,0x4228,0x4228,0x4208,0x39c7,0x4208,0x4228,0x4228,0x39e7,
  0x39e7,0x31c6,0x31a6,0x2965,0x2945,0x2124,0x2124,0x2104,0x2124,0x2124,0x2925,0x2104,0x2104,0x1903,0x2104,0x18e3,
  0x2104,0x18e3,0x20e4,0x18e3,0x2104,0x2104,0x2104,0x18c3,0x18c3,0x18c3,0x18c3,0x18c3,0x18e3,0x18c3,0x18e3,0x18c3,
  0x18c3,0x18c3,0x20e4,0x18e3,0x2104,0x2104,0x2124,0x2104,0x2124,0x2104,0x2925,0x2104,0x2124,0x2124,0x2104,0x18e3,
  0x2124,0x2104,0x2124,0x2124,0x2945,0x2124,0x2124,0x18e3,0x18e3,0x18e3,0x2104,0x18e3,0x18e3,0x10c2,0x18e3,0x18e3,
  0x18e3,0x18e3,0x2104,0x18e3,0x2124,0x1903,0x20e4,0x18c3,0x18e3,0x18c3,0x18e3,0x18c3,0x18e3,0x18e3,0x20e4,0x18e3,
  0x20e4,0x18e3,0x20e4,0x18e3,0x18e3,0x18e3,0x20e4,0x18e3,0x18e3,0x18c3,0x18e3,0x18c3,0x18e3,0x18c3,0x18e3,0x18c3,
  0x18c3,0x18c3,0x18e3,0x18c3,0x18e3,0x18c3,0x18e3,0x18c3,0x18c3,0x18c3,0x18e3,0x18c3,0x18e3,0x18c3,0x18c3,0x18c3,
  0x18e3,0x18c3,0x18c3,0x18c3,0x18c3,0x18c3,0x18c3,0x18c3,0x18c3,0x18c3,0x18c3,0x18c3,0x18c3,0x10c2,0x18c3,0x18c3,
  0x18c3,0x10a2,0x18c3,0x10a2,0x18c3,0x10c2,0x18c3,0x18c3,0x18c3,0x10a2,0x18c3,0x10a2,0x18c3,0x10a2,0x18c3,0x10a2,
  0x18c3,0x10a2,0x18c3,0x10a2,0x18c3,0x10a2,0x18a3,0x10a2,0x18a3,0x10a2,0x18a3,0x10a2,0x18c3,0x10a2,0x18a3,0x10a2,
  0x10a2,0x10a2,0x18a3,0x10a2,0x10a2,0x10a2,0x18a3,0x10a2,0x10a2,0x1082,0x10a2,0x1082,0x10a2,0x1082,0x10a2,0x1082,
  0x39c7,0x39e7,0x39c7,0x39e7,0x39c7,0x39e7,0x39e7,0x39e7,0x39c7,0x39c7,0x39c7,0x39e7,0x39c7,0x39c7,0x31a6,0x39c7,
  0x39c7,0x39e7,0x39c7,0x39e7,0x31c6,0x39c7,0x31c6,0x39c7,0x31c6,0x39c7,0x31c6,0x39c7,0x31c6,0x39c7,0x31c6,0x39c7,
  0x31c6,0x39c7,0x31a6,0x39c7,0x31a6,0x39c7,0x31a6,0x39c7,0x31a6,0x39c7,0x31a6,0x39c7,0x31a6,0x39c7,0x31a6,0x39c7,
  0x31a6,0x31a6,0x31a6,0x31a6,0x31a6,0x39a7,0x31a6,0x31a6,0x31a6,0x31a6,0x3186,0x31a6,0x31a6,0x39c7,0x31a6,0x31a6,
  0x3186,0x31a6,0x31a6,0x31a6,0x31a6,0x31a6,0x3186,0x31a6,0x3186,0x31a6,0x3186,0x3186,0x3186,0x31a6,0x2985,0x31a6,
  0x3186,0x31a6,0x3186,0x31a6,0x3186,0x31a6,0x3186,0x31a6,0x3186,0x31a6,0x3186,0x3186,0x2985,0x31a6,0x3186,0x3186,
  0x2965,0x3186,0x2965,0x3186,0x2965,0x3186,0x31a6,0x2965,0x31a6,0x528a,0x634c,0x7bcf,0x7bef,0x8430,0x7bef,0x73ae,
  0x7bcf,0x8410,0x8430,0x8c51,0x8410,0x8430,0x8430,0x8c51,0x8430,0x7bcf,0x8410,0x8c51,0x8430,0x8410,0x7c0f,0x8430,
  0x9492,0x8410,0x8450,0x8c51,0x8430,0x8c51,0x7c0f,0x7bcf,0x6b6d,0x7bcf,0x630c,0x5aeb,0x5aeb,0x630c,0x5aeb,0x632c,
  0x632c,0x6b4d,0x6b6d,0x73ae,0x7bcf,0x83f0,0x7bcf,0x8410,0x7bef,0x73ae,0x6b8d,0x73ae,0x738e,0x6b6d,0x632c,0x6b6d,
  0x632c,0x632c,0x630c,0x632c,0x632c,0x630c,0x632c,0x632c,0x5aeb,0x5acb,0x52aa,0x5aeb,0x52aa,0x5acb,0x4a69,0x528a,
  0x4a89,0x4a69,0x4228,0x4a49,0x39e7,0x4208,0x39c7,0x3186,0x2965,0x2945,0x2124,0x2124,0x1903,0x18e3,0x18c3,0x18e3,
  0x18c3,0x20e4,0x18e3,0x18e3,0x18c3,0x18c3,0x10a2,0x18c3,0x18c3,0x18c3,0x18c3,0x2104,0x18c3,0x18e3,0x18e3,0x18e3,
  0x10a2,0x10a2,0x1082,0x18c3,0x18c3,0x18c3,0x10a2,0x18c3,0x10a2,0x18e3,0x18e3,0x18e3,0x2104,0x2124,0x1903,0x2104,
  0x2104,0x2104,0x1903,0x18e3,0x2104,0x2104,0x2104,0x2124,0x2124,0x2124,0x2104,0x2124,0x2124,0x2124,0x1903,0x2104,
  0x18e3,0x18e3,0x1903,0x18e3,0x10a2,0x1082,0x10a2,0x18e3,0x18c3,0x18c3,0x18c3,0x18e3,0x18e3,0x20e4,0x18e3,0x2104,
  0x18e3,0x20e4,0x18e3,0x18e3,0x18e3,0x18e3,0x18e3,0x18e3,0x18e3,0x18e3,0x18e3,0x18e3,0x18e3,0x18e3,0x18e3,0x18e3,
  0x18e3,0x18e3,0x18c3,0x18e3,0x18c3,0x18e3,0x18c3,0x18c3,0x18c3,0x18e3,0x18c3,0x18e3,0x18c3,0x18c3,0x10c2,0x18c3,
  0x18c3,0x18c3,0x10c2,0x18c3,0x18c3,0x18c3,0x10c2,0x18c3,0x18c3,0x18c3,0x10c2,0x18c3,0x18c3,0x18c3,0x10c2,0x18c3,
  0x10c2,0x18c3,0x10a2,0x18c3,0x10a2,0x18c3,0x10a2,0x18c3,0x10a2,0x18c3,0x10a2,0x18c3,0x10a2,0x18c3,0x10a2,0x18c3,
  0x10a2,0x18c3,0x10a2,0x18c3,0x10a2,0x18a3,0x10a2,0x10a2,0x10a2,0x18a3,0x10a2,0x18c3,0x10a2,0x18c3,0x10a2,0x10a2,
  0x10a2,0x10a2,0x10a2,0x10a2,0x10a2,0x10a2,0x1082,0x10a2,0x1082,0x10a2,0x10a2,0x10a2,0x1082,0x10a2,0x1082,0x10a2,
  0x1082,0x10a2,0x1082,0x10a2,0x1082,0x10a2,0x1082,0x10a2,0x41e8,0x39e7,0x39e7,0x39e7,0x41e8,0x39e7,0x41e8,0x39c7,
  0x39e7,0x39c7,0x39e7,0x39e7,0x39e7,0x39c7,0x39c7,0x39c7,0x39e7,0x39c7,0x39e7,0x39c7,0x39c7,0x31a6,0x39c7,0x31c6,
  0x39c7,0x39c7,0x39c7,0x31a6,0x39c7,0x39c7,0x39c7,0x39c7,0x39c7,0x39c7,0x39c7,0x31a6,0x39c7,0x31a6,0x39c7,0x31a6,
  0x39c7,0x31a6,0x39c7,0x31a6,0x39c7,0x31a6,0x39c7,0x31a6,0x39c7,0x31a6,0x39a7,0x31a6,0x39a7,0x31a6,0x39a7,0x31a6,
  0x39a7,0x31a6,0x31a6,0x31a6,0x39c7,0x31a6,0x39c7,0x31a6,0x39a7,0x31a6,0x39a7,0x31a6,0x39a7,0x31a6,0x31a6,0x31a6,
  0x31a6,0x31a6,0x31a6,0x3186,0x39a7,0x31a6,0x31a6,0x3186,0x31a6,0x3186,0x31a6,0x3186,0x39a7,0x31a6,0x31a6,0x3186,
  0x31a6,0x3186,0x31a6,0x3186,0x31a6,0x3186,0x3186,0x3186,0x31a6,0x3186,0x31a6,0x3186,0x3186,0x3186,0x39c7,0x2965,
  0x3166,0x4a69,0x738e,0x73ae,0x8430,0x8430,0x7bef,0x738e,0x8410,0x8410,0x8c51,0x8450,0x8c71,0x8430,0x8c51,0x8410,
  0x7bef,0x8410,0x8430,0x8c71,0x8c71,0x7bef,0x8c71,0x8430,0x8c51,0x8410,0x8c71,0x8430,0x8c31,0x8430,0x83f0,0x7bef,
  0x7bcf,0x73ae,0x736e,0x5aeb,0x528a,0x52aa,0x632c,0x6b4d,0x6b6d,0x6b4d,0x6b4d,0x6b4d,0x738e,0x738e,0x738e,0x73ae,
  0x738e,0x6b4d,0x630c,0x630c,0x632c,0x630c,0x52aa,0x52ca,0x62ec,0x52aa,0x52aa,0x52aa,0x5acb,0x4a69,0x528a,0x4a49,
  0x4a49,0x4a49,0x4a69,0x4a69,0x4a69,0x528a,0x4228,0x4208,0x4a49,0x4228,0x4208,0x39c7,0x39c7,0x3186,0x2965,0x2124,
  0x2104,0x2104,0x2104,0x18e3,0x18e3,0x18c3,0x18e3,0x18c3,0x18c3,0x10a2,0x18c3,0x10a2,0x18c3,0x10a2,0x10a2,0x10a2,
  0x18a3,0x10a2,0x18a3,0x10a2,0x18c3,0x18c3,0x18e3,0x18c3,0x18a3,0x1082,0x10a2,0x10a2,0x18c3,0x10a2,0x18a3,0x10a2,
  0x18c3,0x18e3,0x20e4,0x18e3,0x2104,0x2124,0x2124,0x2104,0x2124,0x18e3,0x2104,0x18e3,0x2124,0x2104,0x2925,0x2144,
  0x2945,0x2124,0x2925,0x2124,0x2124,0x18e3,0x2124,0x2104,0x2104,0x2104,0x2104,0x18e3,0x18c3,0x10a2,0x18c3,0x18c3,
  0x18e3,0x18c3,0x18e3,0x18c3,0x2104,0x18e3,0x2104,0x18e3,0x2104,0x18e3,0x2104,0x18e3,0x20e4,0x18e3,0x20e4,0x18e3,
  0x20e4,0x18e3,0x18e3,0x18e3,0x20e4,0x18e3,0x18e3,0x18e3,0x20e4,0x18e3,0x18e3,0x18e3,0x20e4,0x18c3,0x18e3,0x18c3,
  0x18e3,0x18c3,0x18e3,0x18c3,0x18e3,0x18c3,0x18e3,0x18c3,0x18e3,0x18c3,0x18e3,0x18c3,0x18e3,0x18c3,0x18e3,0x10c2,
  0x18c3,0x18c3,0x18c3,0x10c2,0x18c3,0x18c3,0x18c3,0x18c3,0x18c3,0x18c3,0x18c3,0x10c2,0x18c3,0x18c3,0x18c3,0x10c2,
  0x18c3,0x18c3,0x18c3,0x10a2,0x18c3,0x18c3,0x18c3,0x10c2,0x18c3,0x10a2,0x18c3,0x10a2,0x18c3,0x10a2,0x18c3,0x10a2,
  0x18c3,0x10a2,0x18a3,0x10a2,0x18c3,0x10a2,0x18a3,0x10a2,0x18a3,0x10a2,0x10a2,0x10a2,0x18a3,0x10a2,0x10a2,0x10a2,
  0x10a2,0x1082,0x10a2,0x10a2,0x10a2,0x1082,0x10a2,0x1082,0x10a2,0x1082,0x10a2,0x1082,0x10a2,0x1082,0x10a2,0x1082,
  0x39e7,0x39e7,0x39c7,0x39e7,0x39c7,0x39e7,0x39c7,0x39c7,0x31c6,0x39c7,0x39c7,0x39e7,0x39c7,0x39c7,0x39c7,0x39e7,
  0x39c7,0x39e7,0x39c7,0x39c7,0x31c6,0x39c7,0x39c7,0x39c7,0x31c6,0x39c7,0x31c6,0x39c7,0x31c6,0x39c7,0x31c6,0x39c7,
  0x31c6,0x39c7,0x31a6,0x39c7,0x31a6,0x39c7,0x31a6,0x39c7,0x31a6,0x31a6,0x31a6,0x39c7,0x31a6,0x39c7,0x31a6,0x39c7,
  0x31a6,0x31a6,0x31a6,0x31a6,0x31a6,0x31a6,0x3186,0x31a6,0x3186,0x31a6,0x31a6,0x39a7,0x31a6,0x31a6,0x31a6,0x31a6,
  0x31a6,0x31a6,0x31a6,0x31a6,0x31a6,0x31a6,0x3186,0x31a6,0x3186,0x31a6,0x3186,0x31a6,0x3186,0x31a6,0x3186,0x31a6,
  0x3186,0x31a6,0x3186,0x31a6,0x3186,0x31a6,0x3186,0x3186,0x3186,0x31a6,0x3186,0x3186,0x2985,0x3186,0x31a6,0x3186,
  0x2985,0x31a6,0x3186,0x31a6,0x2985,0x31a6,0x31a6,0x3186,0x2144,0x4a49,0x6b6d,0x738e,0x6b6d,0x8410,0x8410,0x7bcf,
  0x7bef,0x7bef,0x8c51,0x8c71,0x8430,0x73ae,0x8430,0x8c71,0x8c91,0x8c71,0x8410,0x8c71,0x94b2,0x8c51,0x8410,0x8410,
  0x8450,0x8c51,0x8450,0x8410,0x8410,0x8c51,0x7bef,0x7bcf,0x6b6d,0x73ae,0x634c,0x5acb,0x4a69,0x52aa,0x5acb,0x5aab,
  0x4a69,0x52aa,0x52ca,0x630c,0x630c,0x630c,0x52ca,0x5aeb,0x52ca,0x52aa,0x528a,0x52aa,0x528a,0x528a,0x4a69,0x52aa,
  0x4a69,0x4a69,0x4248,0x4a49,0x4a69,0x4a49,0x4248,0x4228,0x3a07,0x4228,0x3a07,0x4228,0x39e7,0x39e7,0x31a6,0x39a7,
  0x31c6,0x31a6,0x2965,0x2965,0x2124,0x2104,0x18e3,0x18e3,0x18e3,0x2104,0x1903,0x18e3,0x10a2,0x18c3,0x18c3,0x18c3,
  0x10a2,0x10a2,0x1082,0x1082,0x0881,0x1082,0x0881,0x1082,0x0881,0x1082,0x0861,0x1082,0x0881,0x10a2,0x10a2,0x10a2,
  0x0881,0x1082,0x1082,0x10a2,0x10a2,0x18c3,0x10a2,0x18c3,0x18c3,0x18e3,0x18c3,0x18e3,0x1903,0x2124,0x2104,0x2124,
  0x2104,0x18e3,0x18e3,0x2104,0x2104,0x2104,0x2104,0x2124,0x2124,0x2945,0x2124,0x2925,0x2104,0x2104,0x2104,0x2124,
  0x2104,0x2124,0x2104,0x2104,0x18e3,0x18e3,0x18c3,0x18c3,0x10c2,0x18e3,0x18c3,0x18e3,0x18e3,0x18e3,0x18e3,0x20e4,
  0x18e3,0x2104,0x18e3,0x18e3,0x18e3,0x18e3,0x18e3,0x18e3,0x18e3,0x18e3,0x18c3,0x18e3,0x18c3,0x18e3,0x18c3,0x18e3,
  0x18c3,0x18e3,0x18c3,0x18e3,0x18c3,0x18e3,0x18c3,0x18c3,0x10c2,0x18c3,0x18c3,0x18c3,0x18c3,0x18e3,0x18c3,0x18e3,
  0x10c2,0x18c3,0x18c3,0x18c3,0x10c2,0x18c3,0x18c3,0x18c3,0x10c2,0x18c3,0x10c2,0x18c3,0x10c2,0x18c3,0x10c2,0x18c3,
  0x10c2,0x18c3,0x10a2,0x18c3,0x10a2,0x18c3,0x10a2,0x18c3,0x10a2,0x18c3,0x10a2,0x18c3,0x10a2,0x18c3,0x10a2,0x18c3,
  0x10a2,0x18c3,0x10a2,0x18c3,0x10a2,0x10a2,0x10a2,0x18a3,0x10a2,0x10a2,0x10a2,0x10a2,0x10a2,0x10a2,0x10a2,0x10a2,
  0x1082,0x10a2,0x1082,0x10a2,0x1082,0x10a2,0x1082,0x10a2,0x1082,0x10a2,0x1082,0x10a2,0x1082,0x10a2,0x1082,0x1082,
  0x0881,0x10a2,0x1082,0x10a2,0x1082,0x10a2,0x1082,0x10a2,0x41e8,0x39e7,0x41e8,0x39e7,0x39e7,0x39e7,0x41e8,0x39c7,
  0x39e7,0x39c7,0x39e7,0x39c7,0x39e7,0x39c7,0x39e7,0x39c7,0x39e7,0x39c7,0x39e7,0x39e7,0x39e7,0x39c7,0x39c7,0x39c7,
  0x39c7,0x31c6,0x39c7,0x39c7,0x39c7,0x31c6,0x39c7,0x39c7,0x39c7,0x31c6,0x39c7,0x31a6,0x39c7,0x31a6,0x39c7,0x31a6,
  0x39c7,0x31a6,0x39c7,0x31a6,0x39c7,0x31a6,0x39c7,0x31a6,0x39c7,0x31a6,0x39a7,0x31a6,0x39a7,0x31a6,0x39a7,0x31a6,
  0x31a6,0x31a6,0x39a7,0x31a6,0x39c7,0x31a6,0x39a7,0x31a6,0x39a7,0x31a6,0x39a7,0x31a6,0x39a7,0x31a6,0x39a7,0x31a6,
  0x31a6,0x31a6,0x39a7,0x3186,0x31a6,0x31a6,0x39a7,0x3186,0x31a6,0x3186,0x31a6,0x3186,0x31a6,0x31a6,0x31a6,0x3186,
  0x31a6,0x3186,0x31a6,0x3186,0x3186,0x3186,0x39a7,0x3186,0x3186,0x3186,0x31a6,0x3186,0x31a6,0x31a6,0x3186,0x3186,
  0x3166,0x39c7,0x5aeb,0x632c,0x73ae,0x7bcf,0x8410,0x73ae,0x8410,0x8410,0x8c51,0x8c51,0x8410,0x7bcf,0x83f0,0x7bef,
  0x8410,0x73ce,0x94b2,0x8c51,0x8c51,0x8c91,0x8410,0x73ae,0x8410,0x8430,0x8c51,0x8410,0x8c51,0x8c51,0x8410,0x73ae,
  0x738e,0x73ae,0x6b4d,0x5aeb,0x5aab,0x528a,0x52aa,0x528a,0x528a,0x4a69,0x4a69,0x4a69,0x528a,0x4a69,0x526a,0x4228,
  0x4a49,0x4a69,0x528a,0x528a,0x528a,0x4a49,0x5aab,0x52aa,0x4a49,0x4a49,0x4228,0x31a6,0x39e7,0x39c7,0x39e7,0x39c7,
  0x39c7,0x31a6,0x31a6,0x31a6,0x3186,0x2965,0x31a6,0x31a6,0x39e7,0x39c7,0x39e7,0x39c7,0x2945,0x2104,0x2104,0x18e3,
  0x20e4,0x18e3,0x18e3,0x10a2,0x10a2,0x1082,0x18a3,0x10a2,0x10a2,0x1082,0x1082,0x0861,0x1082,0x0881,0x1082,0x1082,
  0x1082,0x1082,0x18a3,0x1082,0x10a2,0x1082,0x10a2,0x1082,0x1082,0x0861,0x10a2,0x10a2,0x18c3,0x18c3,0x18e3,0x18c3,
  0x18e3,0x18e3,0x18e3,0x18e3,0x2104,0x2124,0x2124,0x2104,0x2124,0x18c3,0x20e4,0x18e3,0x2124,0x2104,0x2104,0x2124,
  0x2965,0x2124,0x2124,0x2104,0x2104,0x2104,0x2925,0x2104,0x2925,0x2124,0x2925,0x2104,0x2104,0x18e3,0x18c3,0x1082,
  0x10a2,0x10a2,0x18e3,0x18e3,0x20e4,0x18e3,0x2104,0x18e3,0x2104,0x18e3,0x2104,0x18e3,0x20e4,0x18e3,0x20e4,0x18e3,
  0x20e4,0x18e3,0x20e4,0x18c3,0x18e3,0x18c3,0x18e3,0x18c3,0x18e3,0x18c3,0x20e4,0x18c3,0x18e3,0x18c3,0x18e3,0x18c3,
  0x18e3,0x18c3,0x18e3,0x18c3,0x18e3,0x18c3,0x18e3,0x18c3,0x18e3,0x18c3,0x18e3,0x18c3,0x18e3,0x18c3,0x18e3,0x18c3,
  0x18e3,0x18c3,0x18e3,0x18c3,0x18e3,0x18c3,0x18c3,0x18c3,0x18c3,0x18c3,0x18c3,0x18c3,0x18c3,0x10c2,0x18c3,0x18c3,
  0x18c3,0x10c2,0x18c3,0x10a2,0x18c3,0x10c2,0x18c3,0x18c3,0x18c3,0x10a2,0x18c3,0x10a2,0x18c3,0x10a2,0x18c3,0x10a2,
  0x18c3,0x10a2,0x18a3,0x10a2,0x18a3,0x10a2,0x18a3,0x10a2,0x18a3,0x10a2,0x18a3,0x10a2,0x10a2,0x10a2,0x10a2,0x1082,
  0x10a2,0x1082,0x10a2,0x1082,0x10a2,0x1082,0x10a2,0x1082,0x10a2,0x1082,0x10a2,0x1082,0x10a2,0x1082,0x10a2,0x1082,
  0x39e7,0x39e7,0x39e7,0x39e7,0x39c7,0x39e7,0x39c7,0x39c7,0x31c6,0x39e7,0x39c7,0x39c7,0x39c7,0x39e7,0x31c6,0x39c7,
  0x31c6,0x39c7,0x31c6,0x39e7,0x39c7,0x39e7,0x31c6,0x39c7,0x39c7,0x39c7,0x31c6,0x39c7,0x31c6,0x39c7,0x31a6,0x39c7,
  0x31a6,0x39c7,0x31a6,0x39c7,0x31a6,0x39c7,0x31a6,0x39c7,0x31a6,0x39a7,0x31a6,0x39c7,0x31a6,0x39c7,0x31a6,0x39c7,
  0x31a6,0x31a6,0x31a6,0x31a6,0x31a6,0x31a6,0x31a6,0x31a6,0x31a6,0x31a6,0x31a6,0x31a6,0x31a6,0x31a6,0x31a6,0x31a6,
  0x31a6,0x31a6,0x31a6,0x31a6,0x31a6,0x31a6,0x3186,0x31a6,0x3186,0x31a6,0x31a6,0x31a6,0x31a6,0x31a6,0x3186,0x31a6,
  0x3186,0x31a6,0x3186,0x31a6,0x3186,0x31a6,0x3186,0x31a6,0x3186,0x31a6,0x3186,0x3186,0x3186,0x3186,0x2985,0x3186,
  0x2985,0x3186,0x2985,0x3186,0x2985,0x31a6,0x2965,0x31a6,0x3186,0x3186,0x4208,0x5aeb,0x8430,0x73ae,0x73ae,0x6b6d,
  0x7bcf,0x8c71,0x8430,0x8410,0x7bef,0x9cb3,0x7bef,0x7bcf,0x6b6d,0x8c51,0x8c51,0x8430,0x8410,0x8c71,0x632c,0x8410,
  0x73ae,0x83f0,0x8410,0x8c51,0x8430,0x8410,0x73ae,0x7bcf,0x73ae,0x738e,0x634c,0x632c,0x52ca,0x4a69,0x4a69,0x630c,
  0x4a69,0x4228,0x3186,0x2945,0x2124,0x2965,0x2985,0x2965,0x2965,0x39c7,0x4208,0x4a49,0x4228,0x4228,0x4208,0x39e7,
  0x2985,0x39a7,0x2965,0x18e3,0x10a2,0x10a2,0x10c2,0x18e3,0x18c3,0x18e3,0x10a2,0x18e3,0x18c3,0x2104,0x2124,0x3186,
  0x2965,0x3186,0x2965,0x31a6,0x2124,0x2104,0x18e3,0x18c3,0x1082,0x0861,0x0841,0x0861,0x0020,0x0020,0x0020,0x0841,
  0x0020,0x0841,0x0841,0x0861,0x0861,0x1062,0x0861,0x0861,0x0861,0x1062,0x0861,0x0841,0x0841,0x0861,0x0040,0x0841,
  0x0841,0x1082,0x0881,0x10a2,0x10a2,0x18c3,0x18c3,0x18c3,0x18c3,0x18e3,0x10c2,0x18e3,0x1903,0x2124,0x1903,0x18e3,
  0x18e3,0x18c3,0x18e3,0x18e3,0x2104,0x2104,0x18e3,0x2104,0x2124,0x2124,0x18e3,0x2104,0x1903,0x2124,0x2104,0x2104,
  0x2104,0x2945,0x2124,0x2104,0x18e3,0x20e4,0x10a2,0x1082,0x1082,0x18a3,0x18c3,0x2104,0x18e3,0x20e4,0x18e3,0x18e3,
  0x18e3,0x20e4,0x18e3,0x18e3,0x18e3,0x18e3,0x18e3,0x18e3,0x18e3,0x18e3,0x18c3,0x18e3,0x18c3,0x18e3,0x18c3,0x18e3,
  0x18c3,0x18e3,0x18c3,0x18e3,0x18c3,0x18c3,0x10c2,0x18e3,0x18c3,0x18c3,0x10c2,0x18c3,0x18c3,0x18e3,0x18c3,0x18e3,
  0x18c3,0x18c3,0x10c2,0x18c3,0x18c3,0x18c3,0x10c2,0x18c3,0x18c3,0x18c3,0x10c2,0x18c3,0x18c3,0x18c3,0x10c2,0x18c3,
  0x10c2,0x18c3,0x10a2,0x18c3,0x10a2,0x18c3,0x10a2,0x18c3,0x10a2,0x18c3,0x10a2,0x18c3,0x10a2,0x18c3,0x10a2,0x18c3,
  0x10a2,0x18c3,0x10a2,0x18c3,0x10a2,0x18a3,0x10a2,0x10a2,0x10a2,0x18a3,0x10a2,0x10a2,0x10a2,0x10a2,0x10a2,0x10a2,
  0x10a2,0x10a2,0x1082,0x10a2,0x1082,0x10a2,0x1082,0x10a2,0x1082,0x10a2,0x1082,0x10a2,0x1082,0x10a2,0x1082,0x10a2,
  0x1082,0x10a2,0x1082,0x10a2,0x1082,0x10a2,0x1082,0x10a2,0x4208,0x39e7,0x41e8,0x39e7,0x39e7,0x39c7,0x39e7,0x31c6,
  0x39c7,0x39c7,0x39e7,0x39c7,0x39c7,0x39c7,0x39e7,0x39c7,0x39c7,0x39c7,0x39e7,0x39c7,0x39e7,0x39c7,0x39e7,0x39c7,
  0x39e7,0x39c7,0x39e7,0x39c7,0x39c7,0x31a6,0x39c7,0x31c6,0x39c7,0x39c7,0x39c7,0x31c6,0x39c7,0x39c7,0x39c7,0x31c6,
  0x39c7,0x31a6,0x39c7,0x31a6,0x39c7,0x31a6,0x39c7,0x31a6,0x39c7,0x31a6,0x39c7,0x31a6,0x39c7,0x31a6,0x39a7,0x31a6,
  0x39a7,0x31a6,0x39c7,0x31a6,0x39a7,0x31a6,0x39a7,0x31a6,0x39c7,0x31a6,0x39a7,0x31a6,0x39a7,0x31a6,0x31a6,0x31a6,
  0x39a7,0x31a6,0x39a7,0x31a6,0x39a7,0x31a6,0x31a6,0x3186,0x31a6,0x3186,0x31a6,0x3186,0x39a7,0x31a6,0x31a6,0x3186,
  0x39a7,0x31a6,0x31a6,0x3186,0x31a6,0x3186,0x31a6,0x3186,0x31a6,0x31a6,0x31a6,0x3186,0x3186,0x3186,0x31a6,0x31a6,
  0x31a6,0x2965,0x39c7,0x52aa,0x73ae,0x6b6d,0x8430,0x738e,0x6b2d,0x8430,0x8c51,0x8430,0x7bcf,0x7bef,0x8410,0x8c71,
  0x8430,0x9492,0x7bcf,0x7bef,0x94b2,0x738e,0x73ae,0x8410,0x7bef,0x7bef,0x8430,0x8430,0x8410,0x7bef,0x83f0,0x7bcf,
  0x738e,0x738e,0x6b2d,0x630c,0x62ec,0x52aa,0x5acb,0x632c,0x5acb,0x52aa,0x5aab,0x52aa,0x526a,0x4208,0x39c7,0x2985,
  0x3166,0x2965,0x31a6,0x31a6,0x3166,0x2124,0x2945,0x2965,0x3166,0x3186,0x39a7,0x2965,0x3186,0x2104,0x2104,0x2124,
  0x2925,0x2124,0x2925,0x2945,0x2124,0x18e3,0x2925,0x2945,0x2945,0x2124,0x2104,0x18e3,0x18c3,0x10a2,0x10a2,0x1082,
  0x0861,0x0020,0x0841,0x0040,0x0821,0x0000,0x0841,0x0020,0x0821,0x0020,0x0841,0x0020,0x0821,0x0020,0x0020,0x0020,
  0x0841,0x0020,0x0821,0x0000,0x0821,0x0020,0x0841,0x0020,0x0861,0x1082,0x18c3,0x10a2,0x18c3,0x18c3,0x18e3,0x10c2,
  0x18c3,0x18c3,0x18e3,0x18e3,0x2104,0x2104,0x2104,0x18e3,0x20e4,0x18c3,0x2104,0x18e3,0x2124,0x2104,0x2104,0x18e3,
  0x2104,0x2104,0x2104,0x2124,0x2925,0x2124,0x2124,0x18e3,0x2104,0x2124,0x2925,0x1903,0x20e4,0x18c3,0x18c3,0x10a2,
  0x18a3,0x18c3,0x20e4,0x2104,0x2104,0x18e3,0x2104,0x18e3,0x2104,0x18e3,0x2104,0x18e3,0x20e4,0x18e3,0x20e4,0x18e3,
  0x20e4,0x18e3,0x18e3,0x18c3,0x18e3,0x18c3,0x18e3,0x18c3,0x18e3,0x18c3,0x18e3,0x18c3,0x18e3,0x18c3,0x18e3,0x18c3,
  0x18e3,0x18c3,0x18e3,0x18c3,0x18e3,0x18c3,0x18e3,0x18c3,0x18e3,0x18c3,0x18e3,0x18c3,0x18e3,0x18c3,0x18e3,0x18c3,
  0x18c3,0x18c3,0x18c3,0x18c3,0x18c3,0x18c3,0x18c3,0x18c3,0x18c3,0x18c3,0x18c3,0x10c2,0x18c3,0x18c3,0x18c3,0x10c2,
  0x18c3,0x18c3,0x18c3,0x10a2,0x18c3,0x18c3,0x18c3,0x10c2,0x18c3,0x10a2,0x18c3,0x10a2,0x18c3,0x10a2,0x18c3,0x10a2,
  0x18c3,0x10a2,0x18a3,0x10a2,0x18a3,0x10a2,0x18c3,0x10a2,0x18c3,0x10a2,0x18a3,0x10a2,0x18a3,0x10a2,0x10a2,0x10a2,
  0x18a3,0x10a2,0x10a2,0x10a2,0x18a3,0x10a2,0x10a2,0x1082,0x10a2,0x1082,0x10a2,0x1082,0x10a2,0x1082,0x10a2,0x1082,
  0x39e7,0x39e7,0x39e7,0x39e7,0x39c7,0x39e7,0x39c7,0x39c7,0x31c6,0x39e7,0x39c7,0x39c7,0x31c6,0x39c7,0x39c7,0x39e7,
  0x39c7,0x39c7,0x39c7,0x39e7,0x39c7,0x39c7,0x31a6,0x39c7,0x31a6,0x39c7,0x31a6,0x39c7,0x31a6,0x39c7,0x31a6,0x39c7,
  0x31a6,0x39c7,0x31a6,0x39c7,0x31a6,0x39c7,0x31a6,0x39c7,0x31a6,0x39c7,0x31a6,0x39c7,0x31a6,0x39c7,0x31a6,0x39c7,
  0x31a6,0x31a6,0x31a6,0x39a7,0x31a6,0x31a6,0x31a6,0x39a7,0x31a6,0x31a6,0x31a6,0x31a6,0x31a6,0x31a6,0x31a6,0x31a6,
  0x31a6,0x31a6,0x31a6,0x31a6,0x31a6,0x31a6,0x3186,0x31a6,0x3186,0x31a6,0x31a6,0x31a6,0x31a6,0x31a6,0x3186,0x31a6,
  0x3186,0x31a6,0x3186,0x31a6,0x3186,0x31a6,0x3186,0x31a6,0x3186,0x31a6,0x3186,0x31a6,0x3186,0x3186,0x2985,0x3186,
  0x3186,0x31a6,0x3186,0x3186,0x2965,0x3186,0x31a6,0x3186,0x2965,0x2124,0x2965,0x52aa,0x738e,0x6b4d,0x7bcf,0x8410,
  0x7c0f,0x94b2,0x7bcf,0x8410,0x8430,0x8410,0x8c51,0x8430,0x7bef,0x9492,0x7bef,0x8410,0x7bef,0x73ae,0x8410,0x7bef,
  0x6b6d,0x8430,0x8430,0x8430,0x7c0f,0x8c51,0x8450,0x7bcf,0x632c,0x73ae,0x632c,0x630c,0x5b0b,0x632c,0x632c,0x6b4d,
  0x634c,0x6b4d,0x6b4d,0x6b6d,0x634c,0x630c,0x5aeb,0x4a69,0x4208,0x4208,0x4208,0x4208,0x39e7,0x39e7,0x39e7,0x4a69,
  0x4a89,0x528a,0x4a69,0x528a,0x528a,0x4228,0x39e7,0x39e7,0x39c7,0x39e7,0x39c7,0x39e7,0x31a6,0x31a6,0x31a6,0x39a7,
  0x31a6,0x31a6,0x2965,0x2945,0x2124,0x2104,0x18e3,0x18e3,0x10a2,0x10a2,0x10c2,0x1082,0x0861,0x0861,0x0881,0x1082,
  0x0861,0x1082,0x0861,0x1062,0x0841,0x0841,0x0040,0x0841,0x0841,0x0861,0x0841,0x0841,0x0841,0x1082,0x0881,0x10a2,
  0x10a2,0x18c3,0x18c3,0x18c3,0x10c2,0x18e3,0x18c3,0x18c3,0x10a2,0x18c3,0x10c2,0x18e3,0x1903,0x2124,0x18e3,0x18e3,
  0x18e3,0x18e3,0x2104,0x2104,0x2104,0x2124,0x2104,0x2104,0x18e3,0x2104,0x2104,0x2124,0x18e3,0x2104,0x2124,0x18e3,
  0x18e3,0x2945,0x2124,0x2104,0x18c3,0x18c3,0x10a2,0x10a2,0x1082,0x18c3,0x18c3,0x2104,0x18e3,0x2104,0x18e3,0x20e4,
  0x18e3,0x18e3,0x18e3,0x18e3,0x18e3,0x18e3,0x18e3,0x18e3,0x18e3,0x18e3,0x18c3,0x18e3,0x18c3,0x18e3,0x18c3,0x18e3,
  0x18c3,0x18e3,0x18c3,0x18e3,0x10c2,0x18c3,0x18c3,0x18e3,0x18c3,0x18e3,0x18c3,0x18e3,0x10c2,0x18c3,0x18c3,0x18c3,
  0x10c2,0x18c3,0x18c3,0x18c3,0x10c2,0x18c3,0x18c3,0x18c3,0x10c2,0x18c3,0x10c2,0x18c3,0x10c2,0x18c3,0x10c2,0x18c3,
  0x10c2,0x18c3,0x10a2,0x18c3,0x10a2,0x18c3,0x10a2,0x18c3,0x10a2,0x18c3,0x10a2,0x18c3,0x10a2,0x18c3,0x10a2,0x18c3,
  0x10a2,0x18c3,0x10a2,0x18c3,0x10a2,0x10a2,0x10a2,0x18a3,0x10a2,0x10a2,0x10a2,0x18a3,0x10a2,0x10a2,0x10a2,0x18a3,
  0x10a2,0x10a2,0x10a2,0x10a2,0x10a2,0x10a2,0x10a2,0x10a2,0x1082,0x10a2,0x10a2,0x10a2,0x1082,0x10a2,0x1082,0x10a2,
  0x1082,0x10a2,0x1082,0x10a2,0x1082,0x10a2,0x1082,0x10a2,0x39e7,0x39e7,0x4208,0x39e7,0x39c7,0x39c7,0x39e7,0x39e7,
  0x41e8,0x39e7,0x39e7,0x39c7,0x39e7,0x31c6,0x39e7,0x39c7,0x39e7,0x39c7,0x39c7,0x39c7,0x39c7,0x39c7,0x39c7,0x39c7,
  0x39e7,0x39c7,0x39e7,0x39c7,0x39e7,0x31c6,0x39c7,0x39c7,0x39c7,0x31c6,0x39c7,0x31a6,0x39c7,0x31c6,0x39e7,0x39c7,
  0x39c7,0x31a6,0x39c7,0x39c7,0x39c7,0x31a6,0x39c7,0x31a6,0x39c7,0x31a6,0x39a7,0x31a6,0x39a7,0x31a6,0x39c7,0x31a6,
  0x39a7,0x31a6,0x39a7,0x31a6,0x39a7,0x31a6,0x39a7,0x31a6,0x31a6,0x31a6,0x39a7,0x31a6,0x31a6,0x31a6,0x39a7,0x31a6,
  0x31a6,0x3186,0x39a7,0x31a6,0x31a6,0x3186,0x31a6,0x3186,0x31a6,0x31a6,0x39a7,0x31a6,0x31a6,0x3186,0x31a6,0x3186,
  0x31a6,0x31a6,0x39a7,0x31a6,0x31a6,0x3186,0x31a6,0x3186,0x31a6,0x3186,0x31a6,0x3186,0x31a6,0x3186,0x3186,0x31a6,
  0x3166,0x2104,0x3186,0x5aeb,0x630c,0x73ae,0x738e,0x8430,0x8c71,0x8c51,0x9472,0x8410,0x8c71,0x8430,0x8c51,0x8410,
  0x8430,0x8c71,0x83f0,0x8410,0x7bef,0x738e,0x738e,0x73ae,0x83f0,0x73ce,0x8410,0x8410,0x8430,0x8c51,0x8410,0x738e,
  0x7bcf,0x6b6d,0x7bcf,0x632c,0x5aeb,0x630c,0x738e,0x6b6d,0x6b6d,0x6b8d,0x7baf,0x73ae,0x73ae,0x6b6d,0x6b6d,0x632c,
  0x630c,0x528a,0x5aab,0x4a69,0x528a,0x528a,0x528a,0x4a69,0x5acb,0x5acb,0x5aeb,0x5aeb,0x630c,0x5aeb,0x5aab,0x52aa,
  0x52aa,0x4a69,0x4a29,0x4208,0x4228,0x4228,0x4a49,0x39c7,0x4208,0x39e7,0x3186,0x39c7,0x31a6,0x2945,0x2124,0x2124,
  0x2124,0x18e3,0x18c3,0x10a2,0x10a2,0x10a2,0x18a3,0x10a2,0x18a3,0x10a2,0x18a3,0x1082,0x1082,0x0861,0x1062,0x0861,
  0x1082,0x0861,0x1062,0x0861,0x10a2,0x10a2,0x18c3,0x18c3,0x18e3,0x18c3,0x18c3,0x18c3,0x18e3,0x18c3,0x18e3,0x18c3,
  0x18c3,0x18e3,0x20e4,0x18e3,0x2124,0x2124,0x2104,0x2104,0x20e4,0x18e3,0x2104,0x18e3,0x2104,0x2104,0x2124,0x2104,
  0x20e4,0x2124,0x2945,0x2104,0x2124,0x2104,0x2104,0x2104,0x2124,0x2124,0x2124,0x18e3,0x18e3,0x18e3,0x18c3,0x1082,
  0x1082,0x10a2,0x20e4,0x18e3,0x2104,0x18e3,0x2104,0x18e3,0x2104,0x18e3,0x2104,0x18e3,0x2104,0x18e3,0x20e4,0x18e3,
  0x20e4,0x18e3,0x20e4,0x18e3,0x18e3,0x18e3,0x18e3,0x18c3,0x18e3,0x18c3,0x18e3,0x18c3,0x18e3,0x18e3,0x20e4,0x18c3,
  0x18e3,0x18c3,0x18e3,0x18c3,0x18e3,0x18c3,0x18e3,0x18c3,0x18e3,0x18c3,0x18e3,0x18c3,0x18e3,0x18c3,0x18e3,0x18c3,
  0x18e3,0x18c3,0x18c3,0x18c3,0x18c3,0x18c3,0x18c3,0x18c3,0x18c3,0x18c3,0x18c3,0x18c3,0x18c3,0x10c2,0x18c3,0x18c3,
  0x18c3,0x10a2,0x18c3,0x18c3,0x18c3,0x10c2,0x18c3,0x18c3,0x18c3,0x10a2,0x18c3,0x10a2,0x18c3,0x10a2,0x18c3,0x10a2,
  0x18c3,0x10a2,0x18c3,0x10a2,0x18c3,0x10a2,0x18a3,0x10a2,0x10a2,0x10a2,0x18a3,0x10a2,0x18a3,0x10a2,0x18a3,0x10a2,
  0x18a3,0x10a2,0x18a3,0x10a2,0x10a2,0x10a2,0x18a3,0x10a2,0x10a2,0x1082,0x10a2,0x1082,0x10a2,0x1082,0x10a2,0x1082,
  0x39c7,0x39e7,0x39e7,0x39e7,0x39c7,0x39c7,0x39c7,0x39e7,0x39c7,0x39e7,0x39c7,0x39e7,0x39c7,0x39c7,0x31c6,0x39c7,
  0x39c7,0x39c7,0x31c6,0x39c7,0x31c6,0x39c7,0x39c7,0x39c7,0x39c7,0x39c7,0x31c6,0x39c7,0x39c7,0x39c7,0x31c6,0x39c7,
  0x31c6,0x39c7,0x31a6,0x39c7,0x31a6,0x39c7,0x31a6,0x39c7,0x31a6,0x39a7,0x31a6,0x39c7,0x31a6,0x39c7,0x31a6,0x31a6,
  0x31a6,0x39a7,0x31a6,0x31a6,0x31a6,0x39a7,0x31a6,0x31a6,0x31a6,0x31a6,0x31a6,0x31a6,0x31a6,0x39a7,0x31a6,0x31a6,
  0x31a6,0x31a6,0x3186,0x31a6,0x3186,0x31a6,0x3186,0x31a6,0x3186,0x31a6,0x3186,0x31a6,0x3186,0x31a6,0x3186,0x31a6,
  0x3186,0x31a6,0x3186,0x31a6,0x3186,0x31a6,0x3186,0x31a6,0x3186,0x31a6,0x3186,0x31a6,0x3186,0x31a6,0x2985,0x3186,
  0x3186,0x3186,0x2985,0x3186,0x3186,0x3186,0x2985,0x31a6,0x2965,0x2945,0x2965,0x4a69,0x5aeb,0x7bcf,0x73ae,0x8410,
  0x8c71,0x9492,0x8c71,0x8430,0x8430,0x8430,0x8430,0x8c51,0x8c51,0x8c71,0x8430,0x7bef,0x73ce,0x8410,0x8c51,0x8410,
  0x7bcf,0x7bcf,0x6b6d,0x8410,0x8c51,0x8c31,0x7c0f,0x8410,0x7c0f,0x736e,0x6b8d,0x6b4d,0x632c,0x6b6d,0x6b8d,0x6b6d,
  0x6b6d,0x738e,0x73ae,0x7bef,0x7bef,0x7bcf,0x73ae,0x7bcf,0x73ae,0x6b4d,0x630c,0x5aeb,0x5acb,0x52aa,0x52aa,0x5aeb,
  0x5aeb,0x5aeb,0x52ca,0x5acb,0x5acb,0x630c,0x632c,0x632c,0x5aeb,0x5acb,0x4a49,0x4228,0x4208,0x4a49,0x4228,0x39c7,
  0x39e7,0x41e8,0x31a6,0x4228,0x31a6,0x3186,0x2965,0x2965,0x2945,0x2124,0x18e3,0x18e3,0x18c3,0x18e3,0x10c2,0x18c3,
  0x10c2,0x18c3,0x10a2,0x10a2,0x1082,0x1082,0x0861,0x1082,0x1082,0x10a2,0x1082,0x10a2,0x10a2,0x18c3,0x18c3,0x18e3,
  0x18e3,0x18e3,0x18e3,0x18e3,0x18c3,0x18e3,0x18c3,0x18c3,0x18c3,0x18e3,0x1903,0x2124,0x2104,0x2104,0x18c3,0x18e3,
  0x18e3,0x20e4,0x18e3,0x18c3,0x18e3,0x2104,0x1903,0x2104,0x18e3,0x2124,0x2144,0x2945,0x2124,0x2124,0x1903,0x2124,
  0x2124,0x2124,0x1903,0x18e3,0x18c3,0x18c3,0x10a2,0x10a2,0x1082,0x18c3,0x18e3,0x18e3,0x18e3,0x2104,0x18e3,0x18e3,
  0x18e3,0x20e4,0x18e3,0x18e3,0x18e3,0x18e3,0x18e3,0x18e3,0x18e3,0x20e4,0x18e3,0x18e3,0x18c3,0x18e3,0x18e3,0x18e3,
  0x18c3,0x18e3,0x10c2,0x18c3,0x18c3,0x18e3,0x18c3,0x18e3,0x18c3,0x18c3,0x10c2,0x18c3,0x18c3,0x18c3,0x10c2,0x18c3,
  0x18c3,0x18e3,0x18c3,0x18c3,0x18c3,0x18c3,0x10c2,0x18c3,0x18c3,0x18c3,0x10c2,0x18c3,0x10c2,0x18c3,0x10c2,0x18c3,
  0x10c2,0x18c3,0x10a2,0x18c3,0x10a2,0x18c3,0x10c2,0x18c3,0x10a2,0x18c3,0x10a2,0x18c3,0x10a2,0x18c3,0x10a2,0x18c3,
  0x10a2,0x18c3,0x10a2,0x18c3,0x10a2,0x18c3,0x10a2,0x18c3,0x10a2,0x18a3,0x10a2,0x10a2,0x10a2,0x18a3,0x10a2,0x10a2,
  0x10a2,0x10a2,0x10a2,0x10a2,0x10a2,0x10a2,0x10a2,0x10a2,0x10a2,0x10a2,0x1082,0x10a2,0x1082,0x10a2,0x1082,0x10a2,
  0x1082,0x10a2,0x1082,0x10a2,0x1082,0x10a2,0x0881,0x1082,0x41e8,0x39e7,0x41e8,0x39e7,0x39e7,0x39c7,0x39e7,0x39e7,
  0x39e7,0x39c7,0x39e7,0x39c7,0x39e7,0x39c7,0x39e7,0x39c7,0x39e7,0x39c7,0x39c7,0x39c7,0x39c7,0x39c7,0x39e7,0x39c7,
  0x39e7,0x39c7,0x39c7,0x39c7,0x39c7,0x39c7,0x39c7,0x39c7,0x39c7,0x39c7,0x39c7,0x31a6,0x39e7,0x39c7,0x39c7,0x31a6,
  0x39c7,0x39c7,0x39c7,0x31c6,0x39c7,0x31a6,0x39c7,0x31a6,0x39c7,0x31a6,0x39a7,0x31a6,0x39a7,0x31a6,0x39c7,0x31a6,
  0x39a7,0x31a6,0x39a7,0x31a6,0x39c7,0x31a6,0x39c7,0x31a6,0x39a7,0x31a6,0x39a7,0x31a6,0x39a7,0x31a6,0x39a7,0x31a6,
  0x39a7,0x31a6,0x39a7,0x31a6,0x39a7,0x31a6,0x31a6,0x3186,0x31a6,0x31a6,0x31a6,0x31a6,0x39a7,0x3186,0x31a6,0x3186,
  0x31a6,0x3186,0x31a6,0x3186,0x31a6,0x3186,0x31a6,0x3186,0x31a6,0x3186,0x31a6,0x3186,0x31a6,0x3186,0x31a6,0x3186,
  0x3186,0x2965,0x2965,0x31a6,0x738e,0x7bcf,0x62ec,0x8c71,0x83f0,0x7bef,0x7bcf,0x7bef,0x8410,0x8c51,0x8c51,0x8c71,
  0x9492,0x8c71,0x8430,0x73ae,0x8c51,0x8c71,0x8c51,0x7bef,0x73ae,0x7bcf,0x738e,0x7bcf,0x8c51,0x8410,0x8430,0x7bef,
  0x7bcf,0x738e,0x738e,0x6b6d,0x7bcf,0x7bcf,0x7bcf,0x738e,0x7bcf,0x73ae,0x7bef,0x7bef,0x8410,0x7bef,0x7bef,0x7bef,
  0x8410,0x73ae,0x738e,0x6b4d,0x6b6d,0x632c,0x630c,0x5aeb,0x632c,0x5aeb,0x5aeb,0x5aeb,0x630c,0x5aeb,0x630c,0x5aeb,
  0x62ec,0x52aa,0x4a69,0x4228,0x4228,0x4228,0x4228,0x39c7,0x39c7,0x39c7,0x39c7,0x4208,0x41e8,0x31a6,0x3186,0x2965,
  0x3166,0x2124,0x2124,0x2104,0x2104,0x18e3,0x18e3,0x18c3,0x18c3,0x18c3,0x18c3,0x10a2,0x18c3,0x10a2,0x10a2,0x10a2,
  0x18c3,0x18c3,0x18e3,0x18e3,0x20e4,0x18e3,0x2104,0x18e3,0x2104,0x18e3,0x2104,0x18e3,0x18e3,0x18c3,0x18c3,0x10a2,
  0x20e4,0x18c3,0x2104,0x2104,0x2104,0x18e3,0x20e4,0x18c3,0x18c3,0x18e3,0x18e3,0x10a2,0x2104,0x2104,0x2104,0x10a2,
  0x18c3,0x18e3,0x2945,0x2124,0x2124,0x2104,0x2124,0x2124,0x2124,0x18e3,0x18e3,0x18e3,0x20e4,0x10a2,0x18c3,0x10a2,
  0x18a3,0x18c3,0x20e4,0x18e3,0x2104,0x18e3,0x2104,0x18e3,0x2104,0x18e3,0x2104,0x18e3,0x2104,0x18e3,0x20e4,0x18e3,
  0x20e4,0x18e3,0x20e4,0x18e3,0x2104,0x18e3,0x20e4,0x18e3,0x20e4,0x18e3,0x18e3,0x18c3,0x18e3,0x18e3,0x18e3,0x18c3,
  0x18e3,0x18c3,0x18e3,0x18c3,0x18e3,0x18c3,0x18e3,0x18c3,0x18e3,0x18c3,0x18e3,0x18c3,0x18e3,0x18c3,0x18e3,0x18c3,
  0x18e3,0x18c3,0x18c3,0x18c3,0x18c3,0x18c3,0x18c3,0x18c3,0x18c3,0x18c3,0x18c3,0x10c2,0x18c3,0x18c3,0x18c3,0x10c2,
  0x18c3,0x10a2,0x18c3,0x10c2,0x18c3,0x18c3,0x18c3,0x10c2,0x18c3,0x10a2,0x18c3,0x10a2,0x18c3,0x10a2,0x18c3,0x10a2,
  0x18c3,0x10a2,0x18c3,0x10a2,0x18a3,0x10a2,0x18c3,0x10a2,0x18c3,0x10a2,0x18a3,0x10a2,0x18a3,0x10a2,0x18a3,0x10a2,
  0x18a3,0x10a2,0x10a2,0x10a2,0x18a3,0x10a2,0x10a2,0x10a2,0x18a3,0x1082,0x10a2,0x1082,0x10a2,0x1082,0x10a2,0x1082,
  0x39e7,0x39e7,0x39c7,0x39e7,0x39c7,0x39e7,0x39c7,0x39c7,0x31c6,0x39e7,0x39c7,0x39e7,0x39c7,0x39e7,0x39c7,0x39c7,
  0x31c6,0x39c7,0x31c6,0x39c7,0x31c6,0x39c7,0x31c6,0x39c7,0x31c6,0x39c7,0x39c7,0x39c7,0x31c6,0x39c7,0x31c6,0x39c7,
  0x31c6,0x39c7,0x31a6,0x39c7,0x39c7,0x39c7,0x31a6,0x39a7,0x31a6,0x39c7,0x31a6,0x39c7,0x31a6,0x39c7,0x31a6,0x39a7,
  0x31a6,0x31a6,0x31a6,0x31a6,0x31a6,0x31a6,0x31a6,0x31a6,0x31a6,0x31a6,0x3186,0x31a6,0x31a6,0x31a6,0x31a6,0x31a6,
  0x3186,0x31a6,0x31a6,0x31a6,0x31a6,0x31a6,0x31a6,0x31a6,0x31a6,0x31a6,0x31a6,0x31a6,0x31a6,0x31a6,0x31a6,0x31a6,
  0x3186,0x31a6,0x3186,0x31a6,0x3186,0x31a6,0x3186,0x3186,0x2985,0x31a6,0x3186,0x3186,0x2985,0x3186,0x3186,0x3186,
  0x2985,0x3186,0x3186,0x3186,0x2985,0x31a6,0x3186,0x3186,0x2965,0x3186,0x2124,0x2124,0x5b0b,0x73ae,0x6b4d,0x8430,
  0x73ce,0x73ae,0x7bef,0x7bcf,0x73ae,0x8c51,0x8430,0x8c71,0x8c51,0x8c51,0x8430,0x7bcf,0x8430,0x8430,0x7bef,0x7bef,
  0x630c,0x6b6d,0x7bef,0x7bef,0x8410,0x8410,0x8410,0x7bef,0x738e,0x73ae,0x6b6d,0x738e,0x7bcf,0x7bef,0x7bcf,0x7baf,
  0x7c0f,0x8410,0x7bef,0x8410,0x7c0f,0x8410,0x7bcf,0x7bef,0x7bef,0x7bcf,0x738e,0x738e,0x738e,0x738e,0x634c,0x6b6d,
  0x6b4d,0x6b4d,0x630c,0x630c,0x5aeb,0x5aeb,0x52aa,0x5acb,0x5acb,0x5acb,0x528a,0x526a,0x4a69,0x4a49,0x4228,0x4208,
  0x39e7,0x39c7,0x31a6,0x41e8,0x31c6,0x31a6,0x2945,0x2965,0x2124,0x2124,0x2104,0x2104,0x18e3,0x18e3,0x18c3,0x18c3,
  0x10c2,0x18c3,0x10a2,0x18c3,0x10c2,0x18c3,0x18c3,0x18e3,0x18e3,0x2104,0x18e3,0x2104,0x1903,0x2104,0x1903,0x2104,
  0x18e3,0x2104,0x18e3,0x2104,0x18e3,0x18e3,0x18c3,0x18e3,0x18c3,0x18e3,0x18e3,0x18e3,0x18e3,0x2104,0x18e3,0x18a3,
  0x10a2,0x18e3,0x10c2,0x18c3,0x18e3,0x2124,0x1903,0x18e3,0x10c2,0x18e3,0x2104,0x2124,0x18e3,0x2104,0x2104,0x2104,
  0x18e3,0x18e3,0x18c3,0x18e3,0x18c3,0x10a2,0x10a2,0x18c3,0x10c2,0x18e3,0x18e3,0x20e4,0x18e3,0x2104,0x18e3,0x20e4,
  0x18e3,0x18e3,0x18e3,0x2104,0x18e3,0x18e3,0x18e3,0x18e3,0x18e3,0x18e3,0x18e3,0x20e4,0x18e3,0x18e3,0x18e3,0x18e3,
  0x18e3,0x18e3,0x18c3,0x18e3,0x18c3,0x18e3,0x18c3,0x18c3,0x10c2,0x18c3,0x18c3,0x18c3,0x10c2,0x18c3,0x18c3,0x18c3,
  0x18c3,0x18e3,0x18c3,0x18c3,0x10c2,0x18c3,0x18c3,0x18c3,0x10c2,0x18c3,0x10c2,0x18c3,0x10c2,0x18c3,0x10c2,0x18c3,
  0x10c2,0x18c3,0x10a2,0x18c3,0x10a2,0x18c3,0x10c2,0x18c3,0x10a2,0x18c3,0x10a2,0x18c3,0x10a2,0x18c3,0x10a2,0x18c3,
  0x10a2,0x18c3,0x10a2,0x18c3,0x10a2,0x18c3,0x10a2,0x18c3,0x10a2,0x10a2,0x10a2,0x10a2,0x10a2,0x10a2,0x10a2,0x18c3,
  0x10a2,0x10a2,0x10a2,0x10a2,0x10a2,0x10a2,0x10a2,0x10a2,0x10a2,0x10a2,0x1082,0x10a2,0x1082,0x10a2,0x1082,0x10a2,
  0x1082,0x10a2,0x1082,0x10a2,0x1082,0x10a2,0x1082,0x1082,0x41e8,0x39e7,0x39e7,0x39c7,0x39e7,0x39c7,0x39e7,0x39c7,
  0x39e7,0x39c7,0x39e7,0x39c7,0x39e7,0x39c7,0x39e7,0x39c7,0x39e7,0x39c7,0x39c7,0x39c7,0x39c7,0x39c7,0x39c7,0x39c7,
  0x39c7,0x39c7,0x39e7,0x39c7,0x39e7,0x31c6,0x39c7,0x39c7,0x39c7,0x31c6,0x39c7,0x31a6,0x39e7,0x31c6,0x39c7,0x31a6,
  0x39c7,0x31a6,0x39c7,0x39c7,0x39c7,0x31a6,0x39c7,0x31a6,0x39c7,0x31a6,0x39a7,0x31a6,0x39a7,0x31a6,0x39c7,0x31a6,
  0x39a7,0x31a6,0x39a7,0x31a6,0x39c7,0x31a6,0x39c7,0x31a6,0x39a7,0x31a6,0x39a7,0x31a6,0x31a6,0x31a6,0x39a7,0x31a6,
  0x39a7,0x31a6,0x39a7,0x31a6,0x31a6,0x31a6,0x39a7,0x31a6,0x31a6,0x3186,0x31a6,0x3186,0x31a6,0x31a6,0x31a6,0x3186,
  0x31a6,0x3186,0x31a6,0x3186,0x31a6,0x3186,0x31a6,0x3186,0x31a6,0x3186,0x31a6,0x3186,0x31a6,0x3186,0x3186,0x2965,
  0x3186,0x31a6,0x2945,0x2124,0x52aa,0x73ae,0x7bef,0x7bcf,0x8410,0x8410,0x8c51,0x7bcf,0x7bef,0x8c71,0x9472,0x8c71,
  0x8c71,0x8c51,0x8c31,0x738e,0x7bef,0x8430,0x8410,0x7bef,0x7bef,0x73ae,0x73ae,0x7bef,0x8410,0x73ce,0x8410,0x8410,
  0x8410,0x73ae,0x738e,0x738e,0x7bef,0x7c0f,0x8410,0x7bef,0x8430,0x8410,0x8410,0x8410,0x8410,0x7bef,0x8410,0x7bef,
  0x7bef,0x7bcf,0x7baf,0x73ae,0x7bcf,0x73ae,0x7baf,0x7bcf,0x7bcf,0x73ae,0x73ae,0x738e,0x6b6d,0x632c,0x6b2d,0x632c,
  0x632c,0x630c,0x62ec,0x5acb,0x5aeb,0x5acb,0x5acb,0x528a,0x4a69,0x4208,0x4208,0x4208,0x39e7,0x3186,0x3166,0x2945,
  0x2945,0x2124,0x2925,0x2104,0x2104,0x18e3,0x20e4,0x18e3,0x18e3,0x18c3,0x20e4,0x18e3,0x2104,0x2104,0x2124,0x2104,
  0x2124,0x2104,0x2124,0x2104,0x2124,0x2104,0x2104,0x2104,0x2104,0x1903,0x2104,0x2104,0x2104,0x1903,0x2104,0x2104,
  0x20e4,0x2124,0x2925,0x18e3,0x2124,0x2124,0x18c3,0x18c3,0x18c3,0x18c3,0x20e4,0x18c3,0x2104,0x2104,0x2945,0x2945,
  0x2124,0x2124,0x2925,0x2104,0x2104,0x18e3,0x2104,0x18e3,0x2104,0x1903,0x2104,0x18c3,0x18a3,0x10a2,0x18c3,0x10a2,
  0x18c3,0x18e3,0x2104,0x18e3,0x2104,0x18e3,0x2104,0x18e3,0x2104,0x18e3,0x2104,0x2104,0x2104,0x18e3,0x20e4,0x18e3,
  0x18e3,0x18e3,0x20e4,0x18e3,0x2104,0x18e3,0x20e4,0x18e3,0x20e4,0x18e3,0x20e4,0x18c3,0x18e3,0x18e3,0x18e3,0x18c3,
  0x18c3,0x18c3,0x18e3,0x18c3,0x18e3,0x18c3,0x18e3,0x18c3,0x18e3,0x18c3,0x18e3,0x18c3,0x18e3,0x18c3,0x18e3,0x18c3,
  0x18e3,0x18c3,0x18c3,0x18c3,0x18c3,0x18c3,0x18c3,0x18c3,0x18c3,0x18c3,0x18c3,0x18c3,0x18c3,0x10c2,0x18c3,0x18c3,
  0x18c3,0x10a2,0x18c3,0x18c3,0x18c3,0x10c2,0x18c3,0x18c3,0x18c3,0x10a2,0x18c3,0x10a2,0x18c3,0x10a2,0x18c3,0x10a2,
  0x18c3,0x10a2,0x18c3,0x10a2,0x18c3,0x10a2,0x18a3,0x10a2,0x18a3,0x10a2,0x18a3,0x10a2,0x18a3,0x10a2,0x18a3,0x10a2,
  0x18a3,0x10a2,0x18a3,0x10a2,0x10a2,0x10a2,0x18a3,0x10a2,0x10a2,0x1082,0x10a2,0x1082,0x10a2,0x1082,0x10a2,0x1082,
  0x39e7,0x39e7,0x39c7,0x39e7,0x39c7,0x39e7,0x31c6,0x39e7,0x39c7,0x39e7,0x39c7,0x39e7,0x39c7,0x39e7,0x39c7,0x39c7,
  0x39c7,0x39c7,0x31c6,0x39c7,0x31c6,0x39c7,0x31c6,0x39c7,0x31c6,0x39c7,0x31c6,0x39c7,0x31c6,0x39c7,0x31c6,0x39c7,
  0x31c6,0x39c7,0x31a6,0x39c7,0x31a6,0x39c7,0x31c6,0x39c7,0x31a6,0x39a7,0x31a6,0x39c7,0x31a6,0x39c7,0x31a6,0x31a6,
  0x31a6,0x39a7,0x31a6,0x31a6,0x31a6,0x39a7,0x31a6,0x31a6,0x31a6,0x31a6,0x31a6,0x31a6,0x31a6,0x39a7,0x31a6,0x31a6,
  0x31a6,0x31a6,0x31a6,0x31a6,0x31a6,0x31a6,0x31a6,0x31a6,0x3186,0x31a6,0x3186,0x31a6,0x3186,0x31a6,0x3186,0x31a6,
  0x3186,0x31a6,0x3186,0x31a6,0x3186,0x31a6,0x3186,0x31a6,0x3186,0x31a6,0x3186,0x31a6,0x3186,0x31a6,0x2985,0x3186,
  0x3186,0x3186,0x2985,0x3186,0x3186,0x3186,0x2985,0x3186,0x2985,0x31a6,0x2945,0x2965,0x4228,0x6b6d,0x634c,0x73ae,
  0x8410,0x8c71,0x7bef,0x8410,0x8c71,0x9492,0x8c71,0x8c71,0x8c71,0x8c71,0x8c91,0x8430,0x73ae,0x8410,0x7c0f,0x8430,
  0x8410,0x738e,0x6b6d,0x7bef,0x73ae,0x738e,0x7bef,0x8410,0x8430,0x7bef,0x7bcf,0x7bcf,0x7bef,0x8430,0x8430,0x8c51,
  0x7bef,0x8410,0x7bef,0x7bef,0x7bcf,0x83f0,0x7c0f,0x8410,0x7bcf,0x7bef,0x73ce,0x7bef,0x7bcf,0x83f0,0x7bcf,0x7bef,
  0x7bcf,0x7bcf,0x73ce,0x7bef,0x73ae,0x73ae,0x6b6d,0x6b6d,0x632c,0x632c,0x5aeb,0x630c,0x630c,0x630c,0x5aeb,0x5acb,
  0x528a,0x4a49,0x3a07,0x4208,0x39c7,0x39a7,0x3186,0x3186,0x2965,0x2945,0x2124,0x2124,0x2104,0x2124,0x1903,0x2104,
  0x1903,0x2104,0x18e3,0x2104,0x2124,0x2925,0x2124,0x2124,0x2124,0x2124,0x2104,0x2124,0x2104,0x2104,0x1903,0x2104,
  0x18e3,0x18e3,0x18e3,0x2104,0x18e3,0x2104,0x18e3,0x2104,0x18e3,0x2124,0x2124,0x2124,0x2104,0x2124,0x10a2,0x18e3,
  0x10a2,0x18c3,0x18e3,0x18e3,0x18c3,0x2104,0x2104,0x2945,0x2124,0x2945,0x2124,0x2104,0x18e3,0x18e3,0x18e3,0x18e3,
  0x18e3,0x2104,0x18c3,0x10a2,0x1082,0x10a2,0x10a2,0x10a2,0x10c2,0x20e4,0x1903,0x2104,0x18e3,0x2104,0x18e3,0x18e3,
  0x18e3,0x20e4,0x18e3,0x2104,0x18e3,0x20e4,0x18e3,0x18e3,0x18c3,0x18e3,0x18e3,0x18e3,0x18e3,0x18e3,0x18e3,0x18e3,
  0x18e3,0x18e3,0x18e3,0x18e3,0x18c3,0x18e3,0x18c3,0x18c3,0x10a2,0x18c3,0x10c2,0x18c3,0x18c3,0x18c3,0x10c2,0x18c3,
  0x18c3,0x18e3,0x18c3,0x18c3,0x18c3,0x18c3,0x10c2,0x18c3,0x18c3,0x18c3,0x10c2,0x18c3,0x10c2,0x18c3,0x10c2,0x18c3,
  0x10c2,0x18c3,0x10a2,0x18c3,0x10a2,0x18c3,0x10c2,0x18c3,0x10a2,0x18c3,0x10a2,0x18c3,0x10a2,0x18c3,0x10a2,0x18c3,
  0x10a2,0x18c3,0x10a2,0x18c3,0x10a2,0x18c3,0x10a2,0x18c3,0x10a2,0x18a3,0x10a2,0x18c3,0x10a2,0x10a2,0x1082,0x10a2,
  0x1082,0x18a3,0x10a2,0x10a2,0x10a2,0x10a2,0x10a2,0x10a2,0x10a2,0x10a2,0x1082,0x10a2,0x1082,0x10a2,0x1082,0x10a2,
  0x1082,0x10a2,0x1082,0x10a2,0x1082,0x10a2,0x0881,0x1082,0x4208,0x39e7,0x39e7,0x39c7,0x41e8,0x39e7,0x39c7,0x39c7,
  0x39e7,0x39c7,0x39e7,0x39c7,0x39e7,0x39c7,0x39e7,0x39c7,0x39e7,0x39c7,0x39c7,0x39c7,0x39c7,0x39c7,0x39e7,0x39c7,
  0x39c7,0x39c7,0x39c7,0x31c6,0x39c7,0x39c7,0x39c7,0x39c7,0x39c7,0x39c7,0x39c7,0x31a6,0x39c7,0x39c7,0x39e7,0x31c6,
  0x39c7,0x31a6,0x39c7,0x31c6,0x39c7,0x31a6,0x39c7,0x31a6,0x39c7,0x31a6,0x39a7,0x31a6,0x39a7,0x31a6,0x39c7,0x31a6,
  0x39a7,0x31a6,0x31a6,0x31a6,0x39a7,0x31a6,0x39a7,0x31a6,0x39a7,0x31a6,0x39c7,0x31a6,0x39c7,0x31a6,0x39c7,0x31a6,
  0x39a7,0x31a6,0x31a6,0x3186,0x31a6,0x31a6,0x31a6,0x31a6,0x39a7,0x3186,0x31a6,0x3186,0x31a6,0x31a6,0x31a6,0x3186,
  0x39a7,0x31a6,0x31a6,0x31a6,0x31a6,0x3186,0x31a6,0x3186,0x31a6,0x3186,0x31a6,0x3186,0x31a6,0x31a6,0x31a6,0x3186,
  0x31a6,0x31a6,0x3166,0x31a6,0x3186,0x4208,0x632c,0x6b4d,0x8c51,0x8410,0x8c71,0x8c71,0x9cb3,0x8c51,0x9472,0x8c51,
  0x8c71,0x8c71,0x8c31,0x8c51,0x8c71,0x8410,0x738e,0x7bcf,0x8c71,0x7bcf,0x7bef,0x7bef,0x736e,0x738e,0x8410,0x7bef,
  0x8410,0x7bcf,0x83f0,0x7bcf,0x83f0,0x8410,0x8c51,0x8430,0x8410,0x8410,0x8430,0x7c0f,0x83f0,0x8410,0x8c31,0x8430,
  0x83f0,0x7bef,0x7bef,0x7c0f,0x7bcf,0x7bef,0x8430,0x8410,0x83f0,0x7bcf,0x7bcf,0x7bcf,0x7bcf,0x738e,0x738e,0x6b4d,
  0x632c,0x5aeb,0x5aeb,0x5b0b,0x6b2d,0x5acb,0x5aab,0x528a,0x526a,0x4208,0x4208,0x39c7,0x41e8,0x39c7,0x39c7,0x39c7,
  0x39a7,0x2965,0x3166,0x2945,0x2945,0x2124,0x2945,0x2124,0x2925,0x2124,0x2124,0x2104,0x2945,0x2124,0x2124,0x2104,
  0x2124,0x2104,0x2124,0x2124,0x2124,0x2104,0x2104,0x1903,0x2104,0x2104,0x2104,0x2104,0x2124,0x2104,0x2124,0x2104,
  0x2124,0x18e3,0x2104,0x2104,0x2124,0x18e3,0x2104,0x18e3,0x1082,0x10a2,0x2124,0x18e3,0x20e4,0x2104,0x20e4,0x18e3,
  0x2925,0x2945,0x2945,0x2124,0x2104,0x18e3,0x2104,0x18e3,0x18e3,0x10a2,0x10a2,0x10a2,0x18a3,0x1082,0x10a2,0x10a2,
  0x18c3,0x18e3,0x2104,0x18e3,0x2104,0x18e3,0x2104,0x18e3,0x2104,0x18e3,0x2104,0x1903,0x2104,0x18e3,0x20e4,0x18e3,
  0x20e4,0x18e3,0x20e4,0x18e3,0x20e4,0x18e3,0x20e4,0x18e3,0x20e4,0x18e3,0x20e4,0x18c3,0x18e3,0x18e3,0x18e3,0x18c3,
  0x18c3,0x18c3,0x18e3,0x18c3,0x18e3,0x18c3,0x18e3,0x18c3,0x18e3,0x18c3,0x18e3,0x18c3,0x18e3,0x18c3,0x18e3,0x18c3,
  0x18e3,0x18c3,0x18c3,0x18c3,0x18c3,0x18c3,0x18c3,0x18c3,0x18c3,0x18c3,0x18c3,0x10c2,0x18c3,0x18c3,0x18c3,0x10c2,
  0x18c3,0x10a2,0x18c3,0x10c2,0x18c3,0x18c3,0x18c3,0x10c2,0x18c3,0x10a2,0x18c3,0x10a2,0x18c3,0x10a2,0x18c3,0x10a2,
  0x18c3,0x10a2,0x18c3,0x18c3,0x18c3,0x10a2,0x10a2,0x1082,0x18a3,0x10a2,0x18a3,0x10a2,0x18a3,0x10a2,0x18a3,0x10a2,
  0x18a3,0x10a2,0x10a2,0x10a2,0x18a3,0x10a2,0x10a2,0x10a2,0x18a3,0x1082,0x10a2,0x1082,0x10a2,0x1082,0x10a2,0x1082,
  0x31c6,0x39c7,0x31c6,0x39c7,0x31c6,0x39c7,0x39c7,0x39c7,0x39c7,0x39e7,0x39c7,0x39e7,0x39c7,0x39e7,0x39c7,0x39e7,
  0x39c7,0x39e7,0x39c7,0x39e7,0x39c7,0x39c7,0x31a6,0x39c7,0x31a6,0x39c7,0x31a6,0x39c7,0x31a6,0x39c7,0x39c7,0x39c7,
  0x31a6,0x39c7,0x31a6,0x39a7,0x39c7,0x39c7,0x31a6,0x39c7,0x31c6,0x39c7,0x31a6,0x39c7,0x31a6,0x39c7,0x31a6,0x39a7,
  0x31a6,0x31a6,0x31a6,0x39c7,0x31a6,0x31a6,0x31a6,0x31a6,0x31a6,0x31a6,0x31a6,0x31a6,0x3186,0x31a6,0x3186,0x31a6,
  0x31a6,0x31a6,0x3186,0x31a6,0x3186,0x31a6,0x3186,0x31a6,0x31a6,0x31a6,0x31a6,0x31a6,0x31a6,0x31a6,0x3186,0x31a6,
  0x3186,0x31a6,0x3186,0x31a6,0x3186,0x31a6,0x3186,0x31a6,0x3186,0x31a6,0x3186,0x31a6,0x3186,0x3186,0x3186,0x3186,
  0x2985,0x3186,0x2985,0x3186,0x2965,0x3186,0x2965,0x3186,0x2985,0x3186,0x2965,0x3166,0x3186,0x4a49,0x5acb,0x6b4d,
  0x7bcf,0x8c51,0x8410,0x8c31,0x94b2,0x8410,0x7bef,0x9492,0x8430,0x8c71,0x8c51,0x738e,0x6b8d,0x8430,0x5acb,0x8c31,
  0x73ae,0x8410,0x7bcf,0x7bcf,0x6b8d,0x7bcf,0x8410,0x8430,0x7c0f,0x8410,0x73ae,0x73ae,0x73ce,0x8410,0x8410,0x8c51,
  0x8410,0x8430,0x8430,0x8430,0x7c0f,0x8410,0x8410,0x8430,0x7c0f,0x8410,0x7bef,0x7bef,0x7bef,0x8430,0x8430,0x8c51,
  0x8410,0x7bef,0x73ae,0x73ae,0x73ae,0x738e,0x6b6d,0x6b4d,0x5aeb,0x630c,0x5acb,0x62ec,0x52ca,0x5acb,0x52aa,0x4a49,
  0x4228,0x4a49,0x39e7,0x39e7,0x39e7,0x39c7,0x39c7,0x39c7,0x2965,0x31a6,0x31a6,0x3166,0x2144,0x2965,0x2945,0x2945,
  0x2945,0x2965,0x2144,0x2945,0x2124,0x2124,0x2124,0x2945,0x2124,0x2124,0x2124,0x2124,0x1903,0x2124,0x2104,0x2124,
  0x1903,0x2124,0x2104,0x2124,0x1903,0x2104,0x2104,0x2124,0x2124,0x2104,0x18e3,0x2104,0x1903,0x2104,0x2104,0x20e4,
  0x1082,0x10a2,0x10c2,0x18c3,0x18e3,0x2124,0x2104,0x2104,0x1903,0x2124,0x2124,0x2945,0x2104,0x2104,0x18e3,0x18e3,
  0x10a2,0x10a2,0x10a2,0x18c3,0x1082,0x1082,0x0861,0x18a3,0x18e3,0x2104,0x18e3,0x2104,0x18e3,0x2104,0x18e3,0x2104,
  0x18e3,0x18e3,0x18e3,0x20e4,0x18e3,0x18e3,0x18e3,0x20e4,0x18e3,0x18e3,0x18e3,0x18e3,0x18c3,0x18e3,0x18c3,0x18e3,
  0x18e3,0x18e3,0x18c3,0x18e3,0x18c3,0x18e3,0x18c3,0x18e3,0x18c3,0x18e3,0x18c3,0x18e3,0x18c3,0x18e3,0x18c3,0x18e3,
  0x18c3,0x18e3,0x18c3,0x18e3,0x10c2,0x18c3,0x10c2,0x18c3,0x10c2,0x18c3,0x18c3,0x18c3,0x10c2,0x18c3,0x10c2,0x18c3,
  0x10c2,0x18c3,0x10c2,0x18c3,0x10a2,0x18c3,0x10c2,0x18c3,0x10a2,0x18c3,0x10c2,0x18c3,0x10a2,0x18c3,0x10a2,0x18c3,
  0x10a2,0x18c3,0x10a2,0x18c3,0x10a2,0x10a2,0x10a2,0x18c3,0x10a2,0x10a2,0x10a2,0x10a2,0x10a2,0x10a2,0x10a2,0x10a2,
  0x10a2,0x10a2,0x10a2,0x18a3,0x10a2,0x10a2,0x10a2,0x10a2,0x10a2,0x10a2,0x1082,0x10a2,0x1082,0x10a2,0x1082,0x10a2,
  0x1082,0x10a2,0x1082,0x10a2,0x1082,0x10a2,0x1082,0x1082,0x39e7,0x39c7,0x39e7,0x39c7,0x39e7,0x39c7,0x39e7,0x39c7,
  0x39e7,0x39c7,0x41e8,0x39e7,0x39e7,0x39c7,0x39e7,0x39c7,0x39e7,0x39c7,0x39e7,0x39c7,0x39e7,0x39c7,0x39c7,0x39c7,
  0x39e7,0x39c7,0x39e7,0x39c7,0x39e7,0x39c7,0x39e7,0x39c7,0x39c7,0x31c6,0x39c7,0x31a6,0x39c7,0x31c6,0x39c7,0x31a6,
  0x39c7,0x31c6,0x39c7,0x39c7,0x39c7,0x31a6,0x39c7,0x31a6,0x39c7,0x31a6,0x39c7,0x31a6,0x39c7,0x31a6,0x39c7,0x31a6,
  0x39c7,0x31a6,0x39c7,0x31a6,0x39a7,0x31a6,0x39a7,0x31a6,0x39a7,0x3186,0x39c7,0x31a6,0x31a6,0x3186,0x39a7,0x31a6,
  0x39a7,0x31a6,0x39a7,0x31a6,0x31a6,0x31a6,0x39a7,0x31a6,0x31a6,0x3186,0x31a6,0x3186,0x31a6,0x31a6,0x31a6,0x3186,
  0x31a6,0x3186,0x31a6,0x3186,0x31a6,0x3186,0x31a6,0x3186,0x31a6,0x3186,0x3186,0x3186,0x3186,0x2985,0x3186,0x3186,
  0x3186,0x3186,0x3186,0x2965,0x2124,0x39e7,0x6b2d,0x6b6d,0x7bcf,0x7bef,0x8410,0x8430,0x9472,0x8410,0x8c71,0x8410,
  0x8410,0x7bcf,0x73ae,0x73ae,0x7bef,0x6b4d,0x7bcf,0x7bef,0x8410,0x73ce,0x6b6d,0x8410,0x8430,0x7bef,0x7bef,0x7bef,
  0x8430,0x7bef,0x7bef,0x7bcf,0x8410,0x7c0f,0x8430,0x8430,0x8430,0x8410,0x8430,0x8410,0x8410,0x7bef,0x8430,0x8410,
  0x8410,0x7c0f,0x8410,0x7bef,0x8430,0x8430,0x8c31,0x8c51,0x8430,0x7bef,0x7baf,0x738e,0x73ae,0x6b6d,0x736e,0x632c,
  0x5aeb,0x52aa,0x5aab,0x528a,0x52aa,0x528a,0x528a,0x4228,0x4228,0x4208,0x4208,0x39c7,0x39e7,0x31c6,0x39c7,0x39c7,
  0x39a7,0x3186,0x3186,0x3186,0x3166,0x2965,0x3186,0x2945,0x2965,0x2965,0x2965,0x2945,0x2945,0x2945,0x2945,0x2945,
  0x2945,0x2124,0x2945,0x2124,0x2124,0x2104,0x2124,0x2104,0x2104,0x2104,0x2124,0x2104,0x2124,0x2104,0x2925,0x2124,
  0x2124,0x2104,0x2104,0x18e3,0x2104,0x2104,0x2104,0x18e3,0x18e3,0x18c3,0x20e4,0x18e3,0x2124,0x2124,0x2124,0x18e3,
  0x2104,0x2104,0x2945,0x2124,0x2104,0x18e3,0x2104,0x18e3,0x18c3,0x10a2,0x18c3,0x18c3,0x18a3,0x10a2,0x10a2,0x18c3,
  0x2104,0x2104,0x2104,0x2104,0x2104,0x18e3,0x2104,0x18e3,0x2104,0x18e3,0x20e4,0x18e3,0x2104,0x18e3,0x2104,0x18e3,
  0x2104,0x18e3,0x20e4,0x18e3,0x20e4,0x18e3,0x20e4,0x18e3,0x2104,0x18e3,0x20e4,0x18e3,0x18e3,0x18e3,0x18e3,0x18c3,
  0x18e3,0x18e3,0x20e4,0x18e3,0x18e3,0x18c3,0x18e3,0x18c3,0x18e3,0x18c3,0x18e3,0x18c3,0x18e3,0x18c3,0x18e3,0x18c3,
  0x18c3,0x18c3,0x18e3,0x18c3,0x18e3,0x18c3,0x18c3,0x18c3,0x18e3,0x18c3,0x18c3,0x18c3,0x18c3,0x10a2,0x18c3,0x10a2,
  0x18c3,0x10c2,0x18c3,0x18c3,0x18c3,0x10a2,0x18c3,0x10a2,0x18c3,0x10a2,0x18c3,0x18c3,0x18c3,0x10a2,0x18c3,0x10a2,
  0x18c3,0x10a2,0x18a3,0x10a2,0x18a3,0x10a2,0x18a3,0x10a2,0x18a3,0x10a2,0x18c3,0x10a2,0x18a3,0x10a2,0x18a3,0x10a2,
  0x10a2,0x10a2,0x18a3,0x10a2,0x10a2,0x1082,0x10a2,0x1082,0x10a2,0x1082,0x10a2,0x1082,0x10a2,0x1082,0x10a2,0x1082,
  0x39e7,0x39e7,0x39e7,0x39e7,0x39c7,0x39e7,0x39c7,0x39c7,0x39c7,0x39e7,0x39c7,0x39e7,0x39c7,0x39e7,0x31c6,0x39e7,
  0x39c7,0x39e7,0x39c7,0x39e7,0x39c7,0x39c7,0x31c6,0x39c7,0x39c7,0x39c7,0x39c7,0x39e7,0x39c7,0x39c7,0x31c6,0x39c7,
  0x31a6,0x39c7,0x31c6,0x31a6,0x31c6,0x39c7,0x31a6,0x39c7,0x31a6,0x39c7,0x31a6,0x39c7,0x31a6,0x39c7,0x31a6,0x31a6,
  0x31a6,0x39a7,0x31a6,0x31a6,0x31a6,0x39a7,0x31a6,0x31a6,0x31a6,0x39a7,0x31a6,0x31a6,0x31a6,0x31a6,0x31a6,0x31a6,
  0x31a6,0x31a6,0x31a6,0x31a6,0x3186,0x31a6,0x31a6,0x31a6,0x3186,0x31a6,0x3186,0x31a6,0x3186,0x31a6,0x3186,0x31a6,
  0x3186,0x31a6,0x3186,0x31a6,0x3186,0x31a6,0x3186,0x31a6,0x3186,0x31a6,0x3186,0x31a6,0x3186,0x3186,0x3186,0x3186,
  0x3186,0x3186,0x2985,0x3186,0x2985,0x3186,0x2985,0x3186,0x2985,0x3186,0x2985,0x3186,0x2965,0x31a6,0x52aa,0x630c,
  0x738e,0x7baf,0x7bcf,0x73ae,0x7bef,0x7bcf,0x8c71,0x7bef,0x73ae,0x7bef,0x6b8d,0x8430,0x73ae,0x738e,0x7bef,0x7bcf,
  0x8410,0x738e,0x6b4d,0x7bcf,0x7bef,0x8410,0x8410,0x7bef,0x73ce,0x8410,0x7bef,0x8430,0x8430,0x8430,0x7c0f,0x8410,
  0x8410,0x8410,0x7bef,0x8410,0x7c0f,0x8410,0x7c0f,0x8410,0x7bef,0x8410,0x7bef,0x8410,0x7bef,0x7bef,0x7bef,0x8c51,
  0x7bef,0x7bef,0x73ae,0x738e,0x738e,0x6b4d,0x632c,0x630c,0x5aeb,0x52aa,0x528a,0x4a69,0x4248,0x4208,0x39e7,0x39e7,
  0x39c7,0x39e7,0x39e7,0x39c7,0x31a6,0x39c7,0x2985,0x31a6,0x31a6,0x3186,0x2965,0x3186,0x2965,0x3186,0x2965,0x2965,
  0x2965,0x2965,0x2124,0x2945,0x2945,0x2945,0x2144,0x2945,0x2124,0x2925,0x2104,0x2124,0x1903,0x2104,0x1903,0x2104,
  0x18e3,0x2104,0x2104,0x2124,0x2104,0x2124,0x2104,0x2124,0x1903,0x2104,0x18e3,0x18e3,0x18e3,0x20e4,0x18e3,0x18c3,
  0x18e3,0x18e3,0x10c2,0x2104,0x2104,0x2104,0x18e3,0x18e3,0x18e3,0x2124,0x2124,0x2124,0x18e3,0x18e3,0x18c3,0x18e3,
  0x10a2,0x18c3,0x10a2,0x18c3,0x1082,0x1082,0x1082,0x18c3,0x18e3,0x20e4,0x18e3,0x18e3,0x18e3,0x20e4,0x18e3,0x2104,
  0x18e3,0x18e3,0x18e3,0x18e3,0x18e3,0x20e4,0x18e3,0x18e3,0x18e3,0x20e4,0x18e3,0x18e3,0x18e3,0x18e3,0x18e3,0x18e3,
  0x18e3,0x20e4,0x18e3,0x18e3,0x18c3,0x18e3,0x18c3,0x18e3,0x18c3,0x18e3,0x18c3,0x18e3,0x18c3,0x18c3,0x10c2,0x18c3,
  0x18c3,0x18c3,0x10c2,0x18c3,0x18c3,0x18e3,0x18c3,0x18c3,0x18c3,0x18c3,0x10c2,0x18c3,0x18c3,0x18c3,0x10c2,0x18c3,
  0x10c2,0x18c3,0x10c2,0x18c3,0x10a2,0x18c3,0x10c2,0x18c3,0x10a2,0x18c3,0x10c2,0x18c3,0x10a2,0x18c3,0x10a2,0x18c3,
  0x10a2,0x18c3,0x10a2,0x18c3,0x10a2,0x18a3,0x10a2,0x18c3,0x10a2,0x10a2,0x10a2,0x10a2,0x10a2,0x18a3,0x10a2,0x10a2,
  0x10a2,0x10a2,0x1082,0x10a2,0x1082,0x10a2,0x1082,0x10a2,0x1082,0x10a2,0x1082,0x10a2,0x1082,0x10a2,0x1082,0x10a2,
  0x1082,0x10a2,0x1082,0x10a2,0x1082,0x10a2,0x0881,0x1082,0x41e8,0x39e7,0x41e8,0x39e7,0x41e8,0x39e7,0x39e7,0x39c7,
  0x39e7,0x39c7,0x39e7,0x39c7,0x39e7,0x39c7,0x39e7,0x39c7,0x39e7,0x39c7,0x39e7,0x39c7,0x39e7,0x39c7,0x39c7,0x31a6,
  0x39c7,0x39c7,0x39c7,0x39c7,0x39c7,0x39c7,0x39e7,0x31c6,0x39c7,0x39c7,0x39e7,0x31c6,0x39e7,0x39c7,0x39c7,0x31c6,
  0x39c7,0x39c7,0x39c7,0x31c6,0x39c7,0x31a6,0x39c7,0x31a6,0x39c7,0x31a6,0x39a7,0x31a6,0x39a7,0x31a6,0x39c7,0x31a6,
  0x39c7,0x31a6,0x39c7,0x31a6,0x39a7,0x31a6,0x39a7,0x31a6,0x39c7,0x31a6,0x39c7,0x31a6,0x39a7,0x31a6,0x39a7,0x31a6,
  0x39a7,0x31a6,0x31a6,0x3186,0x31a6,0x3186,0x31a6,0x31a6,0x39a7,0x3186,0x31a6,0x3186,0x31a6,0x31a6,0x31a6,0x3186,
  0x31a6,0x3186,0x31a6,0x3186,0x31a6,0x3186,0x31a6,0x3186,0x31a6,0x3186,0x3186,0x3186,0x3186,0x3186,0x31a6,0x3186,
  0x3186,0x3186,0x31a6,0x3186,0x39c7,0x39e7,0x5acb,0x5aeb,0x6b2d,0x738e,0x7bcf,0x7bcf,0x7bcf,0x8c51,0x8c51,0x7bcf,
  0x7bcf,0x738e,0x7bcf,0x8c51,0x738e,0x7bef,0x8410,0x7bef,0x7bcf,0x7bef,0x7bef,0x7bef,0x7bef,0x8410,0x8c51,0x7c0f,
  0x83f0,0x8410,0x8430,0x8430,0x8c31,0x8410,0x8410,0x7bef,0x8c31,0x8410,0x83f0,0x7bef,0x8410,0x8410,0x8410,0x7bef,
  0x8410,0x7bef,0x8410,0x7bef,0x83f0,0x73ae,0x7bcf,0x7bef,0x7bef,0x7bcf,0x73ae,0x6b6d,0x736e,0x5aeb,0x5acb,0x5aeb,
  0x5aeb,0x52aa,0x528a,0x4a49,0x4208,0x31a6,0x3186,0x31a6,0x31a6,0x3186,0x4208,0x39c7,0x41e8,0x39e7,0x3186,0x3186,
  0x39c7,0x2965,0x3186,0x2965,0x2965,0x2965,0x3166,0x2945,0x2965,0x2945,0x2124,0x2124,0x2965,0x2945,0x2945,0x2124,
  0x2124,0x2104,0x2124,0x2104,0x2124,0x2104,0x2124,0x2104,0x2124,0x2104,0x2925,0x2124,0x2925,0x2104,0x2104,0x2104,
  0x2104,0x2104,0x2104,0x1903,0x2104,0x18e3,0x2104,0x10a2,0x2104,0x18e3,0x18c3,0x2104,0x2104,0x18e3,0x20e4,0x18e3,
  0x2104,0x2124,0x2945,0x2124,0x2104,0x18c3,0x18c3,0x18c3,0x18e3,0x18c3,0x18c3,0x1082,0x1082,0x1082,0x18c3,0x18e3,
  0x2104,0x18e3,0x2104,0x18e3,0x2104,0x18e3,0x2104,0x18e3,0x2104,0x18e3,0x20e4,0x18e3,0x2104,0x18e3,0x2104,0x18e3,
  0x2104,0x18e3,0x2104,0x18e3,0x20e4,0x18e3,0x18e3,0x18e3,0x20e4,0x18e3,0x20e4,0x18e3,0x20e4,0x18e3,0x18e3,0x18e3,
  0x20e4,0x18c3,0x18e3,0x18c3,0x18e3,0x18c3,0x18e3,0x18c3,0x18c3,0x18c3,0x18e3,0x18c3,0x18e3,0x18c3,0x18e3,0x18c3,
  0x18e3,0x18c3,0x18e3,0x18c3,0x18e3,0x18c3,0x18c3,0x18c3,0x18c3,0x18c3,0x18c3,0x10c2,0x18c3,0x18c3,0x18c3,0x10a2,
  0x18c3,0x18c3,0x18c3,0x10c2,0x18c3,0x18c3,0x18c3,0x10a2,0x18c3,0x10a2,0x18c3,0x10a2,0x18c3,0x10a2,0x18c3,0x10a2,
  0x18c3,0x10a2,0x18a3,0x10a2,0x18c3,0x10a2,0x18c3,0x10a2,0x18a3,0x10a2,0x18a3,0x10a2,0x18a3,0x10a2,0x10a2,0x10a2,
  0x18a3,0x10a2,0x18a3,0x10a2,0x18a3,0x1082,0x10a2,0x1082,0x10a2,0x1082,0x10a2,0x1082,0x10a2,0x1082,0x10a2,0x1082,
  0x31c6,0x39c7,0x39c7,0x39e7,0x39c7,0x39e7,0x39e7,0x39e7,0x39c7,0x39e7,0x39c7,0x39e7,0x39c7,0x39e7,0x39c7,0x39e7,
  0x39c7,0x39e7,0x39c7,0x39e7,0x39c7,0x39c7,0x31a6,0x39c7,0x31a6,0x39c7,0x31a6,0x39c7,0x31c6,0x39c7,0x39c7,0x39c7,
  0x31a6,0x39e7,0x39c7,0x39c7,0x31a6,0x39c7,0x31c6,0x39c7,0x31a6,0x39c7,0x31c6,0x39c7,0x31a6,0x39c7,0x31a6,0x39a7,
  0x31a6,0x31a6,0x31a6,0x39a7,0x31a6,0x31a6,0x31a6,0x39a7,0x31a6,0x39c7,0x31a6,0x31a6,0x3186,0x31a6,0x3186,0x31a6,
  0x31a6,0x31a6,0x31a6,0x31a6,0x31a6,0x31a6,0x31a6,0x31a6,0x3186,0x31a6,0x3186,0x31a6,0x3186,0x31a6,0x3186,0x31a6,
  0x3186,0x31a6,0x3186,0x31a6,0x3186,0x31a6,0x3186,0x31a6,0x3186,0x31a6,0x3186,0x31a6,0x3186,0x31a6,0x3186,0x31a6,
  0x3186,0x3186,0x3186,0x3186,0x2985,0x31a6,0x3186,0x3186,0x2985,0x3186,0x3186,0x3186,0x2985,0x4228,0x5acb,0x5acb,
  0x4a89,0x6b6d,0x738e,0x736e,0x7bcf,0x7bef,0x7c0f,0x6b4d,0x632c,0x5aeb,0x5acb,0x8430,0x8410,0x8410,0x7bef,0x83f0,
  0x73ae,0x7bef,0x632c,0x7bcf,0x73ae,0x73ae,0x73ae,0x83f0,0x7c0f,0x8410,0x7c0f,0x8410,0x7bef,0x8410,0x7bef,0x7bef,
  0x7c0f,0x7bef,0x7bcf,0x7bcf,0x7bef,0x8410,0x7bef,0x7bef,0x7bcf,0x7bef,0x7bef,0x83f0,0x7bcf,0x7bcf,0x73ce,0x8410,
  0x7bef,0x7bef,0x73ae,0x736e,0x634c,0x630c,0x52ca,0x5acb,0x4a89,0x52aa,0x4a49,0x4a49,0x39e7,0x39e7,0x31a6,0x39c7,
  0x31a6,0x31a6,0x39e7,0x4208,0x39e7,0x4228,0x31c6,0x39c7,0x31c6,0x3186,0x2965,0x2965,0x2124,0x2965,0x2945,0x2945,
  0x2945,0x2945,0x2124,0x2945,0x2144,0x2945,0x2124,0x2124,0x2104,0x2124,0x2104,0x2124,0x2104,0x2124,0x2104,0x2124,
  0x2124,0x2124,0x2124,0x2925,0x2104,0x2104,0x1903,0x2104,0x2104,0x2124,0x2104,0x2104,0x18e3,0x2104,0x18e3,0x18c3,
  0x18e3,0x18e3,0x10c2,0x2104,0x18e3,0x18e3,0x18e3,0x20e4,0x1903,0x2124,0x2104,0x2104,0x18e3,0x18c3,0x10a2,0x18e3,
  0x18e3,0x18e3,0x10a2,0x1082,0x0861,0x10a2,0x18c3,0x2104,0x18e3,0x2104,0x18e3,0x2104,0x18e3,0x18e3,0x18e3,0x2104,
  0x18e3,0x18e3,0x18e3,0x20e4,0x18e3,0x18e3,0x18e3,0x20e4,0x18e3,0x18e3,0x18e3,0x18e3,0x18e3,0x18e3,0x18c3,0x18e3,
  0x18c3,0x18e3,0x18c3,0x18e3,0x18c3,0x18e3,0x18c3,0x18c3,0x10c2,0x18e3,0x18c3,0x18e3,0x18c3,0x18c3,0x18c3,0x18c3,
  0x10c2,0x18c3,0x18c3,0x18c3,0x18c3,0x18e3,0x18c3,0x18e3,0x18c3,0x18c3,0x18c3,0x18c3,0x10c2,0x18c3,0x10c2,0x18c3,
  0x10c2,0x18c3,0x10a2,0x18c3,0x10a2,0x18c3,0x10c2,0x18c3,0x10a2,0x18c3,0x10c2,0x18c3,0x10a2,0x18c3,0x10a2,0x18c3,
  0x10a2,0x18c3,0x10a2,0x18c3,0x10a2,0x18c3,0x10a2,0x18a3,0x10a2,0x10a2,0x10a2,0x18a3,0x10a2,0x10a2,0x10a2,0x10a2,
  0x10a2,0x10a2,0x10a2,0x18a3,0x10a2,0x10a2,0x10a2,0x10a2,0x10a2,0x10a2,0x1082,0x10a2,0x1082,0x10a2,0x1082,0x10a2,
  0x1082,0x10a2,0x1082,0x10a2,0x1082,0x10a2,0x1082,0x1082,0x39e7,0x39c7,0x39e7,0x39e7,0x39e7,0x39e7,0x41e8,0x39e7,
  0x39e7,0x39c7,0x39e7,0x39c7,0x39e7,0x39e7,0x39e7,0x39c7,0x39e7,0x39c7,0x39e7,0x39c7,0x39e7,0x39c7,0x39e7,0x39c7,
  0x39c7,0x31c6,0x39c7,0x39c7,0x39e7,0x39c7,0x39e7,0x39c7,0x39c7,0x39c7,0x39e7,0x39c7,0x39c7,0x31c6,0x39c7,0x31a6,
  0x39a7,0x31a6,0x39c7,0x39c7,0x39c7,0x31a6,0x39c7,0x31a6,0x39c7,0x31a6,0x39a7,0x31a6,0x39c7,0x31a6,0x39c7,0x31a6,
  0x39c7,0x31a6,0x39c7,0x31a6,0x39a7,0x31a6,0x39a7,0x31a6,0x39a7,0x31a6,0x39a7,0x3186,0x39a7,0x31a6,0x39a7,0x3186,
  0x39a7,0x31a6,0x39a7,0x31a6,0x31a6,0x31a6,0x39a7,0x31a6,0x31a6,0x3186,0x31a6,0x3186,0x31a6,0x31a6,0x31a6,0x3186,
  0x31a6,0x3186,0x31a6,0x3186,0x31a6,0x3186,0x39a7,0x3186,0x31a6,0x3186,0x31a6,0x3186,0x31a6,0x3186,0x31a6,0x3186,
  0x31a6,0x3186,0x3186,0x3186,0x39c7,0x39e7,0x5acb,0x4a69,0x4a49,0x630c,0x6b6d,0x738e,0x736e,0x7bef,0x738e,0x73ae,
  0x6b6d,0x632c,0x632c,0x738e,0x8c71,0x8410,0x7bcf,0x8410,0x8c71,0x7bcf,0x6b2d,0x738e,0x738e,0x7bcf,0x8430,0x8430,
  0x8430,0x7bef,0x8410,0x7bef,0x7bef,0x7bef,0x8410,0x7bcf,0x8410,0x7bef,0x7bef,0x7bcf,0x83f0,0x8410,0x8410,0x7bcf,
  0x7bef,0x7bef,0x8410,0x7bef,0x8410,0x7bef,0x7bef,0x8410,0x7bef,0x73ce,0x738e,0x6b4d,0x632c,0x630c,0x6b4d,0x5aeb,
  0x52aa,0x528a,0x528a,0x4a69,0x4208,0x31c6,0x39c7,0x31a6,0x31a6,0x2985,0x31a6,0x31a6,0x4208,0x4208,0x4208,0x4208,
  0x39e7,0x31a6,0x3166,0x2965,0x2965,0x2965,0x3186,0x2945,0x3166,0x2965,0x2965,0x2945,0x2945,0x2124,0x2925,0x2124,
  0x2925,0x2124,0x2124,0x2124,0x2945,0x2124,0x2925,0x2124,0x2925,0x2124,0x2925,0x2124,0x2124,0x2104,0x2104,0x2104,
  0x2124,0x2104,0x2124,0x18e3,0x2104,0x18e3,0x2104,0x18e3,0x20e4,0x18e3,0x18c3,0x18c3,0x18e3,0x18e3,0x20e4,0x18e3,
  0x2104,0x18e3,0x2104,0x18e3,0x18e3,0x18c3,0x18c3,0x18c3,0x18e3,0x18c3,0x10a2,0x0861,0x1082,0x1082,0x18e3,0x2104,
  0x2104,0x18e3,0x2104,0x18e3,0x2104,0x1903,0x2104,0x18e3,0x2104,0x18e3,0x2104,0x18e3,0x2104,0x18e3,0x2104,0x18e3,
  0x2104,0x18e3,0x20e4,0x18e3,0x20e4,0x18e3,0x20e4,0x18e3,0x18e3,0x18c3,0x18e3,0x18c3,0x18e3,0x18c3,0x18e3,0x18c3,
  0x18e3,0x18e3,0x20e4,0x18e3,0x18e3,0x18c3,0x18e3,0x18c3,0x18e3,0x18c3,0x18e3,0x18c3,0x18e3,0x18c3,0x18e3,0x18c3,
  0x18e3,0x18c3,0x18e3,0x18c3,0x18c3,0x10c2,0x18c3,0x18c3,0x18c3,0x10c2,0x18c3,0x18c3,0x18c3,0x18c3,0x18c3,0x10a2,
  0x18c3,0x10c2,0x18c3,0x18c3,0x18c3,0x18c3,0x18c3,0x18c3,0x18c3,0x10a2,0x18c3,0x10a2,0x18c3,0x10a2,0x18c3,0x10a2,
  0x18a3,0x10a2,0x18c3,0x10a2,0x18a3,0x10a2,0x18a3,0x10a2,0x18a3,0x10a2,0x18c3,0x10a2,0x18c3,0x10a2,0x18a3,0x10a2,
  0x18a3,0x10a2,0x18a3,0x10a2,0x10a2,0x1082,0x10a2,0x1082,0x10a2,0x1082,0x10a2,0x1082,0x10a2,0x1082,0x10a2,0x1082,
  0x39c7,0x39e7,0x39e7,0x39e7,0x39c7,0x39e7,0x39c7,0x39e7,0x39c7,0x39e7,0x31c6,0x39c7,0x39c7,0x39e7,0x39c7,0x39e7,
  0x39c7,0x39e7,0x39c7,0x39e7,0x39c7,0x39c7,0x31c6,0x39c7,0x31a6,0x39c7,0x31c6,0x39c7,0x39c7,0x39c7,0x31c6,0x39c7,
  0x31a6,0x39e7,0x39c7,0x39c7,0x31a6,0x39c7,0x31c6,0x39c7,0x31a6,0x39c7,0x31c6,0x39c7,0x31a6,0x39c7,0x31a6,0x31a6,
  0x31a6,0x39a7,0x31a6,0x39c7,0x31a6,0x39a7,0x31a6,0x31a6,0x31a6,0x39a7,0x31a6,0x31a6,0x31a6,0x31a6,0x31a6,0x31a6,
  0x31a6,0x31a6,0x3186,0x31a6,0x3186,0x31a6,0x3186,0x31a6,0x31a6,0x31a6,0x31a6,0x31a6,0x31a6,0x31a6,0x3186,0x31a6,
  0x3186,0x31a6,0x3186,0x31a6,0x3186,0x31a6,0x3186,0x31a6,0x3186,0x31a6,0x3186,0x31a6,0x3186,0x31a6,0x3186,0x31a6,
  0x3186,0x31a6,0x2985,0x3186,0x3186,0x3186,0x2985,0x31a6,0x3186,0x3186,0x2965,0x3186,0x2965,0x4208,0x6b8d,0x630c,
  0x4228,0x528a,0x632c,0x73ae,0x6b4d,0x632c,0x6b4d,0x73ae,0x73ce,0x7bcf,0x73ae,0x8410,0x7bcf,0x736e,0x7c0f,0x7bef,
  0x7bcf,0x8c51,0x7bef,0x7bef,0x73ce,0x8410,0x8430,0x7bef,0x73ce,0x8410,0x7bef,0x7bef,0x7bef,0x8430,0x7c0f,0x7bcf,
  0x8410,0x8410,0x7bef,0x7bcf,0x7bef,0x8430,0x8410,0x7bef,0x7bef,0x8410,0x7bef,0x7bef,0x7bef,0x83f0,0x7bef,0x8430,
  0x7bef,0x7bcf,0x738e,0x738e,0x6b6d,0x6b6d,0x6b6d,0x630c,0x52ca,0x52aa,0x52ca,0x4a69,0x4208,0x39c7,0x39e7,0x39c7,
  0x39e7,0x39c7,0x2965,0x39c7,0x31a6,0x39c7,0x39e7,0x39e7,0x31a6,0x39e7,0x3186,0x31a6,0x2985,0x3186,0x2985,0x2965,
  0x2965,0x3186,0x2965,0x2945,0x2124,0x2124,0x2124,0x2124,0x2124,0x2124,0x2104,0x2124,0x2124,0x2124,0x1903,0x2104,
  0x2104,0x2124,0x2104,0x2124,0x2104,0x2104,0x2104,0x2124,0x1903,0x2104,0x18e3,0x18e3,0x18c3,0x18e3,0x18e3,0x2124,
  0x18c3,0x18e3,0x18e3,0x10a2,0x18c3,0x2104,0x18e3,0x2104,0x18e3,0x18e3,0x18c3,0x18c3,0x18c3,0x18c3,0x10a2,0x10a2,
  0x10c2,0x18c3,0x0861,0x1082,0x1082,0x1082,0x18e3,0x2104,0x18e3,0x20e4,0x18e3,0x2104,0x18e3,0x2104,0x1903,0x2104,
  0x18e3,0x2104,0x18e3,0x18e3,0x18e3,0x20e4,0x18e3,0x18e3,0x18e3,0x20e4,0x18e3,0x18e3,0x18e3,0x2104,0x18e3,0x18e3,
  0x18c3,0x18e3,0x18e3,0x18e3,0x18c3,0x18e3,0x18c3,0x18e3,0x18c3,0x18e3,0x18c3,0x18e3,0x18c3,0x18e3,0x18c3,0x18e3,
  0x18c3,0x18e3,0x18c3,0x18e3,0x18c3,0x18c3,0x10c2,0x18e3,0x18c3,0x18e3,0x10c2,0x18c3,0x10c2,0x18c3,0x10a2,0x18c3,
  0x10a2,0x18c3,0x10a2,0x18c3,0x10c2,0x18c3,0x10a2,0x18c3,0x10a2,0x18c3,0x10c2,0x18c3,0x10a2,0x18c3,0x10a2,0x18c3,
  0x10a2,0x18a3,0x10a2,0x10a2,0x10a2,0x18c3,0x10a2,0x10a2,0x10a2,0x18a3,0x10a2,0x10a2,0x10a2,0x10a2,0x10a2,0x10a2,
  0x10a2,0x18a3,0x10a2,0x10a2,0x1082,0x10a2,0x1082,0x10a2,0x1082,0x10a2,0x1082,0x10a2,0x1082,0x10a2,0x1082,0x10a2,
  0x1082,0x10a2,0x1082,0x10a2,0x1082,0x10a2,0x0881,0x1082,0x4208,0x39e7,0x41e8,0x39e7,0x39e7,0x39c7,0x39e7,0x39c7,
  0x41e8,0x39e7,0x39e7,0x39c7,0x39c7,0x39c7,0x39e7,0x39c7,0x39c7,0x39c7,0x39e7,0x39c7,0x39c7,0x39c7,0x39e7,0x39e7,
  0x39c7,0x39c7,0x39e7,0x39e7,0x39e7,0x39c7,0x39c7,0x39c7,0x39c7,0x39c7,0x39c7,0x39c7,0x39e7,0x39c7,0x39c7,0x31a6,
  0x39c7,0x39c7,0x39c7,0x31c6,0x39c7,0x31a6,0x39c7,0x31a6,0x39c7,0x31a6,0x39c7,0x31a6,0x39c7,0x31a6,0x39c7,0x31a6,
  0x39c7,0x31a6,0x39a7,0x31a6,0x39a7,0x31a6,0x39a7,0x31a6,0x39c7,0x31a6,0x31a6,0x31a6,0x39a7,0x31a6,0x39a7,0x31a6,
  0x39a7,0x31a6,0x31a6,0x31a6,0x39a7,0x31a6,0x31a6,0x31a6,0x39a7,0x31a6,0x39a7,0x31a6,0x39a7,0x3186,0x31a6,0x3186,
  0x31a6,0x3186,0x31a6,0x3186,0x31a6,0x3186,0x31a6,0x3186,0x31a6,0x3186,0x31a6,0x3186,0x31a6,0x3186,0x3186,0x3186,
  0x3186,0x3186,0x3186,0x2985,0x3186,0x39c7,0x738e,0x6b4d,0x52aa,0x528a,0x62ec,0x6b6d,0x630c,0x528a,0x7bcf,0x73ae,
  0x736e,0x6b6d,0x83f0,0x8410,0x736e,0x738e,0x7bcf,0x7bcf,0x7bef,0x7bef,0x7bef,0x7bef,0x7bcf,0x73ae,0x7bcf,0x7c0f,
  0x8c31,0x8410,0x8c31,0x8410,0x7bcf,0x8410,0x8410,0x8410,0x8410,0x7bef,0x7bef,0x7bef,0x8410,0x7bef,0x83f0,0x7bcf,
  0x8410,0x8410,0x83f0,0x73ce,0x7bcf,0x7bef,0x8430,0x8430,0x8410,0x7bef,0x7bcf,0x73ae,0x738e,0x738e,0x738e,0x632c,
  0x6b2d,0x630c,0x5aeb,0x4a69,0x4a49,0x4228,0x528a,0x4228,0x41e8,0x39c7,0x39c7,0x31a6,0x39a7,0x39c7,0x39e7,0x31a6,
  0x39a7,0x39c7,0x39a7,0x31a6,0x39a7,0x3186,0x31a6,0x2985,0x3186,0x2965,0x3166,0x2965,0x2945,0x2124,0x2945,0x2144,
  0x2945,0x2124,0x2945,0x2124,0x2925,0x2104,0x2124,0x2104,0x2124,0x2104,0x2124,0x2104,0x2124,0x2104,0x2124,0x2104,
  0x2124,0x2104,0x2104,0x18e3,0x18e3,0x18e3,0x18e3,0x2104,0x2104,0x2104,0x2124,0x18e3,0x18c3,0x18e3,0x2104,0x1903,
  0x2925,0x18e3,0x18e3,0x18c3,0x18c3,0x10a2,0x18e3,0x18c3,0x18c3,0x1082,0x1062,0x1082,0x18c3,0x18e3,0x2104,0x2104,
  0x2104,0x2104,0x2104,0x18e3,0x2104,0x18e3,0x2104,0x18e3,0x2104,0x18e3,0x2104,0x18e3,0x2104,0x18e3,0x2104,0x18e3,
  0x20e4,0x18e3,0x20e4,0x18e3,0x20e4,0x18e3,0x20e4,0x18e3,0x20e4,0x18e3,0x18e3,0x18e3,0x20e4,0x18e3,0x18e3,0x18c3,
  0x18e3,0x18c3,0x18e3,0x18c3,0x18e3,0x18c3,0x18e3,0x18c3,0x20e4,0x18c3,0x18e3,0x18c3,0x18e3,0x18c3,0x18e3,0x18c3,
  0x18e3,0x18c3,0x18e3,0x18c3,0x18c3,0x18c3,0x18e3,0x18c3,0x18c3,0x18c3,0x18c3,0x18c3,0x18c3,0x18c3,0x18c3,0x10c2,
  0x18c3,0x18c3,0x18c3,0x10a2,0x18c3,0x18c3,0x18c3,0x10c2,0x18c3,0x10a2,0x18c3,0x10a2,0x18c3,0x10a2,0x18c3,0x10a2,
  0x18c3,0x10a2,0x18c3,0x10a2,0x18c3,0x10a2,0x18a3,0x10a2,0x18a3,0x10a2,0x10a2,0x10a2,0x18a3,0x10a2,0x18c3,0x10a2,
  0x18a3,0x1082,0x10a2,0x10a2,0x18a3,0x1082,0x10a2,0x1082,0x10a2,0x1082,0x10a2,0x1082,0x10a2,0x1082,0x10a2,0x1082,
  0x39e7,0x39e7,0x39e7,0x39e7,0x39c7,0x39e7,0x39c7,0x39e7,0x39c7,0x39e7,0x39c7,0x39e7,0x31c6,0x39c7,0x39c7,0x39c7,
  0x31c6,0x39e7,0x39c7,0x39e7,0x31c6,0x39c7,0x39c7,0x39e7,0x31c6,0x39c7,0x39c7,0x39e7,0x31c6,0x39c7,0x39c7,0x39e7,
  0x31c6,0x39c7,0x39c7,0x39e7,0x31c6,0x39c7,0x31a6,0x39c7,0x31a6,0x39c7,0x31a6,0x39c7,0x31a6,0x31a6,0x31a6,0x31a6,
  0x31a6,0x39c7,0x31a6,0x39a7,0x31a6,0x31a6,0x31a6,0x39c7,0x31a6,0x31a6,0x31a6,0x31a6,0x31a6,0x31a6,0x31a6,0x39a7,
  0x31a6,0x31a6,0x31a6,0x39c7,0x31a6,0x39c7,0x31a6,0x39a7,0x31a6,0x31a6,0x3186,0x31a6,0x3186,0x31a6,0x3186,0x31a6,
  0x3186,0x31a6,0x31a6,0x31a6,0x3186,0x31a6,0x3186,0x31a6,0x3186,0x31a6,0x3186,0x31a6,0x3186,0x31a6,0x3186,0x31a6,
  0x2985,0x3186,0x3186,0x3186,0x2985,0x3186,0x3186,0x3186,0x2985,0x3186,0x2985,0x3186,0x2985,0x4208,0x6b6d,0x7bcf,
  0x634c,0x528a,0x4a69,0x528a,0x528a,0x7bef,0x73ae,0x632c,0x52ca,0x7bcf,0x6b8d,0x7bef,0x6b8d,0x738e,0x7bef,0x83f0,
  0x7bef,0x7bef,0x7c0f,0x8410,0x7bcf,0x7bcf,0x73ae,0x8410,0x8430,0x8430,0x7bef,0x7bef,0x738e,0x8410,0x7bef,0x7bef,
  0x8410,0x8410,0x7bef,0x8410,0x7bef,0x8410,0x7bef,0x7bef,0x7bcf,0x7bef,0x7bcf,0x7bcf,0x7bcf,0x8430,0x8430,0x8430,
  0x7c0f,0x7bef,0x73ce,0x7baf,0x738e,0x738e,0x634c,0x632c,0x5aeb,0x630c,0x52aa,0x52aa,0x528a,0x4a69,0x4208,0x4208,
  0x39c7,0x3186,0x2985,0x39e7,0x31a6,0x39c7,0x31a6,0x31a6,0x31a6,0x39c7,0x31a6,0x39c7,0x31a6,0x31a6,0x3186,0x31a6,
  0x2965,0x2965,0x2965,0x2965,0x2144,0x2945,0x2124,0x2925,0x2124,0x2124,0x2104,0x2124,0x1903,0x2104,0x2104,0x2124,
  0x2104,0x2104,0x2104,0x2104,0x1903,0x2104,0x2104,0x2124,0x1903,0x2104,0x18e3,0x20e4,0x18e3,0x18e3,0x18e3,0x2104,
  0x18e3,0x18e3,0x18e3,0x18e3,0x10a2,0x18e3,0x10a2,0x18c3,0x18e3,0x18e3,0x18e3,0x2104,0x18e3,0x18e3,0x18c3,0x18c3,
  0x10a2,0x1082,0x0861,0x18a3,0x18c3,0x2104,0x18e3,0x2104,0x1903,0x2104,0x18e3,0x20e4,0x18e3,0x2104,0x18e3,0x2104,
  0x18e3,0x18e3,0x18e3,0x20e4,0x18e3,0x18e3,0x18e3,0x18e3,0x18e3,0x18e3,0x18e3,0x18e3,0x18e3,0x18e3,0x18e3,0x18e3,
  0x18c3,0x18e3,0x18c3,0x18e3,0x18c3,0x18e3,0x18c3,0x18e3,0x18c3,0x18e3,0x18c3,0x18e3,0x10c2,0x18c3,0x18c3,0x18c3,
  0x10c2,0x18c3,0x18c3,0x18c3,0x10c2,0x18c3,0x10c2,0x18c3,0x10c2,0x18c3,0x18c3,0x18c3,0x10c2,0x18c3,0x18c3,0x18c3,
  0x10c2,0x18c3,0x10c2,0x18c3,0x10c2,0x18c3,0x10a2,0x18c3,0x10a2,0x18c3,0x10a2,0x18c3,0x10a2,0x18c3,0x10a2,0x18c3,
  0x10a2,0x18c3,0x10a2,0x18c3,0x10a2,0x18c3,0x10a2,0x18c3,0x10a2,0x10a2,0x10a2,0x18a3,0x10a2,0x10a2,0x10a2,0x10a2,
  0x10a2,0x10a2,0x1082,0x10a2,0x10a2,0x10a2,0x10a2,0x10a2,0x1082,0x10a2,0x1082,0x10a2,0x1082,0x10a2,0x1082,0x10a2,
  0x1082,0x10a2,0x1082,0x10a2,0x1082,0x10a2,0x1082,0x10a2,0x41e8,0x39e7,0x41e8,0x39e7,0x39e7,0x39e7,0x41e8,0x39c7,
  0x39e7,0x39e7,0x41e8,0x39c7,0x39e7,0x39c7,0x39e7,0x39c7,0x39c7,0x39c7,0x39e7,0x39c7,0x39c7,0x31c6,0x39e7,0x39c7,
  0x39c7,0x31c6,0x39e7,0x39c7,0x39c7,0x31c6,0x39c7,0x39c7,0x39c7,0x31c6,0x39c7,0x39c7,0x39c7,0x31a6,0x39c7,0x31a6,
  0x39c7,0x31c6,0x39c7,0x39c7,0x39c7,0x31a6,0x39c7,0x31a6,0x39c7,0x31a6,0x39c7,0x31a6,0x39c7,0x31a6,0x39c7,0x31a6,
  0x39c7,0x31a6,0x39a7,0x31a6,0x39a7,0x31a6,0x39a7,0x31a6,0x39a7,0x31a6,0x39c7,0x31a6,0x39a7,0x31a6,0x39a7,0x31a6,
  0x39a7,0x31a6,0x39a7,0x31a6,0x31a6,0x31a6,0x31a6,0x31a6,0x31a6,0x31a6,0x39a7,0x31a6,0x31a6,0x3186,0x31a6,0x3186,
  0x31a6,0x3186,0x31a6,0x3186,0x31a6,0x3186,0x31a6,0x3186,0x3186,0x3186,0x3186,0x3186,0x31a6,0x3186,0x31a6,0x3186,
  0x31a6,0x3186,0x31a6,0x3186,0x31a6,0x31c6,0x738e,0x8430,0x7baf,0x5aeb,0x4208,0x5aeb,0x6b6d,0x5aeb,0x5acb,0x630c,
  0x630c,0x6b4d,0x5aeb,0x73ae,0x6b6d,0x6b4d,0x8c31,0x7bcf,0x8410,0x73ae,0x8c51,0x7bef,0x8410,0x8410,0x8410,0x8410,
  0x8c51,0x8430,0x8c31,0x7bef,0x7bcf,0x8410,0x8410,0x73ae,0x8430,0x8410,0x8410,0x7bef,0x7bef,0x7bef,0x8410,0x7bef,
  0x7bef,0x7bcf,0x7bcf,0x7bef,0x8410,0x8430,0x8c31,0x8410,0x8410,0x7bcf,0x7bcf,0x73ae,0x7bcf,0x738e,0x6b4d,0x630c,
  0x630c,0x5acb,0x5acb,0x52aa,0x52aa,0x39e7,0x4a49,0x4228,0x4208,0x31a6,0x31a6,0x3186,0x39e7,0x31a6,0x3186,0x3186,
  0x39a7,0x31c6,0x39e7,0x39c7,0x39c7,0x31a6,0x39a7,0x31a6,0x3186,0x2965,0x2965,0x2945,0x2965,0x2945,0x2945,0x2124,
  0x2124,0x2104,0x2124,0x2104,0x2124,0x2104,0x2124,0x2124,0x2124,0x2104,0x2104,0x2104,0x2124,0x2104,0x2124,0x2124,
  0x2104,0x1903,0x2104,0x18e3,0x2104,0x1903,0x2124,0x18e3,0x18e3,0x18e3,0x2104,0x18e3,0x18c3,0x18e3,0x18e3,0x18c3,
  0x18e3,0x18c3,0x18e3,0x18e3,0x18e3,0x10c2,0x18c3,0x10a2,0x10a2,0x1082,0x18c3,0x18e3,0x2104,0x18e3,0x2104,0x2104,
  0x2104,0x1903,0x2104,0x18e3,0x2104,0x18e3,0x2104,0x18e3,0x2104,0x18e3,0x2104,0x18e3,0x2104,0x18e3,0x2104,0x18e3,
  0x20e4,0x18e3,0x20e4,0x18e3,0x20e4,0x18e3,0x20e4,0x18e3,0x18e3,0x18e3,0x20e4,0x18e3,0x18e3,0x18e3,0x18e3,0x18c3,
  0x18e3,0x18c3,0x18e3,0x18c3,0x18e3,0x18c3,0x18e3,0x18c3,0x18e3,0x18c3,0x18e3,0x18c3,0x18e3,0x18c3,0x18c3,0x18c3,
  0x18e3,0x18c3,0x18e3,0x18c3,0x18c3,0x18c3,0x18e3,0x18c3,0x18c3,0x18c3,0x18c3,0x18c3,0x18c3,0x18c3,0x18c3,0x18c3,
  0x18c3,0x10c2,0x18c3,0x10a2,0x18c3,0x10c2,0x18c3,0x18c3,0x18c3,0x10a2,0x18c3,0x10a2,0x18c3,0x10a2,0x18c3,0x10a2,
  0x18c3,0x10a2,0x18c3,0x10a2,0x18c3,0x10a2,0x18a3,0x10a2,0x18a3,0x10a2,0x18a3,0x10a2,0x18a3,0x10a2,0x18a3,0x10a2,
  0x10a2,0x10a2,0x18a3,0x10a2,0x10a2,0x1082,0x10a2,0x1082,0x10a2,0x1082,0x10a2,0x1082,0x10a2,0x1082,0x10a2,0x1082,
  0x39c7,0x39e7,0x39c7,0x39e7,0x39c7,0x39e7,0x39e7,0x39c7,0x39c7,0x39e7,0x39c7,0x39e7,0x39c7,0x39e7,0x31c6,0x39c7,
  0x31c6,0x39c7,0x31c6,0x39c7,0x31a6,0x39c7,0x31c6,0x39c7,0x31c6,0x39c7,0x31c6,0x39c7,0x31c6,0x39c7,0x31a6,0x39c7,
  0x31a6,0x39c7,0x31a6,0x39c7,0x31a6,0x39a7,0x31a6,0x39c7,0x31a6,0x39c7,0x31a6,0x39c7,0x31a6,0x39a7,0x31a6,0x31a6,
  0x31a6,0x39c7,0x31a6,0x31a6,0x31a6,0x39a7,0x31a6,0x39c7,0x31a6,0x39c7,0x31a6,0x31a6,0x31a6,0x31a6,0x31a6,0x31a6,
  0x31a6,0x31a6,0x31a6,0x31a6,0x3186,0x31a6,0x3186,0x3186,0x31a6,0x31a6,0x3186,0x31a6,0x3186,0x31a6,0x3186,0x31a6,
  0x3186,0x31a6,0x31a6,0x31a6,0x3186,0x31a6,0x3186,0x31a6,0x3186,0x31a6,0x3186,0x31a6,0x3186,0x31a6,0x3186,0x3186,
  0x2965,0x3186,0x2985,0x3186,0x3186,0x3186,0x2985,0x3186,0x3186,0x3186,0x2985,0x3186,0x3186,0x39e7,0x5b0b,0x8430,
  0x8430,0x6b4d,0x52aa,0x52aa,0x632c,0x632c,0x73ce,0x738e,0x632c,0x7bef,0x5b0b,0x630c,0x6b6d,0x6b6d,0x8410,0x8430,
  0x7bef,0x8410,0x7c0f,0x7bef,0x8410,0x8410,0x7bcf,0x7bef,0x8410,0x8430,0x8c71,0x8c51,0x7bef,0x8410,0x7bef,0x7bef,
  0x7bef,0x8410,0x7bef,0x7bcf,0x73ae,0x7bcf,0x7bef,0x8410,0x7bef,0x7bef,0x7bcf,0x7bef,0x7bef,0x8410,0x7c0f,0x8410,
  0x7bef,0x7bef,0x73ce,0x7bcf,0x73ce,0x738e,0x632c,0x6b4d,0x630c,0x630c,0x52aa,0x52aa,0x4a69,0x4208,0x4248,0x4a49,
  0x39e7,0x39e7,0x31a6,0x3186,0x31a6,0x3166,0x2945,0x3186,0x3186,0x31a6,0x31a6,0x39c7,0x31a6,0x39a7,0x31a6,0x31a6,
  0x2985,0x3186,0x2124,0x2124,0x2124,0x2945,0x2124,0x2124,0x2124,0x2124,0x1903,0x2104,0x2104,0x2124,0x2104,0x2124,
  0x2104,0x2104,0x1903,0x2104,0x2104,0x2104,0x2104,0x2124,0x2104,0x2104,0x18e3,0x18e3,0x18e3,0x2104,0x2104,0x18e3,
  0x18c3,0x18e3,0x18e3,0x18e3,0x18c3,0x20e4,0x18e3,0x2104,0x18c3,0x18c3,0x10a2,0x18c3,0x1082,0x1082,0x1082,0x1082,
  0x0861,0x10a2,0x18e3,0x2104,0x1903,0x2104,0x18e3,0x2104,0x18e3,0x2104,0x18e3,0x2104,0x18e3,0x2104,0x18e3,0x2104,
  0x18e3,0x20e4,0x18e3,0x18e3,0x18e3,0x20e4,0x18e3,0x18e3,0x18e3,0x18e3,0x18e3,0x18e3,0x18e3,0x18e3,0x18e3,0x18e3,
  0x18c3,0x18e3,0x18c3,0x18e3,0x18c3,0x18e3,0x18c3,0x18e3,0x18c3,0x18e3,0x18c3,0x18e3,0x18c3,0x18c3,0x10c2,0x18c3,
  0x18c3,0x18e3,0x18c3,0x18e3,0x18c3,0x18e3,0x10c2,0x18c3,0x18c3,0x18c3,0x10c2,0x18c3,0x10c2,0x18c3,0x10c2,0x18c3,
  0x10c2,0x18c3,0x10c2,0x18c3,0x10c2,0x18c3,0x10a2,0x18c3,0x10a2,0x18c3,0x10a2,0x18c3,0x10a2,0x18c3,0x10a2,0x18c3,
  0x10a2,0x18c3,0x10a2,0x18c3,0x10a2,0x18c3,0x10a2,0x18c3,0x10a2,0x18a3,0x10a2,0x10a2,0x10a2,0x18a3,0x10a2,0x10a2,
  0x10a2,0x10a2,0x10a2,0x10a2,0x10a2,0x10a2,0x10a2,0x10a2,0x1082,0x10a2,0x1082,0x10a2,0x1082,0x10a2,0x1082,0x10a2,
  0x1082,0x10a2,0x1082,0x10a2,0x1082,0x10a2,0x1082,0x10a2,0x41e8,0x39c7,0x39e7,0x39c7,0x41e8,0x39e7,0x4208,0x39c7,
  0x39e7,0x39e7,0x39e7,0x39c7,0x39e7,0x39e7,0x39e7,0x39c7,0x41e8,0x39e7,0x39e7,0x39c7,0x39e7,0x39c7,0x39e7,0x39c7,
  0x39e7,0x39c7,0x39e7,0x39c7,0x39e7,0x39c7,0x39e7,0x39c7,0x39e7,0x39c7,0x39e7,0x39c7,0x39c7,0x31a6,0x39c7,0x31a6,
  0x39c7,0x39c7,0x39c7,0x31c6,0x39c7,0x31a6,0x39c7,0x31a6,0x39c7,0x31a6,0x39c7,0x31a6,0x39c7,0x31a6,0x39c7,0x31a6,
  0x39c7,0x31a6,0x39c7,0x31a6,0x39a7,0x31a6,0x39a7,0x31a6,0x39a7,0x31a6,0x39c7,0x31a6,0x39c7,0x31a6,0x39a7,0x31a6,
  0x39a7,0x31a6,0x31a6,0x31a6,0x39a7,0x31a6,0x31a6,0x31a6,0x39a7,0x31a6,0x39a7,0x31a6,0x39a7,0x3186,0x31a6,0x3186,
  0x31a6,0x3186,0x31a6,0x3186,0x31a6,0x3186,0x31a6,0x3186,0x3186,0x3186,0x3186,0x3186,0x31a6,0x3186,0x31a6,0x3186,
  0x3186,0x3186,0x3186,0x3186,0x39a7,0x3186,0x6b2d,0x8c51,0x8c71,0x8c51,0x73ae,0x6b6d,0x528a,0x5aeb,0x6b6d,0x6b6d,
  0x736e,0x738e,0x6b4d,0x738e,0x8c51,0x7bef,0x7bef,0x8410,0x6b6d,0x7bef,0x8410,0x7bef,0x8c31,0x7bef,0x7bcf,0x7bcf,
  0x8410,0x8410,0x8c71,0x8450,0x8c31,0x8410,0x8430,0x7bef,0x8430,0x8410,0x8410,0x7bef,0x7bef,0x7bef,0x8410,0x7bcf,
  0x8410,0x8410,0x83f0,0x7bef,0x83f0,0x7bef,0x8410,0x7c0f,0x8410,0x7bef,0x7bef,0x73ce,0x7bcf,0x738e,0x6b4d,0x634c,
  0x6b2d,0x630c,0x62ec,0x5acb,0x5acb,0x52aa,0x4a49,0x4228,0x4a29,0x39c7,0x31a6,0x39e7,0x31a6,0x2965,0x2965,0x3186,
  0x31a6,0x3186,0x31a6,0x31a6,0x39a7,0x3186,0x31a6,0x31a6,0x3186,0x2965,0x2945,0x2124,0x2945,0x2945,0x2945,0x2124,
  0x2945,0x2124,0x2124,0x2104,0x2124,0x2104,0x2124,0x2104,0x2104,0x2124,0x2124,0x2104,0x2124,0x2104,0x2124,0x2104,
  0x2124,0x2104,0x2104,0x18e3,0x2104,0x2104,0x2124,0x18e3,0x18e3,0x18e3,0x20e4,0x18e3,0x18c3,0x18c3,0x18e3,0x18c3,
  0x18a3,0x10a2,0x18c3,0x18c3,0x18c3,0x10a2,0x1082,0x0861,0x1062,0x1082,0x2104,0x2104,0x2104,0x18e3,0x2104,0x1903,
  0x2104,0x2104,0x2104,0x18e3,0x2104,0x18e3,0x2104,0x18e3,0x2104,0x18e3,0x2104,0x18e3,0x2104,0x18e3,0x2104,0x18e3,
  0x20e4,0x18e3,0x20e4,0x18e3,0x20e4,0x18e3,0x20e4,0x18e3,0x20e4,0x18e3,0x18e3,0x18e3,0x20e4,0x18e3,0x18e3,0x18c3,
  0x18e3,0x18c3,0x18e3,0x18c3,0x18e3,0x18c3,0x18e3,0x18c3,0x18e3,0x18c3,0x18e3,0x18c3,0x18e3,0x18c3,0x18e3,0x18c3,
  0x18e3,0x18c3,0x18e3,0x18c3,0x18c3,0x18c3,0x18e3,0x18c3,0x18c3,0x18c3,0x18c3,0x18c3,0x18c3,0x18c3,0x18c3,0x10c2,
  0x18c3,0x18c3,0x18c3,0x10a2,0x18c3,0x18c3,0x18c3,0x10c2,0x18c3,0x10a2,0x18c3,0x10a2,0x18c3,0x10a2,0x18c3,0x10a2,
  0x18c3,0x10a2,0x18c3,0x10a2,0x18c3,0x10a2,0x18a3,0x10a2,0x18a3,0x10a2,0x18a3,0x10a2,0x18a3,0x10a2,0x10a2,0x10a2,
  0x18a3,0x10a2,0x10a2,0x10a2,0x18a3,0x1082,0x10a2,0x1082,0x10a2,0x1082,0x10a2,0x1082,0x10a2,0x1082,0x10a2,0x1082,
  0x39c7,0x39e7,0x39c7,0x39e7,0x39c7,0x39e7,0x39e7,0x39e7,0x39c7,0x39e7,0x39c7,0x39e7,0x31c6,0x39e7,0x31c6,0x39c7,
  0x39c7,0x39e7,0x39c7,0x39c7,0x31c6,0x39e7,0x39c7,0x39c7,0x39c7,0x39e7,0x39c7,0x39c7,0x39c7,0x39c7,0x39c7,0x39c7,
  0x31a6,0x39c7,0x31a6,0x39c7,0x31a6,0x39c7,0x31a6,0x39c7,0x31a6,0x39c7,0x31a6,0x39c7,0x31a6,0x31a6,0x31a6,0x31a6,
  0x31a6,0x39c7,0x31a6,0x39a7,0x31a6,0x31a6,0x31a6,0x39c7,0x31a6,0x39c7,0x31a6,0x39a7,0x31a6,0x31a6,0x31a6,0x31a6,
  0x3186,0x31a6,0x31a6,0x31a6,0x31a6,0x31a6,0x3186,0x31a6,0x31a6,0x31a6,0x3186,0x31a6,0x3186,0x31a6,0x3186,0x31a6,
  0x3186,0x31a6,0x31a6,0x31a6,0x3186,0x31a6,0x3186,0x3186,0x2985,0x3186,0x3186,0x3186,0x2985,0x31a6,0x3186,0x3186,
  0x3186,0x31a6,0x3186,0x3186,0x2985,0x3186,0x2985,0x3186,0x2985,0x3186,0x2965,0x3186,0x2965,0x39c7,0x5aeb,0x8c71,
  0x94b2,0x8c71,0x8430,0x6b4d,0x528a,0x4a49,0x4a49,0x630c,0x5aeb,0x632c,0x5aeb,0x73ae,0x6b6d,0x7bef,0x738e,0x738e,
  0x7c0f,0x7bcf,0x7bef,0x8410,0x8430,0x8430,0x7bef,0x8430,0x8430,0x8430,0x7c0f,0x8410,0x8c51,0x8c51,0x8430,0x8410,
  0x7c0f,0x8410,0x7bef,0x8410,0x7bef,0x7bef,0x7bef,0x7bcf,0x7bcf,0x8410,0x7bcf,0x7bcf,0x7bcf,0x7bef,0x73ce,0x7bcf,
  0x73ce,0x7bcf,0x73ce,0x73ae,0x738e,0x738e,0x6b4d,0x6b4d,0x5b0b,0x630c,0x5b0b,0x630c,0x52ca,0x528a,0x4a89,0x4a49,
  0x3a07,0x4208,0x39c7,0x3186,0x2965,0x2965,0x2965,0x3186,0x2965,0x3186,0x2965,0x3186,0x2965,0x3186,0x2985,0x3186,
  0x2965,0x2965,0x2945,0x2945,0x2144,0x2945,0x2124,0x2925,0x2104,0x2124,0x2104,0x2124,0x2104,0x2104,0x1903,0x2104,
  0x18e3,0x2104,0x2104,0x2104,0x1903,0x2104,0x2104,0x2124,0x1903,0x2104,0x1903,0x2104,0x18e3,0x2104,0x18e3,0x2104,
  0x18e3,0x2104,0x18e3,0x18e3,0x10c2,0x18c3,0x10a2,0x18c3,0x0881,0x1082,0x10a2,0x18c3,0x10c2,0x10a2,0x0861,0x1082,
  0x0881,0x18c3,0x2104,0x2104,0x18e3,0x2104,0x18e3,0x2104,0x18e3,0x2104,0x18e3,0x2104,0x18e3,0x2104,0x18e3,0x2104,
  0x18e3,0x18e3,0x18e3,0x20e4,0x18e3,0x18e3,0x18e3,0x18e3,0x18e3,0x18e3,0x18e3,0x18e3,0x18e3,0x18e3,0x18e3,0x18e3,
  0x18c3,0x18e3,0x18c3,0x18e3,0x18c3,0x18e3,0x18c3,0x18e3,0x18c3,0x18e3,0x18c3,0x18e3,0x10c2,0x18c3,0x18c3,0x18c3,
  0x10c2,0x18c3,0x18c3,0x18c3,0x10c2,0x18c3,0x10c2,0x18c3,0x10c2,0x18c3,0x18c3,0x18c3,0x10c2,0x18c3,0x18c3,0x18c3,
  0x10c2,0x18c3,0x10c2,0x18c3,0x10c2,0x18c3,0x10a2,0x18c3,0x10a2,0x18c3,0x10a2,0x18c3,0x10a2,0x18c3,0x10a2,0x18c3,
  0x10a2,0x18c3,0x10a2,0x18c3,0x10a2,0x18c3,0x10a2,0x18c3,0x10a2,0x10a2,0x10a2,0x18a3,0x10a2,0x10a2,0x10a2,0x10a2,
  0x10a2,0x10a2,0x10a2,0x10a2,0x10a2,0x10a2,0x1082,0x10a2,0x10a2,0x10a2,0x1082,0x10a2,0x1082,0x10a2,0x1082,0x10a2,
  0x1082,0x10a2,0x1082,0x10a2,0x1082,0x10a2,0x1082,0x10a2,0x41e8,0x39e7,0x41e8,0x39e7,0x39e7,0x39e7,0x41e8,0x39c7,
  0x39e7,0x39e7,0x41e8,0x39c7,0x39c7,0x39c7,0x39c7,0x39c7,0x39e7,0x39e7,0x39e7,0x39c7,0x39e7,0x39e7,0x39c7,0x39c7,
  0x39e7,0x39e7,0x39c7,0x39c7,0x39e7,0x39c7,0x39e7,0x39c7,0x39e7,0x31a6,0x39c7,0x31a6,0x39c7,0x31c6,0x39c7,0x39c7,
  0x39c7,0x31a6,0x39c7,0x39c7,0x39c7,0x31a6,0x39c7,0x31a6,0x39c7,0x31a6,0x39c7,0x31a6,0x39c7,0x31a6,0x39c7,0x31a6,
  0x39c7,0x31a6,0x39c7,0x31a6,0x39c7,0x31a6,0x39a7,0x31a6,0x31a6,0x31a6,0x39a7,0x31a6,0x39a7,0x31a6,0x39a7,0x31a6,
  0x39a7,0x31a6,0x39a7,0x31a6,0x31a6,0x31a6,0x31a6,0x31a6,0x31a6,0x31a6,0x39a7,0x31a6,0x31a6,0x3186,0x31a6,0x3186,
  0x31a6,0x3186,0x31a6,0x3186,0x31a6,0x3186,0x3186,0x3186,0x39a7,0x31a6,0x31a6,0x3186,0x3186,0x3186,0x31a6,0x3186,
  0x31a6,0x3186,0x31a6,0x3186,0x3186,0x3186,0x630c,0x8c71,0x94b2,0x94b2,0x8c51,0x8410,0x73ae,0x4a89,0x528a,0x52aa,
  0x528a,0x5aeb,0x6b4d,0x632c,0x738e,0x6b6d,0x632c,0x6b6d,0x83f0,0x7bef,0x8410,0x8410,0x8410,0x8410,0x8c31,0x8430,
  0x8430,0x8430,0x8410,0x7bef,0x8430,0x73ae,0x7bef,0x8410,0x8430,0x8410,0x8410,0x8410,0x8430,0x8410,0x8410,0x7bcf,
  0x8410,0x7bef,0x7bcf,0x73ae,0x7bcf,0x7bcf,0x7bcf,0x7bcf,0x7bef,0x7bcf,0x7bef,0x7bcf,0x7bcf,0x73ae,0x738e,0x6b6d,
  0x6b4d,0x630c,0x630c,0x52aa,0x528a,0x4a89,0x526a,0x4228,0x4208,0x39e7,0x39c7,0x3186,0x3166,0x2965,0x3166,0x2945,
  0x2965,0x2965,0x3186,0x2965,0x2965,0x2965,0x3186,0x3186,0x3186,0x2945,0x2965,0x2124,0x2925,0x2124,0x2925,0x2124,
  0x2124,0x2104,0x2925,0x2124,0x2124,0x2104,0x2104,0x18e3,0x2104,0x18e3,0x2104,0x2104,0x2104,0x2104,0x2124,0x2124,
  0x2104,0x2104,0x2124,0x2104,0x2104,0x2104,0x2104,0x18c3,0x18e3,0x18e3,0x20e4,0x18e3,0x18e3,0x10a2,0x18c3,0x10a2,
  0x1082,0x0881,0x1082,0x1082,0x1082,0x0861,0x1082,0x10a2,0x18c3,0x18e3,0x2925,0x2104,0x18e3,0x2104,0x2104,0x18e3,
  0x2104,0x18e3,0x2104,0x2104,0x2104,0x18e3,0x2104,0x18e3,0x2104,0x18e3,0x2104,0x18e3,0x2104,0x18e3,0x2104,0x18e3,
  0x20e4,0x18e3,0x20e4,0x18e3,0x20e4,0x18e3,0x20e4,0x18e3,0x18e3,0x18e3,0x20e4,0x18e3,0x18e3,0x18e3,0x18e3,0x18c3,
  0x18e3,0x18c3,0x18e3,0x18c3,0x18e3,0x18c3,0x18e3,0x18c3,0x18e3,0x18c3,0x18e3,0x18c3,0x18e3,0x18c3,0x18e3,0x18c3,
  0x18e3,0x18c3,0x18e3,0x18c3,0x18c3,0x18c3,0x18e3,0x18c3,0x18c3,0x18c3,0x18c3,0x18c3,0x18c3,0x18c3,0x18c3,0x18c3,
  0x18c3,0x10c2,0x18c3,0x10a2,0x18c3,0x10c2,0x18c3,0x18c3,0x18c3,0x10a2,0x18c3,0x10a2,0x18c3,0x10a2,0x18c3,0x10a2,
  0x18c3,0x10a2,0x18c3,0x10a2,0x18c3,0x10a2,0x18a3,0x10a2,0x18a3,0x10a2,0x18c3,0x10a2,0x18a3,0x10a2,0x18a3,0x10a2,
  0x18a3,0x10a2,0x18a3,0x10a2,0x10a2,0x1082,0x10a2,0x1082,0x10a2,0x1082,0x10a2,0x1082,0x10a2,0x1082,0x10a2,0x1082,
  0x39c7,0x39e7,0x39c7,0x39e7,0x39c7,0x39e7,0x39c7,0x39c7,0x39c7,0x39e7,0x39c7,0x39c7,0x31c6,0x39c7,0x31c6,0x39e7,
  0x39c7,0x39e7,0x39c7,0x39c7,0x39c7,0x39c7,0x31c6,0x39c7,0x39c7,0x39e7,0x31c6,0x39c7,0x39c7,0x39e7,0x39c7,0x39e7,
  0x39c7,0x39c7,0x31a6,0x39c7,0x31c6,0x39e7,0x31c6,0x39c7,0x31a6,0x39c7,0x31c6,0x39c7,0x31a6,0x39c7,0x31a6,0x39c7,
  0x31a6,0x39a7,0x31a6,0x31a6,0x31a6,0x39a7,0x31a6,0x39c7,0x31a6,0x39a7,0x31a6,0x31a6,0x31a6,0x39a7,0x31a6,0x31a6,
  0x31a6,0x31a6,0x31a6,0x31a6,0x31a6,0x39a7,0x31a6,0x31a6,0x31a6,0x31a6,0x3186,0x31a6,0x3186,0x31a6,0x3186,0x31a6,
  0x31a6,0x31a6,0x31a6,0x31a6,0x3186,0x3186,0x3186,0x31a6,0x3186,0x31a6,0x3186,0x31a6,0x3186,0x3186,0x2985,0x3186,
  0x3186,0x31a6,0x2985,0x3186,0x3186,0x3186,0x2985,0x3186,0x3186,0x3186,0x2985,0x3186,0x3186,0x39c7,0x52ca,0x9492,
  0x9492,0x94b2,0x8c71,0x8c71,0x6b8d,0x6b6d,0x632c,0x4a69,0x4a69,0x6b2d,0x6b4d,0x5acb,0x6b6d,0x6b4d,0x6b6d,0x6b6d,
  0x7bcf,0x8430,0x7bef,0x8410,0x7c0f,0x8410,0x7c0f,0x8430,0x8410,0x8410,0x7c0f,0x8430,0x8410,0x7bcf,0x7bcf,0x8410,
  0x7c0f,0x8430,0x7c0f,0x8430,0x8410,0x8430,0x7bef,0x7bcf,0x7bef,0x7bef,0x73ae,0x7bcf,0x7bef,0x7bef,0x73ce,0x7bcf,
  0x7bcf,0x7bef,0x73ce,0x7bef,0x73ce,0x73ae,0x6b8d,0x6b4d,0x632c,0x630c,0x5b0b,0x528a,0x4228,0x4a69,0x4208,0x4208,
  0x39c7,0x31a6,0x2965,0x2945,0x2965,0x3186,0x2965,0x2945,0x2965,0x3166,0x2124,0x2945,0x2945,0x2965,0x2945,0x2965,
  0x2124,0x2124,0x2124,0x2124,0x2104,0x2104,0x2104,0x2124,0x2124,0x2925,0x2104,0x2104,0x2104,0x2104,0x1903,0x2104,
  0x18e3,0x20e4,0x18c3,0x18e3,0x18e3,0x2104,0x1903,0x2104,0x18e3,0x20e4,0x18e3,0x18e3,0x18e3,0x2104,0x1903,0x18c3,
  0x10a2,0x18a3,0x10c2,0x18e3,0x18e3,0x18e3,0x10c2,0x10a2,0x0841,0x0861,0x0861,0x1082,0x1082,0x1082,0x0881,0x18c3,
  0x18e3,0x2104,0x2104,0x2104,0x18e3,0x2104,0x18e3,0x2104,0x18e3,0x2104,0x18e3,0x2104,0x18e3,0x2104,0x18e3,0x2104,
  0x18e3,0x20e4,0x18e3,0x2104,0x18e3,0x20e4,0x18e3,0x18e3,0x18e3,0x20e4,0x18e3,0x18e3,0x18e3,0x20e4,0x18e3,0x18e3,
  0x18c3,0x18e3,0x18c3,0x18e3,0x18c3,0x18e3,0x18c3,0x18e3,0x18c3,0x18e3,0x18c3,0x18e3,0x18c3,0x18e3,0x18c3,0x18c3,
  0x18c3,0x18c3,0x10c2,0x18c3,0x18c3,0x18e3,0x10c2,0x18e3,0x18c3,0x18c3,0x10c2,0x18c3,0x10a2,0x18c3,0x10c2,0x18c3,
  0x10c2,0x18c3,0x10c2,0x18c3,0x10c2,0x18c3,0x10c2,0x18c3,0x10c2,0x18c3,0x10a2,0x18c3,0x10a2,0x18c3,0x10a2,0x18c3,
  0x10a2,0x18c3,0x10a2,0x18c3,0x10a2,0x18c3,0x10a2,0x18c3,0x10a2,0x18a3,0x10a2,0x18c3,0x10a2,0x18a3,0x10a2,0x10a2,
  0x10a2,0x18a3,0x10a2,0x10a2,0x10a2,0x10a2,0x10a2,0x10a2,0x1082,0x10a2,0x1082,0x10a2,0x1082,0x10a2,0x1082,0x10a2,
  0x1082,0x10a2,0x1082,0x10a2,0x1082,0x10a2,0x0881,0x1082,0x41e8,0x39e7,0x39e7,0x39c7,0x39e7,0x39c7,0x39e7,0x39c7,
  0x39e7,0x39c7,0x39e7,0x39c7,0x41e8,0x39c7,0x39e7,0x39c7,0x39e7,0x39c7,0x39e7,0x39c7,0x39e7,0x39c7,0x39e7,0x39c7,
  0x39e7,0x39c7,0x39e7,0x39c7,0x39e7,0x39c7,0x39e7,0x39c7,0x39c7,0x39c7,0x39c7,0x39c7,0x39c7,0x39c7,0x39e7,0x31a6,
  0x39c7,0x31a6,0x39e7,0x31c6,0x39c7,0x31a6,0x39c7,0x31c6,0x39c7,0x31a6,0x39a7,0x31a6,0x39a7,0x31a6,0x39a7,0x31a6,
  0x39a7,0x31a6,0x39c7,0x31a6,0x39c7,0x31a6,0x39c7,0x31a6,0x39a7,0x31a6,0x39c7,0x31a6,0x39c7,0x31a6,0x31a6,0x31a6,
  0x39a7,0x31a6,0x31a6,0x31a6,0x39a7,0x31a6,0x39a7,0x31a6,0x39a7,0x31a6,0x39a7,0x31a6,0x31a6,0x3186,0x31a6,0x3186,
  0x31a6,0x3186,0x31a6,0x3186,0x31a6,0x3186,0x31a6,0x3186,0x31a6,0x3186,0x31a6,0x3186,0x31a6,0x3186,0x31a6,0x3186,
  0x31a6,0x3186,0x31a6,0x3186,0x31a6,0x31a6,0x5acb,0x9492,0x9492,0x9492,0x94b2,0x8c51,0x8c51,0x7bef,0x738e,0x6b4d,
  0x5aeb,0x528a,0x5aeb,0x5acb,0x630c,0x6b6d,0x736e,0x630c,0x6b6d,0x7bef,0x83f0,0x7bef,0x83f0,0x8410,0x8410,0x7c0f,
  0x8410,0x8430,0x8c51,0x8430,0x8430,0x8430,0x8430,0x7bef,0x8c31,0x8430,0x8430,0x8430,0x8410,0x8410,0x8410,0x7bcf,
  0x83f0,0x7bef,0x7bcf,0x7bcf,0x83f0,0x7bcf,0x7bef,0x7bcf,0x7bef,0x7bef,0x7bcf,0x7bef,0x7bef,0x738e,0x738e,0x5b0b,
  0x632c,0x630c,0x632c,0x52aa,0x526a,0x4208,0x4228,0x39c7,0x39a7,0x31a6,0x31a6,0x2144,0x3186,0x3186,0x3186,0x2965,
  0x3186,0x2965,0x2925,0x2124,0x2945,0x2945,0x2965,0x2144,0x2945,0x2124,0x2945,0x2144,0x2925,0x2104,0x2104,0x2104,
  0x2925,0x2124,0x2925,0x2104,0x2124,0x2104,0x2124,0x2104,0x2104,0x2104,0x2104,0x1903,0x2104,0x2104,0x2124,0x2104,
  0x2124,0x18e3,0x20e4,0x18e3,0x2124,0x2104,0x2124,0x18e3,0x18c3,0x10a2,0x18c3,0x18e3,0x2104,0x18e3,0x18c3,0x1082,
  0x0861,0x0861,0x1082,0x0881,0x1082,0x1082,0x18c3,0x18e3,0x2124,0x2124,0x2104,0x18e3,0x2104,0x18e3,0x2104,0x1903,
  0x2104,0x2104,0x2104,0x18e3,0x2104,0x18e3,0x2104,0x18e3,0x2104,0x18e3,0x2104,0x18e3,0x2104,0x18e3,0x2104,0x18e3,
  0x2104,0x18e3,0x20e4,0x18e3,0x20e4,0x18e3,0x2104,0x18e3,0x20e4,0x18e3,0x18e3,0x18e3,0x20e4,0x18e3,0x18e3,0x18c3,
  0x18e3,0x18e3,0x18e3,0x18c3,0x18e3,0x18c3,0x18e3,0x18c3,0x18e3,0x18c3,0x18e3,0x18c3,0x18e3,0x18c3,0x18e3,0x18c3,
  0x18e3,0x18c3,0x18c3,0x10c2,0x18c3,0x18c3,0x18e3,0x18c3,0x18c3,0x18c3,0x18c3,0x18c3,0x18c3,0x18c3,0x18c3,0x18c3,
  0x18c3,0x18c3,0x18c3,0x10c2,0x18c3,0x18c3,0x18c3,0x10c2,0x18c3,0x10a2,0x18c3,0x10a2,0x18c3,0x10a2,0x18c3,0x10a2,
  0x18c3,0x10a2,0x18c3,0x10a2,0x18c3,0x10a2,0x18c3,0x10a2,0x18a3,0x10a2,0x18a3,0x10a2,0x18a3,0x10a2,0x18a3,0x10a2,
  0x18a3,0x10a2,0x10a2,0x10a2,0x18a3,0x1082,0x10a2,0x1082,0x10a2,0x1082,0x10a2,0x1082,0x10a2,0x1082,0x10a2,0x1082,
  0x39c7,0x39e7,0x39c7,0x39e7,0x39c7,0x39e7,0x39c7,0x39e7,0x39c7,0x39e7,0x39c7,0x39e7,0x39c7,0x39e7,0x31c6,0x39c7,
  0x31c6,0x39c7,0x39c7,0x39e7,0x39c7,0x39c7,0x39c7,0x39c7,0x31c6,0x39c7,0x39c7,0x39c7,0x31c6,0x39c7,0x31c6,0x39c7,
  0x31c6,0x39c7,0x31a6,0x39c7,0x31a6,0x39c7,0x31a6,0x39c7,0x31a6,0x31a6,0x31a6,0x39c7,0x31a6,0x39c7,0x31a6,0x39c7,
  0x31a6,0x31a6,0x31a6,0x31a6,0x31a6,0x31a6,0x31a6,0x31a6,0x3186,0x31a6,0x31a6,0x39a7,0x31a6,0x31a6,0x31a6,0x31a6,
  0x31a6,0x31a6,0x31a6,0x39a7,0x31a6,0x31a6,0x3186,0x31a6,0x31a6,0x31a6,0x3186,0x31a6,0x3186,0x31a6,0x31a6,0x31a6,
  0x31a6,0x31a6,0x31a6,0x31a6,0x3186,0x3186,0x3186,0x31a6,0x3186,0x31a6,0x3186,0x31a6,0x3186,0x31a6,0x3186,0x31a6,
  0x2985,0x3186,0x3186,0x3186,0x2985,0x3186,0x3186,0x3186,0x2985,0x3186,0x3186,0x3186,0x2985,0x3186,0x52aa,0x9492,
  0x8c71,0x94b2,0x94b2,0x9492,0x7bef,0x7bcf,0x738e,0x6b4d,0x6b6d,0x5acb,0x4a89,0x5acb,0x634c,0x73ae,0x6b4d,0x5acb,
  0x52ca,0x6b4d,0x738e,0x7bcf,0x7bcf,0x7bcf,0x73ce,0x7bef,0x7bef,0x7bcf,0x7bef,0x8430,0x8430,0x8430,0x7bcf,0x6b6d,
  0x632c,0x73ae,0x7bef,0x8c51,0x8430,0x8430,0x7c0f,0x83f0,0x7bef,0x7bef,0x73ae,0x73ae,0x73ae,0x7bcf,0x7bcf,0x7bcf,
  0x73ae,0x73ae,0x738e,0x7bcf,0x73ae,0x738e,0x6b6d,0x630c,0x632c,0x630c,0x52aa,0x4a49,0x4a49,0x4228,0x39e7,0x39c7,
  0x3186,0x39c7,0x39c7,0x31a6,0x2985,0x3186,0x2965,0x2965,0x2144,0x2945,0x2124,0x2945,0x2124,0x2945,0x2124,0x2945,
  0x2144,0x2965,0x2144,0x2945,0x2104,0x2124,0x1903,0x2104,0x1903,0x2104,0x2104,0x2124,0x2104,0x2104,0x2104,0x2104,
  0x1903,0x2104,0x2104,0x2104,0x18e3,0x18e3,0x18e3,0x2124,0x18e3,0x2104,0x18e3,0x2104,0x2104,0x2124,0x2104,0x2104,
  0x18e3,0x18c3,0x10a2,0x18c3,0x18c3,0x18e3,0x10a2,0x1082,0x0841,0x0861,0x0861,0x0861,0x0841,0x1082,0x18c3,0x2104,
  0x2124,0x2124,0x2104,0x2104,0x18e3,0x2104,0x18e3,0x2104,0x18e3,0x2104,0x18e3,0x2104,0x18e3,0x2104,0x18e3,0x2104,
  0x18e3,0x18e3,0x18e3,0x2104,0x18e3,0x18e3,0x18e3,0x20e4,0x18e3,0x18e3,0x18e3,0x18e3,0x18e3,0x18e3,0x18e3,0x18e3,
  0x18c3,0x18e3,0x18c3,0x18e3,0x18c3,0x18e3,0x18c3,0x18e3,0x18c3,0x18e3,0x18c3,0x18e3,0x18c3,0x18e3,0x18c3,0x18c3,
  0x10c2,0x18c3,0x18c3,0x18c3,0x10c2,0x18c3,0x18c3,0x18e3,0x18c3,0x18e3,0x18c3,0x18c3,0x10c2,0x18c3,0x18c3,0x18c3,
  0x10c2,0x18c3,0x10c2,0x18c3,0x10c2,0x18c3,0x10c2,0x18c3,0x10c2,0x18c3,0x10a2,0x18c3,0x10a2,0x18c3,0x10a2,0x18c3,
  0x10a2,0x18c3,0x10a2,0x18c3,0x10a2,0x18c3,0x10a2,0x18c3,0x10a2,0x10a2,0x10a2,0x18a3,0x10a2,0x10a2,0x10a2,0x10a2,
  0x10a2,0x10a2,0x10a2,0x10a2,0x10a2,0x10a2,0x10a2,0x10a2,0x1082,0x10a2,0x1082,0x10a2,0x1082,0x10a2,0x1082,0x10a2,
  0x1082,0x10a2,0x1082,0x10a2,0x1082,0x10a2,0x1082,0x1082,0x41e8,0x39e7,0x41e8,0x39e7,0x39e7,0x39e7,0x41e8,0x39c7,
  0x39e7,0x39c7,0x39e7,0x39c7,0x39e7,0x39c7,0x39c7,0x39c7,0x39e7,0x39c7,0x39e7,0x39c7,0x39e7,0x39c7,0x39e7,0x39c7,
  0x39e7,0x39c7,0x39e7,0x39c7,0x39e7,0x39c7,0x39c7,0x39c7,0x39c7,0x31c6,0x39c7,0x39c7,0x39c7,0x39c7,0x39e7,0x39c7,
  0x39c7,0x31c6,0x39c7,0x39c7,0x39c7,0x31a6,0x39c7,0x39c7,0x39c7,0x31a6,0x39c7,0x31a6,0x39c7,0x31a6,0x39c7,0x31a6,
  0x39c7,0x31a6,0x39c7,0x31a6,0x39c7,0x31a6,0x39c7,0x31a6,0x39a7,0x31a6,0x39c7,0x31a6,0x39a7,0x31a6,0x39a7,0x31a6,
  0x39a7,0x31a6,0x39a7,0x31a6,0x31a6,0x31a6,0x39a7,0x31a6,0x31a6,0x31a6,0x39a7,0x31a6,0x31a6,0x3186,0x31a6,0x3186,
  0x31a6,0x3186,0x31a6,0x3186,0x31a6,0x3186,0x39a7,0x3186,0x31a6,0x3186,0x3186,0x3186,0x3186,0x3186,0x31a6,0x3186,
  0x31a6,0x3186,0x31a6,0x3186,0x31a6,0x3186,0x5acb,0x9492,0x94b2,0x94d2,0x9cd3,0x9492,0x8c51,0x7bef,0x8410,0x7bef,
  0x738e,0x6b8d,0x6b2d,0x4a69,0x62ec,0x5aeb,0x6b6d,0x632c,0x7bcf,0x738e,0x6b6d,0x7bcf,0x8410,0x7bef,0x7bcf,0x7bef,
  0x8c31,0x8430,0x8410,0x7bef,0x8430,0x8c51,0x8c51,0x8410,0x8410,0x8430,0x8c31,0x8430,0x83f0,0x8410,0x8430,0x7bef,
  0x8410,0x7bef,0x7bef,0x7bcf,0x7bef,0x7bef,0x8410,0x7bcf,0x7bcf,0x7bcf,0x7bcf,0x73ae,0x7baf,0x6b6d,0x6b4d,0x632c,
  0x6b4d,0x5aeb,0x526a,0x4228,0x4a29,0x4248,0x4a29,0x39e7,0x39e7,0x39c7,0x39c7,0x31a6,0x31a6,0x2965,0x2965,0x2945,
  0x2925,0x2104,0x2945,0x2945,0x2945,0x2124,0x2925,0x2124,0x2925,0x2124,0x2925,0x2104,0x2124,0x2104,0x2124,0x2104,
  0x2124,0x2104,0x2104,0x2104,0x2124,0x2104,0x2124,0x2104,0x2124,0x2104,0x2124,0x2104,0x2104,0x18e3,0x20e4,0x18e3,
  0x18e3,0x18e3,0x2104,0x2104,0x2104,0x18e3,0x2104,0x18c3,0x2104,0x18e3,0x18c3,0x10a2,0x18c3,0x10a2,0x18a3,0x1082,
  0x0861,0x0841,0x0861,0x0861,0x1082,0x1082,0x18a3,0x18e3,0x2124,0x2124,0x2925,0x2104,0x2104,0x18e3,0x2104,0x2104,
  0x2104,0x1903,0x2104,0x18e3,0x2104,0x18e3,0x2104,0x18e3,0x2104,0x18e3,0x2104,0x18e3,0x2104,0x18e3,0x2104,0x18e3,
  0x2104,0x18e3,0x20e4,0x18e3,0x20e4,0x18e3,0x20e4,0x18e3,0x18e3,0x18e3,0x20e4,0x18e3,0x18e3,0x18e3,0x20e4,0x18c3,
  0x18e3,0x18e3,0x18e3,0x18c3,0x18e3,0x18c3,0x18e3,0x18c3,0x18e3,0x18c3,0x18e3,0x18c3,0x18e3,0x18c3,0x18e3,0x18c3,
  0x18e3,0x18c3,0x18e3,0x18c3,0x18e3,0x18c3,0x18e3,0x18c3,0x18c3,0x18c3,0x18c3,0x18c3,0x18c3,0x18c3,0x18c3,0x18c3,
  0x18c3,0x10c2,0x18c3,0x18c3,0x18c3,0x10c2,0x18c3,0x18c3,0x18c3,0x10a2,0x18c3,0x10a2,0x18c3,0x10a2,0x18c3,0x10a2,
  0x18c3,0x10a2,0x18c3,0x10a2,0x18a3,0x10a2,0x18a3,0x10a2,0x10a2,0x10a2,0x18a3,0x10a2,0x18a3,0x10a2,0x18a3,0x10a2,
  0x10a2,0x10a2,0x10a2,0x1082,0x10a2,0x10a2,0x18a3,0x10a2,0x10a2,0x1082,0x10a2,0x1082,0x10a2,0x1082,0x10a2,0x1082,
  0x39e7,0x39e7,0x39c7,0x39e7,0x39c7,0x39e7,0x39c7,0x39c7,0x39c7,0x39c7,0x31c6,0x39c7,0x39c7,0x39c7,0x31c6,0x39c7,
  0x39c7,0x39e7,0x39c7,0x39c7,0x39c7,0x39c7,0x31c6,0x39c7,0x39c7,0x39c7,0x31c6,0x39c7,0x39c7,0x39c7,0x31c6,0x39c7,
  0x31a6,0x39c7,0x31a6,0x39c7,0x31c6,0x39c7,0x31c6,0x39c7,0x39c7,0x39c7,0x31a6,0x39c7,0x31a6,0x39a7,0x31a6,0x39c7,
  0x31a6,0x39a7,0x31a6,0x39c7,0x31a6,0x39c7,0x31a6,0x31a6,0x31a6,0x39a7,0x31a6,0x31a6,0x31a6,0x39a7,0x31a6,0x31a6,
  0x31a6,0x31a6,0x31a6,0x31a6,0x31a6,0x39a7,0x31a6,0x31a6,0x31a6,0x31a6,0x3186,0x31a6,0x3186,0x31a6,0x31a6,0x31a6,
  0x3186,0x31a6,0x31a6,0x31a6,0x3186,0x31a6,0x3186,0x31a6,0x3186,0x31a6,0x3186,0x31a6,0x3186,0x31a6,0x3186,0x31a6,
  0x3186,0x3186,0x2985,0x3186,0x2985,0x3186,0x2985,0x3186,0x3186,0x3186,0x2985,0x3186,0x3186,0x31a6,0x52aa,0x9492,
  0x9492,0x9cd3,0x94b2,0x94b2,0x9492,0x8c71,0x8450,0x8430,0x6b6d,0x6b6d,0x5b0b,0x4a69,0x4208,0x52aa,0x5b0b,0x7bcf,
  0x6b6d,0x7baf,0x73ce,0x7bcf,0x7bef,0x8430,0x8410,0x7bef,0x7bcf,0x8410,0x7c0f,0x8410,0x8410,0x8c51,0x8450,0x8c51,
  0x738e,0x8410,0x8430,0x8c71,0x8430,0x8430,0x8410,0x8410,0x7bef,0x8410,0x7bef,0x7bef,0x7bef,0x8410,0x7bef,0x7bcf,
  0x7bcf,0x7bcf,0x738e,0x738e,0x6b6d,0x6b2d,0x5aeb,0x632c,0x5aeb,0x52aa,0x4a89,0x528a,0x4a69,0x4a69,0x4a69,0x4228,
  0x39e7,0x39c7,0x39c7,0x39e7,0x3186,0x3166,0x2945,0x2945,0x2124,0x2104,0x2124,0x2124,0x2104,0x2124,0x2104,0x2124,
  0x2104,0x2104,0x1903,0x2104,0x2124,0x2124,0x1903,0x2104,0x1903,0x2104,0x18e3,0x2104,0x2104,0x2104,0x1903,0x2124,
  0x2104,0x2124,0x2104,0x2124,0x2124,0x2104,0x18e3,0x18e3,0x18e3,0x2104,0x1903,0x2104,0x1903,0x2104,0x18e3,0x10a2,
  0x10c2,0x18e3,0x10a2,0x10a2,0x1082,0x1082,0x0881,0x1082,0x0841,0x0861,0x0861,0x1082,0x10a2,0x18c3,0x10a2,0x18e3,
  0x2104,0x2124,0x2104,0x2104,0x1903,0x2104,0x18e3,0x2104,0x18e3,0x2104,0x18e3,0x2104,0x18e3,0x2104,0x18e3,0x2104,
  0x18e3,0x20e4,0x18e3,0x2104,0x18e3,0x20e4,0x18e3,0x18e3,0x18e3,0x20e4,0x18e3,0x18e3,0x18e3,0x18e3,0x18e3,0x18e3,
  0x18e3,0x18e3,0x18c3,0x18e3,0x18c3,0x18e3,0x18c3,0x18e3,0x18c3,0x18e3,0x18c3,0x18e3,0x18c3,0x18e3,0x18c3,0x18c3,
  0x18c3,0x18c3,0x10c2,0x18c3,0x18c3,0x18c3,0x10c2,0x18c3,0x18c3,0x18c3,0x10c2,0x18c3,0x10c2,0x18c3,0x10c2,0x18c3,
  0x10c2,0x18c3,0x10c2,0x18c3,0x10c2,0x18c3,0x10c2,0x18c3,0x10c2,0x18c3,0x10a2,0x18c3,0x10a2,0x18c3,0x10a2,0x18c3,
  0x10a2,0x18c3,0x10a2,0x18c3,0x10a2,0x18c3,0x10a2,0x18c3,0x10a2,0x18a3,0x10a2,0x10a2,0x10a2,0x10a2,0x10a2,0x10a2,
  0x1082,0x10a2,0x10a2,0x10a2,0x10a2,0x10a2,0x10a2,0x10a2,0x1082,0x10a2,0x1082,0x10a2,0x1082,0x10a2,0x1082,0x10a2,
  0x1082,0x10a2,0x1082,0x10a2,0x1082,0x10a2,0x0881,0x1082,0x41e8,0x39e7,0x39e7,0x39e7,0x39e7,0x39c7,0x39e7,0x39e7,
  0x41e8,0x39e7,0x39e7,0x39e7,0x41e8,0x39e7,0x39e7,0x39c7,0x39e7,0x39c7,0x39e7,0x39c7,0x39c7,0x39c7,0x39e7,0x39c7,
  0x39e7,0x39c7,0x39e7,0x39c7,0x39e7,0x39c7,0x39c7,0x39c7,0x39c7,0x39c7,0x39c7,0x31c6,0x39c7,0x39c7,0x39c7,0x39c7,
  0x39c7,0x39c7,0x39c7,0x39c7,0x39c7,0x31a6,0x39c7,0x31a6,0x39c7,0x31a6,0x39c7,0x31a6,0x39c7,0x31a6,0x39c7,0x31a6,
  0x39a7,0x31a6,0x39c7,0x31a6,0x39c7,0x31a6,0x39c7,0x31a6,0x39a7,0x31a6,0x31a6,0x31a6,0x39c7,0x31a6,0x39c7,0x31a6,
  0x39a7,0x31a6,0x31a6,0x31a6,0x39a7,0x31a6,0x39a7,0x3186,0x39a7,0x31a6,0x31a6,0x31a6,0x39a7,0x31a6,0x31a6,0x3186,
  0x31a6,0x3186,0x31a6,0x3186,0x31a6,0x3186,0x31a6,0x3186,0x31a6,0x3186,0x31a6,0x3186,0x3186,0x3186,0x31a6,0x3186,
  0x31a6,0x3186,0x31a6,0x3186,0x31a6,0x3186,0x52aa,0x8c71,0x94b2,0x94b2,0x94b2,0x94b2,0x9492,0x8430,0x7bef,0x73ae,
  0x7baf,0x632c,0x6b4d,0x6b6d,0x632c,0x52aa,0x528a,0x5aeb,0x630c,0x6b6d,0x7bcf,0x7bcf,0x8410,0x8410,0x8410,0x7bef,
  0x83f0,0x7bcf,0x8410,0x8410,0x8c51,0x8c51,0x8430,0x7bcf,0x8430,0x8c51,0x8430,0x7bef,0x7bcf,0x7bef,0x8410,0x7bcf,
  0x7bef,0x7bcf,0x83f0,0x7bcf,0x7bcf,0x73ae,0x7bcf,0x73ae,0x7baf,0x73ae,0x738e,0x6b4d,0x6b4d,0x632c,0x6b2d,0x634c,
  0x5acb,0x528a,0x52aa,0x5acb,0x52aa,0x4a49,0x4a49,0x4208,0x39e7,0x31a6,0x39e7,0x3a07,0x39c7,0x3186,0x3186,0x2945,
  0x2945,0x2124,0x2945,0x2124,0x2124,0x2104,0x2124,0x2124,0x2925,0x2104,0x2124,0x2124,0x2945,0x2124,0x2104,0x18e3,
  0x20e4,0x18e3,0x18e3,0x18e3,0x2104,0x2104,0x2104,0x2104,0x2124,0x2104,0x2124,0x2104,0x2124,0x2104,0x2104,0x18c3,
  0x2104,0x2104,0x2124,0x2104,0x20e4,0x18c3,0x18c3,0x10a2,0x18a3,0x18c3,0x18e3,0x10a2,0x1082,0x0861,0x0861,0x0841,
  0x1062,0x1082,0x18a3,0x10a2,0x18c3,0x18c3,0x20e4,0x2104,0x2925,0x2124,0x2124,0x2104,0x2104,0x18e3,0x2104,0x1903,
  0x2104,0x2104,0x2104,0x18e3,0x2104,0x18e3,0x2104,0x18e3,0x2104,0x18e3,0x2104,0x18e3,0x2104,0x18e3,0x2104,0x18e3,
  0x2104,0x18e3,0x2104,0x18e3,0x20e4,0x18e3,0x18e3,0x18e3,0x20e4,0x18e3,0x18e3,0x18e3,0x20e4,0x18e3,0x18e3,0x18c3,
  0x18e3,0x18e3,0x18e3,0x18c3,0x18e3,0x18c3,0x18e3,0x18c3,0x18e3,0x18c3,0x18e3,0x18c3,0x18e3,0x18c3,0x18e3,0x18c3,
  0x18c3,0x18c3,0x18e3,0x18c3,0x18c3,0x18c3,0x18c3,0x18c3,0x18c3,0x18c3,0x18c3,0x18c3,0x18c3,0x18c3,0x18c3,0x18c3,
  0x18c3,0x18c3,0x18c3,0x10c2,0x18c3,0x18c3,0x18c3,0x10c2,0x18c3,0x10a2,0x18c3,0x10a2,0x18c3,0x10a2,0x18c3,0x10a2,
  0x18c3,0x10a2,0x18c3,0x10a2,0x18c3,0x10a2,0x18a3,0x10a2,0x18a3,0x10a2,0x18a3,0x10a2,0x18a3,0x10a2,0x18a3,0x10a2,
  0x18a3,0x10a2,0x10a2,0x1082,0x10a2,0x10a2,0x10a2,0x10a2,0x18a3,0x1082,0x10a2,0x1082,0x10a2,0x1082,0x10a2,0x1082,
  0x39e7,0x39e7,0x39c7,0x39e7,0x31c6,0x39c7,0x31a6,0x39e7,0x39c7,0x39e7,0x39c7,0x39e7,0x39c7,0x39e7,0x31c6,0x39c7,
  0x31c6,0x39e7,0x39c7,0x39e7,0x31c6,0x39e7,0x39c7,0x39c7,0x31c6,0x39c7,0x39c7,0x39c7,0x31c6,0x39c7,0x39c7,0x39c7,
  0x31c6,0x39c7,0x31c6,0x39c7,0x31c6,0x39c7,0x31a6,0x39c7,0x31c6,0x39c7,0x31a6,0x39c7,0x31a6,0x31a6,0x31a6,0x39c7,
  0x31a6,0x39c7,0x31a6,0x39c7,0x31a6,0x31a6,0x31a6,0x39c7,0x31a6,0x31a6,0x31a6,0x39a7,0x31a6,0x31a6,0x31a6,0x31a6,
  0x31a6,0x31a6,0x31a6,0x39a7,0x31a6,0x31a6,0x31a6,0x31a6,0x31a6,0x31a6,0x3186,0x31a6,0x3186,0x31a6,0x31a6,0x31a6,
  0x3186,0x31a6,0x3186,0x31a6,0x3186,0x31a6,0x3186,0x31a6,0x3186,0x31a6,0x3186,0x31a6,0x3186,0x31a6,0x3186,0x3186,
  0x2985,0x3186,0x3186,0x3186,0x3186,0x3186,0x3186,0x3186,0x2985,0x3186,0x3186,0x3186,0x3186,0x3186,0x528a,0x9492,
  0x9492,0x9cd3,0x94b2,0x9472,0x9cd3,0x8c71,0x8430,0x9492,0x73ae,0x6b6d,0x7bef,0x7bef,0x6b8d,0x528a,0x4228,0x5acb,
  0x6b6d,0x73ae,0x6b6d,0x7bef,0x8410,0x7bef,0x73ce,0x7bef,0x7bef,0x8410,0x7bcf,0x8410,0x7c0f,0x8c51,0x8430,0x7bef,
  0x7bcf,0x8430,0x8430,0x8c51,0x8430,0x8430,0x8410,0x7bcf,0x73ae,0x7bcf,0x7bcf,0x7baf,0x6b8d,0x73ae,0x73ce,0x6b6d,
  0x630c,0x6b4d,0x6b4d,0x738e,0x6b8d,0x6b6d,0x634c,0x6b6d,0x5b0b,0x5aeb,0x528a,0x52aa,0x4a49,0x4228,0x3a07,0x41e8,
  0x39c7,0x39e7,0x39c7,0x39c7,0x31c6,0x39c7,0x2985,0x2965,0x2945,0x2945,0x2104,0x2945,0x2104,0x2104,0x18e3,0x2104,
  0x2104,0x2124,0x18e3,0x2104,0x2104,0x2104,0x18e3,0x18e3,0x18e3,0x18e3,0x18c3,0x20e4,0x18e3,0x18e3,0x18c3,0x18e3,
  0x18e3,0x2104,0x2104,0x2124,0x18e3,0x18e3,0x18e3,0x2104,0x18e3,0x2104,0x18e3,0x18e3,0x10a2,0x10a2,0x1082,0x18c3,
  0x1082,0x10a2,0x18c3,0x18c3,0x0861,0x0861,0x0841,0x0841,0x0861,0x10a2,0x10a2,0x18a3,0x10c2,0x18e3,0x2104,0x2124,
  0x2124,0x2124,0x2104,0x2104,0x18e3,0x2104,0x18e3,0x2104,0x18e3,0x2104,0x18e3,0x2104,0x18e3,0x2104,0x18e3,0x2104,
  0x18e3,0x18e3,0x18e3,0x2104,0x18e3,0x18e3,0x18e3,0x20e4,0x18e3,0x18e3,0x18e3,0x20e4,0x18e3,0x18e3,0x18c3,0x18e3,
  0x18e3,0x18e3,0x18c3,0x18e3,0x18c3,0x18e3,0x18c3,0x18e3,0x18c3,0x18e3,0x18c3,0x18e3,0x18c3,0x18e3,0x18c3,0x18c3,
  0x10c2,0x18c3,0x18c3,0x18c3,0x10c2,0x18c3,0x18c3,0x18c3,0x10c2,0x18c3,0x18c3,0x18c3,0x10c2,0x18c3,0x10c2,0x18c3,
  0x10c2,0x18c3,0x10c2,0x18c3,0x10c2,0x18c3,0x10c2,0x18c3,0x10c2,0x18c3,0x10a2,0x18c3,0x10a2,0x18c3,0x10a2,0x18c3,
  0x10a2,0x18c3,0x10a2,0x18c3,0x10a2,0x18c3,0x10a2,0x18c3,0x10a2,0x10a2,0x10a2,0x18a3,0x10a2,0x10a2,0x10a2,0x18a3,
  0x10a2,0x10a2,0x10a2,0x10a2,0x10a2,0x10a2,0x10a2,0x10a2,0x1082,0x10a2,0x1082,0x10a2,0x1082,0x10a2,0x1082,0x10a2,
  0x1082,0x10a2,0x1082,0x10a2,0x1082,0x10a2,0x1082,0x1082,0x4208,0x39e7,0x41e8,0x39e7,0x39e7,0x39c7,0x39c7,0x39c7,
  0x39e7,0x39c7,0x39e7,0x39c7,0x39e7,0x39c7,0x39e7,0x39c7,0x39c7,0x39c7,0x39e7,0x39e7,0x39e7,0x39c7,0x39c7,0x39c7,
  0x39e7,0x39c7,0x39c7,0x39c7,0x39c7,0x39c7,0x39e7,0x39c7,0x39e7,0x39c7,0x39c7,0x39c7,0x39e7,0x39c7,0x39c7,0x39c7,
  0x39c7,0x31c6,0x39c7,0x39c7,0x39c7,0x31a6,0x39c7,0x31a6,0x39c7,0x31a6,0x39c7,0x39c7,0x39c7,0x31a6,0x39c7,0x31a6,
  0x39c7,0x31a6,0x39c7,0x31a6,0x39c7,0x31a6,0x39c7,0x31a6,0x39a7,0x31a6,0x39c7,0x31a6,0x39a7,0x31a6,0x39a7,0x31a6,
  0x39a7,0x31a6,0x39a7,0x31a6,0x31a6,0x31a6,0x39a7,0x31a6,0x31a6,0x31a6,0x39a7,0x31a6,0x31a6,0x31a6,0x31a6,0x3186,
  0x31a6,0x3186,0x31a6,0x3186,0x31a6,0x3186,0x31a6,0x3186,0x31a6,0x3186,0x31a6,0x3186,0x31a6,0x3186,0x3186,0x3186,
  0x31a6,0x3186,0x31a6,0x3186,0x31a6,0x2985,0x52aa,0x8c71,0x94b2,0x9cd3,0x9cd3,0x9cd3,0x94b2,0x94b2,0x94b2,0x8430,
  0x8410,0x8430,0x7bcf,0x738e,0x630c,0x630c,0x5acb,0x6b4d,0x5acb,0x6b6d,0x7bcf,0x7bef,0x6b4d,0x738e,0x7bcf,0x738e,
  0x73ae,0x73ae,0x7bef,0x6b6d,0x7bef,0x8430,0x7bcf,0x6b6d,0x8410,0x8450,0x8430,0x8410,0x7bef,0x7c0f,0x8410,0x7bcf,
  0x7bcf,0x73ae,0x7bcf,0x7bef,0x73ae,0x6b6d,0x632c,0x5aeb,0x630c,0x630c,0x6b4d,0x6b4d,0x6b4d,0x6b6d,0x6b4d,0x630c,
  0x632c,0x632c,0x5aeb,0x4a69,0x4a49,0x4a49,0x4a49,0x4228,0x4a49,0x4208,0x4208,0x31a6,0x39c7,0x3186,0x3186,0x2945,
  0x2965,0x2945,0x2124,0x2124,0x2124,0x1903,0x2104,0x2104,0x2104,0x18e3,0x2104,0x18e3,0x2104,0x1903,0x20e4,0x10a2,
  0x18c3,0x18c3,0x18c3,0x18e3,0x2104,0x18e3,0x18e3,0x18e3,0x2104,0x2104,0x2925,0x2124,0x2104,0x18c3,0x20e4,0x2124,
  0x2124,0x2104,0x2104,0x18e3,0x18c3,0x1082,0x1082,0x18c3,0x18a3,0x10a2,0x20e4,0x10a2,0x0861,0x0841,0x1082,0x0861,
  0x1082,0x10a2,0x18c3,0x18c3,0x18e3,0x1903,0x2925,0x2124,0x2925,0x2124,0x2104,0x2104,0x2104,0x18e3,0x2104,0x2104,
  0x2104,0x1903,0x2104,0x18e3,0x2104,0x18e3,0x2104,0x18e3,0x2104,0x18e3,0x2104,0x18e3,0x2104,0x18e3,0x2104,0x18e3,
  0x2104,0x18e3,0x2104,0x18e3,0x20e4,0x18e3,0x20e4,0x18e3,0x20e4,0x18e3,0x20e4,0x18e3,0x18e3,0x18e3,0x20e4,0x18c3,
  0x18e3,0x18e3,0x18e3,0x18c3,0x18e3,0x18c3,0x18e3,0x18c3,0x18e3,0x18c3,0x18e3,0x18c3,0x18e3,0x18c3,0x18e3,0x18c3,
  0x18e3,0x18c3,0x18e3,0x18c3,0x18e3,0x18c3,0x18c3,0x18c3,0x18c3,0x18c3,0x18c3,0x18c3,0x18c3,0x18c3,0x18c3,0x18c3,
  0x18c3,0x10c2,0x18c3,0x18c3,0x18c3,0x10c2,0x18c3,0x18c3,0x18c3,0x10a2,0x18c3,0x10a2,0x18c3,0x10a2,0x18c3,0x10a2,
  0x18c3,0x10a2,0x18c3,0x10a2,0x18a3,0x10a2,0x18c3,0x10a2,0x18c3,0x10a2,0x18a3,0x10a2,0x18a3,0x10a2,0x18a3,0x10a2,
  0x10a2,0x10a2,0x10a2,0x10a2,0x10a2,0x1082,0x18a3,0x1082,0x10a2,0x1082,0x10a2,0x1082,0x10a2,0x1082,0x10a2,0x1082,
  0x39c7,0x39e7,0x39c7,0x39c7,0x39c7,0x39c7,0x31c6,0x39e7,0x39c7,0x39e7,0x39c7,0x39e7,0x39c7,0x39e7,0x39c7,0x39e7,
  0x31c6,0x39c7,0x31c6,0x39e7,0x39c7,0x39c7,0x31a6,0x39c7,0x39c7,0x39c7,0x31a6,0x39c7,0x31a6,0x39c7,0x31c6,0x39c7,
  0x31c6,0x39c7,0x31c6,0x39c7,0x39c7,0x39c7,0x31c6,0x39c7,0x31a6,0x39c7,0x31a6,0x39c7,0x31a6,0x39c7,0x31a6,0x39c7,
  0x31a6,0x39a7,0x31a6,0x39c7,0x31a6,0x31a6,0x3186,0x31a6,0x31a6,0x39c7,0x31a6,0x31a6,0x31a6,0x39a7,0x31a6,0x31a6,
  0x31a6,0x31a6,0x31a6,0x31a6,0x31a6,0x31a6,0x31a6,0x31a6,0x31a6,0x31a6,0x31a6,0x31a6,0x31a6,0x31a6,0x31a6,0x31a6,
  0x31a6,0x31a6,0x31a6,0x31a6,0x31a6,0x31a6,0x3186,0x31a6,0x3186,0x31a6,0x3186,0x31a6,0x3186,0x3186,0x3186,0x31a6,
  0x3186,0x31a6,0x3186,0x31a6,0x2985,0x3186,0x2965,0x3186,0x3186,0x31a6,0x3186,0x31a6,0x3186,0x3186,0x528a,0x8c51,
  0x9492,0x9cd3,0x94b2,0x9492,0x8c71,0x8c71,0x8410,0x7bef,0x8c71,0x8c51,0x7bef,0x738e,0x630c,0x6b6d,0x5b0b,0x4a69,
  0x4228,0x632c,0x6b4d,0x7bcf,0x632c,0x62ec,0x6b6d,0x7bcf,0x7bef,0x8410,0x7bef,0x738e,0x73ae,0x8c51,0x7c0f,0x7bcf,
  0x73ae,0x8c51,0x7c0f,0x7bef,0x7c0f,0x8410,0x8410,0x7bcf,0x8410,0x7bcf,0x73ae,0x738e,0x73ae,0x738e,0x528a,0x630c,
  0x6b6d,0x73ae,0x6b8d,0x6b4d,0x5aeb,0x6b6d,0x630c,0x5acb,0x5b0b,0x630c,0x5aeb,0x528a,0x4a69,0x528a,0x4a69,0x4208,
  0x39e7,0x39c7,0x39c7,0x39c7,0x2965,0x2965,0x2945,0x2945,0x2945,0x2925,0x2104,0x2104,0x18e3,0x2104,0x1903,0x2104,
  0x18e3,0x18e3,0x18c3,0x18e3,0x18e3,0x18e3,0x18e3,0x10a2,0x10a2,0x18e3,0x18c3,0x18e3,0x18e3,0x18e3,0x18e3,0x18e3,
  0x18e3,0x2104,0x2104,0x2104,0x18e3,0x18c3,0x10c2,0x18e3,0x2124,0x2124,0x1903,0x18e3,0x10c2,0x18a3,0x1082,0x18c3,
  0x10a2,0x18c3,0x18c3,0x10a2,0x0841,0x0861,0x0861,0x1082,0x10a2,0x18e3,0x18c3,0x18c3,0x18c3,0x2104,0x2124,0x2124,
  0x2124,0x2925,0x1903,0x2104,0x18e3,0x2104,0x18e3,0x2104,0x18e3,0x2104,0x18e3,0x2104,0x1903,0x2104,0x18e3,0x18e3,
  0x18e3,0x2104,0x18e3,0x2104,0x18e3,0x20e4,0x18e3,0x18e3,0x18e3,0x20e4,0x18e3,0x18e3,0x18e3,0x18e3,0x18e3,0x18e3,
  0x18c3,0x18e3,0x18e3,0x18e3,0x18e3,0x18e3,0x18c3,0x18e3,0x18c3,0x18e3,0x18c3,0x18c3,0x18c3,0x18c3,0x10c2,0x18c3,
  0x18c3,0x18c3,0x10c2,0x18c3,0x18c3,0x18c3,0x10c2,0x18c3,0x18c3,0x18c3,0x10c2,0x18c3,0x10c2,0x18c3,0x10c2,0x18c3,
  0x18c3,0x18c3,0x10c2,0x18c3,0x10c2,0x18c3,0x10c2,0x18c3,0x10a2,0x18c3,0x10a2,0x18c3,0x10a2,0x18c3,0x10a2,0x18c3,
  0x10a2,0x18c3,0x10a2,0x18c3,0x10a2,0x18c3,0x10a2,0x18c3,0x10a2,0x18c3,0x10a2,0x10a2,0x1082,0x10a2,0x10a2,0x10a2,
  0x10a2,0x10a2,0x10a2,0x10a2,0x1082,0x10a2,0x1082,0x10a2,0x1082,0x10a2,0x1082,0x10a2,0x10a2,0x10a2,0x1082,0x10a2,
  0x1082,0x10a2,0x1082,0x10a2,0x1082,0x1082,0x0881,0x1082,0x39e7,0x39c7,0x39c7,0x39c7,0x39c7,0x39c7,0x39c7,0x39c7,
  0x41e8,0x39e7,0x39e7,0x39c7,0x39e7,0x39c7,0x39c7,0x39c7,0x41e8,0x39c7,0x39c7,0x39c7,0x39e7,0x39c7,0x39c7,0x39c7,
  0x39e7,0x39c7,0x39c7,0x39c7,0x39e7,0x39c7,0x39c7,0x39c7,0x39c7,0x39c7,0x39c7,0x31c6,0x39c7,0x39c7,0x39c7,0x39c7,
  0x39c7,0x39c7,0x39c7,0x31a6,0x39c7,0x31a6,0x39c7,0x31a6,0x39c7,0x31a6,0x39c7,0x31a6,0x39c7,0x31a6,0x39c7,0x31a6,
  0x39a7,0x31a6,0x39c7,0x31a6,0x39c7,0x31a6,0x39c7,0x31a6,0x39a7,0x31a6,0x39a7,0x31a6,0x39c7,0x31a6,0x39a7,0x31a6,
  0x39a7,0x31a6,0x31a6,0x31a6,0x39a7,0x31a6,0x31a6,0x31a6,0x39a7,0x31a6,0x39a7,0x31a6,0x39a7,0x31a6,0x31a6,0x3186,
  0x31a6,0x3186,0x31a6,0x31a6,0x39a7,0x3186,0x31a6,0x3186,0x31a6,0x3186,0x31a6,0x3186,0x31a6,0x3186,0x31a6,0x3186,
  0x3186,0x3186,0x31a6,0x3186,0x31a6,0x3186,0x5acb,0x8c51,0x9492,0x94b2,0x9cd3,0x8c91,0x9472,0x8c71,0x8c51,0x8430,
  0x9472,0x8430,0x8c51,0x73ae,0x738e,0x73ae,0x6b4d,0x4a49,0x4228,0x5aeb,0x632c,0x5acb,0x736e,0x738e,0x7bef,0x73ae,
  0x7bcf,0x7bef,0x83f0,0x73ae,0x83f0,0x8430,0x8410,0x7c0f,0x8c71,0x7bcf,0x8410,0x7bef,0x8c31,0x73ae,0x7bcf,0x8410,
  0x7baf,0x738e,0x73ae,0x7bcf,0x6b4d,0x528a,0x738e,0x630c,0x632c,0x6b6d,0x6b4d,0x632c,0x5acb,0x5acb,0x632c,0x5aeb,
  0x630c,0x630c,0x5aeb,0x52aa,0x5aab,0x4a69,0x4a29,0x4228,0x4208,0x39e7,0x39e7,0x31a6,0x3166,0x2965,0x2965,0x2124,
  0x2925,0x2104,0x2124,0x2104,0x2104,0x18e3,0x20e4,0x18e3,0x20e4,0x18e3,0x18c3,0x18c3,0x2104,0x18c3,0x18e3,0x1903,
  0x2104,0x2104,0x2104,0x18e3,0x2104,0x2104,0x2104,0x18e3,0x18e3,0x18c3,0x18e3,0x18e3,0x2104,0x2104,0x2104,0x10c2,
  0x20e4,0x18e3,0x2104,0x18e3,0x2104,0x18c3,0x18a3,0x10c2,0x18c3,0x18c3,0x18a3,0x0861,0x1062,0x0861,0x10a2,0x10c2,
  0x20e4,0x2104,0x2104,0x18e3,0x2925,0x2945,0x2124,0x2104,0x2945,0x2124,0x2124,0x1903,0x2104,0x2104,0x2104,0x18e3,
  0x2104,0x2104,0x2104,0x18e3,0x2104,0x2104,0x2104,0x18e3,0x2104,0x18e3,0x2104,0x18e3,0x2104,0x18e3,0x2104,0x18e3,
  0x2104,0x18e3,0x20e4,0x18e3,0x20e4,0x18e3,0x20e4,0x18e3,0x20e4,0x18e3,0x20e4,0x18e3,0x20e4,0x18e3,0x18e3,0x18c3,
  0x18e3,0x18e3,0x18e3,0x18e3,0x18e3,0x18c3,0x18e3,0x18e3,0x18e3,0x18c3,0x18e3,0x18c3,0x18e3,0x18c3,0x18e3,0x18c3,
  0x18e3,0x18c3,0x18e3,0x18c3,0x18c3,0x18c3,0x18c3,0x18c3,0x18c3,0x18c3,0x18c3,0x10c2,0x18c3,0x18c3,0x18c3,0x10c2,
  0x18c3,0x10a2,0x18c3,0x10c2,0x18c3,0x10a2,0x18c3,0x10a2,0x18c3,0x10a2,0x18c3,0x10a2,0x18c3,0x10a2,0x18c3,0x10a2,
  0x18c3,0x10a2,0x18c3,0x10a2,0x18c3,0x10a2,0x18a3,0x10a2,0x18a3,0x10a2,0x18a3,0x10a2,0x18a3,0x10a2,0x10a2,0x10a2,
  0x18a3,0x10a2,0x10a2,0x10a2,0x10a2,0x1082,0x10a2,0x1082,0x10a2,0x1082,0x10a2,0x1082,0x10a2,0x1082,0x10a2,0x1082,
  0x39e7,0x39e7,0x39e7,0x39e7,0x39e7,0x39e7,0x39c7,0x39e7,0x39c7,0x39e7,0x39c7,0x39c7,0x31c6,0x39c7,0x31c6,0x39c7,
  0x39c7,0x39e7,0x39c7,0x39c7,0x39c7,0x39e7,0x39c7,0x39c7,0x31c6,0x39c7,0x31c6,0x39c7,0x39c7,0x39c7,0x31c6,0x39c7,
  0x31c6,0x39c7,0x31c6,0x39c7,0x31c6,0x39c7,0x31c6,0x39c7,0x31a6,0x39c7,0x31a6,0x39c7,0x31c6,0x39c7,0x31a6,0x39c7,
  0x31a6,0x39c7,0x31a6,0x39a7,0x31a6,0x39c7,0x31a6,0x39a7,0x31a6,0x31a6,0x31a6,0x39a7,0x31a6,0x31a6,0x31a6,0x31a6,
  0x31a6,0x31a6,0x31a6,0x31a6,0x31a6,0x31a6,0x31a6,0x31a6,0x3186,0x31a6,0x3186,0x31a6,0x3186,0x31a6,0x3186,0x31a6,
  0x31a6,0x31a6,0x31a6,0x31a6,0x31a6,0x31a6,0x3186,0x31a6,0x3186,0x31a6,0x3186,0x31a6,0x3186,0x31a6,0x3186,0x31a6,
  0x3186,0x31a6,0x3186,0x31a6,0x2985,0x31a6,0x3186,0x3186,0x2965,0x3186,0x3186,0x31a6,0x3186,0x31a6,0x5acb,0x9472,
  0x8c91,0x9cd3,0x94b2,0x94b2,0x8c91,0x94b2,0x8c71,0x8c71,0x8450,0x7bef,0x7bcf,0x7bcf,0x6b8d,0x7bef,0x738e,0x738e,
  0x5aeb,0x528a,0x4208,0x528a,0x5aeb,0x632c,0x6b6d,0x7bef,0x7bcf,0x7bef,0x73ae,0x83f0,0x7bef,0x7bef,0x7bcf,0x8410,
  0x7bef,0x7bef,0x8450,0x7bcf,0x5acb,0x6b6d,0x6b6d,0x83f0,0x73ae,0x73ae,0x6b8d,0x736e,0x6b6d,0x630c,0x73ae,0x632c,
  0x5aeb,0x5aeb,0x630c,0x73ae,0x5b0b,0x52aa,0x5b0b,0x5acb,0x52aa,0x5aeb,0x5acb,0x52aa,0x4a49,0x4228,0x39c7,0x4208,
  0x31a6,0x39e7,0x39e7,0x31a6,0x2965,0x2965,0x2144,0x2124,0x1903,0x2104,0x2104,0x2104,0x18e3,0x18e3,0x18c3,0x18c3,
  0x18c3,0x18e3,0x10a2,0x18e3,0x18c3,0x10a2,0x10a2,0x20e4,0x18e3,0x2104,0x18e3,0x2104,0x18e3,0x2104,0x18e3,0x18e3,
  0x10c2,0x18e3,0x18e3,0x2104,0x18e3,0x2124,0x18e3,0x1082,0x10a2,0x10a2,0x10c2,0x18e3,0x18e3,0x18e3,0x10a2,0x18c3,
  0x18c3,0x10a2,0x0861,0x0841,0x0841,0x1082,0x0881,0x10a2,0x10c2,0x18e3,0x18c3,0x18c3,0x18e3,0x2104,0x2104,0x2124,
  0x2124,0x2124,0x2104,0x2104,0x1903,0x2104,0x18e3,0x2104,0x18e3,0x2104,0x18e3,0x2104,0x18e3,0x2104,0x18e3,0x20e4,
  0x18e3,0x2104,0x18e3,0x2104,0x18e3,0x18e3,0x18e3,0x20e4,0x18e3,0x18e3,0x18e3,0x18e3,0x18e3,0x18e3,0x18e3,0x18e3,
  0x18e3,0x18e3,0x18e3,0x18e3,0x18e3,0x18e3,0x18c3,0x18e3,0x18c3,0x18e3,0x18c3,0x18e3,0x18c3,0x18e3,0x18c3,0x18e3,
  0x10c2,0x18c3,0x18c3,0x18c3,0x10c2,0x18c3,0x18c3,0x18c3,0x10c2,0x18c3,0x18c3,0x18c3,0x10c2,0x18c3,0x10c2,0x18c3,
  0x10c2,0x18c3,0x10c2,0x18c3,0x10a2,0x18c3,0x10c2,0x18c3,0x10a2,0x18c3,0x10a2,0x18c3,0x10a2,0x18c3,0x10a2,0x18c3,
  0x10a2,0x18c3,0x10a2,0x18c3,0x10a2,0x18c3,0x10a2,0x18c3,0x10a2,0x18c3,0x10a2,0x18a3,0x10a2,0x10a2,0x10a2,0x10a2,
  0x1082,0x10a2,0x1082,0x10a2,0x1082,0x10a2,0x1082,0x10a2,0x1082,0x10a2,0x10a2,0x10a2,0x1082,0x1082,0x1082,0x10a2,
  0x1082,0x10a2,0x1082,0x10a2,0x0881,0x1082,0x1082,0x1082,0x41e8,0x39e7,0x41e8,0x39e7,0x39e7,0x39c7,0x39e7,0x39c7,
  0x39e7,0x39c7,0x39e7,0x39c7,0x39e7,0x39c7,0x39e7,0x39c7,0x39c7,0x39c7,0x39e7,0x39e7,0x39e7,0x39c7,0x39e7,0x39c7,
  0x39c7,0x31c6,0x39c7,0x39c7,0x39e7,0x39c7,0x39c7,0x39c7,0x39c7,0x39c7,0x39c7,0x39c7,0x39e7,0x39c7,0x39e7,0x39c7,
  0x39c7,0x31a6,0x39c7,0x39c7,0x39c7,0x31c6,0x39c7,0x31a6,0x39c7,0x31a6,0x39c7,0x31a6,0x39c7,0x31c6,0x39c7,0x31a6,
  0x39c7,0x31a6,0x39c7,0x31a6,0x39c7,0x31a6,0x39c7,0x31a6,0x39a7,0x31a6,0x39a7,0x31a6,0x39c7,0x31a6,0x39a7,0x31a6,
  0x31a6,0x31a6,0x39a7,0x31a6,0x31a6,0x31a6,0x39a7,0x31a6,0x39a7,0x31a6,0x39a7,0x31a6,0x39a7,0x31a6,0x31a6,0x3186,
  0x31a6,0x3186,0x39a7,0x31a6,0x31a6,0x3186,0x31a6,0x3186,0x31a6,0x3186,0x31a6,0x3186,0x31a6,0x31a6,0x31a6,0x3186,
  0x3186,0x3186,0x31a6,0x3186,0x31a6,0x31a6,0x5aeb,0x8c71,0x9cd3,0x9cd3,0x9cd3,0x8c71,0x8c71,0x8c71,0x9492,0x9492,
  0x9492,0x8450,0x8430,0x8410,0x7bef,0x8430,0x7bcf,0x7bef,0x6b6d,0x5acb,0x62ec,0x5aeb,0x6b6d,0x528a,0x62ec,0x5acb,
  0x6b4d,0x6b8d,0x6b4d,0x7bef,0x8410,0x6b6d,0x8410,0x73ae,0x7bef,0x7bef,0x6b6d,0x8410,0x7bcf,0x738e,0x7bef,0x738e,
  0x8c51,0x7bef,0x7bef,0x738e,0x5aeb,0x5aeb,0x62ec,0x5aeb,0x632c,0x630c,0x738e,0x6b4d,0x5aeb,0x4a69,0x526a,0x5aeb,
  0x5acb,0x528a,0x4a69,0x4a69,0x4a69,0x4248,0x41e8,0x39e7,0x2945,0x31c6,0x4208,0x2965,0x31a6,0x2965,0x2965,0x2945,
  0x2945,0x2124,0x2124,0x2104,0x2104,0x18e3,0x18e3,0x18c3,0x18c3,0x18c3,0x18e3,0x18c3,0x18c3,0x10a2,0x18c3,0x10a2,
  0x18c3,0x1903,0x2124,0x2104,0x2104,0x2104,0x2104,0x18e3,0x18e3,0x18e3,0x2925,0x2104,0x2104,0x18e3,0x18c3,0x0861,
  0x10a2,0x10a2,0x18c3,0x18c3,0x18c3,0x10c2,0x18e3,0x18c3,0x18c3,0x0861,0x0841,0x0841,0x10a2,0x1082,0x18a3,0x10a2,
  0x18e3,0x2104,0x2925,0x2104,0x2124,0x2104,0x2124,0x2104,0x2945,0x2124,0x2124,0x2104,0x2104,0x1903,0x2104,0x18e3,
  0x2104,0x1903,0x2104,0x18e3,0x2104,0x18e3,0x2104,0x18e3,0x2104,0x18e3,0x2104,0x18e3,0x2104,0x18e3,0x2104,0x18e3,
  0x2104,0x18e3,0x2104,0x18e3,0x2104,0x18e3,0x20e4,0x18e3,0x18e3,0x18e3,0x20e4,0x18e3,0x20e4,0x18e3,0x20e4,0x18c3,
  0x18e3,0x18e3,0x18e3,0x18c3,0x18e3,0x18c3,0x18e3,0x18c3,0x18e3,0x18c3,0x18e3,0x18c3,0x18e3,0x18c3,0x18e3,0x18c3,
  0x18e3,0x18c3,0x18e3,0x18c3,0x18c3,0x18c3,0x18e3,0x18c3,0x18e3,0x18c3,0x18c3,0x18c3,0x18c3,0x18c3,0x18c3,0x18c3,
  0x18c3,0x10a2,0x18c3,0x18c3,0x18c3,0x10a2,0x18c3,0x10a2,0x18c3,0x10a2,0x18c3,0x10a2,0x18c3,0x10a2,0x18c3,0x10a2,
  0x18c3,0x10a2,0x18c3,0x10a2,0x18c3,0x10a2,0x18a3,0x10a2,0x10a2,0x1082,0x18a3,0x10a2,0x10a2,0x10a2,0x18a3,0x10a2,
  0x10a2,0x10a2,0x18a3,0x1082,0x10a2,0x1082,0x10a2,0x1082,0x10a2,0x1082,0x10a2,0x1082,0x10a2,0x1082,0x10a2,0x1082,
  0x39e7,0x39e7,0x39e7,0x39e7,0x39c7,0x39e7,0x39c7,0x39e7,0x39c7,0x39e7,0x39c7,0x39e7,0x39c7,0x39e7,0x39c7,0x39c7,
  0x31a6,0x39c7,0x39c7,0x39e7,0x39c7,0x39c7,0x31c6,0x39c7,0x31c6,0x39c7,0x31a6,0x39c7,0x39c7,0x39c7,0x31c6,0x39c7,
  0x31c6,0x39c7,0x31c6,0x39c7,0x39c7,0x39c7,0x31c6,0x39c7,0x31a6,0x39c7,0x31a6,0x31a6,0x31a6,0x39a7,0x31a6,0x31a6,
  0x31a6,0x31a6,0x31a6,0x39c7,0x31a6,0x39c7,0x31a6,0x31a6,0x31a6,0x39c7,0x31a6,0x31a6,0x31a6,0x39a7,0x31a6,0x31a6,
  0x31a6,0x31a6,0x31a6,0x31a6,0x31a6,0x31a6,0x31a6,0x31a6,0x3186,0x31a6,0x3186,0x31a6,0x3186,0x31a6,0x3186,0x31a6,
  0x31a6,0x31a6,0x31a6,0x31a6,0x31a6,0x31a6,0x3186,0x31a6,0x3186,0x31a6,0x3186,0x31a6,0x3186,0x31a6,0x2985,0x31a6,
  0x3186,0x31a6,0x3186,0x31a6,0x3186,0x31a6,0x3186,0x31a6,0x2985,0x3186,0x2985,0x31a6,0x3186,0x31a6,0x52ca,0x9492,
  0x94b2,0x9cf3,0x94b2,0x94b2,0x94b2,0x9472,0x8c51,0x9492,0x8c71,0x9472,0x8450,0x7bef,0x8410,0x8410,0x73ae,0x5acb,
  0x632c,0x5acb,0x52aa,0x5aeb,0x5acb,0x630c,0x52aa,0x4a49,0x632c,0x632c,0x634c,0x738e,0x7c0f,0x7bef,0x738e,0x8410,
  0x8410,0x630c,0x7c0f,0x7bef,0x632c,0x738e,0x7c0f,0x8430,0x73ae,0x8410,0x73ce,0x52aa,0x31a6,0x52aa,0x52aa,0x5aeb,
  0x630c,0x632c,0x632c,0x4228,0x4a89,0x5acb,0x4a89,0x630c,0x52aa,0x528a,0x4a69,0x4a69,0x4228,0x4a29,0x4228,0x4228,
  0x31a6,0x4228,0x4228,0x3186,0x31a6,0x3186,0x2965,0x2965,0x2945,0x2945,0x1903,0x2104,0x18e3,0x18e3,0x10c2,0x18c3,
  0x10a2,0x18c3,0x10c2,0x18c3,0x1082,0x18a3,0x18c3,0x10a2,0x10a2,0x18e3,0x18e3,0x18e3,0x18e3,0x18e3,0x18c3,0x18c3,
  0x10c2,0x18c3,0x1903,0x2104,0x18c3,0x18c3,0x10a2,0x1082,0x10a2,0x18c3,0x10c2,0x10a2,0x1082,0x10a2,0x18c3,0x10a2,
  0x0861,0x0861,0x0841,0x10a2,0x18e3,0x18e3,0x1082,0x1082,0x10a2,0x20e4,0x2124,0x2124,0x1903,0x2104,0x2104,0x2124,
  0x2124,0x2925,0x1903,0x2104,0x18e3,0x2104,0x18e3,0x2104,0x18e3,0x2104,0x18e3,0x2104,0x18e3,0x2104,0x18e3,0x2104,
  0x18e3,0x20e4,0x18e3,0x2104,0x18e3,0x20e4,0x18e3,0x18e3,0x18e3,0x20e4,0x18e3,0x18e3,0x18e3,0x18e3,0x18e3,0x18e3,
  0x18c3,0x18e3,0x18e3,0x18e3,0x18e3,0x18e3,0x18c3,0x18e3,0x18c3,0x18e3,0x18c3,0x18c3,0x18c3,0x18c3,0x10c2,0x18c3,
  0x18c3,0x18e3,0x18c3,0x18e3,0x18c3,0x18e3,0x18c3,0x18c3,0x18c3,0x18c3,0x10c2,0x18c3,0x10c2,0x18c3,0x10c2,0x18c3,
  0x18c3,0x18c3,0x10c2,0x18c3,0x10c2,0x18c3,0x10c2,0x18c3,0x10a2,0x18c3,0x10a2,0x18c3,0x10a2,0x18c3,0x10a2,0x18c3,
  0x10a2,0x18c3,0x10a2,0x18c3,0x10a2,0x18c3,0x10a2,0x18c3,0x10a2,0x18c3,0x10a2,0x10a2,0x10a2,0x10a2,0x10a2,0x10a2,
  0x1082,0x10a2,0x10a2,0x10a2,0x1082,0x10a2,0x1082,0x10a2,0x1082,0x10a2,0x1082,0x10a2,0x1082,0x10a2,0x1082,0x10a2,
  0x1082,0x10a2,0x1082,0x10a2,0x1082,0x1082,0x0881,0x1082,0x4208,0x39e7,0x41e8,0x39e7,0x41e8,0x39e7,0x39e7,0x39e7,
  0x41e8,0x39e7,0x39e7,0x39c7,0x39e7,0x39c7,0x39e7,0x39c7,0x39e7,0x39c7,0x39e7,0x39c7,0x39e7,0x39c7,0x39c7,0x39c7,
  0x39e7,0x39c7,0x39c7,0x39c7,0x39e7,0x39c7,0x39c7,0x39c7,0x39c7,0x39c7,0x39c7,0x31c6,0x39c7,0x39c7,0x39c7,0x31c6,
  0x39c7,0x39c7,0x39c7,0x31a6,0x39c7,0x31a6,0x39c7,0x31a6,0x39c7,0x31a6,0x39c7,0x31c6,0x39c7,0x31a6,0x39c7,0x31a6,
  0x39c7,0x31a6,0x39c7,0x31a6,0x39c7,0x31a6,0x39c7,0x31a6,0x39a7,0x31a6,0x39a7,0x31a6,0x39c7,0x31a6,0x39a7,0x31a6,
  0x39a7,0x31a6,0x39a7,0x31a6,0x39a7,0x31a6,0x39a7,0x31a6,0x39a7,0x31a6,0x39a7,0x31a6,0x39a7,0x31a6,0x31a6,0x31a6,
  0x39a7,0x3186,0x31a6,0x3186,0x31a6,0x3186,0x31a6,0x3186,0x31a6,0x3186,0x31a6,0x3186,0x31a6,0x3186,0x31a6,0x3186,
  0x31a6,0x3186,0x31a6,0x3186,0x31a6,0x31a6,0x62ec,0x8c91,0x9cb3,0x9cd3,0x9cd3,0x94b2,0x9cd3,0x9492,0x8c71,0x8c71,
  0x8430,0x8410,0x9472,0x8c71,0x9472,0x8430,0x8410,0x5acb,0x630c,0x6b6d,0x5aeb,0x528a,0x632c,0x630c,0x5aeb,0x630c,
  0x528a,0x528a,0x528a,0x6b6d,0x7baf,0x738e,0x7bcf,0x6b6d,0x7bcf,0x8410,0x6b6d,0x528a,0x738e,0x5aeb,0x632c,0x5acb,
  0x738e,0x5aeb,0x5acb,0x52aa,0x5aeb,0x528a,0x4a69,0x632c,0x5aeb,0x5acb,0x632c,0x52aa,0x736e,0x630c,0x5aeb,0x5aeb,
  0x52aa,0x528a,0x630c,0x52aa,0x4a29,0x4a49,0x4208,0x31a6,0x39c7,0x39c7,0x4228,0x4208,0x39c7,0x31a6,0x3186,0x2985,
  0x2965,0x2124,0x2124,0x18e3,0x18e3,0x18c3,0x18c3,0x10a2,0x18a3,0x10a2,0x10a2,0x10a2,0x10a2,0x1082,0x18c3,0x10a2,
  0x18a3,0x18c3,0x20e4,0x18e3,0x18e3,0x10a2,0x18a3,0x10a2,0x18c3,0x10a2,0x18e3,0x18e3,0x18c3,0x1082,0x10a2,0x10a2,
  0x18c3,0x18c3,0x18c3,0x10a2,0x10a2,0x1082,0x18c3,0x0861,0x0861,0x0861,0x10a2,0x18e3,0x2104,0x18e3,0x18e3,0x18c3,
  0x20e4,0x2124,0x2945,0x2124,0x2925,0x2124,0x2925,0x2124,0x2945,0x2124,0x2124,0x18e3,0x2104,0x2104,0x2104,0x18e3,
  0x2104,0x2104,0x2104,0x18e3,0x2104,0x18e3,0x2104,0x18e3,0x2104,0x18e3,0x2104,0x18e3,0x2104,0x18e3,0x2104,0x18e3,
  0x2104,0x18e3,0x2104,0x18e3,0x20e4,0x18e3,0x20e4,0x18e3,0x20e4,0x18e3,0x20e4,0x18e3,0x20e4,0x18e3,0x18e3,0x18c3,
  0x18e3,0x18e3,0x18e3,0x18c3,0x18e3,0x18c3,0x18e3,0x18c3,0x18e3,0x18c3,0x18e3,0x18c3,0x18e3,0x18c3,0x18e3,0x18c3,
  0x18e3,0x18c3,0x18e3,0x18c3,0x18c3,0x18c3,0x18e3,0x18c3,0x18e3,0x18c3,0x18c3,0x18c3,0x18c3,0x18c3,0x18c3,0x10c2,
  0x18c3,0x10a2,0x18c3,0x10c2,0x18c3,0x10a2,0x18c3,0x10a2,0x18c3,0x10a2,0x18c3,0x10a2,0x18c3,0x10a2,0x18c3,0x10a2,
  0x18c3,0x10a2,0x18c3,0x10a2,0x18a3,0x10a2,0x18a3,0x10a2,0x18a3,0x10a2,0x18a3,0x10a2,0x18a3,0x10a2,0x10a2,0x10a2,
  0x18a3,0x10a2,0x10a2,0x10a2,0x18a3,0x10a2,0x10a2,0x1082,0x10a2,0x1082,0x10a2,0x1082,0x10a2,0x1082,0x10a2,0x1082,
  0x39c7,0x39e7,0x39c7,0x39e7,0x39c7,0x39c7,0x39c7,0x39e7,0x31c6,0x39c7,0x39c7,0x39c7,0x31c6,0x39c7,0x31c6,0x39c7,
  0x39c7,0x39e7,0x39c7,0x39c7,0x39c7,0x39c7,0x39c7,0x39e7,0x39c7,0x39c7,0x39c7,0x39c7,0x39c7,0x39c7,0x31c6,0x39c7,
  0x31c6,0x39c7,0x31c6,0x39c7,0x31a6,0x39c7,0x31a6,0x39c7,0x31c6,0x39c7,0x39c7,0x39c7,0x31c6,0x39c7,0x31a6,0x39c7,
  0x31a6,0x39c7,0x31a6,0x39c7,0x31a6,0x39c7,0x31a6,0x39a7,0x31a6,0x39c7,0x31a6,0x39a7,0x31a6,0x31a6,0x31a6,0x31a6,
  0x31a6,0x31a6,0x31a6,0x31a6,0x31a6,0x31a6,0x31a6,0x31a6,0x31a6,0x31a6,0x31a6,0x31a6,0x31a6,0x31a6,0x31a6,0x31a6,
  0x31a6,0x31a6,0x31a6,0x31a6,0x31a6,0x31a6,0x3186,0x31a6,0x3186,0x31a6,0x3186,0x31a6,0x3186,0x3186,0x3186,0x31a6,
  0x3186,0x31a6,0x3186,0x31a6,0x2985,0x3186,0x3186,0x31a6,0x3186,0x31a6,0x3186,0x3186,0x2985,0x31a6,0x5b0b,0x9492,
  0x8c91,0x94b2,0x94b2,0x9492,0x94d2,0x9cd3,0x94d2,0x9cd3,0x8450,0x8430,0x8410,0x9492,0x8c71,0x8c71,0x9492,0x8c51,
  0x8410,0x7bcf,0x6b4d,0x6b6d,0x634c,0x5acb,0x5aeb,0x6b6d,0x5acb,0x528a,0x528a,0x5aeb,0x634c,0x6b6d,0x632c,0x6b2d,
  0x632c,0x630c,0x5acb,0x738e,0x73ae,0x7bef,0x8410,0x738e,0x6b4d,0x738e,0x52ca,0x5acb,0x73ae,0x5aeb,0x5acb,0x632c,
  0x52aa,0x528a,0x5acb,0x630c,0x52aa,0x4228,0x5acb,0x52aa,0x4a89,0x528a,0x5aeb,0x5aeb,0x4a89,0x4a69,0x4208,0x39e7,
  0x4228,0x39c7,0x39c7,0x4208,0x3186,0x31a6,0x3186,0x3186,0x2144,0x2124,0x2104,0x18c3,0x10a2,0x10a2,0x1082,0x1082,
  0x0881,0x10a2,0x0861,0x10a2,0x1082,0x1082,0x1082,0x18a3,0x0861,0x1082,0x18e3,0x2104,0x18e3,0x18c3,0x10a2,0x18c3,
  0x18c3,0x10a2,0x10a2,0x18e3,0x10a2,0x10a2,0x0881,0x18c3,0x10a2,0x10a2,0x10a2,0x10a2,0x1082,0x10a2,0x1082,0x0861,
  0x0841,0x1082,0x10a2,0x18e3,0x18c3,0x18e3,0x18e3,0x2104,0x1903,0x2124,0x2104,0x2104,0x18e3,0x2124,0x2124,0x2124,
  0x2124,0x2124,0x1903,0x2104,0x18e3,0x2104,0x18e3,0x2104,0x18e3,0x2104,0x18e3,0x2104,0x18e3,0x2104,0x18e3,0x2104,
  0x18e3,0x18e3,0x18e3,0x2104,0x18e3,0x18e3,0x18e3,0x20e4,0x18e3,0x18e3,0x18e3,0x18e3,0x18e3,0x18e3,0x18e3,0x18e3,
  0x18e3,0x18e3,0x18e3,0x18e3,0x18e3,0x18e3,0x18c3,0x18e3,0x18c3,0x18e3,0x18c3,0x18e3,0x18c3,0x18e3,0x18c3,0x18e3,
  0x18c3,0x18e3,0x18c3,0x18e3,0x18c3,0x18e3,0x18c3,0x18c3,0x10c2,0x18c3,0x18c3,0x18c3,0x10c2,0x18c3,0x10c2,0x18c3,
  0x10c2,0x18c3,0x10a2,0x18c3,0x10a2,0x18c3,0x10c2,0x18c3,0x10a2,0x18c3,0x10a2,0x18c3,0x10a2,0x18c3,0x10a2,0x18c3,
  0x10a2,0x18c3,0x10a2,0x18c3,0x10a2,0x18c3,0x10a2,0x18c3,0x10a2,0x18c3,0x10a2,0x10a2,0x1082,0x10a2,0x10a2,0x10a2,
  0x10a2,0x10a2,0x10a2,0x10a2,0x1082,0x10a2,0x1082,0x10a2,0x1082,0x10a2,0x1082,0x10a2,0x10a2,0x10a2,0x1082,0x10a2,
  0x0881,0x10a2,0x1082,0x10a2,0x0881,0x1082,0x1082,0x1082,0x41e8,0x39e7,0x41e8,0x39e7,0x41e8,0x39e7,0x39e7,0x39c7,
  0x39c7,0x31c6,0x39c7,0x39c7,0x39c7,0x39c7,0x41e8,0x39c7,0x39e7,0x39c7,0x39e7,0x39c7,0x39e7,0x39c7,0x39c7,0x39c7,
  0x39c7,0x31c6,0x39c7,0x39c7,0x39e7,0x39c7,0x39c7,0x39c7,0x39e7,0x39e7,0x39c7,0x31a6,0x39c7,0x31c6,0x39c7,0x39c7,
  0x39c7,0x31c6,0x39c7,0x31a6,0x39c7,0x31a6,0x39c7,0x31a6,0x39c7,0x31a6,0x39c7,0x31a6,0x39c7,0x31c6,0x39c7,0x31a6,
  0x39a7,0x31a6,0x39c7,0x31a6,0x39c7,0x31a6,0x39c7,0x31a6,0x39c7,0x31a6,0x39c7,0x31a6,0x39c7,0x31a6,0x39a7,0x31a6,
  0x39c7,0x31a6,0x39a7,0x31a6,0x31a6,0x3186,0x31a6,0x31a6,0x39a7,0x31a6,0x39a7,0x3186,0x31a6,0x31a6,0x31a6,0x3186,
  0x31a6,0x3186,0x31a6,0x3186,0x31a6,0x3186,0x31a6,0x3186,0x31a6,0x3186,0x3186,0x3186,0x3186,0x3186,0x31a6,0x3186,
  0x31a6,0x31a6,0x31a6,0x3186,0x3186,0x3186,0x630c,0x9492,0x9cb3,0x9492,0x9cd3,0x94b2,0x94b2,0x94d2,0x9cd3,0x9492,
  0x8430,0x73ae,0x738e,0x7bef,0x8430,0x73ae,0x8430,0x8430,0x8410,0x73ae,0x7baf,0x5acb,0x4208,0x4a69,0x5acb,0x630c,
  0x5aeb,0x6b6d,0x52aa,0x630c,0x73ae,0x632c,0x6b4d,0x6b4d,0x4a69,0x6b4d,0x736e,0x632c,0x738e,0x73ae,0x62ec,0x6b6d,
  0x5aeb,0x528a,0x632c,0x630c,0x6b4d,0x52aa,0x630c,0x632c,0x632c,0x4a69,0x5aab,0x52aa,0x39c7,0x4a49,0x62ec,0x5acb,
  0x5acb,0x632c,0x62ec,0x5acb,0x4a69,0x4228,0x4208,0x31a6,0x4208,0x3186,0x39c7,0x3186,0x3186,0x2945,0x3166,0x2965,
  0x2124,0x18c3,0x2104,0x18e3,0x18c3,0x10a2,0x18a3,0x1082,0x1082,0x1082,0x18c3,0x10a2,0x10a2,0x10a2,0x18c3,0x1082,
  0x0861,0x0861,0x18c3,0x18e3,0x2104,0x18c3,0x18c3,0x10a2,0x18c3,0x0861,0x10a2,0x18c3,0x18a3,0x10c2,0x1082,0x10a2,
  0x18c3,0x1082,0x1082,0x1082,0x1082,0x1082,0x10a2,0x0861,0x1082,0x0881,0x1082,0x10a2,0x18c3,0x18e3,0x2124,0x2104,
  0x2124,0x2104,0x2104,0x2104,0x2124,0x2104,0x2124,0x2124,0x2124,0x2104,0x2104,0x18e3,0x2104,0x1903,0x2104,0x2104,
  0x2104,0x1903,0x2104,0x2104,0x2104,0x1903,0x2104,0x18e3,0x2104,0x1903,0x2104,0x18e3,0x2104,0x18e3,0x2104,0x18e3,
  0x2104,0x18e3,0x2104,0x18e3,0x2104,0x18e3,0x2104,0x18e3,0x2104,0x18e3,0x20e4,0x18e3,0x18e3,0x18c3,0x18e3,0x18e3,
  0x18e3,0x18c3,0x18e3,0x18c3,0x18e3,0x18c3,0x18e3,0x18c3,0x18e3,0x18c3,0x18e3,0x18c3,0x18e3,0x18c3,0x18e3,0x18c3,
  0x18e3,0x18c3,0x18e3,0x18c3,0x18c3,0x18c3,0x18e3,0x18c3,0x18c3,0x18c3,0x18c3,0x18c3,0x18c3,0x18c3,0x18c3,0x18c3,
  0x18c3,0x10c2,0x18c3,0x18c3,0x18c3,0x10c2,0x18c3,0x18c3,0x18c3,0x10c2,0x18c3,0x10a2,0x18c3,0x10a2,0x18c3,0x10a2,
  0x18c3,0x10a2,0x18c3,0x10a2,0x18c3,0x10a2,0x18c3,0x10a2,0x18a3,0x10a2,0x18a3,0x10a2,0x18a3,0x10a2,0x18a3,0x10a2,
  0x10a2,0x10a2,0x18a3,0x10a2,0x10a2,0x10a2,0x18a3,0x10a2,0x10a2,0x10a2,0x18a3,0x1082,0x10a2,0x1082,0x10a2,0x1082,
  0x39e7,0x39e7,0x39c7,0x39e7,0x39c7,0x39e7,0x39c7,0x39e7,0x39c7,0x39c7,0x39c7,0x39c7,0x31c6,0x39e7,0x39c7,0x39e7,
  0x39c7,0x39c7,0x31c6,0x39c7,0x39c7,0x39c7,0x39c7,0x39e7,0x39c7,0x39c7,0x31c6,0x39c7,0x39c7,0x39e7,0x31c6,0x39c7,
  0x31c6,0x39c7,0x31c6,0x39c7,0x31a6,0x39c7,0x31c6,0x39c7,0x31a6,0x39c7,0x31c6,0x39c7,0x31a6,0x39c7,0x31a6,0x39c7,
  0x31a6,0x39a7,0x31a6,0x39c7,0x31a6,0x39a7,0x31a6,0x31a6,0x31a6,0x39a7,0x31a6,0x39c7,0x31a6,0x39a7,0x31a6,0x31a6,
  0x31a6,0x39a7,0x31a6,0x31a6,0x31a6,0x39a7,0x31a6,0x31a6,0x31a6,0x31a6,0x31a6,0x31a6,0x3186,0x31a6,0x3186,0x31a6,
  0x31a6,0x31a6,0x3186,0x31a6,0x3186,0x31a6,0x3186,0x31a6,0x3186,0x31a6,0x3186,0x31a6,0x3186,0x31a6,0x3186,0x31a6,
  0x3186,0x3186,0x2985,0x3186,0x3186,0x31a6,0x3186,0x31a6,0x3186,0x31a6,0x2985,0x3186,0x2985,0x39c7,0x632c,0x9492,
  0x94b2,0x9cb3,0x94b2,0x94b2,0x8c91,0x9492,0x9492,0x9cd3,0x9cd3,0xa514,0x8c91,0x7bef,0x7bcf,0x83f0,0x8c51,0x8430,
  0x7bef,0x7bcf,0x6b8d,0x630c,0x528a,0x5acb,0x632c,0x52aa,0x4208,0x4a49,0x52ca,0x630c,0x6b6d,0x630c,0x528a,0x4228,
  0x6b4d,0x6b6d,0x630c,0x52aa,0x5aeb,0x738e,0x5aeb,0x6b6d,0x52aa,0x6b2d,0x5aeb,0x4a69,0x39e7,0x6b4d,0x632c,0x630c,
  0x52aa,0x528a,0x4a89,0x4228,0x4a69,0x4a69,0x4a69,0x6b4d,0x4a89,0x52aa,0x52ca,0x52aa,0x39e7,0x39c7,0x31c6,0x31a6,
  0x31a6,0x39a7,0x3186,0x2945,0x2965,0x3186,0x2985,0x2965,0x2104,0x18e3,0x18c3,0x18c3,0x10a2,0x10a2,0x10a2,0x1082,
  0x0861,0x1082,0x1082,0x10a2,0x1082,0x10a2,0x10a2,0x18c3,0x1082,0x10a2,0x10a2,0x10a2,0x1082,0x1082,0x1082,0x10a2,
  0x10a2,0x1082,0x1082,0x10a2,0x10a2,0x1082,0x10c2,0x18e3,0x1082,0x10a2,0x10a2,0x1082,0x0841,0x1082,0x10a2,0x1082,
  0x0881,0x18a3,0x18c3,0x2104,0x1903,0x2124,0x2124,0x2124,0x2124,0x2124,0x1903,0x2104,0x2104,0x2124,0x2124,0x2124,
  0x2124,0x2124,0x18e3,0x2104,0x18e3,0x2104,0x18e3,0x2104,0x18e3,0x2104,0x18e3,0x2104,0x18e3,0x2104,0x18e3,0x2104,
  0x18e3,0x2104,0x18e3,0x2104,0x18e3,0x2104,0x18e3,0x2104,0x18e3,0x20e4,0x18e3,0x18e3,0x18e3,0x20e4,0x18e3,0x18e3,
  0x18e3,0x20e4,0x18e3,0x18e3,0x18e3,0x18e3,0x18e3,0x18e3,0x18e3,0x18e3,0x18c3,0x18e3,0x18c3,0x18e3,0x18c3,0x18e3,
  0x18c3,0x18e3,0x10c2,0x18c3,0x18c3,0x18e3,0x18c3,0x18c3,0x18c3,0x18c3,0x10c2,0x18c3,0x10c2,0x18c3,0x10c2,0x18c3,
  0x10c2,0x18c3,0x10c2,0x18c3,0x10c2,0x18c3,0x10c2,0x18c3,0x10c2,0x18c3,0x10a2,0x18c3,0x10a2,0x18c3,0x10a2,0x18c3,
  0x10a2,0x18c3,0x10a2,0x18c3,0x10a2,0x10a2,0x10a2,0x10a2,0x10a2,0x10a2,0x10a2,0x18c3,0x10a2,0x18c3,0x10a2,0x10a2,
  0x10a2,0x10a2,0x10a2,0x10a2,0x10a2,0x10a2,0x1082,0x10a2,0x1082,0x10a2,0x1082,0x10a2,0x1082,0x10a2,0x1082,0x10a2,
  0x1082,0x10a2,0x1082,0x1082,0x1082,0x1082,0x1082,0x10a2,0x41e8,0x39c7,0x39e7,0x39c7,0x41e8,0x39c7,0x39e7,0x39e7,
  0x39e7,0x39c7,0x39e7,0x39c7,0x39c7,0x39c7,0x39e7,0x39c7,0x39e7,0x39c7,0x39e7,0x39c7,0x39e7,0x39c7,0x39e7,0x39c7,
  0x39e7,0x39c7,0x39c7,0x39c7,0x39e7,0x39e7,0x39e7,0x31c6,0x39c7,0x39c7,0x39c7,0x31c6,0x39c7,0x39c7,0x39c7,0x39c7,
  0x39c7,0x31a6,0x39c7,0x31c6,0x39c7,0x39c7,0x39c7,0x31c6,0x39c7,0x31a6,0x39c7,0x31a6,0x39c7,0x31a6,0x39a7,0x31a6,
  0x39c7,0x31a6,0x39c7,0x31a6,0x39c7,0x31a6,0x39c7,0x31a6,0x39c7,0x31a6,0x39c7,0x31a6,0x39a7,0x31a6,0x39a7,0x31a6,
  0x39a7,0x31a6,0x39a7,0x31a6,0x39a7,0x31a6,0x31a6,0x31a6,0x39a7,0x31a6,0x31a6,0x31a6,0x39a7,0x3186,0x31a6,0x3186,
  0x31a6,0x3186,0x31a6,0x3186,0x31a6,0x3186,0x31a6,0x3186,0x31a6,0x3186,0x31a6,0x3186,0x31a6,0x31a6,0x31a6,0x3186,
  0x31a6,0x3186,0x31a6,0x3186,0x3186,0x39e7,0x6b4d,0x8c71,0x9cb3,0x9cd3,0x94b2,0x94b2,0x94b2,0x8c71,0x9472,0x8c71,
  0x9492,0x8c71,0x8c51,0x8410,0x94b2,0x9492,0x94b2,0x8c71,0x8c71,0x7bcf,0x7bcf,0x7bef,0x7baf,0x632c,0x6b6d,0x630c,
  0x5acb,0x52aa,0x73ae,0x52aa,0x528a,0x6b4d,0x6b6d,0x4228,0x632c,0x4a69,0x52aa,0x52aa,0x7bcf,0x632c,0x738e,0x5acb,
  0x528a,0x6b4d,0x526a,0x4a89,0x630c,0x738e,0x6b4d,0x39e7,0x4a49,0x6b4d,0x5acb,0x4228,0x39a7,0x52aa,0x4a49,0x4a69,
  0x4a29,0x528a,0x5acb,0x4a69,0x4a49,0x4208,0x4208,0x31a6,0x3166,0x31a6,0x31a6,0x2965,0x3166,0x3186,0x3186,0x2144,
  0x2925,0x2104,0x18e3,0x10a2,0x18a3,0x10a2,0x18c3,0x10a2,0x1082,0x1082,0x1082,0x0881,0x1082,0x1082,0x18a3,0x10a2,
  0x18a3,0x10a2,0x10a2,0x1082,0x18a3,0x10a2,0x18a3,0x1082,0x10a2,0x10a2,0x10a2,0x0861,0x18a3,0x0841,0x10a2,0x10a2,
  0x10a2,0x1082,0x1082,0x0861,0x1082,0x18c3,0x10a2,0x1082,0x18c3,0x18e3,0x2104,0x2104,0x2124,0x2104,0x2124,0x2124,
  0x2124,0x2104,0x2104,0x2104,0x2104,0x2104,0x2945,0x2124,0x2945,0x2124,0x2104,0x1903,0x2104,0x2104,0x2104,0x1903,
  0x2104,0x2104,0x2104,0x1903,0x2104,0x2104,0x2104,0x18e3,0x2104,0x2104,0x2104,0x18e3,0x2104,0x18e3,0x2104,0x18e3,
  0x2104,0x18e3,0x2104,0x18e3,0x2104,0x18e3,0x2104,0x18e3,0x2104,0x18e3,0x18e3,0x18e3,0x20e4,0x18e3,0x18e3,0x18c3,
  0x20e4,0x18e3,0x18e3,0x18e3,0x20e4,0x18c3,0x18e3,0x18c3,0x18e3,0x18c3,0x18e3,0x18c3,0x18e3,0x18c3,0x18e3,0x18c3,
  0x18e3,0x18c3,0x18e3,0x18c3,0x18c3,0x18c3,0x18e3,0x18c3,0x18c3,0x18c3,0x18c3,0x18c3,0x18c3,0x18c3,0x18c3,0x18c3,
  0x18c3,0x18c3,0x18c3,0x10c2,0x18c3,0x10a2,0x18c3,0x10a2,0x18c3,0x10a2,0x18c3,0x10a2,0x18a3,0x10a2,0x18a3,0x10a2,
  0x18a3,0x10a2,0x18a3,0x10a2,0x18c3,0x10a2,0x18c3,0x10a2,0x18a3,0x10a2,0x10a2,0x10a2,0x18a3,0x10a2,0x10a2,0x10a2,
  0x10a2,0x1082,0x10a2,0x10a2,0x18a3,0x10a2,0x10a2,0x10a2,0x18a3,0x10a2,0x10a2,0x1082,0x10a2,0x1082,0x10a2,0x1082,
  0x39c7,0x39e7,0x39c7,0x39c7,0x39c7,0x39e7,0x39c7,0x39e7,0x31c6,0x39c7,0x39c7,0x39c7,0x31a6,0x39c7,0x39c7,0x39c7,
  0x31c6,0x39c7,0x39c7,0x39c7,0x39c7,0x39c7,0x31c6,0x39c7,0x31c6,0x39c7,0x31a6,0x39c7,0x31c6,0x39e7,0x39c7,0x39e7,
  0x39c7,0x39c7,0x31a6,0x39c7,0x31a6,0x39c7,0x31c6,0x39c7,0x31a6,0x39c7,0x31c6,0x39c7,0x31a6,0x39c7,0x31a6,0x39c7,
  0x31a6,0x31a6,0x31a6,0x39c7,0x31a6,0x31a6,0x31a6,0x39a7,0x31a6,0x39c7,0x31a6,0x39c7,0x31a6,0x31a6,0x31a6,0x39a7,
  0x31a6,0x31a6,0x31a6,0x39a7,0x31a6,0x31a6,0x31a6,0x31a6,0x3186,0x31a6,0x3186,0x31a6,0x31a6,0x31a6,0x31a6,0x31a6,
  0x3186,0x31a6,0x31a6,0x31a6,0x3186,0x31a6,0x3186,0x31a6,0x3186,0x31a6,0x3186,0x31a6,0x3186,0x31a6,0x3186,0x31a6,
  0x3186,0x3186,0x3186,0x3186,0x2985,0x31a6,0x3186,0x3186,0x2985,0x31a6,0x3186,0x31a6,0x2965,0x4208,0x6b4d,0x8c71,
  0x8c91,0x9cd3,0x9492,0x9492,0x8c71,0x9492,0x8c91,0x9492,0x8c51,0x8430,0x7bcf,0x7bcf,0x8430,0x8c51,0x8c51,0x9492,
  0x8c71,0x7bcf,0x7bcf,0x7bcf,0x8410,0x73ae,0x52ca,0x6b4d,0x73ae,0x632c,0x4228,0x528a,0x5aeb,0x528a,0x5aeb,0x6b6d,
  0x4228,0x4208,0x5b0b,0x738e,0x6b6d,0x5aeb,0x52aa,0x632c,0x52ca,0x6b4d,0x632c,0x6b4d,0x4a49,0x6b4d,0x634c,0x5acb,
  0x5b0b,0x630c,0x52aa,0x5aab,0x39e7,0x3186,0x4228,0x4228,0x3a07,0x4a69,0x5acb,0x4228,0x31c6,0x31a6,0x2965,0x31a6,
  0x2965,0x31a6,0x2945,0x2965,0x2124,0x2965,0x2945,0x2104,0x1903,0x2124,0x18e3,0x18a3,0x10a2,0x10a2,0x1082,0x10a2,
  0x1082,0x1082,0x1082,0x10a2,0x0881,0x10a2,0x1082,0x18a3,0x10a2,0x10a2,0x1082,0x10a2,0x10a2,0x18c3,0x1082,0x1082,
  0x0881,0x1082,0x0841,0x0861,0x0861,0x10a2,0x0881,0x1082,0x10a2,0x1082,0x0861,0x1082,0x10a2,0x2104,0x10a2,0x18c3,
  0x18c3,0x18e3,0x1903,0x2104,0x1903,0x2104,0x18e3,0x20e4,0x18e3,0x2104,0x1903,0x2104,0x1903,0x2104,0x2124,0x2925,
  0x2124,0x2124,0x1903,0x2104,0x18e3,0x2104,0x18e3,0x2104,0x18e3,0x2104,0x18e3,0x2104,0x18e3,0x2104,0x18e3,0x2104,
  0x18e3,0x2104,0x18e3,0x2104,0x18e3,0x2104,0x18e3,0x2104,0x18e3,0x18e3,0x18e3,0x20e4,0x18e3,0x18e3,0x18e3,0x20e4,
  0x18e3,0x18e3,0x18c3,0x18e3,0x18c3,0x18e3,0x18c3,0x18e3,0x10c2,0x18e3,0x18c3,0x18e3,0x10c2,0x18c3,0x18c3,0x18c3,
  0x18c3,0x18e3,0x18c3,0x18c3,0x10c2,0x18e3,0x18c3,0x18c3,0x10c2,0x18c3,0x18c3,0x18c3,0x10c2,0x18c3,0x18c3,0x18c3,
  0x10c2,0x18c3,0x10c2,0x18c3,0x10c2,0x18c3,0x10c2,0x18c3,0x10c2,0x18c3,0x10a2,0x18c3,0x10a2,0x18c3,0x10a2,0x18c3,
  0x10a2,0x10a2,0x10a2,0x18a3,0x10a2,0x10a2,0x10a2,0x18a3,0x10a2,0x10a2,0x10a2,0x18a3,0x10a2,0x10a2,0x10a2,0x18a3,
  0x10a2,0x10a2,0x1082,0x10a2,0x1082,0x10a2,0x1082,0x10a2,0x1082,0x10a2,0x1082,0x10a2,0x1082,0x10a2,0x1082,0x10a2,
  0x1082,0x10a2,0x1082,0x1082,0x0881,0x1082,0x1082,0x10a2,0x39e7,0x39c7,0x39e7,0x39c7,0x39e7,0x39e7,0x39e7,0x39e7,
  0x39e7,0x39c7,0x39e7,0x39c7,0x39e7,0x39c7,0x39e7,0x39c7,0x39e7,0x39c7,0x39e7,0x39c7,0x39e7,0x39c7,0x39e7,0x39c7,
  0x39e7,0x39c7,0x39c7,0x39c7,0x39e7,0x39c7,0x41e8,0x39e7,0x39e7,0x39c7,0x39c7,0x31a6,0x39c7,0x39c7,0x39e7,0x39c7,
  0x39c7,0x31c6,0x39e7,0x31a6,0x39c7,0x31a6,0x39c7,0x31a6,0x39c7,0x31a6,0x39c7,0x31a6,0x39c7,0x31a6,0x39c7,0x31a6,
  0x39c7,0x31a6,0x39c7,0x31a6,0x39c7,0x31a6,0x39c7,0x31a6,0x39c7,0x31a6,0x39c7,0x31a6,0x31a6,0x31a6,0x39a7,0x31a6,
  0x39a7,0x31a6,0x39a7,0x31a6,0x39a7,0x31a6,0x39a7,0x3186,0x31a6,0x31a6,0x39a7,0x31a6,0x31a6,0x3186,0x31a6,0x3186,
  0x31a6,0x3186,0x31a6,0x3186,0x31a6,0x3186,0x31a6,0x3186,0x31a6,0x3186,0x31a6,0x3186,0x31a6,0x3186,0x31a6,0x3186,
  0x3186,0x31a6,0x39a7,0x31a6,0x3186,0x4208,0x738e,0x9492,0x94b2,0x94d2,0x9cb3,0x9cd3,0x9cf3,0x9cd3,0x9cd3,0x94b2,
  0x8c71,0x8410,0x8c71,0x8c51,0x8c51,0x8450,0x8c51,0x8410,0x8410,0x7bef,0x8c31,0x6b6d,0x73ae,0x7bcf,0x6b4d,0x6b6d,
  0x5acb,0x52aa,0x5aab,0x632c,0x4a29,0x4208,0x6b4d,0x630c,0x6b2d,0x5acb,0x630c,0x632c,0x52aa,0x6b6d,0x6b2d,0x5aeb,
  0x73ae,0x4a49,0x528a,0x52aa,0x62ec,0x634c,0x6b4d,0x5aeb,0x528a,0x52aa,0x630c,0x4a69,0x5acb,0x4228,0x5acb,0x4a69,
  0x526a,0x4228,0x528a,0x39c7,0x39c7,0x2965,0x2945,0x2945,0x2945,0x2945,0x2925,0x2965,0x2945,0x2945,0x2925,0x18e3,
  0x2104,0x1903,0x18e3,0x18c3,0x18c3,0x10a2,0x10a2,0x10a2,0x18c3,0x1082,0x18a3,0x10a2,0x10a2,0x1082,0x1082,0x10a2,
  0x18c3,0x10c2,0x18c3,0x10a2,0x18c3,0x10a2,0x1082,0x1082,0x18c3,0x0861,0x0841,0x1082,0x1082,0x18c3,0x1082,0x0861,
  0x1082,0x0881,0x18c3,0x10a2,0x10a2,0x18c3,0x20e4,0x18c3,0x18c3,0x18c3,0x18e3,0x18e3,0x2104,0x18e3,0x20e4,0x18c3,
  0x2104,0x2104,0x2124,0x2124,0x2925,0x2124,0x2925,0x2124,0x2925,0x2104,0x2104,0x2104,0x2104,0x1903,0x2104,0x2104,
  0x2104,0x1903,0x2104,0x2104,0x2104,0x1903,0x2104,0x18e3,0x2104,0x1903,0x2104,0x18e3,0x2104,0x18e3,0x2104,0x18e3,
  0x2104,0x18e3,0x2104,0x18e3,0x2104,0x18e3,0x2104,0x18e3,0x2104,0x18e3,0x20e4,0x18e3,0x20e4,0x18e3,0x20e4,0x18e3,
  0x18e3,0x18c3,0x18e3,0x18c3,0x18e3,0x18c3,0x18e3,0x18c3,0x18e3,0x18c3,0x18e3,0x18c3,0x18e3,0x18c3,0x18e3,0x18c3,
  0x18e3,0x18c3,0x18e3,0x18c3,0x18c3,0x18c3,0x18e3,0x18c3,0x18c3,0x18c3,0x18c3,0x18c3,0x18c3,0x18c3,0x18c3,0x18c3,
  0x18c3,0x10c2,0x18c3,0x18c3,0x18c3,0x10a2,0x18c3,0x10a2,0x18c3,0x10a2,0x18c3,0x10a2,0x18c3,0x10a2,0x18c3,0x10a2,
  0x18c3,0x10a2,0x18c3,0x10a2,0x18a3,0x10a2,0x18a3,0x10a2,0x18a3,0x10a2,0x18a3,0x10a2,0x10a2,0x10a2,0x18a3,0x10a2,
  0x10a2,0x1082,0x18a3,0x10a2,0x10a2,0x10a2,0x18a3,0x10a2,0x10a2,0x10a2,0x18a3,0x1082,0x10a2,0x1082,0x10a2,0x1082,
  0x39e7,0x39e7,0x39c7,0x39e7,0x39c7,0x39e7,0x39c7,0x39e7,0x39c7,0x39c7,0x39c7,0x39e7,0x39c7,0x39e7,0x39c7,0x39c7,
  0x39c7,0x39c7,0x31c6,0x39e7,0x39c7,0x39e7,0x39c7,0x39e7,0x39c7,0x39c7,0x31c6,0x39c7,0x39c7,0x39c7,0x39c7,0x39e7,
  0x39c7,0x39c7,0x31c6,0x39c7,0x31a6,0x39c7,0x31c6,0x39c7,0x31a6,0x39c7,0x31c6,0x39c7,0x31a6,0x39c7,0x31a6,0x39c7,
  0x31a6,0x39a7,0x31a6,0x39c7,0x31a6,0x39c7,0x31a6,0x31a6,0x31a6,0x39a7,0x31a6,0x39c7,0x31a6,0x39a7,0x31a6,0x31a6,
  0x31a6,0x39a7,0x31a6,0x31a6,0x3186,0x31a6,0x31a6,0x31a6,0x31a6,0x31a6,0x31a6,0x31a6,0x3186,0x31a6,0x3186,0x31a6,
  0x3186,0x31a6,0x31a6,0x31a6,0x3186,0x3186,0x3186,0x31a6,0x3186,0x31a6,0x3186,0x31a6,0x3186,0x31a6,0x3186,0x31a6,
  0x3186,0x31a6,0x3186,0x31a6,0x3186,0x31a6,0x3186,0x3186,0x2985,0x31a6,0x3186,0x31a6,0x2985,0x4208,0x6b6d,0x94b2,
  0x9492,0x9cb3,0x94d2,0x94b2,0x94b2,0x9cb3,0x94b2,0x94b2,0x9492,0x94b2,0x8430,0x8410,0x8c71,0x94b2,0x9492,0x8410,
  0x8410,0x7bcf,0x6b8d,0x7bef,0x73ce,0x736e,0x738e,0x8410,0x630c,0x630c,0x6b8d,0x6b4d,0x4228,0x526a,0x6b4d,0x4228,
  0x4a69,0x52aa,0x4a89,0x31a6,0x4a69,0x4a69,0x4a89,0x39e7,0x528a,0x528a,0x5acb,0x39c7,0x4a69,0x630c,0x5aeb,0x5aeb,
  0x4228,0x52aa,0x4a49,0x4a69,0x39e7,0x4a69,0x52aa,0x4228,0x4228,0x4208,0x31c6,0x3186,0x39c7,0x39e7,0x2985,0x2945,
  0x2104,0x2104,0x2124,0x3186,0x2124,0x2945,0x2124,0x18e3,0x18e3,0x18e3,0x10c2,0x18e3,0x18c3,0x10a2,0x0861,0x10a2,
  0x10a2,0x18a3,0x10a2,0x10a2,0x0881,0x0861,0x0841,0x1082,0x1082,0x18c3,0x10a2,0x1082,0x1082,0x10a2,0x0881,0x10a2,
  0x10a2,0x10a2,0x0861,0x1082,0x0861,0x1082,0x0841,0x0861,0x0841,0x1082,0x18c3,0x18c3,0x0861,0x10a2,0x18c3,0x18e3,
  0x18c3,0x18c3,0x10c2,0x18e3,0x18e3,0x18e3,0x18c3,0x18e3,0x18e3,0x2124,0x2124,0x2124,0x2124,0x2925,0x2124,0x2945,
  0x2124,0x2124,0x1903,0x2104,0x18e3,0x2104,0x18e3,0x2104,0x18e3,0x2104,0x18e3,0x2104,0x18e3,0x2104,0x18e3,0x2104,
  0x18e3,0x2104,0x18e3,0x2104,0x18e3,0x2104,0x18e3,0x2104,0x18e3,0x20e4,0x18e3,0x18e3,0x18e3,0x20e4,0x18e3,0x18e3,
  0x18e3,0x18e3,0x18c3,0x18e3,0x18e3,0x20e4,0x18e3,0x18e3,0x18c3,0x18e3,0x18c3,0x18e3,0x18c3,0x18e3,0x10c2,0x18c3,
  0x18c3,0x18e3,0x10c2,0x18c3,0x18c3,0x18e3,0x18c3,0x18c3,0x18c3,0x18c3,0x10c2,0x18c3,0x10c2,0x18c3,0x10c2,0x18c3,
  0x10c2,0x18c3,0x10c2,0x18c3,0x10c2,0x18c3,0x10c2,0x18c3,0x10c2,0x18c3,0x10a2,0x18c3,0x10a2,0x18c3,0x10a2,0x18c3,
  0x10a2,0x18c3,0x10a2,0x18c3,0x10a2,0x18a3,0x10a2,0x10a2,0x10a2,0x18a3,0x10a2,0x10a2,0x1082,0x10a2,0x10a2,0x10a2,
  0x10a2,0x10a2,0x10a2,0x10a2,0x10a2,0x10a2,0x1082,0x10a2,0x1082,0x10a2,0x1082,0x10a2,0x1082,0x10a2,0x1082,0x10a2,
  0x1082,0x10a2,0x1082,0x1082,0x1082,0x1082,0x1082,0x10a2,0x41e8,0x39e7,0x39e7,0x39e7,0x41e8,0x39e7,0x39e7,0x39e7,
  0x39e7,0x39c7,0x39e7,0x39c7,0x39c7,0x39c7,0x39e7,0x39c7,0x39e7,0x39c7,0x39e7,0x39c7,0x41e8,0x39c7,0x39c7,0x39c7,
  0x39c7,0x39c7,0x39c7,0x39c7,0x39e7,0x39c7,0x39e7,0x39c7,0x39c7,0x39c7,0x39e7,0x39e7,0x39c7,0x39c7,0x39e7,0x39c7,
  0x39c7,0x39c7,0x39e7,0x31c6,0x39c7,0x39c7,0x39c7,0x31c6,0x39c7,0x31a6,0x39c7,0x31a6,0x39c7,0x39c7,0x39c7,0x31a6,
  0x39a7,0x31a6,0x39c7,0x31a6,0x39c7,0x31a6,0x39c7,0x31a6,0x39c7,0x31a6,0x39a7,0x31a6,0x39a7,0x31a6,0x31a6,0x31a6,
  0x39c7,0x31a6,0x39a7,0x31a6,0x39a7,0x3186,0x31a6,0x3186,0x39a7,0x31a6,0x39a7,0x31a6,0x39a7,0x3186,0x31a6,0x3186,
  0x31a6,0x3186,0x31a6,0x3186,0x31a6,0x31a6,0x39a7,0x31a6,0x39a7,0x31a6,0x31a6,0x31a6,0x39a7,0x31a6,0x31a6,0x3186,
  0x3186,0x3186,0x3186,0x3186,0x3186,0x39e7,0x738e,0x94b2,0x94b2,0x94b2,0x9cd3,0x94b2,0x9cd3,0x9cd3,0x9cd3,0x94b2,
  0x9cd3,0x9cf3,0x94b2,0x9492,0x94b2,0x8c51,0x9cd3,0x9492,0x9472,0x8c71,0x8410,0x6b6d,0x7bef,0x7bcf,0x7baf,0x738e,
  0x6b4d,0x52aa,0x6b6d,0x73ce,0x6b4d,0x4228,0x4a49,0x4a69,0x630c,0x4a69,0x39a7,0x4a89,0x39a7,0x5acb,0x528a,0x5acb,
  0x4a29,0x6b6d,0x4208,0x2945,0x4a29,0x4a69,0x528a,0x6b4d,0x52aa,0x4a49,0x4a69,0x39c7,0x4a49,0x31a6,0x4a69,0x4a69,
  0x4a29,0x4a69,0x4a69,0x4208,0x2965,0x31a6,0x39c7,0x2945,0x2925,0x2104,0x2965,0x2965,0x2945,0x2124,0x2925,0x2104,
  0x2104,0x18e3,0x18e3,0x18e3,0x20e4,0x10a2,0x1082,0x1082,0x18c3,0x18c3,0x18c3,0x10a2,0x10a2,0x0861,0x0861,0x0881,
  0x18a3,0x10a2,0x1082,0x0040,0x1062,0x10a2,0x10a2,0x0861,0x1082,0x10a2,0x1082,0x0841,0x1082,0x0020,0x1082,0x1082,
  0x18a3,0x1082,0x18e3,0x1903,0x18c3,0x10a2,0x18e3,0x18e3,0x20e4,0x18c3,0x18e3,0x18e3,0x20e4,0x18c3,0x18e3,0x1903,
  0x2124,0x2104,0x2124,0x2124,0x2925,0x2124,0x2945,0x2124,0x2945,0x2124,0x2124,0x2104,0x2104,0x2104,0x2104,0x1903,
  0x2104,0x2104,0x2104,0x1903,0x2104,0x2104,0x2104,0x18e3,0x2104,0x2104,0x2104,0x18e3,0x2104,0x18e3,0x2104,0x18e3,
  0x2104,0x18e3,0x2104,0x18e3,0x2104,0x18e3,0x2104,0x18e3,0x2104,0x18e3,0x18e3,0x18e3,0x20e4,0x18e3,0x18e3,0x18c3,
  0x18e3,0x18e3,0x18e3,0x18e3,0x18e3,0x18c3,0x18e3,0x18c3,0x18e3,0x18c3,0x18e3,0x18c3,0x18e3,0x18c3,0x18e3,0x18c3,
  0x18e3,0x18c3,0x18e3,0x18c3,0x18c3,0x18c3,0x18e3,0x18c3,0x18c3,0x18c3,0x18c3,0x18c3,0x18c3,0x18c3,0x18c3,0x18c3,
  0x18c3,0x18c3,0x18c3,0x10c2,0x18c3,0x18c3,0x18c3,0x10c2,0x18c3,0x18c3,0x18c3,0x10a2,0x18a3,0x10a2,0x18a3,0x10a2,
  0x18a3,0x10a2,0x18a3,0x10a2,0x18a3,0x10a2,0x18a3,0x10a2,0x18a3,0x10a2,0x18a3,0x10a2,0x18a3,0x10a2,0x18a3,0x10a2,
  0x18a3,0x10a2,0x10a2,0x10a2,0x18a3,0x10a2,0x10a2,0x10a2,0x18a3,0x10a2,0x10a2,0x1082,0x10a2,0x1082,0x10a2,0x1082,
  0x39c7,0x39e7,0x39c7,0x39e7,0x39c7,0x39e7,0x39c7,0x39e7,0x39e7,0x39e7,0x39c7,0x39c7,0x31c6,0x39c7,0x31c6,0x39c7,
  0x31c6,0x39e7,0x39c7,0x39c7,0x31c6,0x39c7,0x39c7,0x39e7,0x39c7,0x39c7,0x39c7,0x39c7,0x31c6,0x39c7,0x31c6,0x39c7,
  0x31c6,0x39c7,0x31a6,0x39c7,0x31a6,0x39c7,0x31a6,0x39c7,0x31a6,0x39c7,0x31a6,0x31a6,0x31a6,0x39c7,0x31a6,0x31a6,
  0x31a6,0x39c7,0x31a6,0x39c7,0x31a6,0x39c7,0x31a6,0x39a7,0x31a6,0x31a6,0x31a6,0x39c7,0x31a6,0x31a6,0x3186,0x31a6,
  0x31a6,0x31a6,0x31a6,0x31a6,0x31a6,0x31a6,0x31a6,0x39a7,0x3186,0x31a6,0x31a6,0x31a6,0x31a6,0x31a6,0x3186,0x31a6,
  0x3186,0x31a6,0x3186,0x31a6,0x31a6,0x31a6,0x3186,0x31a6,0x3186,0x31a6,0x3186,0x31a6,0x3186,0x31a6,0x3186,0x31a6,
  0x3186,0x31a6,0x3186,0x3186,0x2985,0x31a6,0x3186,0x31a6,0x3186,0x31a6,0x2985,0x3186,0x2965,0x39c7,0x73ce,0x9492,
  0x94b2,0x94b2,0x94b2,0x9492,0x94b2,0x9cf3,0x94b2,0x9cd3,0x94d2,0x9cd3,0x8c71,0x9cd3,0x94b2,0x94b2,0x9cf3,0x9cf3,
  0x8c71,0x8c71,0x94b2,0x9492,0x8410,0x7bef,0x6b6d,0x7bef,0x6b4d,0x6b4d,0x632c,0x632c,0x6b6d,0x5aeb,0x4228,0x52aa,
  0x4228,0x2124,0x2985,0x4a49,0x4a49,0x4208,0x528a,0x3186,0x5acb,0x52aa,0x39c7,0x528a,0x5acb,0x4208,0x3a07,0x630c,
  0x31c6,0x528a,0x39c7,0x31a6,0x4228,0x4228,0x4a49,0x528a,0x4a69,0x4a49,0x39e7,0x4228,0x2965,0x31a6,0x2965,0x3166,
  0x2104,0x2124,0x1903,0x2945,0x2104,0x2104,0x2124,0x2965,0x2124,0x18e3,0x18c3,0x18c3,0x10a2,0x10a2,0x0881,0x1082,
  0x0881,0x1082,0x0861,0x10a2,0x0861,0x0841,0x0841,0x0861,0x0881,0x10a2,0x0841,0x0841,0x0861,0x10a2,0x0881,0x0861,
  0x0861,0x1082,0x0861,0x0861,0x0020,0x0020,0x0841,0x1082,0x10a2,0x10a2,0x1082,0x10a2,0x10c2,0x18c3,0x10a2,0x1082,
  0x10a2,0x18c3,0x10a2,0x18c3,0x10c2,0x2104,0x2104,0x2124,0x1903,0x2104,0x18e3,0x2104,0x2104,0x2104,0x2104,0x2945,
  0x2124,0x2124,0x18e3,0x2104,0x18e3,0x2104,0x18e3,0x2104,0x18e3,0x2104,0x18e3,0x2104,0x18e3,0x18e3,0x18e3,0x2104,
  0x18e3,0x2104,0x18e3,0x2104,0x18e3,0x18e3,0x18e3,0x20e4,0x18e3,0x18e3,0x18e3,0x20e4,0x18e3,0x18e3,0x18e3,0x18e3,
  0x18e3,0x18e3,0x18e3,0x18e3,0x18c3,0x18e3,0x18c3,0x18e3,0x18c3,0x18e3,0x18e3,0x18e3,0x18c3,0x18e3,0x18c3,0x18e3,
  0x10c2,0x18c3,0x18c3,0x18c3,0x10c2,0x18c3,0x18c3,0x18e3,0x18c3,0x18c3,0x10c2,0x18c3,0x10c2,0x18c3,0x18c3,0x18c3,
  0x10c2,0x18c3,0x18c3,0x18c3,0x10a2,0x18c3,0x10a2,0x18c3,0x10a2,0x18c3,0x10a2,0x18c3,0x10a2,0x18c3,0x10a2,0x18c3,
  0x10a2,0x18c3,0x10a2,0x18c3,0x10a2,0x18c3,0x10a2,0x18c3,0x10a2,0x10a2,0x10a2,0x18a3,0x10a2,0x10a2,0x10a2,0x10a2,
  0x10a2,0x10a2,0x10a2,0x10a2,0x10a2,0x10a2,0x10a2,0x10a2,0x1082,0x10a2,0x1082,0x10a2,0x1082,0x10a2,0x1082,0x10a2,
  0x1082,0x1082,0x1082,0x1082,0x0881,0x1082,0x1082,0x1082,0x39e7,0x39c7,0x39c7,0x39c7,0x39e7,0x39c7,0x39e7,0x39e7,
  0x39e7,0x39c7,0x39e7,0x39c7,0x39e7,0x39c7,0x39c7,0x39c7,0x39e7,0x39c7,0x39e7,0x39c7,0x39c7,0x39c7,0x39e7,0x39c7,
  0x39c7,0x39c7,0x39c7,0x39c7,0x39c7,0x39c7,0x39c7,0x39c7,0x39e7,0x39c7,0x39e7,0x39c7,0x39c7,0x39c7,0x39c7,0x39c7,
  0x39c7,0x31c6,0x39c7,0x31a6,0x39c7,0x31c6,0x39c7,0x31a6,0x39c7,0x31c6,0x39c7,0x31a6,0x39c7,0x31a6,0x39c7,0x31a6,
  0x39c7,0x31a6,0x39a7,0x31a6,0x39c7,0x31a6,0x31a6,0x31a6,0x39a7,0x31a6,0x39a7,0x31a6,0x39a7,0x31a6,0x39a7,0x31a6,
  0x31a6,0x31a6,0x39a7,0x31a6,0x39a7,0x31a6,0x39a7,0x31a6,0x39a7,0x31a6,0x39a7,0x31a6,0x39a7,0x3186,0x31a6,0x3186,
  0x31a6,0x3186,0x31a6,0x3186,0x31a6,0x3186,0x39a7,0x31a6,0x31a6,0x31a6,0x31a6,0x3186,0x31a6,0x3186,0x31a6,0x3186,
  0x31a6,0x3186,0x31a6,0x3186,0x3186,0x39c7,0x7bef,0x9492,0x9cd3,0x94b2,0x9cb3,0x9cd3,0x9cf3,0x9cd3,0x9cd3,0x94b2,
  0x94b2,0x9492,0x9492,0x9492,0x9492,0x8c51,0x9492,0x94b2,0x9cd3,0x94b2,0x8c51,0x8430,0x8410,0x7bef,0x8c31,0x738e,
  0x630c,0x634c,0x8410,0x73ae,0x738e,0x6b6d,0x6b2d,0x632c,0x39c7,0x4a49,0x528a,0x4a49,0x4228,0x31a6,0x4208,0x52aa,
  0x5aeb,0x4208,0x526a,0x4a49,0x4a29,0x52ca,0x528a,0x4a69,0x4208,0x4248,0x39e7,0x4228,0x4a49,0x4a69,0x4a49,0x4228,
  0x4208,0x4228,0x41e8,0x2104,0x2945,0x3186,0x2945,0x2124,0x2124,0x2144,0x20e4,0x18e3,0x2945,0x2104,0x2925,0x2124,
  0x2104,0x18e3,0x2925,0x18e3,0x18c3,0x1082,0x1082,0x1082,0x1082,0x0861,0x1082,0x1082,0x1062,0x0841,0x1062,0x0861,
  0x1082,0x1082,0x1082,0x0841,0x1082,0x1082,0x1082,0x0861,0x1082,0x0861,0x1082,0x0861,0x0861,0x0861,0x18a3,0x18c3,
  0x18c3,0x10a2,0x18e3,0x18e3,0x2104,0x18e3,0x18c3,0x10a2,0x18c3,0x18c3,0x18e3,0x18c3,0x18c3,0x18c3,0x2104,0x2104,
  0x2104,0x2104,0x2104,0x2104,0x2124,0x2104,0x2124,0x2124,0x2945,0x2104,0x2104,0x2104,0x2104,0x1903,0x2104,0x2104,
  0x2104,0x1903,0x2104,0x2104,0x2104,0x1903,0x2104,0x18e3,0x2104,0x18e3,0x2104,0x18e3,0x2104,0x18e3,0x2104,0x18e3,
  0x2104,0x18e3,0x2104,0x18e3,0x2104,0x18e3,0x20e4,0x18e3,0x20e4,0x18e3,0x2104,0x18e3,0x20e4,0x18e3,0x20e4,0x18e3,
  0x20e4,0x18e3,0x20e4,0x18e3,0x18e3,0x18c3,0x20e4,0x18e3,0x18e3,0x18c3,0x18e3,0x18c3,0x18e3,0x18c3,0x18e3,0x18c3,
  0x18e3,0x18c3,0x18c3,0x18c3,0x18c3,0x18c3,0x18e3,0x18c3,0x18c3,0x18c3,0x18e3,0x18c3,0x18c3,0x10a2,0x18c3,0x18c3,
  0x18c3,0x10c2,0x18c3,0x10a2,0x18c3,0x10c2,0x18c3,0x18c3,0x18c3,0x10a2,0x18c3,0x10a2,0x18c3,0x10a2,0x18c3,0x10a2,
  0x18c3,0x10a2,0x18c3,0x10a2,0x18c3,0x10a2,0x18a3,0x10a2,0x18a3,0x10a2,0x18a3,0x10a2,0x18a3,0x10a2,0x18a3,0x10a2,
  0x10a2,0x10a2,0x18a3,0x10a2,0x10a2,0x1082,0x10a2,0x1082,0x10a2,0x1082,0x10a2,0x1082,0x10a2,0x1082,0x10a2,0x1082,
  0x39c7,0x39e7,0x39c7,0x39e7,0x39e7,0x39e7,0x39e7,0x39e7,0x39c7,0x39e7,0x39c7,0x39e7,0x39c7,0x39e7,0x31c6,0x39c7,
  0x31c6,0x39c7,0x31c6,0x39c7,0x39c7,0x39c7,0x31c6,0x39c7,0x31a6,0x39c7,0x31c6,0x39c7,0x39c7,0x39c7,0x31c6,0x39c7,
  0x31c6,0x39c7,0x39c7,0x39e7,0x31c6,0x39c7,0x31c6,0x39c7,0x31a6,0x39c7,0x31a6,0x39c7,0x31a6,0x39c7,0x31a6,0x39c7,
  0x31a6,0x39c7,0x31a6,0x39c7,0x31a6,0x39c7,0x31a6,0x31a6,0x31a6,0x39a7,0x31a6,0x31a6,0x31a6,0x31a6,0x3186,0x31a6,
  0x31a6,0x39a7,0x31a6,0x31a6,0x31a6,0x31a6,0x31a6,0x31a6,0x3186,0x31a6,0x31a6,0x31a6,0x31a6,0x31a6,0x3186,0x31a6,
  0x31a6,0x31a6,0x3186,0x31a6,0x31a6,0x31a6,0x3186,0x31a6,0x3186,0x31a6,0x3186,0x31a6,0x3186,0x31a6,0x3186,0x31a6,
  0x3186,0x31a6,0x3186,0x31a6,0x3186,0x3186,0x2985,0x3186,0x3186,0x31a6,0x3186,0x31a6,0x2965,0x39e7,0x7bcf,0x9492,
  0x9492,0x94b2,0x9492,0x9cd3,0x94b2,0x94b2,0x94b2,0x94b2,0x8c91,0x94b2,0x94b2,0x9492,0x9492,0x9492,0x8430,0x8c71,
  0x8450,0x8430,0x738e,0x73ae,0x7bef,0x738e,0x7bef,0x6b6d,0x7bef,0x8410,0x7bef,0x73ae,0x73ae,0x73ae,0x632c,0x632c,
  0x4a49,0x528a,0x4248,0x528a,0x630c,0x5acb,0x4a69,0x52aa,0x5aeb,0x528a,0x52aa,0x4a69,0x5acb,0x62ec,0x4248,0x4a49,
  0x3a07,0x4208,0x39e7,0x4208,0x4248,0x39a7,0x4228,0x4a49,0x31a6,0x4208,0x39c7,0x2965,0x2104,0x2945,0x2104,0x2945,
  0x2104,0x2124,0x18c3,0x18e3,0x1903,0x2124,0x2124,0x2124,0x18e3,0x20e4,0x2124,0x18e3,0x1082,0x1082,0x0861,0x0861,
  0x0861,0x1062,0x0861,0x1082,0x0861,0x0861,0x0861,0x1082,0x0861,0x1082,0x0861,0x0861,0x0861,0x1062,0x0861,0x1082,
  0x0861,0x0841,0x0841,0x0861,0x0861,0x10a2,0x10c2,0x18e3,0x10a2,0x18c3,0x10c2,0x18c3,0x10c2,0x18c3,0x10c2,0x18e3,
  0x18e3,0x2104,0x18e3,0x18e3,0x18c3,0x18e3,0x18e3,0x2104,0x1903,0x2124,0x2104,0x2124,0x2104,0x2104,0x1903,0x2124,
  0x2124,0x2104,0x1903,0x2104,0x2104,0x2104,0x18e3,0x2104,0x18e3,0x2104,0x18e3,0x2104,0x1903,0x2104,0x18e3,0x2104,
  0x18e3,0x20e4,0x18e3,0x2104,0x18e3,0x20e4,0x18e3,0x18e3,0x18e3,0x20e4,0x18e3,0x18e3,0x18e3,0x20e4,0x18e3,0x18e3,
  0x18e3,0x18e3,0x18e3,0x18e3,0x18e3,0x18e3,0x18e3,0x18e3,0x18e3,0x18e3,0x18c3,0x18e3,0x18c3,0x18e3,0x18c3,0x18e3,
  0x18c3,0x18c3,0x10c2,0x18c3,0x18c3,0x18c3,0x10c2,0x18e3,0x18c3,0x18c3,0x10c2,0x18c3,0x10c2,0x18c3,0x10c2,0x18c3,
  0x10c2,0x18c3,0x10c2,0x18c3,0x10a2,0x18c3,0x10a2,0x18c3,0x10a2,0x18c3,0x10a2,0x18c3,0x10a2,0x18c3,0x10a2,0x18c3,
  0x10a2,0x18c3,0x10a2,0x18c3,0x10a2,0x18c3,0x10a2,0x18c3,0x10a2,0x18a3,0x10a2,0x10a2,0x10a2,0x18a3,0x10a2,0x10a2,
  0x10a2,0x10a2,0x10a2,0x10a2,0x10a2,0x10a2,0x10a2,0x10a2,0x1082,0x10a2,0x1082,0x10a2,0x1082,0x10a2,0x1082,0x10a2,
  0x1082,0x1082,0x0881,0x1082,0x1082,0x1082,0x0881,0x1082,0x39e7,0x39c7,0x39e7,0x39e7,0x41e8,0x39e7,0x41e8,0x39c7,
  0x39e7,0x39c7,0x39e7,0x39c7,0x39e7,0x39c7,0x39e7,0x39c7,0x39c7,0x39c7,0x39c7,0x39c7,0x39e7,0x39c7,0x39c7,0x31c6,
  0x39c7,0x39c7,0x39c7,0x39c7,0x39e7,0x39c7,0x39c7,0x31c6,0x39c7,0x39c7,0x39c7,0x31c6,0x39c7,0x39c7,0x39c7,0x31c6,
  0x39c7,0x31a6,0x39c7,0x31a6,0x39c7,0x31a6,0x39c7,0x31a6,0x39c7,0x31a6,0x39c7,0x31a6,0x39c7,0x31a6,0x39c7,0x31a6,
  0x39c7,0x31a6,0x39a7,0x31a6,0x39c7,0x31a6,0x39c7,0x31a6,0x39a7,0x31a6,0x39a7,0x31a6,0x39a7,0x31a6,0x39a7,0x31a6,
  0x39a7,0x31a6,0x39a7,0x31a6,0x39a7,0x31a6,0x31a6,0x31a6,0x39a7,0x3186,0x31a6,0x31a6,0x39a7,0x3186,0x31a6,0x3186,
  0x31a6,0x3186,0x31a6,0x3186,0x31a6,0x3186,0x31a6,0x3186,0x31a6,0x3186,0x31a6,0x3186,0x31a6,0x3186,0x31a6,0x3186,
  0x31a6,0x3186,0x31a6,0x3186,0x3186,0x39e7,0x8410,0x8c91,0x94b2,0x9492,0x94b2,0x94b2,0x9cb3,0x94b2,0x9cd3,0x94b2,
  0x9492,0x9492,0x9cd3,0x8c71,0x8430,0x8430,0x8c51,0x9492,0x9472,0x7bef,0x738e,0x738e,0x83f0,0x6b6d,0x7bcf,0x6b4d,
  0x7bcf,0x73ae,0x73ae,0x7bcf,0x8430,0x73ae,0x632c,0x6b6d,0x7baf,0x630c,0x528a,0x4228,0x5acb,0x5aeb,0x4a29,0x31a6,
  0x4208,0x5aeb,0x5acb,0x528a,0x5aeb,0x4208,0x3186,0x4a89,0x4208,0x4228,0x4a49,0x4228,0x4a69,0x31a6,0x4208,0x4228,
  0x41e8,0x31a6,0x3186,0x2124,0x3186,0x18e3,0x2945,0x2945,0x2945,0x18e3,0x2104,0x2124,0x20e4,0x2104,0x2925,0x2124,
  0x2124,0x18e3,0x18e3,0x10a2,0x1082,0x0861,0x0861,0x0881,0x10a2,0x1082,0x1082,0x1082,0x1062,0x0861,0x10a2,0x1082,
  0x1082,0x0861,0x0861,0x0861,0x1062,0x0861,0x0861,0x0861,0x1082,0x0841,0x1062,0x1082,0x18a3,0x10a2,0x18c3,0x10c2,
  0x18c3,0x10a2,0x10a2,0x1082,0x18a3,0x18c3,0x18e3,0x18e3,0x2104,0x18e3,0x20e4,0x18e3,0x20e4,0x18e3,0x20e4,0x18e3,
  0x2124,0x2124,0x2925,0x2124,0x2124,0x2104,0x2124,0x2124,0x2925,0x2104,0x2104,0x18e3,0x2104,0x2104,0x2104,0x1903,
  0x2104,0x2104,0x2104,0x1903,0x2104,0x2104,0x2104,0x1903,0x2104,0x2104,0x2104,0x18e3,0x2104,0x18e3,0x2104,0x18e3,
  0x2104,0x18e3,0x2104,0x18e3,0x2104,0x18e3,0x20e4,0x18e3,0x20e4,0x18e3,0x20e4,0x18e3,0x2104,0x18e3,0x20e4,0x18e3,
  0x20e4,0x18c3,0x18e3,0x18c3,0x18e3,0x18c3,0x18e3,0x18c3,0x18e3,0x18c3,0x18e3,0x18c3,0x18e3,0x18c3,0x18e3,0x18c3,
  0x18e3,0x18c3,0x18c3,0x18c3,0x18c3,0x18c3,0x18e3,0x18c3,0x18c3,0x18c3,0x18e3,0x18c3,0x18c3,0x10a2,0x18c3,0x10c2,
  0x18c3,0x18c3,0x18c3,0x10a2,0x18c3,0x18c3,0x18c3,0x10c2,0x18c3,0x10a2,0x18c3,0x10a2,0x18c3,0x10a2,0x18c3,0x10a2,
  0x18c3,0x10a2,0x18c3,0x10a2,0x18c3,0x10a2,0x18a3,0x10a2,0x18a3,0x10a2,0x18a3,0x10a2,0x18a3,0x10a2,0x18a3,0x10a2,
  0x18a3,0x10a2,0x10a2,0x10a2,0x18a3,0x1082,0x10a2,0x1082,0x10a2,0x1082,0x10a2,0x1082,0x10a2,0x1082,0x10a2,0x1082,
  0x31c6,0x39e7,0x39c7,0x39e7,0x39c7,0x39e7,0x39c7,0x39e7,0x39c7,0x39e7,0x39c7,0x39c7,0x31c6,0x39c7,0x39c7,0x39e7,
  0x31c6,0x39c7,0x31c6,0x39c7,0x31c6,0x39e7,0x39c7,0x39c7,0x31c6,0x39c7,0x39c7,0x39e7,0x39c7,0x39e7,0x39c7,0x39c7,
  0x31a6,0x39c7,0x31a6,0x39c7,0x31c6,0x39c7,0x31c6,0x39c7,0x31a6,0x39c7,0x31a6,0x39a7,0x31a6,0x39c7,0x31a6,0x39c7,
  0x31a6,0x39c7,0x31a6,0x39c7,0x31a6,0x39c7,0x31a6,0x39a7,0x31a6,0x31a6,0x31a6,0x39a7,0x31a6,0x39c7,0x31a6,0x39c7,
  0x31a6,0x31a6,0x31a6,0x31a6,0x31a6,0x31a6,0x31a6,0x39a7,0x3186,0x31a6,0x31a6,0x31a6,0x31a6,0x31a6,0x3186,0x31a6,
  0x3186,0x3186,0x3186,0x31a6,0x3186,0x3186,0x3186,0x31a6,0x3186,0x31a6,0x3186,0x31a6,0x3186,0x31a6,0x3186,0x31a6,
  0x3186,0x31a6,0x3186,0x31a6,0x2985,0x31a6,0x3186,0x3186,0x2985,0x3186,0x3186,0x3186,0x2985,0x4228,0x8410,0x9492,
  0x8c91,0x94b2,0x94b2,0x9cd3,0x9492,0x94b2,0x94d2,0x9cb3,0x8c71,0x8c71,0x8c91,0x9492,0x8c71,0x8c71,0x8410,0x8c51,
  0x8c71,0x8c71,0x73ae,0x6b2d,0x73ae,0x7bef,0x7bef,0x7bcf,0x73ae,0x73ae,0x6b8d,0x8410,0x8430,0x73ae,0x630c,0x738e,
  0x6b4d,0x4a69,0x4a69,0x4a49,0x31a6,0x52aa,0x4a69,0x39e7,0x31c6,0x4a49,0x39e7,0x4228,0x4a69,0x4208,0x31a6,0x39e7,
  0x3a07,0x4208,0x4248,0x4a49,0x39e7,0x39e7,0x39e7,0x3166,0x3186,0x39e7,0x18c3,0x2945,0x2144,0x2124,0x2124,0x2124,
  0x2124,0x2104,0x2104,0x2124,0x1903,0x2104,0x1903,0x2104,0x2104,0x2104,0x10a2,0x10a2,0x0861,0x0861,0x0861,0x1082,
  0x1082,0x10a2,0x0861,0x1082,0x0861,0x0861,0x1082,0x1082,0x0841,0x0861,0x0040,0x0861,0x0861,0x0841,0x0841,0x0861,
  0x0841,0x0861,0x0881,0x18a3,0x18c3,0x18e3,0x18c3,0x18c3,0x10a2,0x18c3,0x10a2,0x18a3,0x10a2,0x18c3,0x18c3,0x18e3,
  0x10c2,0x18c3,0x10a2,0x10a2,0x10a2,0x18e3,0x18e3,0x2104,0x1903,0x2124,0x2104,0x2124,0x1903,0x2124,0x2124,0x2124,
  0x2104,0x2104,0x18e3,0x2104,0x18e3,0x2104,0x18e3,0x2104,0x18e3,0x2104,0x18e3,0x2104,0x18e3,0x18e3,0x18e3,0x2104,
  0x18e3,0x2104,0x1903,0x2104,0x18e3,0x18e3,0x18e3,0x20e4,0x18e3,0x18e3,0x18e3,0x20e4,0x18e3,0x18e3,0x18e3,0x18e3,
  0x18e3,0x18e3,0x18c3,0x18e3,0x18e3,0x18e3,0x18c3,0x18e3,0x18c3,0x18c3,0x18c3,0x18e3,0x18c3,0x18c3,0x10c2,0x18c3,
  0x10c2,0x18c3,0x18c3,0x18c3,0x10c2,0x18c3,0x18c3,0x18e3,0x18c3,0x18c3,0x10c2,0x18c3,0x10c2,0x18c3,0x18c3,0x18c3,
  0x10c2,0x18c3,0x18c3,0x18c3,0x10a2,0x18c3,0x10a2,0x18c3,0x10a2,0x18c3,0x10a2,0x18c3,0x10a2,0x18c3,0x10a2,0x18c3,
  0x10a2,0x18c3,0x10a2,0x18c3,0x10a2,0x18c3,0x10a2,0x18c3,0x10a2,0x10a2,0x10a2,0x18a3,0x10a2,0x10a2,0x10a2,0x10a2,
  0x10a2,0x10a2,0x10a2,0x10a2,0x10a2,0x10a2,0x10a2,0x10a2,0x1082,0x10a2,0x1082,0x10a2,0x1082,0x10a2,0x1082,0x10a2,
  0x1082,0x1082,0x1082,0x1082,0x0881,0x1082,0x1082,0x1082,0x41e8,0x39e7,0x4208,0x39e7,0x4208,0x39e7,0x39e7,0x39c7,
  0x39e7,0x39c7,0x39e7,0x39c7,0x39e7,0x39c7,0x39c7,0x39c7,0x39e7,0x39c7,0x39e7,0x39c7,0x39c7,0x39c7,0x39e7,0x39c7,
  0x39e7,0x39c7,0x39e7,0x39c7,0x39e7,0x39e7,0x39e7,0x39c7,0x39c7,0x39c7,0x39e7,0x39c7,0x39e7,0x39c7,0x39e7,0x39c7,
  0x39c7,0x39c7,0x39c7,0x39c7,0x39c7,0x39c7,0x39c7,0x39c7,0x39c7,0x39c7,0x39c7,0x31a6,0x39c7,0x31a6,0x39c7,0x31a6,
  0x39c7,0x31a6,0x39c7,0x31a6,0x39c7,0x31a6,0x39c7,0x39c7,0x39c7,0x31a6,0x39a7,0x31a6,0x39a7,0x31a6,0x39a7,0x31a6,
  0x31a6,0x31a6,0x39a7,0x31a6,0x39a7,0x31a6,0x39a7,0x31a6,0x31a6,0x3186,0x31a6,0x31a6,0x39a7,0x3186,0x31a6,0x3186,
  0x31a6,0x3186,0x31a6,0x3186,0x31a6,0x3186,0x31a6,0x3186,0x31a6,0x3186,0x31a6,0x3186,0x31a6,0x31a6,0x39a7,0x3186,
  0x31a6,0x3186,0x31a6,0x3186,0x31a6,0x4248,0x8c51,0x9492,0x94b2,0x94b2,0x9cd3,0x9492,0x94b2,0x9492,0x9cb3,0x94b2,
  0x94b2,0x8c91,0x9492,0x8c51,0x8c51,0x8c51,0x9cb3,0x9492,0x8c71,0x8410,0x7bcf,0x7bcf,0x8c31,0x8450,0x8410,0x8410,
  0x83f0,0x8430,0x738e,0x6b6d,0x7baf,0x7c0f,0x8410,0x7bcf,0x738e,0x5acb,0x5aeb,0x528a,0x2945,0x39e7,0x3186,0x2945,
  0x39a7,0x39c7,0x39a7,0x4208,0x4a49,0x4208,0x39e7,0x39c7,0x4208,0x39e7,0x4a49,0x52aa,0x39c7,0x39e7,0x31a6,0x31a6,
  0x2965,0x3186,0x31a6,0x3186,0x2945,0x2124,0x2124,0x18e3,0x2925,0x18e3,0x2104,0x18c3,0x2124,0x2104,0x20e4,0x18c3,
  0x18e3,0x18e3,0x18c3,0x10a2,0x10a2,0x0881,0x1082,0x1082,0x1082,0x0861,0x1062,0x0861,0x0861,0x0841,0x1082,0x0861,
  0x0861,0x0841,0x0861,0x0861,0x1062,0x0841,0x1062,0x0861,0x1062,0x1082,0x10a2,0x18c3,0x20e4,0x18e3,0x20e4,0x18c3,
  0x18a3,0x10a2,0x18c3,0x18c3,0x18e3,0x18c3,0x18c3,0x18c3,0x18c3,0x10a2,0x18c3,0x10a2,0x18e3,0x18e3,0x2104,0x18e3,
  0x2104,0x1903,0x2124,0x2104,0x2124,0x2104,0x2925,0x2104,0x2104,0x2104,0x2104,0x18e3,0x2104,0x1903,0x2104,0x2104,
  0x2104,0x1903,0x2104,0x2104,0x2104,0x18e3,0x2104,0x18e3,0x2104,0x1903,0x2104,0x18e3,0x2104,0x18e3,0x2104,0x18e3,
  0x2104,0x18e3,0x2104,0x18e3,0x2104,0x18e3,0x20e4,0x18e3,0x20e4,0x18e3,0x20e4,0x18e3,0x20e4,0x18e3,0x20e4,0x18e3,
  0x18e3,0x18c3,0x18e3,0x18e3,0x18e3,0x18c3,0x18e3,0x18c3,0x18e3,0x18c3,0x18e3,0x18c3,0x18e3,0x18c3,0x18e3,0x18c3,
  0x18e3,0x18c3,0x18c3,0x18c3,0x18c3,0x18c3,0x18e3,0x18c3,0x18c3,0x18c3,0x18e3,0x18c3,0x18c3,0x10a2,0x18c3,0x18c3,
  0x18c3,0x10c2,0x18c3,0x10a2,0x18c3,0x10c2,0x18c3,0x18c3,0x18c3,0x10a2,0x18c3,0x10a2,0x18c3,0x10a2,0x18c3,0x10a2,
  0x18c3,0x10a2,0x18c3,0x10a2,0x18c3,0x10a2,0x18a3,0x10a2,0x18a3,0x10a2,0x18a3,0x10a2,0x18a3,0x10a2,0x18a3,0x10a2,
  0x10a2,0x10a2,0x18a3,0x10a2,0x10a2,0x1082,0x10a2,0x1082,0x10a2,0x1082,0x10a2,0x1082,0x10a2,0x1082,0x10a2,0x1082,
  0x39e7,0x39e7,0x39e7,0x39e7,0x39c7,0x39c7,0x31c6,0x39c7,0x31a6,0x39c7,0x31c6,0x39c7,0x39c7,0x39e7,0x31c6,0x39c7,
  0x39c7,0x39e7,0x39c7,0x39c7,0x31c6,0x39c7,0x31a6,0x39c7,0x39c7,0x39e7,0x31c6,0x39c7,0x31a6,0x39c7,0x31a6,0x39c7,
  0x31a6,0x39c7,0x31c6,0x39e7,0x31c6,0x39c7,0x31c6,0x39c7,0x31a6,0x39c7,0x31a6,0x31a6,0x31a6,0x39c7,0x31a6,0x39c7,
  0x31a6,0x39c7,0x31a6,0x39c7,0x31a6,0x39c7,0x31a6,0x31a6,0x31a6,0x39a7,0x31a6,0x31a6,0x31a6,0x39c7,0x31a6,0x39c7,
  0x31a6,0x39a7,0x31a6,0x31a6,0x31a6,0x31a6,0x31a6,0x31a6,0x3186,0x31a6,0x31a6,0x31a6,0x31a6,0x31a6,0x3186,0x39c7,
  0x31a6,0x31a6,0x31a6,0x31a6,0x31a6,0x31a6,0x3186,0x31a6,0x3186,0x31a6,0x3186,0x31a6,0x3186,0x31a6,0x3186,0x31a6,
  0x3186,0x3186,0x2985,0x3186,0x2985,0x31a6,0x2985,0x3186,0x3186,0x31a6,0x3186,0x31a6,0x31a6,0x4a69,0x8430,0x94b2,
  0x9492,0x9cb3,0x94b2,0x94b2,0x94b2,0x94b2,0x8c71,0x9492,0x9492,0x8c51,0x8c71,0x9cd3,0x9492,0x8c51,0x8430,0x7bef,
  0x7bcf,0x8c31,0x7c0f,0x8c71,0x8c91,0x8c51,0x73ce,0x7bef,0x8430,0x8c31,0x6b6d,0x73ae,0x73ae,0x73ae,0x6b6d,0x738e,
  0x7bef,0x6b4d,0x630c,0x632c,0x3a07,0x41e8,0x2124,0x2104,0x39e7,0x2965,0x31c6,0x4a69,0x2965,0x39e7,0x2965,0x3186,
  0x2124,0x3186,0x39e7,0x4a69,0x4248,0x3186,0x2124,0x39c7,0x2144,0x3186,0x2985,0x2124,0x2124,0x20e4,0x2104,0x2104,
  0x2124,0x18a3,0x18e3,0x18e3,0x18c3,0x2104,0x18c3,0x10a2,0x10a2,0x18c3,0x1082,0x10a2,0x1082,0x1082,0x0861,0x1082,
  0x0861,0x1062,0x0841,0x0861,0x0861,0x0861,0x0861,0x0861,0x0841,0x0861,0x0841,0x0861,0x0841,0x0861,0x0881,0x10a2,
  0x1082,0x18c3,0x0881,0x1082,0x10a2,0x18c3,0x10a2,0x1082,0x18c3,0x18a3,0x1082,0x10a2,0x18c3,0x18e3,0x10c2,0x18e3,
  0x18c3,0x18c3,0x10c2,0x18c3,0x18c3,0x18e3,0x18e3,0x18e3,0x18e3,0x18e3,0x18e3,0x2104,0x2124,0x2124,0x2104,0x2104,
  0x1903,0x2104,0x1903,0x2104,0x18e3,0x2104,0x18e3,0x2104,0x18e3,0x2104,0x18e3,0x2104,0x18e3,0x2104,0x18e3,0x2104,
  0x18e3,0x20e4,0x18e3,0x2104,0x18e3,0x20e4,0x18e3,0x18e3,0x18e3,0x20e4,0x18e3,0x18e3,0x18e3,0x20e4,0x18e3,0x18e3,
  0x18e3,0x18e3,0x18e3,0x18e3,0x18e3,0x2104,0x18e3,0x18e3,0x18c3,0x18c3,0x18c3,0x18e3,0x18c3,0x18e3,0x10c2,0x18c3,
  0x18c3,0x18c3,0x10c2,0x18c3,0x18c3,0x18c3,0x10c2,0x18e3,0x18c3,0x18c3,0x10c2,0x18c3,0x10c2,0x18c3,0x10c2,0x18c3,
  0x10c2,0x18c3,0x10c2,0x18c3,0x10a2,0x18c3,0x10a2,0x18c3,0x10a2,0x18c3,0x10a2,0x18c3,0x10a2,0x18c3,0x10a2,0x18c3,
  0x10a2,0x18c3,0x10a2,0x18c3,0x10a2,0x18c3,0x10a2,0x18c3,0x10a2,0x18a3,0x10a2,0x10a2,0x10a2,0x18a3,0x10a2,0x10a2,
  0x10a2,0x10a2,0x10a2,0x10a2,0x10a2,0x10a2,0x10a2,0x10a2,0x1082,0x10a2,0x1082,0x10a2,0x1082,0x10a2,0x1082,0x10a2,
  0x1082,0x1082,0x0881,0x1082,0x1082,0x1082,0x0881,0x1082,0x41e8,0x39e7,0x39e7,0x39e7,0x41e8,0x39c7,0x39e7,0x39e7,
  0x41e8,0x39e7,0x39e7,0x39c7,0x39e7,0x39c7,0x39e7,0x39c7,0x39e7,0x39c7,0x39e7,0x39c7,0x39e7,0x39c7,0x39e7,0x39c7,
  0x39e7,0x39c7,0x39e7,0x39c7,0x41e8,0x39c7,0x39c7,0x39c7,0x39c7,0x39c7,0x39e7,0x39c7,0x39e7,0x39c7,0x39c7,0x31a6,
  0x39c7,0x39c7,0x39c7,0x39c7,0x39e7,0x39c7,0x39c7,0x31a6,0x39c7,0x39c7,0x39c7,0x31a6,0x39c7,0x31a6,0x39c7,0x31a6,
  0x39c7,0x39c7,0x39c7,0x31a6,0x39c7,0x31a6,0x39c7,0x31a6,0x39c7,0x39c7,0x39c7,0x31a6,0x39a7,0x31a6,0x39a7,0x31a6,
  0x39c7,0x31a6,0x39a7,0x31a6,0x39c7,0x31a6,0x31a6,0x31a6,0x39a7,0x3186,0x31a6,0x31a6,0x39c7,0x31a6,0x39a7,0x31a6,
  0x39a7,0x3186,0x31a6,0x3186,0x31a6,0x3186,0x31a6,0x3186,0x31a6,0x3186,0x31a6,0x3186,0x31a6,0x31a6,0x31a6,0x31a6,
  0x31a6,0x3186,0x31a6,0x3186,0x3186,0x4a49,0x8c71,0x94b2,0x94b2,0x94b2,0x9cd3,0x9cd3,0x9cd3,0x9cd3,0x9cd3,0x9492,
  0x9cb3,0x9492,0x8c71,0x8c91,0x9cb3,0x8c71,0x8c71,0x7bef,0x8410,0x8c51,0x8430,0x8430,0x8c71,0x8430,0x7bcf,0x73ae,
  0x83f0,0x8410,0x73ae,0x738e,0x8410,0x7bef,0x738e,0x630c,0x6b4d,0x6b6d,0x6b4d,0x634c,0x5aab,0x4a69,0x62ec,0x52aa,
  0x4208,0x2945,0x31a6,0x31a6,0x2945,0x3186,0x3186,0x1903,0x31a6,0x39c7,0x31a6,0x39e7,0x39c7,0x31a6,0x3166,0x3186,
  0x2945,0x2104,0x2104,0x10a2,0x2104,0x18c3,0x2104,0x18e3,0x2104,0x1082,0x18c3,0x10a2,0x18e3,0x10a2,0x10a2,0x10a2,
  0x18a3,0x1082,0x0861,0x1082,0x1082,0x0841,0x1062,0x1082,0x1082,0x0861,0x0861,0x0861,0x1082,0x0861,0x0861,0x0040,
  0x0861,0x0861,0x0861,0x0040,0x0841,0x0861,0x10a2,0x10a2,0x18c3,0x10a2,0x18c3,0x10a2,0x18c3,0x18c3,0x18e3,0x18c3,
  0x18c3,0x18c3,0x18e3,0x18e3,0x2104,0x18e3,0x2104,0x18e3,0x18e3,0x18c3,0x18e3,0x18e3,0x18e3,0x18c3,0x20e4,0x18e3,
  0x2104,0x18e3,0x2104,0x2104,0x2925,0x2104,0x2104,0x2104,0x2124,0x2104,0x2104,0x1903,0x2104,0x2104,0x2124,0x2104,
  0x2104,0x2104,0x2104,0x2104,0x2104,0x18e3,0x2104,0x18e3,0x2104,0x18e3,0x2104,0x1903,0x2104,0x18e3,0x2104,0x18e3,
  0x2104,0x18e3,0x2104,0x18e3,0x2104,0x18e3,0x20e4,0x18e3,0x20e4,0x18e3,0x18e3,0x18e3,0x20e4,0x18e3,0x18e3,0x18c3,
  0x20e4,0x18c3,0x18e3,0x18c3,0x20e4,0x18e3,0x18e3,0x18e3,0x20e4,0x18c3,0x18e3,0x18c3,0x18e3,0x18c3,0x18e3,0x18c3,
  0x18e3,0x18c3,0x18e3,0x18c3,0x18c3,0x18c3,0x18c3,0x18c3,0x18c3,0x18c3,0x18c3,0x10c2,0x18c3,0x18c3,0x18c3,0x18c3,
  0x18c3,0x18c3,0x18c3,0x10c2,0x18c3,0x18c3,0x18c3,0x10c2,0x18c3,0x10a2,0x18c3,0x10a2,0x18c3,0x10a2,0x18c3,0x10a2,
  0x18c3,0x10a2,0x18c3,0x10a2,0x18c3,0x10a2,0x18c3,0x10a2,0x18a3,0x10a2,0x10a2,0x10a2,0x18a3,0x10a2,0x10a2,0x10a2,
  0x18a3,0x10a2,0x10a2,0x10a2,0x18a3,0x1082,0x10a2,0x1082,0x10a2,0x1082,0x10a2,0x1082,0x10a2,0x1082,0x10a2,0x1082,
  0x39e7,0x39e7,0x39c7,0x39e7,0x39c7,0x39e7,0x39c7,0x39e7,0x39c7,0x39e7,0x39c7,0x39e7,0x39c7,0x39e7,0x39c7,0x39e7,
  0x39c7,0x39e7,0x39c7,0x39e7,0x31c6,0x39c7,0x39c7,0x39e7,0x31c6,0x39c7,0x31c6,0x39e7,0x39c7,0x39c7,0x39c7,0x39c7,
  0x31c6,0x39c7,0x39c7,0x39c7,0x39c7,0x39e7,0x31c6,0x39c7,0x31a6,0x39c7,0x31a6,0x39e7,0x31c6,0x39c7,0x31a6,0x39a7,
  0x31a6,0x39c7,0x31a6,0x39c7,0x31a6,0x39c7,0x31a6,0x39a7,0x31a6,0x31a6,0x31a6,0x39c7,0x31a6,0x31a6,0x31a6,0x39a7,
  0x31a6,0x31a6,0x31a6,0x31a6,0x3186,0x31a6,0x3186,0x31a6,0x31a6,0x31a6,0x31a6,0x31a6,0x31a6,0x31a6,0x3186,0x31a6,
  0x3186,0x31a6,0x31a6,0x31a6,0x31a6,0x31a6,0x3186,0x31a6,0x3186,0x31a6,0x3186,0x3186,0x2985,0x3186,0x3186,0x31a6,
  0x3186,0x31a6,0x3186,0x31a6,0x3186,0x31a6,0x3186,0x31a6,0x3186,0x3186,0x3186,0x3186,0x2985,0x4a69,0x8450,0x9492,
  0x8c91,0x94b2,0x94d2,0x9cd3,0x94b2,0x9cd3,0x9cd3,0x9cd3,0x94d2,0x9cd3,0x8430,0x9492,0x94b2,0x8c51,0x8c51,0x8c51,
  0x7c0f,0x7bef,0x7bef,0x8c51,0x8430,0x8410,0x7bef,0x7bcf,0x73ae,0x8410,0x73ae,0x6b6d,0x73ae,0x8410,0x73ce,0x736e,
  0x7bcf,0x73ae,0x630c,0x6b6d,0x528a,0x4208,0x3a07,0x4a69,0x39c7,0x31a6,0x2104,0x39c7,0x2985,0x2945,0x18e3,0x3186,
  0x39e7,0x2104,0x2965,0x2104,0x3186,0x31a6,0x2144,0x2965,0x18e3,0x18c3,0x18e3,0x18c3,0x10a2,0x10a2,0x10a2,0x10a2,
  0x18e3,0x10a2,0x18c3,0x18c3,0x1082,0x10a2,0x1082,0x10a2,0x0881,0x1082,0x0040,0x10a2,0x1082,0x0861,0x0861,0x1082,
  0x0861,0x0841,0x0040,0x0861,0x0861,0x0861,0x0040,0x0841,0x0841,0x0861,0x0841,0x0841,0x0841,0x1082,0x0861,0x1082,
  0x10a2,0x2104,0x18e3,0x18c3,0x10a2,0x18c3,0x18c3,0x20e4,0x10a2,0x10a2,0x10a2,0x10a2,0x1082,0x18c3,0x18c3,0x18e3,
  0x18c3,0x18e3,0x18e3,0x18e3,0x10c2,0x18e3,0x18e3,0x20e4,0x18e3,0x2104,0x1903,0x2104,0x2104,0x2124,0x2104,0x2124,
  0x2104,0x2104,0x1903,0x2104,0x18e3,0x2104,0x1903,0x2104,0x18e3,0x2104,0x18e3,0x2104,0x18e3,0x2104,0x18e3,0x2104,
  0x18e3,0x2104,0x18e3,0x2104,0x18e3,0x2104,0x18e3,0x20e4,0x18e3,0x2104,0x18e3,0x2104,0x18e3,0x18e3,0x18e3,0x18e3,
  0x18e3,0x18e3,0x18e3,0x18e3,0x18c3,0x18e3,0x18c3,0x18e3,0x18c3,0x18c3,0x18c3,0x18e3,0x18c3,0x18e3,0x18c3,0x18e3,
  0x18c3,0x18e3,0x18c3,0x18e3,0x18c3,0x18c3,0x18c3,0x18c3,0x10c2,0x18e3,0x18c3,0x18c3,0x10c2,0x18c3,0x10c2,0x18c3,
  0x10c2,0x18c3,0x10a2,0x18c3,0x10a2,0x18c3,0x10c2,0x18c3,0x10c2,0x18c3,0x10a2,0x18c3,0x10a2,0x18c3,0x10a2,0x18c3,
  0x10a2,0x18c3,0x10a2,0x18c3,0x10a2,0x18c3,0x10a2,0x18c3,0x10a2,0x10a2,0x10a2,0x18a3,0x10a2,0x10a2,0x10a2,0x10a2,
  0x10a2,0x10a2,0x10a2,0x10a2,0x1082,0x10a2,0x1082,0x10a2,0x1082,0x10a2,0x1082,0x10a2,0x1082,0x10a2,0x1082,0x10a2,
  0x1082,0x10a2,0x1082,0x10a2,0x0881,0x1082,0x1082,0x1082,0x41e8,0x39e7,0x41e8,0x39e7,0x39e7,0x39e7,0x41e8,0x39c7,
  0x39e7,0x39c7,0x39e7,0x39c7,0x39e7,0x39e7,0x39e7,0x39c7,0x39e7,0x39c7,0x39e7,0x39c7,0x39e7,0x39c7,0x39e7,0x39c7,
  0x39e7,0x39c7,0x39c7,0x39c7,0x39e7,0x39c7,0x39c7,0x39c7,0x39c7,0x39c7,0x39c7,0x39c7,0x39e7,0x39c7,0x39c7,0x39c7,
  0x39c7,0x31c6,0x39c7,0x31a6,0x39c7,0x31a6,0x39c7,0x31a6,0x39c7,0x31a6,0x39c7,0x39c7,0x39c7,0x31a6,0x39c7,0x31a6,
  0x39a7,0x31a6,0x39c7,0x31a6,0x39c7,0x31a6,0x39c7,0x31a6,0x39c7,0x31a6,0x39a7,0x31a6,0x39a7,0x31a6,0x39a7,0x31a6,
  0x39c7,0x31a6,0x39a7,0x31a6,0x39c7,0x31a6,0x39a7,0x31a6,0x39a7,0x31a6,0x39a7,0x31a6,0x31a6,0x31a6,0x31a6,0x3186,
  0x31a6,0x3186,0x31a6,0x3186,0x31a6,0x3186,0x31a6,0x3186,0x31a6,0x3186,0x31a6,0x3186,0x31a6,0x3186,0x31a6,0x3186,
  0x31a6,0x3186,0x31a6,0x3186,0x31a6,0x4a69,0x8c51,0x8c71,0x9492,0x9492,0x9cd3,0x9cd3,0x9cb3,0x94d2,0x9cf3,0x9cd3,
  0xa4f4,0x9cd3,0x9492,0x8c71,0x8c51,0x738e,0x7bef,0x8c51,0x9492,0x8c51,0x8c51,0x8c71,0x9472,0x8430,0x8430,0x7bef,
  0x738e,0x6b4d,0x7bcf,0x7bcf,0x7bef,0x8c51,0x8c51,0x8430,0x8410,0x738e,0x632c,0x6b4d,0x62ec,0x630c,0x5acb,0x5aeb,
  0x528a,0x39e7,0x4a49,0x2965,0x18c3,0x2144,0x39c7,0x3186,0x2104,0x18e3,0x2124,0x2104,0x2965,0x2124,0x2925,0x2124,
  0x18a3,0x10a2,0x18c3,0x10a2,0x1062,0x10a2,0x1082,0x1082,0x18e3,0x18c3,0x20e4,0x18c3,0x1062,0x0881,0x1082,0x1082,
  0x1062,0x0861,0x0861,0x1082,0x1082,0x0861,0x1062,0x0841,0x0861,0x0040,0x0841,0x0841,0x0861,0x0841,0x0841,0x0841,
  0x0861,0x0861,0x0841,0x0841,0x1082,0x0881,0x1082,0x1082,0x18a3,0x10c2,0x20e4,0x2104,0x2104,0x18e3,0x18a3,0x1082,
  0x18a3,0x10a2,0x18a3,0x1082,0x10a2,0x10a2,0x18c3,0x18c3,0x20e4,0x1903,0x2104,0x18e3,0x18e3,0x18e3,0x2104,0x18e3,
  0x2104,0x2104,0x2124,0x2104,0x2124,0x2104,0x2124,0x2124,0x2124,0x2104,0x2104,0x2104,0x2104,0x1903,0x2104,0x2104,
  0x2104,0x1903,0x2104,0x18e3,0x2104,0x18e3,0x2104,0x18e3,0x2104,0x18e3,0x2104,0x2104,0x2104,0x18e3,0x2104,0x18e3,
  0x2104,0x18e3,0x2104,0x18e3,0x2104,0x18e3,0x20e4,0x18e3,0x20e4,0x18e3,0x2104,0x18e3,0x20e4,0x18e3,0x20e4,0x18e3,
  0x18e3,0x18c3,0x18e3,0x18c3,0x18e3,0x18c3,0x18e3,0x18c3,0x18e3,0x18c3,0x18e3,0x18c3,0x18e3,0x18c3,0x18e3,0x18c3,
  0x18e3,0x18c3,0x18e3,0x18c3,0x18c3,0x18c3,0x18c3,0x18c3,0x18c3,0x18c3,0x18c3,0x18c3,0x18c3,0x10c2,0x18c3,0x18c3,
  0x18c3,0x10c2,0x18c3,0x18c3,0x18c3,0x10c2,0x18c3,0x18c3,0x18c3,0x10a2,0x18c3,0x10a2,0x18c3,0x10a2,0x18c3,0x10a2,
  0x18c3,0x10a2,0x18c3,0x10a2,0x18c3,0x10a2,0x18a3,0x10a2,0x18a3,0x10a2,0x18a3,0x10a2,0x10a2,0x10a2,0x18a3,0x10a2,
  0x10a2,0x10a2,0x18a3,0x10a2,0x10a2,0x1082,0x10a2,0x1082,0x10a2,0x1082,0x10a2,0x1082,0x10a2,0x1082,0x10a2,0x1082,
  0x39e7,0x39e7,0x39c7,0x39e7,0x39c7,0x39e7,0x39c7,0x39e7,0x39c7,0x39e7,0x39c7,0x39e7,0x39c7,0x39e7,0x39c7,0x39e7,
  0x39c7,0x39e7,0x39c7,0x39e7,0x39c7,0x39c7,0x31c6,0x39e7,0x39c7,0x39c7,0x31a6,0x39c7,0x31c6,0x39c7,0x31c6,0x39c7,
  0x31c6,0x39c7,0x31c6,0x39c7,0x39c7,0x39c7,0x31c6,0x39c7,0x31a6,0x39c7,0x31a6,0x31a6,0x31a6,0x39c7,0x31a6,0x39c7,
  0x31a6,0x39c7,0x31a6,0x39c7,0x31a6,0x39c7,0x31a6,0x31a6,0x31a6,0x31a6,0x31a6,0x31a6,0x31a6,0x39c7,0x31a6,0x39c7,
  0x31a6,0x31a6,0x31a6,0x39c7,0x31a6,0x39c7,0x31a6,0x31a6,0x31a6,0x31a6,0x3186,0x31a6,0x31a6,0x31a6,0x3186,0x31a6,
  0x31a6,0x31a6,0x31a6,0x31a6,0x3186,0x31a6,0x3186,0x31a6,0x3186,0x31a6,0x3186,0x31a6,0x3186,0x3186,0x3186,0x31a6,
  0x3186,0x31a6,0x3186,0x31a6,0x3186,0x3186,0x2985,0x31a6,0x3186,0x31a6,0x3186,0x31a6,0x3186,0x52aa,0x8c51,0x8c71,
  0x8c91,0x94b2,0x94b2,0x9cf3,0x94b2,0x9cd3,0x94b2,0x94b2,0x94d2,0x9cf3,0x94d2,0x9492,0x8410,0x8410,0x7c0f,0x8410,
  0x7bef,0x8c31,0x8c51,0x9492,0x9492,0x8c51,0x73ce,0x7bef,0x8430,0x7bcf,0x7bcf,0x73ae,0x6b8d,0x8410,0x7c0f,0x8c51,
  0x7bef,0x8410,0x7bcf,0x7bcf,0x632c,0x6b6d,0x528a,0x5acb,0x4228,0x39c7,0x31a6,0x2965,0x10c2,0x2104,0x10a2,0x18c3,
  0x2965,0x2965,0x2104,0x31a6,0x2124,0x2104,0x18e3,0x18c3,0x0881,0x18c3,0x1082,0x18c3,0x0881,0x18e3,0x0881,0x1082,
  0x10a2,0x18c3,0x10a2,0x1082,0x0841,0x0861,0x0841,0x0861,0x0841,0x0861,0x0841,0x1082,0x0861,0x0841,0x0020,0x0020,
  0x0020,0x0861,0x0040,0x0841,0x0040,0x0841,0x0020,0x0841,0x0841,0x0861,0x0040,0x0861,0x0881,0x1082,0x0881,0x1082,
  0x10a2,0x18c3,0x10c2,0x18c3,0x18c3,0x18e3,0x18c3,0x18e3,0x10a2,0x18c3,0x18c3,0x18e3,0x18c3,0x18c3,0x10c2,0x2104,
  0x18e3,0x2104,0x18e3,0x18e3,0x18c3,0x2104,0x18e3,0x18e3,0x18e3,0x2104,0x1903,0x2104,0x2104,0x2104,0x2104,0x2124,
  0x2104,0x2104,0x18e3,0x2104,0x1903,0x2104,0x1903,0x2104,0x18e3,0x2104,0x18e3,0x2104,0x18e3,0x2104,0x18e3,0x2104,
  0x18e3,0x2104,0x18e3,0x2104,0x18e3,0x2104,0x18e3,0x18e3,0x18e3,0x2104,0x18e3,0x2104,0x18e3,0x18e3,0x18e3,0x18e3,
  0x18e3,0x18e3,0x18e3,0x18e3,0x18c3,0x18e3,0x18c3,0x18e3,0x18e3,0x18c3,0x10c2,0x18c3,0x18c3,0x18c3,0x10c2,0x18e3,
  0x18c3,0x18c3,0x10c2,0x18c3,0x18c3,0x18c3,0x10c2,0x18c3,0x18c3,0x18e3,0x10c2,0x18c3,0x10c2,0x18c3,0x10c2,0x18c3,
  0x10c2,0x18c3,0x10a2,0x18c3,0x10a2,0x18c3,0x10c2,0x18c3,0x10c2,0x18c3,0x10a2,0x18c3,0x10a2,0x18c3,0x10a2,0x18c3,
  0x10a2,0x18c3,0x10a2,0x18c3,0x10a2,0x18c3,0x10a2,0x18c3,0x10a2,0x18a3,0x10a2,0x10a2,0x10a2,0x10a2,0x10a2,0x10a2,
  0x10a2,0x10a2,0x10a2,0x10a2,0x1082,0x10a2,0x1082,0x10a2,0x1082,0x10a2,0x1082,0x10a2,0x1082,0x10a2,0x1082,0x10a2,
  0x1082,0x10a2,0x1082,0x10a2,0x1082,0x1082,0x0881,0x1082,0x41e8,0x39e7,0x39e7,0x39e7,0x41e8,0x39e7,0x39e7,0x39e7,
  0x41e8,0x39e7,0x39e7,0x39c7,0x39e7,0x39e7,0x39e7,0x39c7,0x39e7,0x39c7,0x39e7,0x39c7,0x39e7,0x39c7,0x39e7,0x39c7,
  0x39e7,0x39c7,0x39c7,0x31c6,0x39c7,0x39c7,0x39e7,0x39c7,0x39c7,0x39c7,0x39c7,0x31c6,0x39e7,0x39c7,0x39c7,0x39c7,
  0x39c7,0x39c7,0x39c7,0x31a6,0x39c7,0x39c7,0x39c7,0x31c6,0x39c7,0x39c7,0x39c7,0x31c6,0x39c7,0x39c7,0x39c7,0x31c6,
  0x39c7,0x31a6,0x39c7,0x31a6,0x39c7,0x31a6,0x39c7,0x31a6,0x39c7,0x31a6,0x39a7,0x31a6,0x39c7,0x31a6,0x39a7,0x31a6,
  0x39c7,0x31a6,0x31a6,0x31a6,0x39a7,0x31a6,0x31a6,0x31a6,0x39a7,0x31a6,0x39a7,0x31a6,0x39a7,0x31a6,0x31a6,0x31a6,
  0x39a7,0x31a6,0x31a6,0x31a6,0x31a6,0x3186,0x31a6,0x3186,0x31a6,0x3186,0x31a6,0x3186,0x31a6,0x3186,0x31a6,0x3186,
  0x31a6,0x3186,0x31a6,0x3186,0x3186,0x5acb,0x9492,0x8c71,0x9cb3,0x9492,0x9cd3,0x9cd3,0x9cd3,0x9cd3,0x9cd3,0x9492,
  0x9cb3,0x94b2,0x9cd3,0x94b2,0x8c51,0x8410,0x8430,0x8430,0x8c31,0x8410,0x8410,0x7bef,0x8c31,0x9492,0x9492,0x7bef,
  0x73ae,0x738e,0x73ae,0x73ae,0x7bef,0x8410,0x7bcf,0x7bef,0x83f0,0x738e,0x73ae,0x738e,0x738e,0x738e,0x6b6d,0x630c,
  0x5acb,0x52aa,0x5acb,0x4a89,0x4a29,0x4a49,0x41e8,0x3186,0x2965,0x10a2,0x2945,0x0861,0x1062,0x18c3,0x10a2,0x0881,
  0x1082,0x18c3,0x10a2,0x10c2,0x18c3,0x1082,0x1082,0x0881,0x1082,0x1082,0x1082,0x0881,0x1062,0x0841,0x0841,0x0841,
  0x0861,0x0861,0x0861,0x0861,0x1062,0x0861,0x0861,0x0841,0x0861,0x0841,0x0861,0x0841,0x0841,0x0841,0x0841,0x0841,
  0x1062,0x0841,0x0841,0x0861,0x18a3,0x10a2,0x18a3,0x10a2,0x18c3,0x10a2,0x18c3,0x18c3,0x20e4,0x18e3,0x2104,0x18e3,
  0x18c3,0x18c3,0x18e3,0x18c3,0x18e3,0x18c3,0x18c3,0x2104,0x2104,0x18c3,0x18e3,0x18e3,0x2104,0x2104,0x2104,0x18e3,
  0x2104,0x2104,0x2104,0x2104,0x2124,0x2104,0x2124,0x2104,0x2124,0x2104,0x2104,0x2104,0x2124,0x2104,0x2104,0x2104,
  0x2104,0x2104,0x2104,0x2104,0x2104,0x18e3,0x2104,0x18e3,0x2104,0x18e3,0x2104,0x1903,0x2104,0x18e3,0x2104,0x18e3,
  0x2104,0x18e3,0x2104,0x18e3,0x2104,0x18e3,0x20e4,0x18e3,0x20e4,0x18e3,0x18e3,0x18e3,0x18e3,0x18c3,0x18e3,0x18e3,
  0x20e4,0x18c3,0x18e3,0x18c3,0x18e3,0x18c3,0x18e3,0x18c3,0x18e3,0x18c3,0x18e3,0x18c3,0x18e3,0x18c3,0x18c3,0x18c3,
  0x18e3,0x18c3,0x18e3,0x18c3,0x18c3,0x18c3,0x18c3,0x18c3,0x18c3,0x18c3,0x18c3,0x10c2,0x18c3,0x18c3,0x18c3,0x18c3,
  0x18c3,0x18c3,0x18c3,0x10c2,0x18c3,0x18c3,0x18c3,0x10c2,0x18c3,0x10a2,0x18c3,0x10a2,0x18c3,0x10a2,0x18c3,0x10a2,
  0x18c3,0x10a2,0x18c3,0x10a2,0x18a3,0x10a2,0x18a3,0x10a2,0x18a3,0x10a2,0x18a3,0x10a2,0x18a3,0x10a2,0x10a2,0x10a2,
  0x18a3,0x10a2,0x10a2,0x10a2,0x18a3,0x1082,0x10a2,0x1082,0x10a2,0x1082,0x10a2,0x1082,0x10a2,0x1082,0x10a2,0x1082,
  0x39e7,0x39e7,0x39c7,0x39e7,0x39c7,0x39e7,0x39c7,0x39c7,0x31c6,0x39e7,0x39c7,0x39e7,0x39c7,0x39e7,0x39c7,0x39e7,
  0x39c7,0x39e7,0x39c7,0x39e7,0x31c6,0x39c7,0x39c7,0x39e7,0x39c7,0x39c7,0x31c6,0x39c7,0x31c6,0x39c7,0x39c7,0x39c7,
  0x31c6,0x39c7,0x31a6,0x39c7,0x31c6,0x39c7,0x31c6,0x39c7,0x31c6,0x39c7,0x31a6,0x39c7,0x31a6,0x39c7,0x31c6,0x39c7,
  0x31a6,0x39c7,0x31a6,0x39c7,0x31a6,0x39c7,0x31a6,0x39c7,0x31c6,0x39c7,0x31a6,0x39a7,0x31a6,0x39c7,0x31a6,0x39c7,
  0x31a6,0x31a6,0x31a6,0x31a6,0x3186,0x31a6,0x3186,0x31a6,0x31a6,0x31a6,0x3186,0x31a6,0x31a6,0x31a6,0x3186,0x31a6,
  0x3186,0x31a6,0x3186,0x31a6,0x31a6,0x31a6,0x31a6,0x31a6,0x31a6,0x31a6,0x3186,0x31a6,0x3186,0x31a6,0x3186,0x31a6,
  0x3186,0x31a6,0x3186,0x31a6,0x3186,0x31a6,0x3186,0x31a6,0x3186,0x31a6,0x3186,0x3186,0x2985,0x5aeb,0x8c71,0x8c71,
  0x94b2,0x94b2,0x94b2,0x9cd3,0x94d2,0x9cf3,0x9cf3,0x9cd3,0x94b2,0x9492,0x8c91,0x94b2,0x8c91,0x8430,0x7c0f,0x9492,
  0x8c51,0x7bef,0x8430,0x8c71,0x7bcf,0x73ae,0x8410,0x94b2,0x8c71,0x7bef,0x8430,0x8410,0x73ae,0x6b6d,0x6b8d,0x8430,
  0x8430,0x738e,0x6b6d,0x73ae,0x738e,0x6b6d,0x73ae,0x6b4d,0x632c,0x5aeb,0x4208,0x4208,0x4228,0x4a49,0x39e7,0x4228,
  0x2965,0x39e7,0x2104,0x2104,0x2104,0x10a2,0x18e3,0x18a3,0x10a2,0x18e3,0x10a2,0x1082,0x1082,0x0861,0x0841,0x1062,
  0x0841,0x1082,0x0861,0x10a2,0x0861,0x0861,0x0841,0x0861,0x0861,0x0861,0x0861,0x0861,0x0861,0x0861,0x0861,0x0861,
  0x0020,0x0020,0x0040,0x0861,0x0841,0x0861,0x0841,0x0861,0x0841,0x0861,0x0861,0x1082,0x10a2,0x18c3,0x10c2,0x18e3,
  0x10c2,0x1082,0x10a2,0x18c3,0x10c2,0x18c3,0x10c2,0x18c3,0x18e3,0x18e3,0x18c3,0x18c3,0x10a2,0x18c3,0x18c3,0x2104,
  0x18c3,0x18c3,0x18c3,0x2104,0x18e3,0x2104,0x1903,0x2104,0x18e3,0x2104,0x18e3,0x2104,0x1903,0x2124,0x2104,0x2124,
  0x2104,0x2104,0x1903,0x2104,0x1903,0x2104,0x2104,0x2104,0x1903,0x2104,0x1903,0x2104,0x18e3,0x2104,0x18e3,0x2104,
  0x18e3,0x2104,0x18e3,0x2104,0x18e3,0x2104,0x18e3,0x20e4,0x18e3,0x2104,0x18e3,0x2104,0x18e3,0x18e3,0x18e3,0x18e3,
  0x18e3,0x18e3,0x18c3,0x18e3,0x18c3,0x18e3,0x18c3,0x18e3,0x18c3,0x18e3,0x18c3,0x18e3,0x18c3,0x18c3,0x18c3,0x18c3,
  0x18c3,0x18e3,0x18c3,0x18c3,0x10c2,0x18c3,0x18c3,0x18c3,0x10c2,0x18e3,0x18c3,0x18c3,0x10c2,0x18c3,0x10c2,0x18c3,
  0x10c2,0x18c3,0x10a2,0x18c3,0x10a2,0x18c3,0x10c2,0x18c3,0x10c2,0x18c3,0x10a2,0x18c3,0x10a2,0x18c3,0x10a2,0x18c3,
  0x10a2,0x18c3,0x10a2,0x18c3,0x10a2,0x18c3,0x10a2,0x18c3,0x10a2,0x10a2,0x10a2,0x10a2,0x10a2,0x10a2,0x10a2,0x10a2,
  0x10a2,0x10a2,0x10a2,0x10a2,0x1082,0x10a2,0x1082,0x10a2,0x1082,0x10a2,0x1082,0x10a2,0x1082,0x10a2,0x1082,0x10a2,
  0x1082,0x10a2,0x1082,0x10a2,0x0881,0x1082,0x1082,0x1082,0x41e8,0x39e7,0x41e8,0x39e7,0x39e7,0x39e7,0x41e8,0x39c7,
  0x39e7,0x39c7,0x39c7,0x39c7,0x39c7,0x31c6,0x39e7,0x39c7,0x39e7,0x39c7,0x39e7,0x39c7,0x39e7,0x39c7,0x39c7,0x39c7,
  0x39e7,0x39c7,0x39e7,0x39c7,0x39e7,0x39e7,0x41e8,0x39c7,0x39e7,0x39c7,0x39c7,0x39c7,0x39c7,0x39c7,0x39c7,0x39c7,
  0x39c7,0x39c7,0x39c7,0x39c7,0x39c7,0x39c7,0x39c7,0x39c7,0x39c7,0x31a6,0x39c7,0x39c7,0x39c7,0x31c6,0x39c7,0x31a6,
  0x39c7,0x31a6,0x39c7,0x31a6,0x39c7,0x31a6,0x39c7,0x31a6,0x39c7,0x31c6,0x39c7,0x31a6,0x31a6,0x31a6,0x39a7,0x31a6,
  0x39a7,0x31a6,0x31a6,0x31a6,0x39a7,0x31a6,0x31a6,0x31a6,0x39c7,0x31a6,0x39a7,0x31a6,0x31a6,0x3186,0x39a7,0x31a6,
  0x31a6,0x31a6,0x31a6,0x3186,0x31a6,0x3186,0x31a6,0x3186,0x31a6,0x3186,0x31a6,0x3186,0x31a6,0x31a6,0x39a7,0x31a6,
  0x31a6,0x3186,0x31a6,0x3186,0x31a6,0x630c,0x9492,0x8c51,0x9cd3,0x94b2,0x9cf3,0x9cf3,0x9cd3,0x94d2,0xa514,0x9cf3,
  0xa4f4,0x9492,0x9492,0x8c71,0x9492,0x8c71,0x8c31,0x8c71,0x8c71,0x8430,0x9492,0x9492,0x8c51,0x8430,0x8c71,0x9492,
  0x9492,0x7bef,0x8430,0x738e,0x73ae,0x738e,0x83f0,0x7bef,0x8430,0x8c71,0x8430,0x6b6d,0x738e,0x6b6d,0x738e,0x6b6d,
  0x630c,0x528a,0x3186,0x39c7,0x39e7,0x4248,0x526a,0x4208,0x2925,0x31c6,0x1082,0x1082,0x31a6,0x31c6,0x2965,0x2945,
  0x2104,0x2124,0x3186,0x18e3,0x20e4,0x10a2,0x1082,0x10a2,0x1082,0x10a2,0x10a2,0x18c3,0x1082,0x10a2,0x18c3,0x10a2,
  0x10a2,0x1082,0x1082,0x10a2,0x1082,0x0861,0x0861,0x0841,0x0861,0x0861,0x1062,0x0861,0x1062,0x0861,0x1082,0x0861,
  0x0841,0x0861,0x10a2,0x1082,0x18c3,0x18e3,0x20e4,0x18c3,0x18e3,0x10a2,0x18c3,0x18c3,0x18c3,0x18c3,0x20e4,0x18e3,
  0x18c3,0x10a2,0x18c3,0x18c3,0x18e3,0x18e3,0x2104,0x18c3,0x18c3,0x10a2,0x20e4,0x18e3,0x2104,0x2104,0x2124,0x2104,
  0x2104,0x18e3,0x2104,0x2104,0x2124,0x2104,0x2104,0x2124,0x2124,0x1903,0x2104,0x18e3,0x2104,0x2104,0x2104,0x2104,
  0x2104,0x1903,0x2104,0x2104,0x2104,0x18e3,0x2104,0x18e3,0x2104,0x18e3,0x2104,0x2104,0x2104,0x18e3,0x2104,0x18e3,
  0x2104,0x18e3,0x2104,0x18e3,0x2104,0x18e3,0x20e4,0x18e3,0x20e4,0x18e3,0x2104,0x18e3,0x18e3,0x18e3,0x20e4,0x18e3,
  0x20e4,0x18e3,0x20e4,0x18e3,0x18e3,0x18c3,0x18e3,0x18c3,0x18e3,0x18c3,0x18e3,0x18c3,0x18e3,0x18c3,0x18e3,0x18c3,
  0x18e3,0x18c3,0x18e3,0x18c3,0x18c3,0x18c3,0x18c3,0x18c3,0x18c3,0x18c3,0x18c3,0x18c3,0x18c3,0x10c2,0x18c3,0x18c3,
  0x18c3,0x10c2,0x18c3,0x18c3,0x18c3,0x10c2,0x18c3,0x18c3,0x18c3,0x10a2,0x18c3,0x10a2,0x18c3,0x10a2,0x18c3,0x10a2,
  0x18c3,0x10a2,0x18c3,0x10a2,0x18a3,0x10a2,0x18a3,0x10a2,0x18c3,0x10a2,0x18a3,0x10a2,0x10a2,0x10a2,0x18a3,0x10a2,
  0x10a2,0x10a2,0x18a3,0x10a2,0x10a2,0x1082,0x10a2,0x1082,0x10a2,0x1082,0x10a2,0x1082,0x10a2,0x1082,0x10a2,0x1082,
  0x39e7,0x39e7,0x39e7,0x39e7,0x39c7,0x39e7,0x39e7,0x39e7,0x39c7,0x39e7,0x31c6,0x39c7,0x31c6,0x39c7,0x31c6,0x39e7,
  0x39c7,0x39c7,0x31c6,0x39c7,0x31c6,0x39c7,0x31c6,0x39e7,0x39c7,0x39e7,0x39c7,0x39e7,0x39c7,0x39e7,0x39c7,0x39c7,
  0x39c7,0x39c7,0x31c6,0x39e7,0x31a6,0x39c7,0x31a6,0x39c7,0x31a6,0x39c7,0x31c6,0x39c7,0x31a6,0x39c7,0x31a6,0x31a6,
  0x31a6,0x39c7,0x31a6,0x39c7,0x31a6,0x39c7,0x31a6,0x39c7,0x31a6,0x39a7,0x31a6,0x39c7,0x31a6,0x39c7,0x31a6,0x39c7,
  0x31a6,0x39a7,0x31a6,0x31a6,0x31a6,0x39a7,0x31a6,0x31a6,0x31a6,0x31a6,0x31a6,0x31a6,0x31a6,0x31a6,0x3186,0x31a6,
  0x31a6,0x31a6,0x31a6,0x31a6,0x31a6,0x31a6,0x31a6,0x31a6,0x3186,0x31a6,0x3186,0x31a6,0x3186,0x31a6,0x3186,0x31a6,
  0x3186,0x31a6,0x3186,0x31a6,0x3186,0x31a6,0x2985,0x31a6,0x31a6,0x31a6,0x2985,0x3186,0x31a6,0x6b4d,0x8c71,0x8c71,
  0x9492,0x94b2,0x94b2,0x9cd3,0x94b2,0x94b2,0x94b2,0x94b2,0x94b2,0x9492,0x8c71,0x8430,0x8410,0x8430,0x8410,0x8410,
  0x9492,0x9cd3,0x8430,0x8c51,0x94d2,0x8c71,0x7bef,0x8c51,0x8430,0x7bef,0x7c0f,0x8410,0x7bcf,0x8c31,0x8430,0x7bef,
  0x8430,0x8c71,0x8450,0x73ae,0x6b4d,0x73ae,0x6b8d,0x73ae,0x630c,0x632c,0x5aeb,0x52aa,0x4208,0x39e7,0x4228,0x3186,
  0x3186,0x2945,0x31a6,0x39c7,0x3186,0x3186,0x2104,0x2124,0x3186,0x31a6,0x2945,0x2965,0x2945,0x18e3,0x2124,0x18e3,
  0x10a2,0x18e3,0x10a2,0x18c3,0x10a2,0x18a3,0x10c2,0x18c3,0x1082,0x1082,0x10c2,0x10a2,0x1082,0x1082,0x0841,0x0861,
  0x0861,0x1082,0x0861,0x0841,0x0841,0x0861,0x0040,0x1082,0x0861,0x1062,0x10a2,0x10a2,0x10a2,0x18c3,0x18e3,0x18e3,
  0x18c3,0x10a2,0x10a2,0x18c3,0x18e3,0x18e3,0x10c2,0x18c3,0x1082,0x18c3,0x18e3,0x18e3,0x18e3,0x2104,0x18e3,0x18c3,
  0x10a2,0x18c3,0x18e3,0x2104,0x18e3,0x2104,0x1903,0x2104,0x18e3,0x2104,0x18e3,0x2104,0x2104,0x2124,0x2104,0x2104,
  0x1903,0x2104,0x10c2,0x1082,0x0861,0x2104,0x1903,0x2104,0x18e3,0x2104,0x1903,0x2104,0x18e3,0x2104,0x18e3,0x2104,
  0x18e3,0x2104,0x18e3,0x2104,0x18e3,0x2104,0x18e3,0x2104,0x18e3,0x2104,0x18e3,0x18e3,0x18e3,0x20e4,0x18e3,0x18e3,
  0x18e3,0x18e3,0x18e3,0x18e3,0x18c3,0x18e3,0x18c3,0x18e3,0x18c3,0x18e3,0x18c3,0x18e3,0x18c3,0x18e3,0x18c3,0x18e3,
  0x18c3,0x18c3,0x10c2,0x18c3,0x18c3,0x18c3,0x10c2,0x18c3,0x18c3,0x18c3,0x10c2,0x18c3,0x18c3,0x18c3,0x10c2,0x18c3,
  0x10c2,0x18c3,0x10c2,0x18c3,0x10a2,0x18c3,0x10c2,0x18c3,0x10a2,0x18c3,0x10a2,0x18c3,0x10a2,0x18c3,0x10a2,0x18c3,
  0x10a2,0x18c3,0x10a2,0x18c3,0x10a2,0x18a3,0x10a2,0x10a2,0x10a2,0x18a3,0x10a2,0x10a2,0x10a2,0x18a3,0x10a2,0x10a2,
  0x10a2,0x18a3,0x10a2,0x10a2,0x1082,0x10a2,0x1082,0x10a2,0x1082,0x10a2,0x1082,0x10a2,0x1082,0x10a2,0x1082,0x1082,
  0x1082,0x10a2,0x1082,0x10a2,0x1082,0x1082,0x0881,0x1082,0x41e8,0x39e7,0x39e7,0x39c7,0x39e7,0x39e7,0x39e7,0x39c7,
  0x39e7,0x39c7,0x39e7,0x39c7,0x39e7,0x39c7,0x39e7,0x39c7,0x39e7,0x39c7,0x39e7,0x39c7,0x39c7,0x39c7,0x39e7,0x39c7,
  0x39e7,0x39c7,0x39e7,0x39c7,0x39e7,0x39e7,0x39e7,0x39c7,0x39c7,0x39c7,0x39e7,0x39e7,0x39c7,0x39c7,0x39c7,0x39c7,
  0x39c7,0x39c7,0x39e7,0x31a6,0x39c7,0x39c7,0x39c7,0x31a6,0x39c7,0x39c7,0x39c7,0x31c6,0x39c7,0x39c7,0x39c7,0x31c6,
  0x39c7,0x31a6,0x39c7,0x31a6,0x39c7,0x39c7,0x39c7,0x31a6,0x39c7,0x31a6,0x39c7,0x31a6,0x39c7,0x31a6,0x39a7,0x31a6,
  0x39c7,0x31a6,0x39c7,0x31a6,0x39a7,0x31a6,0x39a7,0x31a6,0x39a7,0x31a6,0x39a7,0x31a6,0x39a7,0x31a6,0x39a7,0x31a6,
  0x31a6,0x31a6,0x31a6,0x31a6,0x39a7,0x3186,0x31a6,0x31a6,0x39a7,0x31a6,0x31a6,0x31a6,0x39a7,0x31a6,0x3186,0x3186,
  0x39a7,0x3186,0x31a6,0x3186,0x31a6,0x6b4d,0x9472,0x8c51,0x94b2,0x9492,0x94b2,0x94b2,0x94b2,0x94b2,0x9cd3,0x9cd3,
  0x9cb3,0x8c51,0x8c51,0x8c51,0x8c51,0x7bcf,0x8430,0x8c71,0x9492,0x8c51,0x9492,0x73ce,0x7bef,0x8c71,0x7bcf,0x8c71,
  0x8430,0x6b4d,0x738e,0x8c71,0x8c31,0x8410,0x7bcf,0x7bcf,0x8c31,0x8430,0x8c31,0x7bef,0x738e,0x738e,0x7bcf,0x7bef,
  0x8410,0x73ae,0x73ae,0x632c,0x630c,0x52aa,0x5acb,0x528a,0x31a6,0x4228,0x4a49,0x39c7,0x2945,0x2124,0x31a6,0x2144,
  0x2945,0x31a6,0x18e3,0x18c3,0x2945,0x2124,0x2124,0x0881,0x18c3,0x1082,0x10a2,0x18c3,0x18c3,0x10a2,0x18c3,0x10a2,
  0x1082,0x0861,0x10a2,0x0861,0x1082,0x1082,0x0861,0x0841,0x1062,0x0861,0x0861,0x0020,0x0841,0x0861,0x0841,0x1082,
  0x10a2,0x0861,0x18e3,0x18c3,0x18c3,0x10a2,0x18e3,0x18e3,0x20e4,0x18c3,0x18c3,0x18c3,0x18e3,0x18e3,0x18e3,0x18c3,
  0x18a3,0x18e3,0x20e4,0x18c3,0x20e4,0x18e3,0x18e3,0x18c3,0x18e3,0x18e3,0x20e4,0x18e3,0x2104,0x2104,0x2124,0x2104,
  0x2124,0x2104,0x2104,0x2104,0x2124,0x2124,0x2925,0x2104,0x2104,0x2104,0x18c3,0x0841,0x0821,0x10a2,0x2104,0x2104,
  0x2104,0x18e3,0x2124,0x2104,0x2104,0x18e3,0x2104,0x18e3,0x2104,0x18e3,0x2104,0x18e3,0x2104,0x18e3,0x2104,0x18e3,
  0x2104,0x18e3,0x2104,0x18e3,0x2104,0x18e3,0x2104,0x18e3,0x2104,0x18e3,0x20e4,0x18e3,0x20e4,0x18e3,0x18e3,0x18e3,
  0x20e4,0x18e3,0x18e3,0x18e3,0x18e3,0x18c3,0x18e3,0x18e3,0x18e3,0x18c3,0x18e3,0x18c3,0x18e3,0x18c3,0x18e3,0x18c3,
  0x18e3,0x18c3,0x18e3,0x18c3,0x18e3,0x18c3,0x18c3,0x18c3,0x18c3,0x18c3,0x18c3,0x10c2,0x18c3,0x18c3,0x18c3,0x10c2,
  0x18c3,0x10a2,0x18c3,0x10c2,0x18c3,0x18c3,0x18c3,0x10c2,0x18c3,0x10a2,0x18c3,0x10a2,0x18c3,0x10a2,0x18c3,0x10a2,
  0x18c3,0x10a2,0x18a3,0x10a2,0x18a3,0x10a2,0x18a3,0x10a2,0x18a3,0x10a2,0x10a2,0x10a2,0x18a3,0x10a2,0x10a2,0x10a2,
  0x18a3,0x10a2,0x10a2,0x1082,0x10a2,0x1082,0x10a2,0x1082,0x10a2,0x1082,0x10a2,0x1082,0x10a2,0x1082,0x10a2,0x1082,
  0x39c7,0x39e7,0x39c7,0x39e7,0x39c7,0x39e7,0x39c7,0x39e7,0x39c7,0x39c7,0x39c7,0x39c7,0x31c6,0x39c7,0x39c7,0x39c7,
  0x31c6,0x39c7,0x39c7,0x39e7,0x39c7,0x39e7,0x31c6,0x39c7,0x31c6,0x39c7,0x39c7,0x39c7,0x31c6,0x39e7,0x39c7,0x39c7,
  0x31c6,0x39c7,0x39c7,0x39e7,0x39c7,0x39e7,0x39c7,0x39c7,0x31c6,0x39c7,0x31a6,0x39c7,0x31a6,0x39c7,0x31a6,0x39c7,
  0x31a6,0x39c7,0x31a6,0x39c7,0x31a6,0x39c7,0x31a6,0x39c7,0x31a6,0x39c7,0x31a6,0x39a7,0x31a6,0x31a6,0x31a6,0x39a7,
  0x31a6,0x31a6,0x31a6,0x39c7,0x31a6,0x31a6,0x31a6,0x31a6,0x31a6,0x31a6,0x31a6,0x31a6,0x3186,0x31a6,0x3186,0x39a7,
  0x31a6,0x31a6,0x3186,0x31a6,0x3186,0x3186,0x31a6,0x39a7,0x3186,0x31a6,0x3186,0x31a6,0x2985,0x31a6,0x3186,0x31a6,
  0x3186,0x31a6,0x3186,0x3186,0x2985,0x31a6,0x3186,0x3186,0x2965,0x31a6,0x3186,0x3186,0x2144,0x6b4d,0x8c71,0x8c71,
  0x8c91,0x94b2,0x9492,0x9cd3,0x8c91,0x8c71,0x9492,0x9cd3,0x94b2,0x9492,0x8430,0x8c71,0x8c51,0x8430,0x7bcf,0x8430,
  0x8c71,0x9492,0x8430,0x8410,0x8430,0x7bef,0x8430,0x8c31,0x9492,0x8410,0x6b6d,0x8c51,0x8c71,0x8430,0x7bcf,0x83f0,
  0x8450,0x8430,0x8410,0x6b4d,0x52aa,0x738e,0x7bcf,0x7bef,0x7bef,0x6b4d,0x634c,0x5aeb,0x5acb,0x632c,0x528a,0x4228,
  0x31a6,0x2945,0x2965,0x3186,0x3186,0x2945,0x2945,0x2945,0x2124,0x18c3,0x10a2,0x2925,0x1903,0x2945,0x18c3,0x10a2,
  0x10a2,0x10a2,0x0861,0x18c3,0x10a2,0x1082,0x1082,0x10a2,0x1082,0x0861,0x0841,0x0841,0x0841,0x0861,0x0040,0x0841,
  0x0841,0x0841,0x0861,0x0861,0x0861,0x1082,0x0861,0x10a2,0x1082,0x1082,0x10a2,0x18c3,0x10c2,0x18c3,0x10a2,0x18c3,
  0x10c2,0x18c3,0x18c3,0x18e3,0x18e3,0x18e3,0x18e3,0x18e3,0x18c3,0x18e3,0x18e3,0x18c3,0x10c2,0x18e3,0x18e3,0x18e3,
  0x18c3,0x18e3,0x18c3,0x18e3,0x18e3,0x18e3,0x2104,0x2124,0x1903,0x2104,0x2104,0x2104,0x1903,0x2124,0x1903,0x2104,
  0x2104,0x2124,0x18c3,0x0861,0x0000,0x0841,0x1082,0x2104,0x2104,0x2104,0x18e3,0x2104,0x18e3,0x2104,0x18e3,0x2104,
  0x18e3,0x2104,0x18e3,0x2104,0x18e3,0x2104,0x18e3,0x2104,0x18e3,0x2104,0x18e3,0x20e4,0x18e3,0x18e3,0x18e3,0x18e3,
  0x18e3,0x18e3,0x18e3,0x18e3,0x18c3,0x18e3,0x18c3,0x18e3,0x18c3,0x18e3,0x18c3,0x18e3,0x18c3,0x18e3,0x18c3,0x18e3,
  0x10c2,0x18c3,0x18c3,0x18c3,0x10c2,0x18c3,0x18c3,0x18c3,0x10c2,0x18c3,0x18c3,0x18c3,0x10c2,0x18c3,0x10c2,0x18c3,
  0x10c2,0x18c3,0x10a2,0x18c3,0x10a2,0x18c3,0x10c2,0x18c3,0x10a2,0x18c3,0x10a2,0x18c3,0x10a2,0x18c3,0x10a2,0x18c3,
  0x10a2,0x18c3,0x10a2,0x18c3,0x10a2,0x10a2,0x10a2,0x18a3,0x10a2,0x10a2,0x10a2,0x10a2,0x10a2,0x10a2,0x10a2,0x10a2,
  0x10a2,0x10a2,0x1082,0x10a2,0x1082,0x10a2,0x1082,0x10a2,0x1082,0x10a2,0x1082,0x10a2,0x1082,0x10a2,0x1082,0x1082,
  0x0881,0x10a2,0x1082,0x10a2,0x0881,0x1082,0x1082,0x1082,0x4208,0x39e7,0x41e8,0x39e7,0x39e7,0x39e7,0x41e8,0x39c7,
  0x39e7,0x39c7,0x39e7,0x39c7,0x39e7,0x39c7,0x39e7,0x39c7,0x39e7,0x39c7,0x39e7,0x39c7,0x39e7,0x39c7,0x39c7,0x39c7,
  0x39e7,0x39c7,0x39e7,0x39c7,0x39e7,0x39c7,0x39e7,0x39c7,0x39e7,0x39c7,0x39e7,0x39c7,0x39e7,0x39c7,0x39c7,0x39c7,
  0x39c7,0x31c6,0x39c7,0x31a6,0x39c7,0x39c7,0x39c7,0x39c7,0x39c7,0x31c6,0x39c7,0x31a6,0x39c7,0x31a6,0x39c7,0x31a6,
  0x39c7,0x31a6,0x39c7,0x31a6,0x39a7,0x31a6,0x39a7,0x31a6,0x39c7,0x31a6,0x39c7,0x31a6,0x39c7,0x31a6,0x39a7,0x31a6,
  0x39a7,0x31a6,0x39a7,0x31a6,0x39a7,0x31a6,0x39a7,0x31a6,0x39a7,0x31a6,0x39a7,0x31a6,0x31a6,0x3186,0x39a7,0x31a6,
  0x31a6,0x31a6,0x39a7,0x31a6,0x31a6,0x3186,0x39a7,0x31a6,0x31a6,0x3186,0x31a6,0x3186,0x3186,0x3186,0x39a7,0x3186,
  0x31a6,0x31a6,0x3186,0x2124,0x2104,0x6b6d,0x9492,0x9492,0x94b2,0x9492,0x94b2,0x9cd3,0x9cd3,0x8c71,0x8c51,0x8430,
  0x9472,0x94b2,0x9cd3,0x9492,0x8430,0x8430,0x8c31,0x8c51,0x8c71,0x94b2,0x9472,0x7bcf,0x8410,0x7bcf,0x8c31,0x94b2,
  0x9492,0x8410,0x6b6d,0x73ae,0x73ae,0x7bef,0x8410,0x738e,0x8410,0x8c71,0x8410,0x738e,0x73ae,0x73ae,0x83f0,0x7bef,
  0x73ae,0x7bef,0x7bef,0x73ae,0x632c,0x4228,0x5aab,0x528a,0x5aab,0x4a69,0x4208,0x31a6,0x2104,0x2965,0x39c7,0x2965,
  0x2925,0x2945,0x3166,0x2945,0x20e4,0x18e3,0x2945,0x2104,0x10a2,0x10c2,0x18c3,0x18c3,0x18c3,0x0861,0x1082,0x0861,
  0x1082,0x0861,0x1062,0x0861,0x0861,0x0861,0x1062,0x0861,0x1062,0x0861,0x1082,0x1082,0x1082,0x1082,0x18a3,0x18c3,
  0x18c3,0x1082,0x18c3,0x18c3,0x18e3,0x18c3,0x18c3,0x10a2,0x18c3,0x18c3,0x18e3,0x18e3,0x20e4,0x18e3,0x18e3,0x18c3,
  0x2104,0x18e3,0x18e3,0x18c3,0x18c3,0x18c3,0x2104,0x2104,0x2104,0x18e3,0x20e4,0x18e3,0x2104,0x18e3,0x2124,0x2104,
  0x2124,0x2104,0x2124,0x2104,0x2124,0x2104,0x2104,0x2104,0x2124,0x2124,0x20e4,0x0861,0x0000,0x0000,0x0841,0x18c3,
  0x2124,0x2104,0x2104,0x2104,0x2104,0x18e3,0x2104,0x18e3,0x2104,0x18e3,0x2104,0x18e3,0x2104,0x18e3,0x2104,0x18e3,
  0x2104,0x18e3,0x2104,0x18e3,0x18e3,0x18e3,0x18e3,0x18e3,0x20e4,0x18e3,0x20e4,0x18e3,0x18e3,0x18e3,0x20e4,0x18e3,
  0x18e3,0x18e3,0x20e4,0x18e3,0x18e3,0x18c3,0x18e3,0x18e3,0x18e3,0x18c3,0x18e3,0x18c3,0x18e3,0x18c3,0x18e3,0x18c3,
  0x18e3,0x18c3,0x18e3,0x18c3,0x18e3,0x18c3,0x18e3,0x18c3,0x18c3,0x10c2,0x18c3,0x18c3,0x18c3,0x18c3,0x18c3,0x18c3,
  0x18c3,0x10a2,0x18c3,0x18c3,0x18c3,0x10c2,0x18c3,0x18c3,0x18c3,0x10a2,0x18c3,0x10a2,0x18c3,0x10a2,0x18c3,0x10a2,
  0x18c3,0x10a2,0x18a3,0x10a2,0x18a3,0x10a2,0x18a3,0x10a2,0x18a3,0x10a2,0x18a3,0x10a2,0x10a2,0x10a2,0x18a3,0x10a2,
  0x10a2,0x10a2,0x10a2,0x1082,0x10a2,0x1082,0x10a2,0x1082,0x10a2,0x1082,0x10a2,0x1082,0x10a2,0x1082,0x10a2,0x1082,
  0x39e7,0x41e8,0x39e7,0x39e7,0x39c7,0x39e7,0x39c7,0x39e7,0x39c7,0x39e7,0x39c7,0x39e7,0x39c7,0x39c7,0x39c7,0x39e7,
  0x39c7,0x39e7,0x31c6,0x39c7,0x39c7,0x39e7,0x31c6,0x39c7,0x39c7,0x39e7,0x39c7,0x39e7,0x39c7,0x39e7,0x31c6,0x39c7,
  0x39c7,0x39c7,0x31c6,0x39e7,0x31a6,0x39c7,0x31c6,0x39c7,0x31c6,0x39c7,0x31a6,0x39c7,0x31a6,0x39c7,0x31c6,0x39c7,
  0x31a6,0x39c7,0x31a6,0x39c7,0x31a6,0x39c7,0x31a6,0x39c7,0x31a6,0x39c7,0x31c6,0x39c7,0x31a6,0x39a7,0x31a6,0x39c7,
  0x31a6,0x39a7,0x31a6,0x31a6,0x31a6,0x39a7,0x31a6,0x31a6,0x31a6,0x39a7,0x31a6,0x31a6,0x31a6,0x31a6,0x31a6,0x31a6,
  0x31a6,0x31a6,0x31a6,0x31a6,0x31a6,0x31a6,0x31a6,0x31a6,0x3186,0x31a6,0x3186,0x31a6,0x3186,0x31a6,0x3186,0x31a6,
  0x3186,0x3186,0x2985,0x3186,0x2985,0x31a6,0x3186,0x31a6,0x3186,0x31a6,0x2124,0x10a2,0x10a2,0x738e,0x8c71,0x9492,
  0x8c91,0x9492,0x9492,0x9cd3,0x9cd3,0x9cd3,0x8c71,0x8c51,0x8450,0x8430,0x8c51,0x9cd3,0x8c71,0x8c51,0x8430,0x94b2,
  0x8c51,0x8430,0x8430,0x8c51,0x738e,0x8c51,0x7c0f,0x8c51,0x9492,0x9492,0x7c0f,0x73ae,0x632c,0x73ae,0x7c0f,0x7bcf,
  0x73ae,0x738e,0x6b6d,0x6b4d,0x6b4d,0x7bcf,0x738e,0x7bef,0x73ae,0x7baf,0x632c,0x5aeb,0x5b0b,0x6b2d,0x6b6d,0x6b6d,
  0x5aeb,0x632c,0x5aeb,0x528a,0x4a69,0x39e7,0x39e7,0x4228,0x3a07,0x39e7,0x2985,0x31a6,0x2965,0x2124,0x2945,0x18e3,
  0x10a2,0x10a2,0x2104,0x18c3,0x1082,0x1082,0x10a2,0x1082,0x0861,0x0861,0x0861,0x1082,0x0881,0x1082,0x0881,0x10a2,
  0x0881,0x1082,0x0861,0x1082,0x1082,0x1082,0x10a2,0x18c3,0x10a2,0x10a2,0x10a2,0x18e3,0x18e3,0x18e3,0x10a2,0x18c3,
  0x18c3,0x18e3,0x18e3,0x18e3,0x18e3,0x20e4,0x18c3,0x18c3,0x18c3,0x18c3,0x10a2,0x10a2,0x10a2,0x18c3,0x18e3,0x2104,
  0x2104,0x2104,0x1903,0x2104,0x1903,0x2104,0x2104,0x2124,0x2104,0x2104,0x1903,0x2104,0x2104,0x2104,0x2104,0x2104,
  0x1903,0x2104,0x18e3,0x0861,0x0000,0x0000,0x0000,0x0861,0x18e3,0x2104,0x18e3,0x2104,0x18e3,0x2104,0x18e3,0x2104,
  0x18e3,0x2104,0x18e3,0x2104,0x18e3,0x2104,0x18e3,0x2104,0x18e3,0x20e4,0x18e3,0x18e3,0x18e3,0x18e3,0x18c3,0x18e3,
  0x18e3,0x20e4,0x18e3,0x18e3,0x18c3,0x18e3,0x18c3,0x18e3,0x18c3,0x18e3,0x18c3,0x18e3,0x18c3,0x18e3,0x18c3,0x18e3,
  0x18c3,0x18c3,0x10c2,0x18c3,0x18c3,0x18c3,0x10c2,0x18c3,0x18c3,0x18c3,0x10c2,0x18c3,0x18c3,0x18c3,0x10c2,0x18c3,
  0x10a2,0x18c3,0x10a2,0x18c3,0x10a2,0x18c3,0x10c2,0x18c3,0x10a2,0x18c3,0x10a2,0x18c3,0x10a2,0x18c3,0x10a2,0x18c3,
  0x10a2,0x18c3,0x10a2,0x18c3,0x10a2,0x18a3,0x10a2,0x10a2,0x10a2,0x18a3,0x10a2,0x10a2,0x10a2,0x18a3,0x10a2,0x10a2,
  0x10a2,0x18a3,0x10a2,0x10a2,0x1082,0x10a2,0x1082,0x10a2,0x1082,0x10a2,0x1082,0x10a2,0x1082,0x10a2,0x1082,0x1082,
  0x1082,0x10a2,0x1082,0x10a2,0x1082,0x1082,0x0881,0x1082,0x4208,0x39e7,0x39e7,0x39c7,0x39e7,0x39c7,0x39e7,0x39e7,
  0x41e8,0x39e7,0x39e7,0x39e7,0x39e7,0x39c7,0x39e7,0x39e7,0x39e7,0x39c7,0x39e7,0x39c7,0x39e7,0x39c7,0x39e7,0x39c7,
  0x39e7,0x39c7,0x39e7,0x39c7,0x39e7,0x39c7,0x39e7,0x39c7,0x39e7,0x39c7,0x39e7,0x39c7,0x39c7,0x39c7,0x39e7,0x39c7,
  0x39e7,0x39c7,0x39c7,0x31a6,0x39c7,0x39c7,0x39c7,0x31c6,0x39c7,0x39c7,0x39c7,0x31a6,0x39c7,0x31a6,0x39c7,0x31a6,
  0x39c7,0x39c7,0x39c7,0x31c6,0x39c7,0x31a6,0x39c7,0x31a6,0x39c7,0x31a6,0x39c7,0x31a6,0x39c7,0x31a6,0x39a7,0x31a6,
  0x39c7,0x31a6,0x39c7,0x31a6,0x39c7,0x31a6,0x39a7,0x31a6,0x39a7,0x31a6,0x39a7,0x31a6,0x39c7,0x31a6,0x39c7,0x31a6,
  0x39a7,0x31a6,0x31a6,0x31a6,0x31a6,0x3186,0x31a6,0x31a6,0x31a6,0x3186,0x31a6,0x3186,0x31a6,0x3186,0x31a6,0x31a6,
  0x3186,0x2945,0x18c3,0x0040,0x18a3,0x73ae,0x8c71,0x8c91,0x9492,0x9492,0x94b2,0x94b2,0x9cd3,0x94b2,0x94b2,0x94b2,
  0x9cb3,0x8c51,0x8410,0x8430,0x8c51,0x8c71,0x8c51,0x8c51,0x8c51,0x8410,0x7bef,0x8450,0x9492,0x7bef,0x8c71,0x7bcf,
  0x94b2,0x94b2,0x9492,0x8430,0x73ae,0x6b6d,0x7baf,0x8410,0x83f0,0x7bef,0x736e,0x73ae,0x8c31,0x7bcf,0x7bcf,0x7bcf,
  0x8410,0x7bcf,0x8c51,0x7bef,0x7bef,0x738e,0x7bcf,0x738e,0x6b4d,0x52aa,0x630c,0x5aeb,0x4a69,0x31a6,0x39c7,0x39c7,
  0x4a29,0x39c7,0x31a6,0x3a07,0x4208,0x2965,0x2945,0x2965,0x2945,0x2945,0x2104,0x10a2,0x0861,0x1082,0x18e3,0x18c3,
  0x18e3,0x10a2,0x18c3,0x18c3,0x18c3,0x10a2,0x18c3,0x10a2,0x10a2,0x1082,0x1082,0x1082,0x10a2,0x1082,0x18c3,0x18c3,
  0x18a3,0x10a2,0x18c3,0x18c3,0x2104,0x18e3,0x18e3,0x18c3,0x18e3,0x18c3,0x18c3,0x18c3,0x18e3,0x18c3,0x18e3,0x18c3,
  0x20e4,0x18e3,0x18c3,0x10c2,0x18c3,0x18e3,0x2104,0x18e3,0x2104,0x18e3,0x2104,0x1903,0x2104,0x2104,0x2124,0x2124,
  0x2124,0x2104,0x2124,0x2104,0x2124,0x2104,0x2124,0x2104,0x2104,0x2104,0x2104,0x0861,0x0000,0x0000,0x0000,0x0020,
  0x18a3,0x18e3,0x2104,0x18e3,0x2104,0x18e3,0x2104,0x18e3,0x2104,0x18e3,0x2104,0x1903,0x2104,0x18e3,0x2104,0x18e3,
  0x2104,0x18e3,0x2104,0x18e3,0x2104,0x18e3,0x2104,0x18e3,0x2104,0x18e3,0x20e4,0x18e3,0x20e4,0x18e3,0x18e3,0x18e3,
  0x20e4,0x18e3,0x18e3,0x18e3,0x18e3,0x18c3,0x18e3,0x18e3,0x18e3,0x18c3,0x18e3,0x18c3,0x18e3,0x18c3,0x18e3,0x18c3,
  0x18e3,0x18c3,0x18e3,0x18c3,0x18e3,0x18c3,0x18c3,0x18c3,0x18c3,0x18c3,0x18c3,0x10c2,0x18c3,0x18c3,0x18c3,0x10c2,
  0x18c3,0x10a2,0x18c3,0x10c2,0x18c3,0x18c3,0x18c3,0x10c2,0x18c3,0x10a2,0x18c3,0x10a2,0x18c3,0x10a2,0x18c3,0x10a2,
  0x18c3,0x10a2,0x18a3,0x10a2,0x18c3,0x10a2,0x18c3,0x10a2,0x18c3,0x10a2,0x18a3,0x10a2,0x18a3,0x10a2,0x10a2,0x10a2,
  0x18a3,0x10a2,0x10a2,0x1082,0x10a2,0x1082,0x10a2,0x1082,0x10a2,0x1082,0x10a2,0x1082,0x10a2,0x1082,0x10a2,0x1082,
  0x39e7,0x39e7,0x39e7,0x39e7,0x39c7,0x39c7,0x39c7,0x39e7,0x39c7,0x39e7,0x39c7,0x39e7,0x31c6,0x39e7,0x39c7,0x39c7,
  0x31c6,0x39c7,0x31c6,0x39c7,0x31c6,0x39c7,0x39c7,0x39c7,0x31c6,0x39c7,0x39c7,0x39e7,0x31c6,0x39c7,0x39c7,0x39c7,
  0x39c7,0x39c7,0x39c7,0x39c7,0x31a6,0x39c7,0x39c7,0x39e7,0x31c6,0x39c7,0x31a6,0x39c7,0x31c6,0x39c7,0x31a6,0x39a7,
  0x31a6,0x39c7,0x31a6,0x39c7,0x31a6,0x39c7,0x31a6,0x39c7,0x31a6,0x39c7,0x31a6,0x39c7,0x31a6,0x39c7,0x31a6,0x31a6,
  0x3186,0x39c7,0x31a6,0x39a7,0x31a6,0x31a6,0x31a6,0x39a7,0x31a6,0x31a6,0x31a6,0x31a6,0x31a6,0x31a6,0x31a6,0x31a6,
  0x31a6,0x31a6,0x31a6,0x31a6,0x3186,0x31a6,0x3186,0x31a6,0x3186,0x31a6,0x3186,0x31a6,0x31a6,0x31a6,0x3186,0x31a6,
  0x3186,0x31a6,0x3186,0x31a6,0x3186,0x31a6,0x3186,0x3186,0x2144,0x18c3,0x0841,0x0841,0x10a2,0x73ae,0x8c51,0x9492,
  0x8c91,0x94b2,0x94b2,0x9cb3,0x94b2,0x9cd3,0x8c91,0x94b2,0x94b2,0x9492,0x8c51,0x8430,0x7c0f,0x8410,0x8450,0x8430,
  0x8430,0x8430,0x8430,0x7bcf,0x7bef,0x8410,0x8430,0x8430,0x8430,0x8410,0x8430,0x83f0,0x8430,0x8410,0x738e,0x7bcf,
  0x73ae,0x73ae,0x73ce,0x8430,0x8430,0x7bcf,0x73ae,0x8410,0x7bef,0x7bcf,0x7c0f,0x83f0,0x73ae,0x632c,0x6b4d,0x6b4d,
  0x632c,0x738e,0x632c,0x6b2d,0x4a69,0x52aa,0x5acb,0x528a,0x4228,0x5acb,0x5acb,0x52aa,0x4228,0x39c7,0x39c7,0x39c7,
  0x31a6,0x2124,0x2965,0x18c3,0x10a2,0x18e3,0x2124,0x2104,0x2104,0x2104,0x18c3,0x18e3,0x18c3,0x18c3,0x18c3,0x18c3,
  0x1082,0x0861,0x0861,0x18c3,0x10a2,0x10a2,0x18e3,0x18e3,0x10a2,0x18c3,0x1082,0x10a2,0x18c3,0x18e3,0x18e3,0x18e3,
  0x18e3,0x10a2,0x10a2,0x10a2,0x10a2,0x18c3,0x18c3,0x18e3,0x18e3,0x2124,0x2104,0x18e3,0x18e3,0x2104,0x18e3,0x18c3,
  0x18c3,0x18e3,0x18e3,0x2104,0x1903,0x2104,0x2104,0x2925,0x2104,0x2124,0x2104,0x2104,0x1903,0x2104,0x2104,0x2104,
  0x18e3,0x2104,0x1903,0x1082,0x0000,0x0000,0x0000,0x0000,0x0861,0x18e3,0x1903,0x20e4,0x18e3,0x2104,0x18e3,0x2104,
  0x18e3,0x2104,0x18e3,0x2104,0x18e3,0x2104,0x18e3,0x20e4,0x18e3,0x18e3,0x18e3,0x18e3,0x18e3,0x18e3,0x18e3,0x18e3,
  0x18c3,0x18e3,0x18e3,0x18e3,0x18c3,0x18e3,0x18c3,0x18e3,0x18c3,0x18e3,0x18c3,0x18e3,0x18c3,0x18e3,0x18c3,0x18e3,
  0x10c2,0x18c3,0x18c3,0x18c3,0x10c2,0x18c3,0x18c3,0x18c3,0x10c2,0x18c3,0x18c3,0x18c3,0x10c2,0x18c3,0x10c2,0x18c3,
  0x10c2,0x18c3,0x10c2,0x18c3,0x10a2,0x18c3,0x10c2,0x18c3,0x10a2,0x18c3,0x10a2,0x18c3,0x10a2,0x18c3,0x10a2,0x18c3,
  0x10a2,0x18c3,0x10a2,0x18c3,0x10a2,0x10a2,0x10a2,0x18a3,0x10a2,0x10a2,0x10a2,0x18a3,0x10a2,0x10a2,0x10a2,0x18a3,
  0x10a2,0x10a2,0x10a2,0x10a2,0x1082,0x10a2,0x1082,0x10a2,0x1082,0x10a2,0x1082,0x10a2,0x1082,0x10a2,0x1082,0x1082,
  0x0881,0x10a2,0x1082,0x10a2,0x0881,0x1082,0x1082,0x1082,0x4208,0x39e7,0x41e8,0x39e7,0x39e7,0x39c7,0x39e7,0x39e7,
  0x41e8,0x39e7,0x39e7,0x39e7,0x39e7,0x39c7,0x39c7,0x39c7,0x39c7,0x39c7,0x39e7,0x39c7,0x39e7,0x39c7,0x39c7,0x39c7,
  0x39e7,0x39c7,0x39e7,0x39c7,0x39e7,0x39c7,0x39e7,0x39c7,0x39e7,0x39c7,0x39e7,0x39c7,0x39c7,0x39c7,0x39c7,0x39c7,
  0x39e7,0x31c6,0x39c7,0x39c7,0x39c7,0x31c6,0x39c7,0x31a6,0x39c7,0x39c7,0x39c7,0x31a6,0x39c7,0x31a6,0x39c7,0x31a6,
  0x39c7,0x31a6,0x39c7,0x31a6,0x39c7,0x31a6,0x39c7,0x31a6,0x31a6,0x31a6,0x39c7,0x31a6,0x39c7,0x31a6,0x39c7,0x31a6,
  0x39a7,0x31a6,0x39a7,0x31a6,0x39a7,0x31a6,0x39a7,0x31a6,0x39a7,0x31a6,0x39a7,0x31a6,0x31a6,0x3186,0x31a6,0x3186,
  0x31a6,0x3186,0x39a7,0x31a6,0x39a7,0x31a6,0x39a7,0x3186,0x31a6,0x31a6,0x39a7,0x31a6,0x31a6,0x3186,0x39a7,0x2945,
  0x20e4,0x0881,0x1062,0x0020,0x18c3,0x7bcf,0x8c51,0x8c71,0x94b2,0x94b2,0x9cd3,0x9492,0x9cd3,0x9cd3,0x9cd3,0x94b2,
  0x9492,0x8c51,0x9472,0x9492,0x94b2,0x8410,0x7bcf,0x7bef,0x8c31,0x8410,0x83f0,0x8430,0x7bef,0x8c51,0x8430,0x7bcf,
  0x8430,0x73ae,0x7bcf,0x7bcf,0x8430,0x8430,0x83f0,0x73ae,0x7bcf,0x7c0f,0x8410,0x8410,0x8430,0x7bcf,0x83f0,0x8410,
  0x7bcf,0x8430,0x8410,0x7bcf,0x7baf,0x6b6d,0x736e,0x738e,0x738e,0x6b4d,0x738e,0x630c,0x6b2d,0x5acb,0x5aab,0x5acb,
  0x630c,0x52aa,0x5aab,0x528a,0x4a49,0x4228,0x526a,0x4228,0x2945,0x2965,0x3186,0x2945,0x3166,0x2945,0x3186,0x2965,
  0x2925,0x18c3,0x20e4,0x2124,0x2124,0x18e3,0x2104,0x18c3,0x10a2,0x1082,0x18a3,0x18e3,0x18e3,0x18c3,0x2104,0x18e3,
  0x18e3,0x18c3,0x18a3,0x10a2,0x18e3,0x18e3,0x20e4,0x18e3,0x18e3,0x10a2,0x18c3,0x18c3,0x18e3,0x18e3,0x2124,0x2104,
  0x2104,0x2104,0x2104,0x18e3,0x2104,0x2104,0x2104,0x18c3,0x20e4,0x18e3,0x2104,0x2104,0x2124,0x2104,0x2104,0x2104,
  0x2124,0x2104,0x2124,0x2104,0x2124,0x1903,0x2104,0x2104,0x2104,0x2104,0x20e4,0x0861,0x0000,0x0000,0x0000,0x0000,
  0x0821,0x10a2,0x2104,0x18e3,0x2104,0x18e3,0x2104,0x18e3,0x2104,0x18e3,0x2104,0x18e3,0x2104,0x18e3,0x2104,0x18e3,
  0x2104,0x18e3,0x20e4,0x18e3,0x20e4,0x18e3,0x20e4,0x18e3,0x18e3,0x18e3,0x20e4,0x18e3,0x18e3,0x18e3,0x20e4,0x18e3,
  0x18e3,0x18e3,0x20e4,0x18e3,0x18e3,0x18e3,0x18e3,0x18e3,0x18e3,0x18c3,0x18e3,0x18c3,0x18e3,0x18c3,0x18e3,0x18c3,
  0x18e3,0x18c3,0x18e3,0x18c3,0x18e3,0x18c3,0x18c3,0x18c3,0x18c3,0x18c3,0x18c3,0x18c3,0x18c3,0x10c2,0x18c3,0x18c3,
  0x18c3,0x10a2,0x18c3,0x18c3,0x18c3,0x10c2,0x18c3,0x18c3,0x18c3,0x10a2,0x18c3,0x10a2,0x18c3,0x10a2,0x18c3,0x10a2,
  0x18c3,0x10a2,0x18a3,0x10a2,0x18c3,0x10a2,0x18c3,0x10a2,0x18a3,0x10a2,0x18a3,0x10a2,0x10a2,0x10a2,0x18a3,0x10a2,
  0x18a3,0x10a2,0x10a2,0x1082,0x10a2,0x1082,0x10a2,0x1082,0x10a2,0x1082,0x10a2,0x1082,0x10a2,0x1082,0x10a2,0x1082,
  0x39c7,0x39e7,0x39c7,0x39e7,0x39c7,0x39e7,0x39c7,0x39e7,0x39e7,0x39e7,0x31c6,0x39e7,0x39e7,0x39e7,0x31c6,0x39c7,
  0x39c7,0x39e7,0x39c7,0x39e7,0x39c7,0x39e7,0x31c6,0x39c7,0x39c7,0x39c7,0x39c7,0x39e7,0x39e7,0x39c7,0x39c7,0x39e7,
  0x39c7,0x39e7,0x31c6,0x39c7,0x39c7,0x39c7,0x31c6,0x39c7,0x39c7,0x39c7,0x31c6,0x39c7,0x31a6,0x39a7,0x31a6,0x39c7,
  0x31a6,0x39c7,0x31a6,0x39c7,0x31a6,0x39c7,0x31c6,0x39c7,0x31a6,0x31a6,0x31a6,0x31a6,0x31a6,0x39a7,0x31a6,0x31a6,
  0x31a6,0x31a6,0x31a6,0x39c7,0x31a6,0x39c7,0x31a6,0x31a6,0x3186,0x31a6,0x3186,0x31a6,0x31a6,0x39a7,0x31a6,0x31a6,
  0x31a6,0x31a6,0x31a6,0x31a6,0x31a6,0x31a6,0x3186,0x31a6,0x3186,0x31a6,0x31a6,0x31a6,0x3186,0x31a6,0x3186,0x3186,
  0x3186,0x31a6,0x31a6,0x31a6,0x3186,0x31a6,0x2965,0x18e3,0x0861,0x1082,0x0861,0x0000,0x18c3,0x8410,0x8c51,0x9492,
  0x9492,0x9cd3,0x94b2,0x94b2,0x9492,0x9492,0x94b2,0x9cd3,0x9492,0x8c51,0x8c51,0x8c51,0x8c51,0x8c51,0x7bef,0x8410,
  0x7bef,0x8410,0x8c91,0x8c51,0x7bef,0x8430,0x8450,0x8410,0x7bef,0x8c31,0x73ae,0x8c71,0x8450,0x8410,0x8430,0x8410,
  0x73ae,0x73ae,0x73ce,0x7bcf,0x7bcf,0x8410,0x73ce,0x8410,0x7bcf,0x6b6d,0x7bcf,0x6b6d,0x6b8d,0x632c,0x6b6d,0x632c,
  0x5acb,0x52aa,0x5aeb,0x738e,0x630c,0x6b4d,0x6b6d,0x6b6d,0x630c,0x6b6d,0x5aeb,0x4208,0x4a49,0x528a,0x4a69,0x4228,
  0x4208,0x4208,0x4228,0x4208,0x39e7,0x31a6,0x2965,0x3186,0x2965,0x2965,0x2144,0x2965,0x2104,0x18c3,0x10c2,0x10a2,
  0x0861,0x1082,0x10a2,0x18e3,0x18c3,0x18e3,0x18c3,0x18e3,0x18c3,0x18c3,0x10c2,0x18c3,0x10c2,0x18c3,0x10c2,0x18e3,
  0x18c3,0x18c3,0x10c2,0x18c3,0x10a2,0x18e3,0x18e3,0x2104,0x18e3,0x18c3,0x18e3,0x2104,0x18e3,0x18c3,0x18e3,0x18e3,
  0x1903,0x2104,0x18e3,0x2104,0x2124,0x2124,0x18e3,0x2104,0x2104,0x2124,0x1903,0x2104,0x1903,0x2104,0x18e3,0x2104,
  0x18e3,0x18e3,0x10a2,0x0841,0x0000,0x0000,0x0000,0x0000,0x0000,0x0861,0x10c2,0x2104,0x18e3,0x20e4,0x18e3,0x2104,
  0x18e3,0x18e3,0x18e3,0x18e3,0x18e3,0x20e4,0x18e3,0x18e3,0x18e3,0x20e4,0x18e3,0x2104,0x18e3,0x20e4,0x18c3,0x18e3,
  0x18e3,0x20e4,0x18e3,0x18e3,0x18e3,0x18e3,0x18c3,0x18e3,0x18c3,0x18c3,0x18c3,0x18e3,0x18e3,0x18e3,0x18c3,0x18e3,
  0x18c3,0x18e3,0x18c3,0x18c3,0x18c3,0x18c3,0x10c2,0x18c3,0x10c2,0x18c3,0x10c2,0x18c3,0x10c2,0x18c3,0x10c2,0x18c3,
  0x10c2,0x18c3,0x10c2,0x18c3,0x10c2,0x18c3,0x10a2,0x18c3,0x10a2,0x18c3,0x10a2,0x18c3,0x10a2,0x18c3,0x10a2,0x18c3,
  0x10a2,0x18c3,0x10a2,0x10a2,0x10a2,0x18c3,0x10a2,0x18c3,0x10a2,0x18a3,0x10a2,0x18c3,0x10a2,0x18c3,0x10a2,0x10a2,
  0x10a2,0x10a2,0x10a2,0x18c3,0x10a2,0x10a2,0x1082,0x10a2,0x10a2,0x10a2,0x1082,0x10a2,0x1082,0x10a2,0x1082,0x10a2,
  0x1082,0x1082,0x0881,0x10a2,0x1082,0x1082,0x0881,0x1082,0x41e8,0x39e7,0x41e8,0x39e7,0x41e8,0x39e7,0x39e7,0x39c7,
  0x41e8,0x39e7,0x39e7,0x31c6,0x39e7,0x39c7,0x39e7,0x39c7,0x39e7,0x39e7,0x39e7,0x39c7,0x39e7,0x39c7,0x39e7,0x39c7,
  0x39e7,0x39c7,0x39e7,0x39e7,0x39e7,0x39c7,0x39c7,0x39c7,0x41e8,0x39c7,0x39c7,0x31a6,0x39e7,0x39c7,0x39e7,0x39c7,
  0x39c7,0x39c7,0x39c7,0x39c7,0x39c7,0x39c7,0x39c7,0x31a6,0x39c7,0x31a6,0x39c7,0x31a6,0x39c7,0x31a6,0x39c7,0x31c6,
  0x39c7,0x31a6,0x39c7,0x31a6,0x39c7,0x31a6,0x39c7,0x31a6,0x39a7,0x31a6,0x39c7,0x31a6,0x39c7,0x31a6,0x39c7,0x31a6,
  0x39a7,0x31a6,0x31a6,0x31a6,0x39a7,0x31a6,0x39a7,0x31a6,0x39a7,0x31a6,0x39a7,0x31a6,0x39a7,0x31a6,0x31a6,0x31a6,
  0x31a6,0x31a6,0x39a7,0x31a6,0x39a7,0x3186,0x31a6,0x31a6,0x39a7,0x3186,0x31a6,0x3186,0x39c7,0x3186,0x2104,0x10a2,
  0x10a2,0x0841,0x0020,0x0000,0x18c3,0x7bef,0x9492,0x8c71,0x9472,0x9492,0x9cd3,0x94b2,0x9cb3,0x94b2,0x94b2,0x94b2,
  0x94b2,0x8c71,0x8430,0x8410,0x9472,0x8430,0x7bef,0x8410,0x9472,0x7bef,0x8c51,0x94b2,0x7bcf,0x8430,0x9492,0x8430,
  0x8c51,0x7bcf,0x73ae,0x8430,0x8c71,0x7bef,0x8410,0x7bcf,0x8c71,0x73ae,0x7bef,0x8430,0x8410,0x7bef,0x8c51,0x8430,
  0x7baf,0x6b6d,0x7bcf,0x73ae,0x6b6d,0x632c,0x6b4d,0x6b4d,0x736e,0x630c,0x5acb,0x5aeb,0x6b4d,0x6b4d,0x738e,0x6b4d,
  0x630c,0x5acb,0x632c,0x5aeb,0x5aeb,0x5acb,0x528a,0x4a49,0x528a,0x528a,0x526a,0x4228,0x39e7,0x31a6,0x31a6,0x39c7,
  0x4208,0x39c7,0x2965,0x2945,0x2124,0x18c3,0x18c3,0x18c3,0x18a3,0x1082,0x18c3,0x18c3,0x18e3,0x18e3,0x18e3,0x18e3,
  0x2104,0x18e3,0x18e3,0x18c3,0x18c3,0x10a2,0x18c3,0x18c3,0x20e4,0x18c3,0x10a2,0x10a2,0x18e3,0x18c3,0x18e3,0x2124,
  0x2104,0x18e3,0x2104,0x1903,0x18e3,0x10a2,0x18c3,0x18e3,0x2124,0x2104,0x2104,0x2124,0x2925,0x2124,0x2124,0x2104,
  0x2925,0x2124,0x2124,0x2104,0x2124,0x2104,0x2104,0x2104,0x2104,0x18e3,0x18a3,0x0040,0x0000,0x0000,0x0000,0x0000,
  0x0020,0x0020,0x1082,0x18e3,0x2104,0x18e3,0x2104,0x18e3,0x2104,0x18e3,0x2104,0x18e3,0x2104,0x18e3,0x2104,0x18e3,
  0x2104,0x18e3,0x20e4,0x18e3,0x2104,0x18e3,0x18e3,0x18e3,0x2104,0x18e3,0x20e4,0x18e3,0x20e4,0x18e3,0x18e3,0x18c3,
  0x18e3,0x18c3,0x18e3,0x18c3,0x18e3,0x18c3,0x18e3,0x18c3,0x18e3,0x18c3,0x18e3,0x18c3,0x18e3,0x18c3,0x18e3,0x18c3,
  0x18c3,0x18c3,0x18c3,0x18c3,0x18c3,0x18c3,0x18c3,0x18c3,0x18c3,0x18c3,0x18c3,0x18c3,0x18c3,0x18c3,0x18c3,0x10c2,
  0x18c3,0x18c3,0x18c3,0x10a2,0x18c3,0x10a2,0x18c3,0x10c2,0x18c3,0x10a2,0x18c3,0x10a2,0x18c3,0x10a2,0x18c3,0x10a2,
  0x18c3,0x10a2,0x18c3,0x10a2,0x18a3,0x10a2,0x18c3,0x10a2,0x18a3,0x10a2,0x18a3,0x10a2,0x18a3,0x10a2,0x10a2,0x10a2,
  0x18a3,0x10a2,0x10a2,0x1082,0x10a2,0x1082,0x10a2,0x1082,0x10a2,0x1082,0x10a2,0x1082,0x10a2,0x1082,0x1082,0x1082,
  0x39e7,0x39e7,0x39e7,0x39e7,0x39c7,0x39e7,0x39c7,0x39e7,0x39e7,0x4208,0x39c7,0x39c7,0x31c6,0x39e7,0x39c7,0x39c7,
  0x31c6,0x39e7,0x39c7,0x39c7,0x31c6,0x39e7,0x39c7,0x39c7,0x39c7,0x39e7,0x39c7,0x39e7,0x39c7,0x39c7,0x31c6,0x39c7,
  0x31c6,0x39c7,0x31a6,0x39a7,0x31c6,0x39c7,0x31c6,0x39c7,0x31c6,0x39c7,0x31c6,0x39c7,0x31a6,0x39c7,0x31c6,0x39c7,
  0x31a6,0x39c7,0x31a6,0x39c7,0x31a6,0x39c7,0x31a6,0x39c7,0x31a6,0x31a6,0x31a6,0x39a7,0x31a6,0x31a6,0x31a6,0x31a6,
  0x31a6,0x39c7,0x31a6,0x31a6,0x31a6,0x31a6,0x31a6,0x39a7,0x31a6,0x39c7,0x31a6,0x39c7,0x31a6,0x31a6,0x31a6,0x31a6,
  0x31a6,0x31a6,0x31a6,0x31a6,0x31a6,0x31a6,0x3186,0x31a6,0x3186,0x31a6,0x31a6,0x31a6,0x3186,0x31a6,0x3186,0x31a6,
  0x3186,0x31a6,0x3186,0x31a6,0x3186,0x2124,0x10a2,0x10a2,0x1082,0x0841,0x0000,0x0000,0x10c2,0x8410,0x8c71,0x9492,
  0x8c51,0x9492,0x94b2,0x94b2,0x94b2,0x9cd3,0x9cd3,0x9cf3,0x94b2,0x9492,0x7c0f,0x8410,0x8450,0x8410,0x73ae,0x8410,
  0x8410,0x7bef,0x7c0f,0x8c51,0x8430,0x8410,0x8430,0x9492,0x8c71,0x8410,0x738e,0x83f0,0x8410,0x7bcf,0x7bef,0x8410,
  0x7bef,0x7bef,0x8430,0x8c51,0x7bef,0x7bcf,0x6b6d,0x7bef,0x7bef,0x73ae,0x73ce,0x8430,0x73ce,0x7bcf,0x6b6d,0x632c,
  0x630c,0x5aeb,0x6b4d,0x5acb,0x4248,0x630c,0x528a,0x528a,0x5b0b,0x7bcf,0x6b4d,0x526a,0x5aeb,0x630c,0x4a69,0x52aa,
  0x4228,0x52aa,0x4208,0x526a,0x3a07,0x39e7,0x39e7,0x4208,0x2945,0x2104,0x3186,0x2945,0x1903,0x2124,0x18e3,0x18c3,
  0x1082,0x18e3,0x10c2,0x10a2,0x18c3,0x18e3,0x18c3,0x18e3,0x1903,0x2104,0x10a2,0x18c3,0x10c2,0x18e3,0x10c2,0x18c3,
  0x10a2,0x10a2,0x10a2,0x18e3,0x2104,0x18e3,0x18e3,0x2104,0x10a2,0x18c3,0x18e3,0x18e3,0x10c2,0x18c3,0x1903,0x2104,
  0x1903,0x2104,0x1903,0x2104,0x2104,0x2124,0x2104,0x2124,0x2104,0x2104,0x1903,0x2104,0x1903,0x2104,0x18e3,0x2104,
  0x18e3,0x18c3,0x1082,0x0841,0x0000,0x0000,0x0000,0x0000,0x0000,0x0000,0x0020,0x18c3,0x18e3,0x2104,0x18e3,0x20e4,
  0x18e3,0x2104,0x18e3,0x20e4,0x18e3,0x18e3,0x18e3,0x20e4,0x18e3,0x18e3,0x18e3,0x20e4,0x18e3,0x18e3,0x18e3,0x18e3,
  0x18e3,0x18e3,0x18e3,0x18e3,0x18c3,0x18e3,0x18c3,0x18e3,0x18c3,0x18e3,0x18c3,0x18e3,0x18c3,0x18e3,0x18c3,0x18e3,
  0x18c3,0x18e3,0x18c3,0x18c3,0x10c2,0x18c3,0x18c3,0x18c3,0x10c2,0x18c3,0x10c2,0x18c3,0x10c2,0x18c3,0x10c2,0x18c3,
  0x10c2,0x18c3,0x10c2,0x18c3,0x10c2,0x18c3,0x10a2,0x18c3,0x10a2,0x18c3,0x10a2,0x18c3,0x10a2,0x18c3,0x10a2,0x18c3,
  0x10a2,0x18c3,0x10a2,0x18a3,0x10a2,0x18c3,0x10a2,0x18c3,0x10a2,0x10a2,0x10a2,0x10a2,0x1082,0x10a2,0x10a2,0x10a2,
  0x10a2,0x10a2,0x10a2,0x10a2,0x1082,0x10a2,0x1082,0x10a2,0x1082,0x10a2,0x1082,0x10a2,0x1082,0x10a2,0x1082,0x10a2,
  0x1082,0x1082,0x1082,0x10a2,0x1082,0x1082,0x0881,0x1082,0x39e7,0x39e7,0x41e8,0x39e7,0x39e7,0x39c7,0x39e7,0x39e7,
  0x4208,0x39e7,0x39e7,0x39e7,0x4208,0x39c7,0x39e7,0x39c7,0x39e7,0x39e7,0x39e7,0x39c7,0x39c7,0x39c7,0x39e7,0x39c7,
  0x39e7,0x39c7,0x39e7,0x39c7,0x39e7,0x39c7,0x39e7,0x39c7,0x39c7,0x39c7,0x39c7,0x39c7,0x39c7,0x39c7,0x39c7,0x39c7,
  0x39c7,0x31c6,0x39c7,0x39c7,0x39c7,0x31a6,0x39c7,0x39c7,0x39c7,0x31c6,0x39c7,0x31a6,0x39c7,0x31a6,0x39c7,0x39c7,
  0x39c7,0x31a6,0x39c7,0x31a6,0x39c7,0x31a6,0x39c7,0x31a6,0x39c7,0x31c6,0x39c7,0x31a6,0x39a7,0x31a6,0x39a7,0x31a6,
  0x39c7,0x31a6,0x39c7,0x31a6,0x39c7,0x31a6,0x39c7,0x31a6,0x39a7,0x31a6,0x39a7,0x31a6,0x39a7,0x31a6,0x39a7,0x31a6,
  0x31a6,0x31a6,0x39a7,0x31a6,0x31a6,0x31a6,0x39a7,0x3186,0x31a6,0x31a6,0x39c7,0x3186,0x2965,0x10a2,0x10a2,0x1082,
  0x1062,0x0020,0x0020,0x0000,0x2124,0x8410,0x9472,0x9492,0x9492,0x94b2,0x9cd3,0x94b2,0x94b2,0x94b2,0x9cd3,0x9cd3,
  0x94b2,0x8c91,0x8c51,0x8c51,0x8c51,0x7bef,0x8430,0x8430,0x7bef,0x7bef,0x8c51,0x8430,0x9472,0x7bcf,0x8410,0x8c71,
  0x8c51,0x7bef,0x7bcf,0x8410,0x8c51,0x8410,0x8410,0x8410,0x8410,0x7bef,0x7bef,0x7bcf,0x8410,0x8430,0x7baf,0x7bef,
  0x8430,0x6b4d,0x6b4d,0x73ae,0x8410,0x7bcf,0x7bcf,0x73ae,0x73ae,0x6b8d,0x6b6d,0x6b6d,0x6b4d,0x630c,0x6b6d,0x738e,
  0x5acb,0x39e7,0x5acb,0x5acb,0x4a69,0x4a69,0x528a,0x528a,0x5aeb,0x4a69,0x526a,0x4a69,0x4a49,0x4a69,0x4a69,0x39e7,
  0x39c7,0x31a6,0x3186,0x2124,0x2104,0x18e3,0x2104,0x2104,0x20e4,0x18c3,0x18a3,0x10a2,0x18e3,0x18e3,0x18e3,0x18c3,
  0x2104,0x18e3,0x18c3,0x18c3,0x18e3,0x18e3,0x18c3,0x10a2,0x10a2,0x10a2,0x18e3,0x18e3,0x2104,0x18e3,0x20e4,0x18c3,
  0x18e3,0x18e3,0x2104,0x18e3,0x18c3,0x10c2,0x2104,0x2124,0x2925,0x2124,0x2925,0x2124,0x2925,0x2124,0x2124,0x2104,
  0x2124,0x1903,0x2104,0x2104,0x2124,0x1903,0x2104,0x18e3,0x18e3,0x10a2,0x1082,0x0020,0x0000,0x0000,0x0000,0x0000,
  0x0020,0x0000,0x0020,0x0861,0x2104,0x2104,0x2104,0x18e3,0x2104,0x2104,0x2104,0x18e3,0x2104,0x18e3,0x2104,0x18e3,
  0x2104,0x18e3,0x20e4,0x18e3,0x2104,0x18e3,0x20e4,0x18e3,0x2104,0x18e3,0x20e4,0x18e3,0x18e3,0x18e3,0x20e4,0x18e3,
  0x18e3,0x18e3,0x20e4,0x18e3,0x20e4,0x18e3,0x18e3,0x18c3,0x18e3,0x18c3,0x18e3,0x18c3,0x18e3,0x18c3,0x18e3,0x18c3,
  0x18c3,0x18c3,0x18c3,0x18c3,0x18c3,0x18c3,0x18c3,0x18c3,0x18c3,0x18c3,0x18c3,0x18c3,0x18c3,0x18c3,0x18c3,0x18c3,
  0x18c3,0x10c2,0x18c3,0x10a2,0x18c3,0x10a2,0x18c3,0x18c3,0x18c3,0x10a2,0x18c3,0x10a2,0x18c3,0x10a2,0x18c3,0x10a2,
  0x18c3,0x10a2,0x18c3,0x10a2,0x10a2,0x10a2,0x18a3,0x10a2,0x18a3,0x10a2,0x18a3,0x10a2,0x10a2,0x10a2,0x18a3,0x10a2,
  0x10a2,0x10a2,0x18a3,0x10a2,0x10a2,0x1082,0x10a2,0x1082,0x10a2,0x1082,0x10a2,0x1082,0x10a2,0x1082,0x1082,0x1082,
  0x39c7,0x39e7,0x39c7,0x39e7,0x39c7,0x39e7,0x39c7,0x39e7,0x39c7,0x39c7,0x31a6,0x39e7,0x39e7,0x39c7,0x31c6,0x39c7,
  0x31c6,0x39e7,0x39c7,0x39c7,0x31c6,0x39c7,0x31c6,0x39e7,0x39c7,0x39e7,0x39c7,0x39e7,0x39c7,0x39e7,0x39c7,0x39c7,
  0x31c6,0x39c7,0x31c6,0x39e7,0x31c6,0x39c7,0x31c6,0x39c7,0x31a6,0x39c7,0x31a6,0x39c7,0x31a6,0x39c7,0x31c6,0x39c7,
  0x31a6,0x39c7,0x31c6,0x39c7,0x31a6,0x39a7,0x31a6,0x39c7,0x31a6,0x39c7,0x31a6,0x31a6,0x31a6,0x39a7,0x31a6,0x31a6,
  0x31a6,0x39a7,0x31a6,0x31a6,0x31a6,0x31a6,0x31a6,0x31a6,0x31a6,0x39a7,0x31a6,0x31a6,0x31a6,0x31a6,0x3186,0x31a6,
  0x31a6,0x31a6,0x31a6,0x31a6,0x31a6,0x31a6,0x3186,0x31a6,0x3186,0x31a6,0x31a6,0x31a6,0x3186,0x31a6,0x31a6,0x3186,
  0x3186,0x39c7,0x3186,0x2965,0x18e3,0x1082,0x10a2,0x1082,0x0020,0x0020,0x0000,0x0000,0x2945,0x8410,0x8450,0x9492,
  0x9492,0x94b2,0x9492,0x9cd3,0x94b2,0x94b2,0x9492,0x94b2,0x94b2,0x9cb3,0x8c71,0x8c71,0x8430,0x8410,0x8c71,0x8c71,
  0x7bef,0x7bcf,0x8430,0x9492,0x7c0f,0x83f0,0x8430,0x8c51,0x8c51,0x83f0,0x73ae,0x7bcf,0x7bef,0x8410,0x7c0f,0x8430,
  0x7bef,0x8410,0x8430,0x7bef,0x6b8d,0x738e,0x73ae,0x73ae,0x7bcf,0x83f0,0x634c,0x73ae,0x738e,0x83f0,0x73ae,0x632c,
  0x5aeb,0x5aeb,0x6b4d,0x7bcf,0x6b4d,0x6b6d,0x6b6d,0x73ae,0x632c,0x630c,0x632c,0x6b4d,0x6b4d,0x4a69,0x4228,0x5acb,
  0x4a49,0x62ec,0x4208,0x528a,0x52aa,0x52aa,0x4a49,0x4208,0x3a07,0x4208,0x3186,0x2965,0x2124,0x2124,0x2124,0x2124,
  0x18e3,0x18c3,0x10a2,0x18c3,0x18c3,0x18e3,0x18c3,0x18c3,0x18e3,0x18e3,0x10a2,0x10a2,0x1082,0x10a2,0x10a2,0x18c3,
  0x10a2,0x18e3,0x1903,0x18e3,0x10a2,0x18c3,0x18e3,0x18c3,0x18e3,0x2104,0x2104,0x18e3,0x10a2,0x18c3,0x18e3,0x2124,
  0x2104,0x2124,0x2104,0x2124,0x2104,0x2124,0x2104,0x2124,0x2104,0x2104,0x18e3,0x2104,0x1903,0x20e4,0x18c3,0x18e3,
  0x10a2,0x1082,0x0841,0x0020,0x0000,0x0000,0x0000,0x0000,0x0000,0x0000,0x0000,0x0020,0x10a2,0x2104,0x1903,0x2104,
  0x18e3,0x2104,0x18e3,0x18e3,0x18e3,0x20e4,0x18e3,0x18e3,0x18e3,0x20e4,0x18e3,0x18e3,0x18e3,0x20e4,0x18c3,0x18e3,
  0x18e3,0x20e4,0x18c3,0x18e3,0x18c3,0x18e3,0x18c3,0x18e3,0x18c3,0x18e3,0x18c3,0x18e3,0x18c3,0x18e3,0x10c2,0x18c3,
  0x18c3,0x18e3,0x18c3,0x18c3,0x18c3,0x18c3,0x10c2,0x18c3,0x10c2,0x18c3,0x10c2,0x18c3,0x10c2,0x18c3,0x10c2,0x18c3,
  0x10c2,0x18c3,0x10c2,0x18c3,0x10c2,0x18c3,0x10a2,0x18c3,0x10a2,0x18c3,0x10a2,0x18c3,0x10a2,0x18c3,0x10a2,0x18c3,
  0x10a2,0x18c3,0x10a2,0x10a2,0x10a2,0x18c3,0x10a2,0x18c3,0x10a2,0x18a3,0x10a2,0x10a2,0x10a2,0x10a2,0x10a2,0x10a2,
  0x10a2,0x10a2,0x1082,0x10a2,0x1082,0x10a2,0x1082,0x10a2,0x1082,0x10a2,0x1082,0x10a2,0x1082,0x1082,0x0881,0x1082,
  0x1082,0x1082,0x0881,0x10a2,0x1082,0x1082,0x0881,0x1082,0x41e8,0x39e7,0x39e7,0x39e7,0x41e8,0x39e7,0x39e7,0x39e7,
  0x41e8,0x39e7,0x39c7,0x39c7,0x39e7,0x39c7,0x39e7,0x39c7,0x39c7,0x39c7,0x39e7,0x39c7,0x39c7,0x39c7,0x39e7,0x39c7,
  0x41e8,0x39e7,0x39e7,0x39c7,0x39e7,0x39c7,0x39e7,0x39c7,0x39e7,0x39c7,0x39c7,0x31c6,0x39c7,0x39c7,0x39c7,0x39c7,
  0x39c7,0x39c7,0x39c7,0x31c6,0x39c7,0x31a6,0x39c7,0x39c7,0x39c7,0x31a6,0x39c7,0x31c6,0x39c7,0x31a6,0x39c7,0x31c6,
  0x39c7,0x31a6,0x39c7,0x31a6,0x39c7,0x31a6,0x39c7,0x31a6,0x39a7,0x31a6,0x39a7,0x31a6,0x39c7,0x31a6,0x39a7,0x31a6,
  0x39c7,0x31a6,0x39a7,0x31a6,0x39a7,0x3186,0x31a6,0x31a6,0x39a7,0x31a6,0x39a7,0x31a6,0x39a7,0x31a6,0x31a6,0x31a6,
  0x31a6,0x31a6,0x39a7,0x31a6,0x39a7,0x3186,0x31a6,0x3186,0x39a7,0x31a6,0x3166,0x18e3,0x10a2,0x10a2,0x10a2,0x0861,
  0x0841,0x0020,0x0020,0x0000,0x3166,0x8410,0x8c51,0x8c71,0x9492,0x94b2,0x94b2,0x94b2,0x9cd3,0x94b2,0x9cb3,0x94b2,
  0x9cd3,0x94b2,0x9492,0x8c71,0x8c51,0x8410,0x9492,0x8c51,0x8c31,0x7bef,0x8410,0x8c71,0x8c71,0x8430,0x8430,0x8c51,
  0x9472,0x8430,0x8410,0x73ae,0x73ae,0x7bef,0x8410,0x8430,0x8c51,0x8430,0x8c71,0x7c0f,0x6b4d,0x6b4d,0x7bef,0x73ae,
  0x7baf,0x7bef,0x8410,0x738e,0x738e,0x738e,0x6b6d,0x738e,0x7bcf,0x73ae,0x83f0,0x632c,0x6b4d,0x738e,0x5aab,0x528a,
  0x5acb,0x4a49,0x4a69,0x4228,0x4208,0x5aeb,0x5acb,0x4a49,0x5aab,0x4208,0x52aa,0x528a,0x4a69,0x4a69,0x528a,0x4a49,
  0x39e7,0x2965,0x2965,0x2144,0x2945,0x2124,0x2104,0x18e3,0x18e3,0x18c3,0x18e3,0x18e3,0x20e4,0x18e3,0x18e3,0x18c3,
  0x18c3,0x18c3,0x18c3,0x10a2,0x10a2,0x10a2,0x18c3,0x18c3,0x18e3,0x18e3,0x18e3,0x18c3,0x18c3,0x18c3,0x20e4,0x18e3,
  0x20e4,0x2104,0x2104,0x18e3,0x18e3,0x18e3,0x2925,0x2104,0x2104,0x2104,0x2124,0x2104,0x2104,0x2104,0x2124,0x2124,
  0x2124,0x2104,0x2104,0x2104,0x2104,0x18c3,0x18e3,0x18c3,0x18a3,0x0861,0x0841,0x0000,0x0000,0x0000,0x0000,0x0000,
  0x0020,0x0000,0x0020,0x0000,0x1082,0x18e3,0x2104,0x18e3,0x2104,0x2104,0x2104,0x18e3,0x2104,0x18e3,0x2104,0x18e3,
  0x2104,0x18e3,0x2104,0x18e3,0x2104,0x18e3,0x18e3,0x18e3,0x2104,0x18e3,0x18e3,0x18e3,0x20e4,0x18e3,0x18e3,0x18e3,
  0x20e4,0x18e3,0x18e3,0x18e3,0x18e3,0x18c3,0x18e3,0x18c3,0x18e3,0x18c3,0x18e3,0x18c3,0x18e3,0x18c3,0x18e3,0x18c3,
  0x18c3,0x18c3,0x18c3,0x18c3,0x18c3,0x18c3,0x18c3,0x18c3,0x18c3,0x18c3,0x18c3,0x18c3,0x18c3,0x18c3,0x18c3,0x10c2,
  0x18c3,0x18c3,0x18c3,0x10a2,0x18c3,0x10a2,0x18c3,0x10c2,0x18c3,0x10a2,0x18c3,0x10a2,0x18c3,0x10a2,0x18c3,0x10a2,
  0x18c3,0x10a2,0x18c3,0x10a2,0x18c3,0x10a2,0x18c3,0x10a2,0x18a3,0x10a2,0x10a2,0x10a2,0x18a3,0x10a2,0x10a2,0x1082,
  0x10a2,0x1082,0x10a2,0x1082,0x10a2,0x1082,0x10a2,0x1082,0x10a2,0x1082,0x10a2,0x1082,0x10a2,0x1082,0x1082,0x1082,
  0x39e7,0x39e7,0x39e7,0x39e7,0x39e7,0x39e7,0x39c7,0x39e7,0x39e7,0x39e7,0x39c7,0x39c7,0x39c7,0x39e7,0x39c7,0x39c7,
  0x31c6,0x39e7,0x39c7,0x39c7,0x31a6,0x39c7,0x39c7,0x39e7,0x39c7,0x39e7,0x39c7,0x39c7,0x31c6,0x39c7,0x39c7,0x39e7,
  0x39e7,0x39e7,0x31a6,0x39c7,0x31c6,0x39c7,0x31c6,0x39c7,0x31a6,0x39c7,0x31a6,0x39c7,0x31a6,0x39c7,0x39c7,0x39c7,
  0x31a6,0x31a6,0x31a6,0x39c7,0x31a6,0x31a6,0x31a6,0x39c7,0x31a6,0x39c7,0x31a6,0x39a7,0x31a6,0x31a6,0x31a6,0x31a6,
  0x31a6,0x31a6,0x31a6,0x39a7,0x31a6,0x31a6,0x31a6,0x31a6,0x31a6,0x31a6,0x31a6,0x39a7,0x3186,0x31a6,0x3186,0x31a6,
  0x31a6,0x31a6,0x31a6,0x31a6,0x31a6,0x31a6,0x3186,0x31a6,0x3186,0x31a6,0x31a6,0x31a6,0x3186,0x31a6,0x3186,0x31a6,
  0x31a6,0x3186,0x2104,0x10a2,0x0861,0x10a2,0x0841,0x0841,0x0020,0x0020,0x0000,0x0000,0x2965,0x8410,0x8430,0x9472,
  0x8c71,0x9492,0x9492,0x9492,0x9492,0x94b2,0x94b2,0x9cd3,0x94b2,0x9492,0x8c71,0x9492,0x8430,0x8430,0x8c71,0x8c51,
  0x8430,0x8c71,0x7bef,0x8410,0x94d2,0x8c51,0x73ae,0x8430,0x7c0f,0x8c51,0x8c71,0x8410,0x7bef,0x8410,0x7bef,0x7bcf,
  0x8410,0x8430,0x8430,0x8c31,0x8430,0x8430,0x7c0f,0x8430,0x6b4d,0x6b4d,0x73ae,0x8430,0x7c0f,0x8430,0x632c,0x630c,
  0x73ae,0x73ae,0x738e,0x7bcf,0x6b8d,0x7bcf,0x7bcf,0x7bcf,0x73ae,0x738e,0x738e,0x73ae,0x6b8d,0x6b6d,0x6b6d,0x6b2d,
  0x4a69,0x4208,0x39e7,0x4228,0x4a69,0x4a69,0x39e7,0x3186,0x3186,0x39e7,0x31a6,0x3186,0x2945,0x2124,0x2104,0x2945,
  0x2124,0x18e3,0x18e3,0x2104,0x18e3,0x18e3,0x18c3,0x18c3,0x10a2,0x10a2,0x10a2,0x10a2,0x10a2,0x18e3,0x18e3,0x18e3,
  0x10a2,0x10a2,0x1082,0x18c3,0x10c2,0x18c3,0x18c3,0x2104,0x18e3,0x2104,0x2104,0x18e3,0x18c3,0x18e3,0x2104,0x2124,
  0x18e3,0x2104,0x2104,0x2124,0x2104,0x2124,0x2124,0x2945,0x2124,0x2124,0x2104,0x2104,0x18e3,0x18c3,0x10a2,0x18c3,
  0x1082,0x0861,0x0020,0x0020,0x0000,0x0000,0x0000,0x0020,0x0000,0x0020,0x0000,0x0000,0x0020,0x18c3,0x18e3,0x2104,
  0x18e3,0x2104,0x18e3,0x20e4,0x18e3,0x18e3,0x18e3,0x20e4,0x18e3,0x18e3,0x18e3,0x2104,0x18e3,0x18e3,0x18c3,0x18e3,
  0x18c3,0x18e3,0x18c3,0x18e3,0x18c3,0x18e3,0x18c3,0x18e3,0x18e3,0x18e3,0x18e3,0x18e3,0x18c3,0x18e3,0x18c3,0x18c3,
  0x18c3,0x18e3,0x18c3,0x18c3,0x10c2,0x18c3,0x18c3,0x18c3,0x10c2,0x18c3,0x10c2,0x18c3,0x10c2,0x18c3,0x10c2,0x18c3,
  0x10c2,0x18c3,0x10c2,0x18c3,0x10c2,0x18c3,0x10a2,0x18c3,0x10a2,0x18c3,0x10a2,0x18c3,0x10a2,0x18c3,0x10a2,0x18c3,
  0x10a2,0x18c3,0x10a2,0x18a3,0x10a2,0x18c3,0x10a2,0x18c3,0x10a2,0x10a2,0x10a2,0x18c3,0x10a2,0x18c3,0x10a2,0x18a3,
  0x10a2,0x10a2,0x1082,0x10a2,0x1082,0x10a2,0x1082,0x10a2,0x1082,0x10a2,0x1082,0x10a2,0x1082,0x10a2,0x1082,0x10a2,
  0x1082,0x1082,0x1082,0x10a2,0x1082,0x1082,0x0881,0x1082,0x39e7,0x39e7,0x41e8,0x39e7,0x39e7,0x39c7,0x39e7,0x39e7,
  0x39e7,0x39c7,0x39e7,0x39e7,0x39e7,0x39c7,0x39e7,0x39c7,0x39e7,0x39e7,0x41e8,0x39c7,0x39c7,0x31c6,0x39e7,0x39e7,
  0x39e7,0x39c7,0x39e7,0x39c7,0x39e7,0x39c7,0x39e7,0x39c7,0x39e7,0x39c7,0x39e7,0x39c7,0x39e7,0x39c7,0x39e7,0x39c7,
  0x39c7,0x31c6,0x39c7,0x39c7,0x39c7,0x31a6,0x39c7,0x31a6,0x39c7,0x31a6,0x39c7,0x39c7,0x39c7,0x31a6,0x39c7,0x31a6,
  0x39c7,0x31a6,0x39c7,0x31a6,0x39c7,0x31a6,0x39c7,0x31a6,0x39c7,0x31a6,0x39c7,0x31a6,0x39c7,0x31a6,0x39a7,0x31a6,
  0x39c7,0x31a6,0x39a7,0x31a6,0x31a6,0x31a6,0x39a7,0x31a6,0x39a7,0x31a6,0x39a7,0x31a6,0x39a7,0x31a6,0x39a7,0x31a6,
  0x31a6,0x31a6,0x39a7,0x31a6,0x31a6,0x31a6,0x39c7,0x3186,0x31a6,0x2965,0x18c3,0x0861,0x10a2,0x1082,0x1062,0x0841,
  0x0841,0x0020,0x0000,0x0000,0x31a6,0x7bef,0x8c51,0x9492,0x94b2,0x8c71,0x8c71,0x9492,0x94b2,0x9492,0x94b2,0x94b2,
  0x9cb3,0x94b2,0x9472,0x8c71,0x7bef,0x8430,0x9492,0x8c71,0x7bcf,0x7bef,0x8c51,0x8410,0x9472,0x8c71,0x8c51,0x8430,
  0x7bcf,0x8430,0x8c71,0x8c51,0x8410,0x7bcf,0x7baf,0x738e,0x73ae,0x8430,0x8c51,0x73ae,0x83f0,0x73ae,0x8430,0x8410,
  0x7bcf,0x73ae,0x7baf,0x73ae,0x7baf,0x73ae,0x83f0,0x8410,0x6b4d,0x5acb,0x738e,0x6b6d,0x73ae,0x8410,0x8410,0x738e,
  0x736e,0x6b6d,0x7baf,0x632c,0x6b4d,0x6b8d,0x6b6d,0x5acb,0x4a69,0x4228,0x526a,0x4a69,0x4a49,0x4208,0x4208,0x4208,
  0x39a7,0x2965,0x39a7,0x2945,0x2945,0x2144,0x2945,0x2945,0x2124,0x18e3,0x2104,0x2104,0x18e3,0x18c3,0x18e3,0x18c3,
  0x18c3,0x18c3,0x18c3,0x10a2,0x18e3,0x18e3,0x20e4,0x18c3,0x18e3,0x18e3,0x20e4,0x18c3,0x18c3,0x18e3,0x2104,0x2104,
  0x20e4,0x2104,0x2124,0x18e3,0x18e3,0x18e3,0x2124,0x2104,0x2104,0x1903,0x2124,0x2124,0x2925,0x2144,0x2945,0x2104,
  0x2124,0x2104,0x2104,0x18e3,0x20e4,0x18c3,0x18c3,0x10a2,0x1082,0x0841,0x0821,0x0000,0x0000,0x0000,0x0000,0x0000,
  0x0020,0x0000,0x0020,0x0000,0x0000,0x0881,0x20e4,0x2104,0x2104,0x18e3,0x2104,0x18e3,0x2104,0x18e3,0x2104,0x18e3,
  0x2104,0x18e3,0x2104,0x18e3,0x2104,0x18e3,0x20e4,0x18e3,0x20e4,0x18e3,0x20e4,0x18e3,0x18e3,0x18e3,0x18e3,0x18c3,
  0x18e3,0x18c3,0x18e3,0x18c3,0x18e3,0x18c3,0x18e3,0x18c3,0x18e3,0x18c3,0x18e3,0x18c3,0x18e3,0x18c3,0x18c3,0x18c3,
  0x18e3,0x18c3,0x18c3,0x18c3,0x18e3,0x18c3,0x18c3,0x18c3,0x18c3,0x18c3,0x18c3,0x18c3,0x18c3,0x18c3,0x18c3,0x18c3,
  0x18c3,0x10c2,0x18c3,0x10a2,0x18c3,0x10c2,0x18c3,0x18c3,0x18c3,0x10a2,0x18c3,0x10a2,0x18c3,0x10a2,0x18c3,0x10a2,
  0x18a3,0x10a2,0x18a3,0x10a2,0x18a3,0x10a2,0x18a3,0x10a2,0x10a2,0x10a2,0x18a3,0x10a2,0x18a3,0x10a2,0x18a3,0x10a2,
  0x10a2,0x1082,0x10a2,0x1082,0x10a2,0x1082,0x10a2,0x1082,0x10a2,0x1082,0x10a2,0x1082,0x10a2,0x1082,0x10a2,0x1082,
  0x39c7,0x39e7,0x39c7,0x39e7,0x39c7,0x39e7,0x39c7,0x39e7,0x39c7,0x39c7,0x31c6,0x39e7,0x39c7,0x39c7,0x31c6,0x39c7,
  0x39c7,0x39e7,0x39e7,0x39e7,0x39c7,0x39c7,0x39c7,0x39e7,0x39e7,0x39e7,0x39c7,0x39c7,0x39c7,0x39c7,0x31c6,0x39c7,
  0x31c6,0x39c7,0x31c6,0x39c7,0x31c6,0x39c7,0x31a6,0x39c7,0x31c6,0x39c7,0x31a6,0x39c7,0x31a6,0x39c7,0x31a6,0x39c7,
  0x31a6,0x39c7,0x31a6,0x39c7,0x31a6,0x39c7,0x31a6,0x39c7,0x31a6,0x39c7,0x31a6,0x39c7,0x31a6,0x39a7,0x31a6,0x31a6,
  0x31a6,0x39c7,0x31a6,0x31a6,0x3186,0x31a6,0x31a6,0x39c7,0x31a6,0x39a7,0x31a6,0x31a6,0x3186,0x31a6,0x31a6,0x31a6,
  0x31a6,0x31a6,0x31a6,0x31a6,0x31a6,0x31a6,0x31a6,0x31a6,0x3186,0x31a6,0x3186,0x31a6,0x3186,0x3186,0x3186,0x39c7,
  0x2945,0x18c3,0x0881,0x1082,0x1082,0x1082,0x0841,0x0841,0x0020,0x0020,0x0000,0x0000,0x39c7,0x83f0,0x8430,0x8c71,
  0x8c71,0x9472,0x8c71,0x94b2,0x94b2,0x9cb3,0x94b2,0x94b2,0x9492,0x94b2,0x8c71,0x8c71,0x73ae,0x8410,0x8c91,0x94b2,
  0x7bef,0x7bcf,0x8410,0x8c71,0x8c71,0x8c51,0x8450,0x8c71,0x7bef,0x8410,0x73ae,0x8410,0x8430,0x83f0,0x7bcf,0x8430,
  0x6b8d,0x83f0,0x7c0f,0x9492,0x8410,0x73ae,0x6b6d,0x7bcf,0x73ae,0x73ae,0x6b4d,0x6b4d,0x6b4d,0x7baf,0x738e,0x7bcf,
  0x8410,0x6b4d,0x4a89,0x630c,0x632c,0x630c,0x6b4d,0x6b6d,0x6b6d,0x73ae,0x7bcf,0x73ae,0x738e,0x5aeb,0x5acb,0x5aeb,
  0x4a89,0x630c,0x528a,0x52aa,0x4a89,0x4a49,0x39e7,0x39c7,0x2965,0x2945,0x2144,0x2945,0x2104,0x20e4,0x18e3,0x2124,
  0x2104,0x20e4,0x18e3,0x2104,0x18c3,0x18c3,0x10c2,0x18c3,0x10a2,0x18c3,0x18c3,0x10a2,0x10a2,0x18c3,0x18c3,0x18e3,
  0x18c3,0x18e3,0x18c3,0x18e3,0x18c3,0x2104,0x1903,0x2104,0x18e3,0x2104,0x18e3,0x2104,0x1903,0x2104,0x2104,0x2124,
  0x1903,0x2104,0x2104,0x2124,0x2104,0x2124,0x2124,0x2124,0x2104,0x2104,0x18e3,0x2104,0x18e3,0x18c3,0x10a2,0x10a2,
  0x0861,0x0841,0x0000,0x0000,0x0000,0x0000,0x0000,0x0000,0x0000,0x0000,0x0000,0x0000,0x0000,0x0841,0x10a2,0x2104,
  0x18e3,0x20e4,0x18e3,0x2104,0x18e3,0x2104,0x18e3,0x2104,0x18e3,0x20e4,0x18e3,0x18e3,0x18e3,0x20e4,0x18e3,0x18e3,
  0x18e3,0x18e3,0x18c3,0x18e3,0x18c3,0x18e3,0x18c3,0x18e3,0x18c3,0x18e3,0x18c3,0x18e3,0x18c3,0x18e3,0x18c3,0x18e3,
  0x18c3,0x18c3,0x18c3,0x18e3,0x18c3,0x18c3,0x10c2,0x18c3,0x18c3,0x18c3,0x10c2,0x18c3,0x18c3,0x18c3,0x10c2,0x18c3,
  0x10c2,0x18c3,0x10c2,0x18c3,0x10c2,0x18c3,0x10a2,0x18c3,0x10a2,0x18c3,0x10a2,0x18c3,0x10a2,0x18c3,0x10a2,0x18c3,
  0x10a2,0x18c3,0x10a2,0x18c3,0x10a2,0x18a3,0x10a2,0x10a2,0x10a2,0x10a2,0x10a2,0x10a2,0x10a2,0x10a2,0x10a2,0x10a2,
  0x1082,0x10a2,0x10a2,0x10a2,0x1082,0x10a2,0x1082,0x10a2,0x1082,0x10a2,0x1082,0x10a2,0x1082,0x10a2,0x1082,0x10a2,
  0x1082,0x10a2,0x1082,0x10a2,0x1082,0x1082,0x0881,0x1082,0x41e8,0x39e7,0x39e7,0x39e7,0x41e8,0x39e7,0x41e8,0x39e7,
  0x41e8,0x39e7,0x39e7,0x39e7,0x41e8,0x39e7,0x39e7,0x39c7,0x39e7,0x39c7,0x41e8,0x39e7,0x39e7,0x39c7,0x39c7,0x39c7,
  0x39e7,0x39c7,0x39c7,0x31c6,0x39c7,0x39c7,0x39e7,0x39c7,0x39e7,0x39c7,0x39e7,0x39c7,0x39c7,0x39c7,0x39c7,0x31c6,
  0x39c7,0x39c7,0x39c7,0x39c7,0x39c7,0x39c7,0x39c7,0x31a6,0x39c7,0x39c7,0x39c7,0x31c6,0x39c7,0x39c7,0x39c7,0x39c7,
  0x39c7,0x31a6,0x39c7,0x31a6,0x39c7,0x31a6,0x39c7,0x31a6,0x39c7,0x39c7,0x39c7,0x31a6,0x39a7,0x31a6,0x39c7,0x31a6,
  0x39c7,0x31a6,0x39c7,0x31a6,0x39a7,0x31a6,0x39c7,0x31a6,0x39a7,0x31a6,0x39a7,0x31a6,0x39a7,0x31a6,0x39a7,0x31a6,
  0x31a6,0x31a6,0x31a6,0x31a6,0x39a7,0x3186,0x39a7,0x31a6,0x2104,0x0861,0x1082,0x10a2,0x18a3,0x0861,0x0861,0x0841,
  0x0841,0x0020,0x0000,0x0000,0x4208,0x7bef,0x8430,0x8c51,0x9472,0x9492,0x94b2,0x94b2,0x9cd3,0x94b2,0x9cd3,0x94b2,
  0x94b2,0x9492,0x9cb3,0x94b2,0x7bef,0x7bcf,0x8430,0x8c71,0x94b2,0x8410,0x73ae,0x8c51,0x8c51,0x8410,0x8c51,0x8c71,
  0x8430,0x7bef,0x8410,0x8410,0x8c51,0x8430,0x8c51,0x8c51,0x9472,0x7bef,0x736e,0x8430,0x8c51,0x7bef,0x73ae,0x73ae,
  0x7bef,0x6b6d,0x738e,0x738e,0x7bcf,0x73ae,0x736e,0x6b6d,0x7bcf,0x6b4d,0x5aeb,0x738e,0x6b6d,0x52aa,0x6b4d,0x5aeb,
  0x6b2d,0x6b6d,0x6b6d,0x632c,0x6b4d,0x5acb,0x5aeb,0x630c,0x6b2d,0x5aeb,0x4a49,0x39c7,0x4208,0x39e7,0x39e7,0x39e7,
  0x4208,0x31a6,0x2965,0x2945,0x2945,0x2104,0x2124,0x2124,0x2945,0x2104,0x2104,0x18e3,0x20e4,0x18c3,0x18e3,0x18c3,
  0x18c3,0x10a2,0x10a2,0x10a2,0x18e3,0x18e3,0x20e4,0x18c3,0x18c3,0x18e3,0x18e3,0x18e3,0x2104,0x2104,0x2124,0x2104,
  0x2925,0x2124,0x2124,0x2124,0x2945,0x2945,0x2945,0x2124,0x2124,0x2104,0x2124,0x2104,0x2104,0x2104,0x2124,0x2104,
  0x2104,0x2104,0x2104,0x18e3,0x18e3,0x10a2,0x10a2,0x1082,0x0861,0x0020,0x0020,0x0000,0x0000,0x0000,0x0000,0x0000,
  0x0020,0x0000,0x0020,0x0000,0x0000,0x0000,0x1062,0x18e3,0x2104,0x18e3,0x2104,0x18e3,0x2104,0x18e3,0x2104,0x18e3,
  0x2104,0x18e3,0x2104,0x18e3,0x2104,0x18e3,0x20e4,0x18e3,0x20e4,0x18e3,0x18e3,0x18e3,0x20e4,0x18e3,0x18e3,0x18c3,
  0x18e3,0x18c3,0x18e3,0x18c3,0x18e3,0x18c3,0x18e3,0x18c3,0x18e3,0x18c3,0x18e3,0x18c3,0x18e3,0x18c3,0x18e3,0x18c3,
  0x18e3,0x18c3,0x18c3,0x18c3,0x18e3,0x18c3,0x18c3,0x18c3,0x18c3,0x18c3,0x18c3,0x18c3,0x18c3,0x18c3,0x18c3,0x10c2,
  0x18c3,0x18c3,0x18c3,0x10a2,0x18c3,0x18c3,0x18c3,0x10c2,0x18c3,0x10a2,0x18c3,0x10a2,0x18c3,0x10a2,0x18c3,0x10a2,
  0x18c3,0x10a2,0x18a3,0x10a2,0x18a3,0x10a2,0x18a3,0x10a2,0x18a3,0x10a2,0x10a2,0x10a2,0x18a3,0x10a2,0x10a2,0x1082,
  0x10a2,0x1082,0x10a2,0x1082,0x10a2,0x1082,0x10a2,0x1082,0x10a2,0x1082,0x10a2,0x1082,0x10a2,0x1082,0x10a2,0x1082,
  0x39c7,0x39e7,0x39c7,0x39e7,0x39e7,0x39e7,0x39e7,0x39e7,0x39e7,0x39e7,0x39e7,0x39e7,0x39e7,0x39e7,0x39e7,0x39e7,
  0x39c7,0x39e7,0x39c7,0x39e7,0x31c6,0x39c7,0x39c7,0x39e7,0x39c7,0x39e7,0x39c7,0x39e7,0x39c7,0x39e7,0x39c7,0x39e7,
  0x39c7,0x39e7,0x39c7,0x39e7,0x31a6,0x39c7,0x31a6,0x39c7,0x31c6,0x39c7,0x31c6,0x39c7,0x31c6,0x39c7,0x31a6,0x39c7,
  0x31a6,0x39c7,0x31a6,0x39c7,0x31a6,0x39c7,0x31a6,0x39c7,0x31a6,0x31a6,0x31a6,0x39c7,0x31a6,0x31a6,0x31a6,0x39a7,
  0x31a6,0x31a6,0x31a6,0x39a7,0x31a6,0x31a6,0x31a6,0x31a6,0x31a6,0x39c7,0x31a6,0x39a7,0x31a6,0x31a6,0x31a6,0x31a6,
  0x31a6,0x31a6,0x31a6,0x31a6,0x31a6,0x31a6,0x31a6,0x31a6,0x3186,0x31a6,0x3186,0x31a6,0x3186,0x31a6,0x3186,0x2925,
  0x1082,0x0861,0x0861,0x10a2,0x0881,0x0861,0x0841,0x0841,0x0020,0x0000,0x0000,0x0000,0x39e7,0x7bcf,0x8410,0x8c51,
  0x8c51,0x9492,0x9492,0x9492,0x9492,0x94b2,0x94b2,0x94b2,0x9492,0x94b2,0x8c71,0x8c71,0x8430,0x7bef,0x73ae,0x7bcf,
  0x8430,0x8410,0x8410,0x94b2,0x8c91,0x8c51,0x8430,0x9472,0x8430,0x7bef,0x8c51,0x8430,0x7bcf,0x8430,0x8c51,0x8410,
  0x8450,0x8410,0x73ae,0x7bcf,0x7bef,0x8430,0x8410,0x7bef,0x73ce,0x8430,0x73ce,0x7bcf,0x73ae,0x6b4d,0x6b6d,0x5aeb,
  0x528a,0x630c,0x632c,0x6b6d,0x73ce,0x8410,0x7bef,0x738e,0x632c,0x6b4d,0x6b6d,0x6b4d,0x6b6d,0x738e,0x6b4d,0x6b6d,
  0x738e,0x5aeb,0x52aa,0x4a49,0x39e7,0x4a49,0x4228,0x39c7,0x2965,0x2965,0x2945,0x2965,0x2144,0x2945,0x2124,0x2104,
  0x18e3,0x18c3,0x18e3,0x2104,0x18e3,0x18e3,0x18c3,0x18c3,0x10a2,0x10a2,0x10a2,0x18c3,0x10c2,0x18c3,0x10c2,0x18e3,
  0x18e3,0x18c3,0x18c3,0x20e4,0x2104,0x2124,0x2104,0x2124,0x1903,0x2124,0x2124,0x2124,0x2124,0x2124,0x2124,0x2124,
  0x1903,0x2104,0x2104,0x2104,0x1903,0x2124,0x2104,0x2104,0x18e3,0x2104,0x18e3,0x18e3,0x10a2,0x10a2,0x0861,0x0861,
  0x0040,0x0020,0x0000,0x0000,0x0000,0x0000,0x0000,0x0000,0x0000,0x0000,0x0000,0x0000,0x0000,0x0000,0x0020,0x18a3,
  0x18e3,0x2104,0x18e3,0x2104,0x18e3,0x2104,0x18e3,0x2104,0x18e3,0x18e3,0x18e3,0x20e4,0x18e3,0x18e3,0x18e3,0x18e3,
  0x18e3,0x18e3,0x18c3,0x18e3,0x18c3,0x18e3,0x18c3,0x18e3,0x18c3,0x18e3,0x18c3,0x18e3,0x18c3,0x18e3,0x18c3,0x18e3,
  0x18c3,0x18e3,0x18c3,0x18c3,0x10c2,0x18c3,0x18c3,0x18c3,0x10c2,0x18c3,0x10c2,0x18c3,0x10c2,0x18c3,0x10c2,0x18c3,
  0x10c2,0x18c3,0x10c2,0x18c3,0x10c2,0x18c3,0x10a2,0x18c3,0x10a2,0x18c3,0x10a2,0x18c3,0x10a2,0x18c3,0x10a2,0x18c3,
  0x10a2,0x18c3,0x10a2,0x18c3,0x10a2,0x18c3,0x10a2,0x18a3,0x10a2,0x10a2,0x10a2,0x10a2,0x10a2,0x10a2,0x10a2,0x10a2,
  0x1082,0x10a2,0x10a2,0x10a2,0x10a2,0x10a2,0x1082,0x10a2,0x1082,0x10a2,0x1082,0x10a2,0x1082,0x10a2,0x1082,0x1082,
  0x0881,0x10a2,0x1082,0x10a2,0x0881,0x1082,0x1082,0x1082,0x39e7,0x39e7,0x41e8,0x39e7,0x41e8,0x39e7,0x41e8,0x39c7,
  0x39e7,0x39c7,0x41e8,0x39c7,0x39e7,0x39c7,0x41e8,0x39e7,0x39e7,0x39e7,0x41e8,0x39e7,0x39e7,0x39c7,0x41e8,0x39e7,
  0x41e8,0x39e7,0x41e8,0x39e7,0x39e7,0x39c7,0x39e7,0x39c7,0x39e7,0x39c7,0x39e7,0x39c7,0x39c7,0x39c7,0x39c7,0x39c7,
  0x39c7,0x39c7,0x39c7,0x39c7,0x39c7,0x31c6,0x39c7,0x39c7,0x39c7,0x31c6,0x39c7,0x31a6,0x39c7,0x31c6,0x39c7,0x31a6,
  0x39c7,0x31a6,0x39c7,0x31a6,0x39c7,0x31a6,0x39c7,0x31a6,0x39c7,0x31a6,0x39c7,0x39c7,0x39c7,0x31a6,0x39a7,0x31a6,
  0x39c7,0x31a6,0x39c7,0x31a6,0x39a7,0x31a6,0x39c7,0x31a6,0x39a7,0x31a6,0x39a7,0x31a6,0x39a7,0x31a6,0x39a7,0x31a6,
  0x31a6,0x31a6,0x39a7,0x31a6,0x31a6,0x31a6,0x3186,0x10a2,0x0861,0x1082,0x18a3,0x1082,0x1082,0x0861,0x0841,0x0841,
  0x0821,0x0000,0x0000,0x0000,0x39e7,0x738e,0x8410,0x8c51,0x8c51,0x8c71,0x9492,0x8c71,0x9492,0x9492,0x9cb3,0x94b2,
  0x9cd3,0x94b2,0x9472,0x8c51,0x9472,0x8c51,0x8c31,0x8410,0x8430,0x7bef,0x8c71,0x8c71,0x9492,0x8c51,0x8410,0x8430,
  0x8c51,0x7c0f,0x8c51,0x8410,0x7bcf,0x7bcf,0x8430,0x8430,0x7bcf,0x7bcf,0x8c31,0x738e,0x7bef,0x7c0f,0x8410,0x7bef,
  0x8c51,0x7c0f,0x8c31,0x7bef,0x7bcf,0x738e,0x736e,0x7bef,0x7bcf,0x632c,0x6b6d,0x738e,0x7bcf,0x7bef,0x8410,0x738e,
  0x738e,0x738e,0x73ae,0x6b4d,0x736e,0x632c,0x6b2d,0x6b4d,0x632c,0x632c,0x5acb,0x5aeb,0x4a49,0x3a07,0x39c7,0x31a6,
  0x31a6,0x2965,0x2925,0x2104,0x2124,0x2124,0x2104,0x18c3,0x18c3,0x18e3,0x2104,0x18e3,0x18e3,0x18c3,0x18e3,0x18c3,
  0x10a2,0x10a2,0x2104,0x18e3,0x18e3,0x10a2,0x18c3,0x18e3,0x2104,0x18c3,0x18e3,0x18e3,0x2124,0x2104,0x2104,0x2124,
  0x2104,0x2104,0x2925,0x2104,0x2104,0x2104,0x2925,0x2124,0x2124,0x2104,0x2124,0x2104,0x2124,0x2104,0x2124,0x18e3,
  0x2104,0x18e3,0x20e4,0x18c3,0x18a3,0x1082,0x1082,0x0841,0x0841,0x0000,0x0000,0x0000,0x0000,0x0000,0x0000,0x0000,
  0x0020,0x0000,0x0020,0x0000,0x0020,0x0000,0x0020,0x0861,0x18e3,0x1903,0x2104,0x18e3,0x2104,0x18e3,0x2104,0x18e3,
  0x2104,0x18e3,0x2104,0x18e3,0x2104,0x18e3,0x20e4,0x18e3,0x20e4,0x18e3,0x20e4,0x18e3,0x18e3,0x18e3,0x18e3,0x18c3,
  0x18e3,0x18c3,0x18e3,0x18c3,0x18e3,0x18c3,0x18e3,0x18c3,0x18e3,0x18c3,0x18e3,0x18c3,0x18e3,0x18c3,0x18e3,0x18c3,
  0x18e3,0x18c3,0x18c3,0x18c3,0x18e3,0x18c3,0x18c3,0x18c3,0x18c3,0x18c3,0x18c3,0x18c3,0x18c3,0x18c3,0x18c3,0x18c3,
  0x18c3,0x10c2,0x18c3,0x10a2,0x18c3,0x10c2,0x18c3,0x18c3,0x18c3,0x10a2,0x18c3,0x10a2,0x18c3,0x10a2,0x18c3,0x10a2,
  0x18c3,0x10a2,0x18c3,0x10a2,0x18a3,0x10a2,0x18a3,0x10a2,0x10a2,0x10a2,0x18a3,0x10a2,0x18a3,0x10a2,0x18a3,0x10a2,
  0x10a2,0x10a2,0x18a3,0x1082,0x10a2,0x1082,0x10a2,0x1082,0x10a2,0x1082,0x10a2,0x1082,0x10a2,0x1082,0x10a2,0x1082,
  0x39c7,0x39e7,0x39c7,0x39e7,0x39c7,0x39e7,0x39c7,0x39c7,0x39c7,0x39e7,0x39c7,0x39c7,0x31c6,0x39c7,0x39e7,0x39e7,
  0x39c7,0x39e7,0x39c7,0x39e7,0x39c7,0x39c7,0x31a6,0x39c7,0x39c7,0x39c7,0x31c6,0x39c7,0x39c7,0x39c7,0x31c6,0x39c7,
  0x31c6,0x39c7,0x31c6,0x39c7,0x39c7,0x39e7,0x31c6,0x39c7,0x39c7,0x39c7,0x31c6,0x39c7,0x31c6,0x39c7,0x31a6,0x39c7,
  0x31a6,0x39c7,0x31a6,0x39c7,0x31a6,0x39c7,0x31a6,0x39c7,0x31a6,0x39c7,0x31a6,0x39c7,0x31a6,0x39a7,0x31a6,0x31a6,
  0x31a6,0x39a7,0x31a6,0x31a6,0x31a6,0x39a7,0x31a6,0x31a6,0x31a6,0x39a7,0x31a6,0x31a6,0x3186,0x31a6,0x31a6,0x31a6,
  0x31a6,0x31a6,0x31a6,0x31a6,0x31a6,0x31a6,0x31a6,0x31a6,0x3186,0x31a6,0x3186,0x31a6,0x31a6,0x3186,0x18e3,0x1082,
  0x0861,0x10a2,0x10a2,0x10a2,0x0861,0x0841,0x0040,0x0841,0x0020,0x0000,0x0000,0x0000,0x31a6,0x6b6d,0x7bcf,0x8c51,
  0x8430,0x9472,0x8c71,0x9492,0x8c71,0x8c71,0x8c91,0x94b2,0x94b2,0x94b2,0x8c71,0x8c51,0x8430,0x8410,0x8430,0x8c51,
  0x8c51,0x7bef,0x8450,0x8c51,0x8430,0x9492,0x8430,0x8c51,0x8c71,0x8c51,0x7c0f,0x8430,0x8410,0x7bef,0x7bef,0x8c51,
  0x8430,0x7bef,0x7bef,0x7bcf,0x7bef,0x8c31,0x7bef,0x8430,0x7bef,0x8410,0x7bef,0x8c51,0x8430,0x7bef,0x73ae,0x738e,
  0x6b4d,0x738e,0x73ce,0x6b6d,0x630c,0x6b4d,0x73ae,0x73ae,0x632c,0x630c,0x632c,0x5aeb,0x5acb,0x630c,0x632c,0x738e,
  0x630c,0x6b6d,0x52ca,0x5acb,0x4228,0x41e8,0x31c6,0x31a6,0x2945,0x2104,0x18e3,0x18e3,0x18e3,0x2104,0x18e3,0x18e3,
  0x18e3,0x2945,0x1903,0x18e3,0x10c2,0x18c3,0x18c3,0x18e3,0x10a2,0x18a3,0x18c3,0x2104,0x18e3,0x18c3,0x10c2,0x18c3,
  0x10c2,0x18c3,0x18c3,0x2104,0x2104,0x20e4,0x18e3,0x2124,0x1903,0x2104,0x2104,0x2124,0x2124,0x2124,0x2124,0x2945,
  0x2124,0x2124,0x2104,0x2104,0x1903,0x2104,0x1903,0x2104,0x18e3,0x18e3,0x10c2,0x10a2,0x1082,0x1082,0x0841,0x0841,
  0x0020,0x0000,0x0000,0x0000,0x0000,0x0000,0x0000,0x0000,0x0000,0x0000,0x0000,0x0000,0x0000,0x0000,0x0000,0x0020,
  0x1082,0x20e4,0x18e3,0x2104,0x18e3,0x2104,0x18e3,0x2104,0x18e3,0x20e4,0x18e3,0x18e3,0x18e3,0x20e4,0x18e3,0x18e3,
  0x18e3,0x18e3,0x18c3,0x18e3,0x18c3,0x18e3,0x18c3,0x18e3,0x18c3,0x18e3,0x18c3,0x18e3,0x18c3,0x18e3,0x18c3,0x18e3,
  0x18c3,0x18e3,0x10c2,0x18c3,0x10c2,0x18c3,0x18c3,0x18c3,0x18c3,0x18c3,0x10c2,0x18c3,0x18c3,0x18c3,0x10c2,0x18c3,
  0x10c2,0x18c3,0x10c2,0x18c3,0x10c2,0x18c3,0x10a2,0x18c3,0x10a2,0x18c3,0x10a2,0x18c3,0x10a2,0x18c3,0x10a2,0x18c3,
  0x10a2,0x18c3,0x10a2,0x18c3,0x10a2,0x18c3,0x10a2,0x18c3,0x10a2,0x18a3,0x10a2,0x10a2,0x10a2,0x10a2,0x10a2,0x10a2,
  0x1082,0x10a2,0x10a2,0x10a2,0x10a2,0x10a2,0x1082,0x10a2,0x1082,0x10a2,0x1082,0x10a2,0x1082,0x10a2,0x0881,0x1082,
  0x1082,0x10a2,0x1082,0x10a2,0x1082,0x1082,0x0881,0x1082,0x41e8,0x39e7,0x39e7,0x39e7,0x41e8,0x39c7,0x39e7,0x39c7,
  0x41e8,0x39e7,0x41e8,0x39c7,0x39e7,0x39e7,0x41e8,0x39e7,0x39e7,0x39c7,0x39e7,0x39e7,0x41e8,0x39c7,0x39e7,0x39c7,
  0x39e7,0x39e7,0x39e7,0x39e7,0x39e7,0x39c7,0x39e7,0x39c7,0x39e7,0x39c7,0x39e7,0x39c7,0x41e8,0x39e7,0x39e7,0x39c7,
  0x39e7,0x39c7,0x39c7,0x39c7,0x39c7,0x39c7,0x39c7,0x31c6,0x39c7,0x39c7,0x39c7,0x39c7,0x39c7,0x31a6,0x39c7,0x31c6,
  0x39c7,0x39c7,0x39c7,0x31a6,0x39c7,0x31a6,0x39c7,0x31a6,0x39c7,0x39c7,0x39c7,0x31a6,0x39a7,0x31a6,0x39c7,0x31a6,
  0x39c7,0x31a6,0x39a7,0x31a6,0x39a7,0x31a6,0x39a7,0x31a6,0x39a7,0x31a6,0x39a7,0x31a6,0x39a7,0x31a6,0x39a7,0x31a6,
  0x31a6,0x31a6,0x31a6,0x31a6,0x39c7,0x2945,0x10a2,0x1082,0x1082,0x1082,0x18a3,0x10a2,0x1082,0x0841,0x0841,0x0040,
  0x0821,0x0000,0x0000,0x0000,0x39a7,0x632c,0x7bcf,0x8430,0x8430,0x8c71,0x9492,0x9492,0x9492,0x8c71,0x9492,0x94b2,
  0x9cd3,0x94b2,0x9492,0x8c71,0x9492,0x8430,0x8410,0x7c0f,0x8c51,0x7bcf,0x8c71,0x8430,0x8430,0x8c71,0x8c51,0x8c51,
  0x9472,0x8c51,0x8c51,0x8c71,0x9492,0x8c51,0x8430,0x8430,0x8c51,0x8410,0x8410,0x8430,0x7bcf,0x7bef,0x8410,0x7bef,
  0x8430,0x8410,0x8c51,0x8410,0x8410,0x8430,0x8430,0x73ae,0x73ae,0x7bcf,0x7bef,0x73ae,0x7bcf,0x738e,0x7bcf,0x7bef,
  0x7bcf,0x738e,0x7bcf,0x73ae,0x73ae,0x6b4d,0x736e,0x632c,0x632c,0x5aeb,0x630c,0x52aa,0x4a69,0x3186,0x2104,0x2124,
  0x2945,0x2104,0x2104,0x2104,0x2124,0x2124,0x2925,0x2124,0x2104,0x18e3,0x2104,0x18e3,0x18e3,0x18c3,0x2104,0x18e3,
  0x2104,0x18e3,0x18e3,0x10a2,0x1082,0x1082,0x18e3,0x18e3,0x20e4,0x18c3,0x2104,0x2124,0x2925,0x18e3,0x2104,0x2124,
  0x2124,0x2104,0x2124,0x2124,0x2965,0x2945,0x2945,0x2144,0x2945,0x2124,0x2925,0x2104,0x2104,0x2104,0x2104,0x1903,
  0x20e4,0x18c3,0x18c3,0x1082,0x1082,0x0861,0x0861,0x0040,0x0821,0x0000,0x0000,0x0000,0x0000,0x0000,0x0000,0x0000,
  0x0020,0x0000,0x0020,0x0000,0x0000,0x0020,0x0020,0x0000,0x1062,0x18e3,0x2104,0x18e3,0x2104,0x18e3,0x2104,0x18e3,
  0x2104,0x18e3,0x2104,0x18e3,0x2104,0x18e3,0x20e4,0x18e3,0x20e4,0x18e3,0x18e3,0x18e3,0x20e4,0x18e3,0x18e3,0x18c3,
  0x18e3,0x18c3,0x18e3,0x18c3,0x18e3,0x18c3,0x18e3,0x18c3,0x20e4,0x18c3,0x18e3,0x18c3,0x18c3,0x18c3,0x18e3,0x18c3,
  0x18e3,0x18c3,0x18c3,0x18c3,0x18e3,0x18c3,0x18c3,0x18c3,0x18c3,0x18c3,0x18c3,0x18c3,0x18c3,0x18c3,0x18c3,0x10c2,
  0x18c3,0x18c3,0x18c3,0x10a2,0x18c3,0x18c3,0x18c3,0x10c2,0x18c3,0x10a2,0x18c3,0x10a2,0x18c3,0x10a2,0x18c3,0x10a2,
  0x18c3,0x10a2,0x18c3,0x10a2,0x18a3,0x10a2,0x18a3,0x10a2,0x18a3,0x10a2,0x10a2,0x10a2,0x18a3,0x10a2,0x10a2,0x1082,
  0x10a2,0x1082,0x10a2,0x10a2,0x10a2,0x1082,0x10a2,0x1082,0x1082,0x1082,0x10a2,0x1082,0x10a2,0x1082,0x10a2,0x1082,
  0x39e7,0x39e7,0x39e7,0x39e7,0x39c7,0x39e7,0x39c7,0x39e7,0x39c7,0x39e7,0x39e7,0x39e7,0x39e7,0x39e7,0x39c7,0x39e7,
  0x39e7,0x39e7,0x39e7,0x39e7,0x39c7,0x39e7,0x39c7,0x39e7,0x39c7,0x39e7,0x39c7,0x39e7,0x39c7,0x39c7,0x39c7,0x39e7,
  0x39c7,0x39e7,0x39e7,0x39e7,0x31a6,0x39c7,0x31c6,0x39c7,0x39c7,0x39c7,0x39c7,0x39c7,0x31a6,0x39c7,0x31a6,0x39c7,
  0x31a6,0x31a6,0x31a6,0x39c7,0x31a6,0x39c7,0x31a6,0x39c7,0x31a6,0x39c7,0x31a6,0x39a7,0x31a6,0x31a6,0x31a6,0x31a6,
  0x31a6,0x39c7,0x31a6,0x39a7,0x31a6,0x31a6,0x31a6,0x31a6,0x31a6,0x31a6,0x31a6,0x31a6,0x31a6,0x31a6,0x31a6,0x31a6,
  0x31a6,0x31a6,0x31a6,0x31a6,0x3186,0x31a6,0x31a6,0x3186,0x2985,0x31a6,0x2985,0x39a7,0x2965,0x18e3,0x0881,0x1082,
  0x0861,0x10a2,0x1082,0x1082,0x0841,0x0841,0x0861,0x0821,0x0000,0x0000,0x0000,0x0000,0x3186,0x5aeb,0x738e,0x8410,
  0x8430,0x8c71,0x8c51,0x9492,0x8c91,0x9492,0x8c71,0x9492,0x9492,0x94b2,0x8c71,0x8c71,0x8c71,0x8c71,0x8430,0x8c51,
  0x8430,0x8430,0x8410,0x8410,0x7bef,0x8410,0x8410,0x8c31,0x8410,0x8410,0x8c71,0x8c31,0x8430,0x9492,0x8c51,0x8410,
  0x73ae,0x8410,0x7bcf,0x8410,0x8430,0x7bcf,0x7bcf,0x7bcf,0x73ce,0x7bef,0x8410,0x83f0,0x73ae,0x6b4d,0x5aeb,0x6b6d,
  0x73ce,0x7bef,0x73ae,0x7bef,0x7bef,0x7bcf,0x73ae,0x7bcf,0x73ae,0x7bcf,0x73ae,0x7bcf,0x73ce,0x6b6d,0x6b4d,0x6b4d,
  0x632c,0x630c,0x52aa,0x528a,0x4248,0x39e7,0x3186,0x3186,0x2144,0x2104,0x18e3,0x2104,0x1903,0x2124,0x2945,0x2124,
  0x18e3,0x2104,0x18e3,0x18c3,0x18c3,0x18e3,0x18e3,0x2104,0x18e3,0x18e3,0x10a2,0x20e4,0x10c2,0x10a2,0x10c2,0x18c3,
  0x10a2,0x18e3,0x18e3,0x2104,0x18e3,0x2104,0x2124,0x2925,0x1903,0x2124,0x2124,0x2945,0x2124,0x2945,0x2124,0x2945,
  0x2124,0x2124,0x2104,0x2104,0x1903,0x2104,0x18e3,0x20e4,0x10c2,0x18c3,0x10a2,0x10a2,0x0881,0x0861,0x0020,0x0020,
  0x0000,0x0000,0x0000,0x0000,0x0000,0x0000,0x0000,0x0000,0x0000,0x0000,0x0000,0x0000,0x0000,0x0000,0x0000,0x0000,
  0x0000,0x1082,0x1903,0x2104,0x18e3,0x2104,0x18e3,0x2104,0x18e3,0x18e3,0x18c3,0x18e3,0x18e3,0x18e3,0x18e3,0x18e3,
  0x18c3,0x18e3,0x18c3,0x18e3,0x18c3,0x18e3,0x18e3,0x18e3,0x18e3,0x18e3,0x18c3,0x18e3,0x18c3,0x18e3,0x18c3,0x18e3,
  0x10c2,0x18c3,0x18c3,0x18c3,0x10c2,0x18c3,0x18c3,0x18c3,0x10c2,0x18c3,0x18c3,0x18c3,0x10c2,0x18c3,0x10c2,0x18c3,
  0x10c2,0x18c3,0x10c2,0x18c3,0x10c2,0x18c3,0x18c3,0x18c3,0x10a2,0x18c3,0x10a2,0x18c3,0x10c2,0x18c3,0x10a2,0x18c3,
  0x10a2,0x10a2,0x10a2,0x18a3,0x10a2,0x10a2,0x10a2,0x18c3,0x10a2,0x10a2,0x10a2,0x10a2,0x10a2,0x10a2,0x10a2,0x10a2,
  0x1082,0x10a2,0x10a2,0x10a2,0x1082,0x10a2,0x1082,0x10a2,0x1082,0x10a2,0x1082,0x10a2,0x1082,0x10a2,0x1082,0x1082,
  0x0881,0x1082,0x1082,0x1082,0x0881,0x1082,0x1082,0x1082,0x4208,0x39e7,0x41e8,0x39e7,0x39e7,0x39e7,0x41e8,0x39e7,
  0x39e7,0x39e7,0x41e8,0x39e7,0x41e8,0x39e7,0x41e8,0x39e7,0x41e8,0x39e7,0x41e8,0x39e7,0x39e7,0x39e7,0x39e7,0x39c7,
  0x39e7,0x39e7,0x39e7,0x39c7,0x39e7,0x39c7,0x39e7,0x39c7,0x39e7,0x39c7,0x41e8,0x39e7,0x39c7,0x39c7,0x39e7,0x39c7,
  0x39e7,0x39c7,0x39c7,0x31a6,0x39c7,0x31c6,0x39c7,0x39c7,0x39c7,0x31a6,0x39c7,0x39c7,0x39c7,0x31a6,0x39c7,0x31a6,
  0x39c7,0x31c6,0x39c7,0x31a6,0x39c7,0x31a6,0x39c7,0x31a6,0x39c7,0x31a6,0x39c7,0x31a6,0x39c7,0x31a6,0x39a7,0x31a6,
  0x39a7,0x31a6,0x39a7,0x31a6,0x39a7,0x31a6,0x39a7,0x31a6,0x39a7,0x31a6,0x39a7,0x31a6,0x31a6,0x31a6,0x31a6,0x3186,
  0x39c7,0x31a6,0x39c7,0x31a6,0x2124,0x1082,0x10a2,0x1082,0x1082,0x1082,0x18a3,0x1082,0x0861,0x0841,0x1062,0x0020,
  0x0000,0x0000,0x0000,0x0000,0x31a6,0x5acb,0x738e,0x7bcf,0x8430,0x8450,0x8c71,0x8c71,0x9492,0x8c71,0x9472,0x8c71,
  0x9492,0x9492,0x94b2,0x8c71,0x9492,0x8c71,0x8c51,0x8c51,0x8c71,0x8410,0x7bef,0x8430,0x8c51,0x8430,0x8410,0x8410,
  0x8430,0x7bef,0x9472,0x8c71,0x8c51,0x8c71,0x9492,0x9492,0x8c51,0x8430,0x83f0,0x7bcf,0x8430,0x8410,0x8c71,0x8c51,
  0x8430,0x73ae,0x738e,0x6b6d,0x7bcf,0x8410,0x7bcf,0x6b4d,0x736e,0x73ae,0x738e,0x6b6d,0x7bcf,0x7bef,0x8410,0x7bef,
  0x73ae,0x6b6d,0x73ae,0x7bef,0x8430,0x7bcf,0x73ae,0x6b4d,0x632c,0x5acb,0x52aa,0x528a,0x4a69,0x39e7,0x39a7,0x3186,
  0x2965,0x2945,0x2945,0x2124,0x2104,0x2104,0x2925,0x2124,0x2124,0x2104,0x2104,0x18c3,0x18e3,0x18e3,0x20e4,0x18e3,
  0x18e3,0x18c3,0x18e3,0x18c3,0x18c3,0x10a2,0x18c3,0x18c3,0x18e3,0x2104,0x2925,0x2104,0x2104,0x2124,0x2945,0x2124,
  0x2945,0x2144,0x2945,0x2124,0x2945,0x2144,0x2965,0x2945,0x2945,0x2104,0x2124,0x2104,0x2104,0x1903,0x2104,0x18e3,
  0x18c3,0x10a2,0x18a3,0x1082,0x1082,0x0861,0x0841,0x0020,0x0020,0x0000,0x0000,0x0000,0x0000,0x0000,0x0020,0x0000,
  0x0020,0x0000,0x0020,0x0000,0x0000,0x0000,0x0020,0x0000,0x0020,0x0861,0x18e3,0x2104,0x2104,0x1903,0x2104,0x18e3,
  0x2104,0x18e3,0x20e4,0x18e3,0x2104,0x18e3,0x2104,0x18e3,0x20e4,0x18e3,0x20e4,0x18e3,0x18e3,0x18e3,0x20e4,0x18e3,
  0x20e4,0x18e3,0x20e4,0x18e3,0x18e3,0x18e3,0x18e3,0x18c3,0x18e3,0x18c3,0x18e3,0x18c3,0x18e3,0x18c3,0x18e3,0x18c3,
  0x18e3,0x18c3,0x18e3,0x18c3,0x18c3,0x18c3,0x18c3,0x18c3,0x18c3,0x18c3,0x18c3,0x18c3,0x18c3,0x18c3,0x18c3,0x18c3,
  0x18c3,0x10c2,0x18c3,0x18c3,0x18c3,0x10a2,0x18c3,0x10a2,0x18c3,0x10a2,0x18c3,0x10a2,0x18c3,0x10a2,0x18c3,0x10a2,
  0x18c3,0x10a2,0x18a3,0x10a2,0x18a3,0x10a2,0x18a3,0x10a2,0x10a2,0x10a2,0x18a3,0x10a2,0x10a2,0x1082,0x10a2,0x1082,
  0x10a2,0x1082,0x10a2,0x1082,0x10a2,0x1082,0x10a2,0x1082,0x10a2,0x1082,0x10a2,0x1082,0x10a2,0x1082,0x10a2,0x1082,
  0x39e7,0x41e8,0x39e7,0x39e7,0x39c7,0x39e7,0x39c7,0x39e7,0x39c7,0x39e7,0x39e7,0x39e7,0x39e7,0x39e7,0x39e7,0x39e7,
  0x39e7,0x39e7,0x39e7,0x39e7,0x39c7,0x39e7,0x31c6,0x39c7,0x39c7,0x39e7,0x31c6,0x39c7,0x39c7,0x39c7,0x31c6,0x39c7,
  0x39c7,0x39c7,0x31c6,0x39c7,0x39c7,0x39c7,0x39c7,0x39c7,0x39c7,0x39c7,0x31a6,0x39c7,0x31c6,0x39c7,0x31c6,0x39c7,
  0x31c6,0x39c7,0x31c6,0x39c7,0x31a6,0x39c7,0x31a6,0x39c7,0x31a6,0x39c7,0x31a6,0x39c7,0x31a6,0x39c7,0x31a6,0x31a6,
  0x31a6,0x39a7,0x31a6,0x31a6,0x31a6,0x39a7,0x31a6,0x31a6,0x31a6,0x31a6,0x31a6,0x31a6,0x31a6,0x39a7,0x31a6,0x31a6,
  0x31a6,0x31a6,0x31a6,0x31a6,0x3186,0x31a6,0x2985,0x39c7,0x31a6,0x31a6,0x31a6,0x2965,0x10a2,0x1082,0x0881,0x0861,
  0x0861,0x10a2,0x1082,0x1082,0x0841,0x0841,0x0861,0x0020,0x0000,0x0000,0x0000,0x0020,0x2965,0x52aa,0x632c,0x73ae,
  0x7bcf,0x8430,0x8450,0x8c71,0x8c71,0x9492,0x8c71,0x9492,0x9492,0x94b2,0x9492,0x8c71,0x8c51,0x9472,0x8450,0x8430,
  0x8c51,0x8c51,0x7c0f,0x8430,0x8430,0x8c51,0x8450,0x8c51,0x8430,0x8430,0x8430,0x8c71,0x8c51,0x8c71,0x8c71,0x8c71,
  0x8c71,0x8c31,0x7c0f,0x8430,0x8430,0x8430,0x7bef,0x8410,0x8430,0x8410,0x7bef,0x73ae,0x738e,0x738e,0x73ae,0x7bcf,
  0x6b6d,0x6b6d,0x634c,0x6b6d,0x738e,0x7bcf,0x73ce,0x7bef,0x7bcf,0x7bcf,0x73ce,0x7bcf,0x73ae,0x7bcf,0x6b6d,0x6b4d,
  0x630c,0x5aeb,0x528a,0x528a,0x4228,0x39c7,0x2965,0x2945,0x2124,0x2945,0x2144,0x2945,0x18e3,0x18e3,0x18e3,0x2124,
  0x2104,0x2104,0x1903,0x2104,0x1903,0x2104,0x18e3,0x18e3,0x18e3,0x20e4,0x10c2,0x10a2,0x10a2,0x18c3,0x10c2,0x18e3,
  0x18e3,0x2124,0x2124,0x2124,0x2104,0x2124,0x2124,0x2945,0x1903,0x2104,0x2104,0x2124,0x2124,0x2945,0x2124,0x2124,
  0x2104,0x2104,0x1903,0x2104,0x18e3,0x2104,0x18c3,0x18c3,0x10a2,0x10a2,0x0881,0x0861,0x0841,0x0841,0x0020,0x0020,
  0x0000,0x0000,0x0000,0x0000,0x0000,0x0000,0x0000,0x0000,0x0000,0x0020,0x0000,0x0000,0x0000,0x0000,0x0000,0x0000,
  0x0000,0x0841,0x0881,0x18e3,0x1903,0x2104,0x18e3,0x18e3,0x18e3,0x20e4,0x18e3,0x2104,0x18e3,0x20e4,0x18e3,0x18e3,
  0x18e3,0x18e3,0x18c3,0x18e3,0x18c3,0x18e3,0x18c3,0x18e3,0x18c3,0x18e3,0x18c3,0x18e3,0x18c3,0x18e3,0x18c3,0x18c3,
  0x18c3,0x18c3,0x10c2,0x18c3,0x18c3,0x18c3,0x10c2,0x18c3,0x18c3,0x18c3,0x10c2,0x18c3,0x10c2,0x18c3,0x10c2,0x18c3,
  0x10c2,0x18c3,0x10c2,0x18c3,0x10c2,0x18c3,0x10c2,0x18c3,0x10a2,0x18c3,0x10a2,0x18c3,0x10a2,0x18c3,0x10a2,0x18c3,
  0x10a2,0x18a3,0x10a2,0x10a2,0x10a2,0x18a3,0x10a2,0x18c3,0x10a2,0x10a2,0x10a2,0x10a2,0x10a2,0x10a2,0x10a2,0x10a2,
  0x1082,0x10a2,0x10a2,0x10a2,0x1082,0x10a2,0x1082,0x10a2,0x1082,0x10a2,0x1082,0x10a2,0x1082,0x10a2,0x1082,0x1082,
  0x1082,0x1082,0x0881,0x1082,0x1082,0x1082,0x0881,0x1082,0x4208,0x39e7,0x41e8,0x39e7,0x41e8,0x39e7,0x41e8,0x39e7,
  0x41e8,0x39e7,0x41e8,0x39e7,0x41e8,0x39e7,0x41e8,0x39e7,0x41e8,0x39e7,0x41e8,0x39e7,0x41e8,0x39c7,0x39e7,0x39c7,
  0x39e7,0x39e7,0x39e7,0x39c7,0x41e8,0x39e7,0x39e7,0x39c7,0x39e7,0x39c7,0x39e7,0x39c7,0x39e7,0x39c7,0x39c7,0x39c7,
  0x39e7,0x39c7,0x39c7,0x39c7,0x39e7,0x39c7,0x39e7,0x39c7,0x39c7,0x39c7,0x39c7,0x39c7,0x39c7,0x31a6,0x39c7,0x31a6,
  0x39c7,0x39c7,0x39c7,0x31a6,0x39c7,0x31a6,0x39c7,0x31a6,0x39c7,0x31a6,0x39c7,0x31a6,0x39c7,0x31a6,0x39c7,0x31a6,
  0x39c7,0x31a6,0x39c7,0x31a6,0x39a7,0x31a6,0x31a6,0x31a6,0x39a7,0x31a6,0x39a7,0x31a6,0x39a7,0x31a6,0x31a6,0x39c7,
  0x39a7,0x3186,0x31a6,0x18e3,0x10a2,0x1082,0x1082,0x0861,0x1082,0x1082,0x10a2,0x1082,0x1062,0x0841,0x1082,0x0020,
  0x0000,0x0000,0x0020,0x0020,0x2965,0x4a69,0x630c,0x6b6d,0x7bcf,0x8410,0x8c71,0x8430,0x8c71,0x8c71,0x9472,0x8c91,
  0x94b2,0x9492,0x9492,0x8c51,0x8c51,0x9492,0x9472,0x8c51,0x9492,0x9492,0x8c71,0x8410,0x8410,0x8430,0x9472,0x8c51,
  0x8c71,0x8c51,0x83f0,0x8430,0x8c71,0x8c71,0x9492,0x8430,0x8410,0x8430,0x9472,0x8c51,0x8430,0x8430,0x8430,0x73ce,
  0x7bcf,0x7bcf,0x8410,0x7c0f,0x8410,0x7bcf,0x738e,0x73ae,0x8410,0x7bef,0x7bef,0x7bef,0x7baf,0x6b4d,0x7bcf,0x7bef,
  0x8410,0x8410,0x8410,0x7bef,0x7bef,0x73ae,0x7bcf,0x73ae,0x73ae,0x632c,0x5acb,0x4a49,0x4208,0x3186,0x2945,0x2124,
  0x2945,0x2124,0x2925,0x2124,0x2104,0x18e3,0x2104,0x2104,0x2925,0x2104,0x2104,0x18e3,0x2104,0x18e3,0x18e3,0x18c3,
  0x18e3,0x18e3,0x18c3,0x1082,0x18c3,0x18e3,0x20e4,0x18e3,0x2124,0x2124,0x2925,0x2124,0x2925,0x2124,0x2124,0x2124,
  0x18e3,0x2104,0x2124,0x2945,0x2965,0x2945,0x2124,0x2124,0x2945,0x2104,0x2124,0x2104,0x2104,0x18e3,0x18e3,0x10a2,
  0x18a3,0x1082,0x1082,0x0861,0x0861,0x0841,0x0821,0x0000,0x0000,0x0000,0x0000,0x0000,0x0020,0x0000,0x0020,0x0020,
  0x0020,0x0000,0x0020,0x0000,0x0020,0x0000,0x0020,0x0000,0x0000,0x0020,0x0841,0x10c2,0x2104,0x2104,0x2104,0x18e3,
  0x2104,0x18e3,0x2104,0x18e3,0x2104,0x18e3,0x20e4,0x18e3,0x20e4,0x18e3,0x20e4,0x18e3,0x20e4,0x18e3,0x18e3,0x18c3,
  0x18e3,0x18c3,0x18e3,0x18e3,0x20e4,0x18c3,0x18e3,0x18c3,0x18e3,0x18c3,0x18e3,0x18c3,0x18e3,0x18c3,0x18e3,0x18c3,
  0x18e3,0x18c3,0x18c3,0x18c3,0x18c3,0x18c3,0x18c3,0x18c3,0x18c3,0x18c3,0x18c3,0x18c3,0x18c3,0x18c3,0x18c3,0x10c2,
  0x18c3,0x10a2,0x18c3,0x10c2,0x18c3,0x10a2,0x18c3,0x10a2,0x18c3,0x10a2,0x18c3,0x10a2,0x18c3,0x10a2,0x18c3,0x10a2,
  0x18c3,0x10a2,0x18a3,0x10a2,0x18a3,0x10a2,0x18a3,0x10a2,0x18a3,0x10a2,0x18a3,0x10a2,0x18a3,0x1082,0x10a2,0x1082,
  0x10a2,0x1082,0x10a2,0x1082,0x10a2,0x1082,0x10a2,0x1082,0x10a2,0x1082,0x10a2,0x1082,0x10a2,0x1082,0x10a2,0x1082,
  0x39e7,0x39e7,0x39e7,0x39e7,0x39e7,0x39e7,0x39e7,0x39e7,0x39c7,0x39e7,0x39e7,0x39e7,0x39e7,0x39e7,0x39e7,0x41e8,
  0x39e7,0x39e7,0x39e7,0x39e7,0x39c7,0x39e7,0x39e7,0x39e7,0x39e7,0x39e7,0x39c7,0x39e7,0x39e7,0x39e7,0x39c7,0x39e7,
  0x39c7,0x39e7,0x39c7,0x39e7,0x31c6,0x39c7,0x31c6,0x39c7,0x31c6,0x39e7,0x39c7,0x39c7,0x31c6,0x39c7,0x31a6,0x39c7,
  0x31a6,0x39c7,0x31c6,0x39c7,0x31a6,0x39c7,0x31a6,0x39c7,0x31a6,0x39c7,0x31a6,0x39c7,0x31a6,0x39c7,0x31a6,0x39a7,
  0x31a6,0x31a6,0x31a6,0x39a7,0x31a6,0x31a6,0x31a6,0x39a7,0x31a6,0x39c7,0x31a6,0x39a7,0x31a6,0x31a6,0x3186,0x31a6,
  0x31a6,0x31a6,0x31a6,0x31a6,0x3186,0x31a6,0x3186,0x31a6,0x31a6,0x31a6,0x2965,0x10a2,0x0861,0x10a2,0x0861,0x1062,
  0x0861,0x10a2,0x1082,0x1082,0x0040,0x0841,0x0861,0x0020,0x0000,0x0000,0x0000,0x0020,0x2124,0x4a49,0x5acb,0x6b4d,
  0x738e,0x8410,0x8450,0x8c51,0x8450,0x8c71,0x8c51,0x9492,0x8c71,0x8c71,0x8c71,0x8c71,0x8c51,0x94b2,0x8c71,0x8c71,
  0x8c71,0x9492,0x8c51,0x8c31,0x7c0f,0x8430,0x8430,0x8c51,0x8450,0x8c51,0x7c0f,0x8c51,0x8450,0x8c51,0x8c71,0x8c71,
  0x7c0f,0x8430,0x8430,0x8430,0x8410,0x8c51,0x8c51,0x9492,0x8430,0x7bcf,0x73ae,0x7bcf,0x7c0f,0x7bef,0x7bcf,0x7bef,
  0x738e,0x73ae,0x73ae,0x7bef,0x7c0f,0x8410,0x7bef,0x7bcf,0x73ae,0x7bef,0x8410,0x8410,0x7bcf,0x7bef,0x738e,0x632c,
  0x52ca,0x52aa,0x4a69,0x4a69,0x31a6,0x2965,0x2124,0x2945,0x2124,0x2124,0x2124,0x2124,0x2124,0x2945,0x2124,0x2124,
  0x2124,0x2124,0x2124,0x2124,0x18e3,0x2104,0x18e3,0x20e4,0x18e3,0x2104,0x18c3,0x18c3,0x18e3,0x2104,0x18e3,0x18e3,
  0x18e3,0x2124,0x2104,0x2124,0x2124,0x2124,0x2104,0x2124,0x2104,0x2945,0x2124,0x2945,0x2144,0x2945,0x2124,0x2945,
  0x2124,0x2124,0x2104,0x2104,0x18e3,0x18c3,0x10c2,0x18c3,0x1082,0x1082,0x0861,0x0861,0x0841,0x0841,0x0000,0x0000,
  0x0000,0x0000,0x0000,0x0000,0x0000,0x0000,0x0000,0x0020,0x0020,0x0020,0x0000,0x0000,0x0000,0x0000,0x0000,0x0000,
  0x0000,0x0000,0x0000,0x1082,0x18c3,0x2104,0x18e3,0x18e3,0x18e3,0x18e3,0x18e3,0x20e4,0x18e3,0x18e3,0x18c3,0x18e3,
  0x18e3,0x18e3,0x18e3,0x18e3,0x18c3,0x18e3,0x18c3,0x18c3,0x10c2,0x18e3,0x18c3,0x18e3,0x18c3,0x18e3,0x18c3,0x18c3,
  0x10c2,0x18c3,0x18c3,0x18c3,0x10c2,0x18c3,0x18c3,0x18c3,0x10c2,0x18c3,0x10c2,0x18c3,0x10c2,0x18c3,0x10c2,0x18c3,
  0x10c2,0x18c3,0x10c2,0x18c3,0x10c2,0x18c3,0x10a2,0x18c3,0x10a2,0x18c3,0x10a2,0x18c3,0x10a2,0x18c3,0x10a2,0x18c3,
  0x10a2,0x10a2,0x10a2,0x18a3,0x10a2,0x10a2,0x10a2,0x18c3,0x10a2,0x10a2,0x10a2,0x10a2,0x10a2,0x10a2,0x10a2,0x10a2,
  0x1082,0x10a2,0x10a2,0x10a2,0x1082,0x10a2,0x1082,0x10a2,0x1082,0x10a2,0x1082,0x10a2,0x1082,0x10a2,0x1082,0x1082,
  0x0881,0x1082,0x1082,0x1082,0x0881,0x1082,0x1082,0x1082,0x41e8,0x39e7,0x41e8,0x39e7,0x41e8,0x39e7,0x4208,0x39e7,
  0x39e7,0x39e7,0x41e8,0x39e7,0x41e8,0x39e7,0x4208,0x39e7,0x4208,0x39e7,0x41e8,0x39e7,0x39e7,0x39c7,0x41e8,0x39c7,
  0x39e7,0x39e7,0x39e7,0x39c7,0x41e8,0x39c7,0x39e7,0x39e7,0x39e7,0x39e7,0x41e8,0x39e7,0x39c7,0x39c7,0x39c7,0x39c7,
  0x39c7,0x39c7,0x39e7,0x39c7,0x39c7,0x39c7,0x39c7,0x39c7,0x39c7,0x39c7,0x39c7,0x39c7,0x39c7,0x31a6,0x39c7,0x31a6,
  0x39c7,0x31c6,0x39c7,0x31a6,0x39c7,0x31a6,0x39c7,0x31a6,0x39c7,0x31a6,0x39c7,0x31a6,0x39c7,0x31a6,0x39a7,0x31a6,
  0x39c7,0x31a6,0x39c7,0x31a6,0x39a7,0x31a6,0x39a7,0x31a6,0x39a7,0x31a6,0x39a7,0x31a6,0x31a6,0x31a6,0x31a6,0x3186,
  0x31a6,0x3186,0x2104,0x0861,0x1082,0x1082,0x1082,0x0861,0x1082,0x10a2,0x18a3,0x0861,0x0841,0x0040,0x1082,0x0020,
  0x0000,0x0000,0x0020,0x0000,0x2104,0x4228,0x5acb,0x632c,0x738e,0x7bef,0x8430,0x8c51,0x9472,0x8c71,0x9472,0x9492,
  0x9492,0x8c71,0x9492,0x8c71,0x9492,0x8c91,0x8c71,0x8c51,0x8c71,0x8430,0x8c51,0x8c71,0x9472,0x8c51,0x8c51,0x8c51,
  0x8c51,0x8c51,0x9492,0x8c71,0x8c51,0x8430,0x8c51,0x8c71,0x8c71,0x8410,0x7bcf,0x8430,0x94b2,0x8430,0x7bcf,0x8410,
  0x8c31,0x7bef,0x8430,0x7bef,0x83f0,0x738e,0x738e,0x6b6d,0x736e,0x7bef,0x8410,0x7bcf,0x7bcf,0x7bef,0x8410,0x7bef,
  0x7bef,0x7bcf,0x7bcf,0x738e,0x6b6d,0x6b6d,0x6b6d,0x632c,0x5aeb,0x52aa,0x526a,0x4208,0x31a6,0x2945,0x2925,0x2124,
  0x2945,0x2124,0x2945,0x2124,0x2945,0x2945,0x2925,0x2104,0x2925,0x2144,0x2945,0x2104,0x18e3,0x18c3,0x18e3,0x18e3,
  0x18e3,0x18e3,0x2104,0x2104,0x2104,0x2104,0x2104,0x18e3,0x2104,0x2124,0x2124,0x2124,0x2945,0x2124,0x2124,0x2104,
  0x2965,0x2945,0x2945,0x2124,0x2925,0x2124,0x2945,0x2124,0x2124,0x2104,0x2104,0x18e3,0x18e3,0x10c2,0x18c3,0x10a2,
  0x10a2,0x0881,0x1082,0x0841,0x0841,0x0020,0x0020,0x0000,0x0000,0x0000,0x0000,0x0000,0x0020,0x0000,0x0020,0x0020,
  0x0821,0x0020,0x0020,0x0000,0x0821,0x0000,0x0000,0x0000,0x0000,0x0000,0x0020,0x0841,0x10a2,0x18e3,0x2104,0x18e3,
  0x20e4,0x18e3,0x2104,0x18e3,0x2104,0x18e3,0x20e4,0x18e3,0x18e3,0x18e3,0x20e4,0x18e3,0x18e3,0x18c3,0x18e3,0x18c3,
  0x18e3,0x18c3,0x18e3,0x18c3,0x18e3,0x18c3,0x18e3,0x18c3,0x18e3,0x18c3,0x18e3,0x18c3,0x18e3,0x18c3,0x18e3,0x18c3,
  0x18c3,0x18c3,0x18c3,0x18c3,0x18c3,0x10c2,0x18c3,0x18c3,0x18c3,0x18c3,0x18c3,0x18c3,0x18c3,0x18c3,0x18c3,0x10a2,
  0x18c3,0x10a2,0x18c3,0x10a2,0x18c3,0x10a2,0x18c3,0x10a2,0x18c3,0x10a2,0x18c3,0x10a2,0x18c3,0x10a2,0x18c3,0x10a2,
  0x18c3,0x10a2,0x18a3,0x10a2,0x18a3,0x10a2,0x18a3,0x10a2,0x10a2,0x10a2,0x18a3,0x10a2,0x10a2,0x1082,0x10a2,0x1082,
  0x10a2,0x1082,0x10a2,0x1082,0x10a2,0x1082,0x10a2,0x1082,0x10a2,0x1082,0x10a2,0x1082,0x10a2,0x1082,0x10a2,0x1082,
  0x39e7,0x39e7,0x39c7,0x39e7,0x39e7,0x39e7,0x39e7,0x39e7,0x39c7,0x39e7,0x39e7,0x39e7,0x39e7,0x39e7,0x39e7,0x39e7,
  0x39e7,0x41e8,0x39e7,0x39e7,0x39c7,0x39e7,0x39c7,0x39e7,0x39c7,0x39e7,0x39c7,0x39e7,0x39e7,0x39c7,0x31c6,0x39c7,
  0x39c7,0x39e7,0x39c7,0x39e7,0x39c7,0x39e7,0x31c6,0x39c7,0x31c6,0x39c7,0x31c6,0x39c7,0x39c7,0x39c7,0x31a6,0x39c7,
  0x31a6,0x39c7,0x31c6,0x39c7,0x31a6,0x39c7,0x31a6,0x39c7,0x31a6,0x39c7,0x31a6,0x31a6,0x31a6,0x39a7,0x31a6,0x31a6,
  0x31a6,0x39c7,0x31a6,0x31a6,0x31a6,0x31a6,0x31a6,0x31a6,0x3186,0x31a6,0x3186,0x31a6,0x31a6,0x39a7,0x31a6,0x31a6,
  0x31a6,0x31a6,0x31a6,0x31a6,0x3186,0x31a6,0x31a6,0x31a6,0x3186,0x2124,0x0861,0x1082,0x10a2,0x1062,0x0861,0x0861,
  0x0881,0x10a2,0x1082,0x1082,0x0020,0x0841,0x0881,0x0841,0x0000,0x0000,0x0000,0x0000,0x18e3,0x4208,0x52aa,0x632c,
  0x6b4d,0x7bcf,0x7bcf,0x8410,0x8430,0x8c51,0x8430,0x8c71,0x8c71,0x9492,0x8c91,0x9492,0x8c71,0x8c71,0x8430,0x8c71,
  0x8c71,0x8c51,0x8430,0x8430,0x8c51,0x9472,0x8c71,0x8c51,0x8410,0x8c51,0x8c51,0x8430,0x8430,0x8c71,0x8430,0x8c51,
  0x8430,0x8c71,0x7bef,0x8430,0x8c71,0x8410,0x7c0f,0x7bef,0x7bef,0x8430,0x8430,0x8410,0x7c0f,0x8410,0x73ce,0x7bcf,
  0x73ae,0x7bcf,0x73ae,0x7bef,0x7bef,0x7bcf,0x7bcf,0x8410,0x7bef,0x7bef,0x73ce,0x73ae,0x738e,0x738e,0x6b6d,0x632c,
  0x52ca,0x528a,0x4228,0x39e7,0x31a6,0x2965,0x2124,0x2124,0x2124,0x2124,0x2124,0x2945,0x2945,0x2945,0x18e3,0x18e3,
  0x2104,0x2945,0x2124,0x2104,0x18c3,0x18c3,0x10c2,0x18e3,0x18c3,0x18c3,0x18e3,0x2104,0x18e3,0x2104,0x2104,0x2124,
  0x2104,0x2124,0x18e3,0x2124,0x2124,0x2124,0x1903,0x2104,0x2124,0x2945,0x2144,0x2945,0x2124,0x2925,0x2104,0x2104,
  0x18e3,0x2104,0x18e3,0x18e3,0x18c3,0x18c3,0x10a2,0x10a2,0x1082,0x1062,0x0861,0x0841,0x0020,0x0020,0x0000,0x0000,
  0x0000,0x0000,0x0000,0x0000,0x0000,0x0000,0x0000,0x0020,0x0020,0x0020,0x0000,0x0000,0x0020,0x0000,0x0000,0x0020,
  0x0000,0x0000,0x0000,0x0020,0x0861,0x20e4,0x18e3,0x18e3,0x18e3,0x18e3,0x18e3,0x2104,0x18e3,0x2104,0x18e3,0x18e3,
  0x18e3,0x18e3,0x18c3,0x18e3,0x18c3,0x18e3,0x18c3,0x18c3,0x18c3,0x18c3,0x18c3,0x18e3,0x18c3,0x18c3,0x10c2,0x18c3,
  0x18c3,0x18c3,0x10c2,0x18c3,0x18c3,0x18c3,0x10c2,0x18c3,0x10c2,0x18c3,0x10c2,0x18c3,0x10a2,0x18c3,0x10c2,0x18c3,
  0x10c2,0x18c3,0x10c2,0x18c3,0x10c2,0x18c3,0x10a2,0x18c3,0x10a2,0x18c3,0x10a2,0x18c3,0x10a2,0x18c3,0x10a2,0x18c3,
  0x10a2,0x18a3,0x10a2,0x10a2,0x10a2,0x18a3,0x10a2,0x18c3,0x10a2,0x10a2,0x10a2,0x10a2,0x10a2,0x10a2,0x10a2,0x10a2,
  0x1082,0x10a2,0x10a2,0x10a2,0x1082,0x10a2,0x1082,0x10a2,0x1082,0x10a2,0x1082,0x10a2,0x1082,0x10a2,0x1082,0x1082,
  0x1082,0x1082,0x0881,0x1082,0x1082,0x1082,0x0881,0x1082,0x41e8,0x39e7,0x39e7,0x39c7,0x39e7,0x39c7,0x39e7,0x39c7,
  0x41e8,0x39e7,0x4208,0x39e7,0x41e8,0x39c7,0x41e8,0x39e7,0x4208,0x39e7,0x4208,0x39e7,0x39e7,0x39e7,0x39e7,0x39c7,
  0x39e7,0x39e7,0x39e7,0x39c7,0x39c7,0x39c7,0x39e7,0x39c7,0x39e7,0x39c7,0x39e7,0x39c7,0x39c7,0x39c7,0x39c7,0x39c7,
  0x39c7,0x39c7,0x39c7,0x39c7,0x39c7,0x39c7,0x39e7,0x39c7,0x39c7,0x39c7,0x39c7,0x31c6,0x39c7,0x39c7,0x39c7,0x39c7,
  0x39c7,0x39c7,0x39c7,0x31a6,0x39c7,0x39c7,0x39c7,0x31c6,0x39c7,0x31a6,0x39a7,0x31a6,0x39c7,0x31a6,0x31a6,0x3186,
  0x39c7,0x31a6,0x39c7,0x31a6,0x39a7,0x31a6,0x39a7,0x31a6,0x31a6,0x3186,0x39a7,0x31a6,0x31a6,0x31a6,0x39e7,0x31a6,
  0x2925,0x10a2,0x1082,0x0861,0x1082,0x0861,0x1082,0x0861,0x10a2,0x1082,0x1082,0x0841,0x0841,0x0861,0x1062,0x0841,
  0x0821,0x0000,0x0020,0x0000,0x18c3,0x31a6,0x528a,0x5aeb,0x6b4d,0x738e,0x7bef,0x7bef,0x8430,0x8430,0x8c51,0x8c51,
  0x9472,0x8c71,0x9492,0x8c71,0x9472,0x8c51,0x8c71,0x8c51,0x8c71,0x8c51,0x9472,0x8c51,0x8c51,0x8c51,0x8c71,0x8c51,
  0x8430,0x8430,0x8c51,0x8c51,0x8c51,0x8430,0x8430,0x8450,0x8c51,0x8c71,0x8c51,0x8410,0x8c51,0x8430,0x8410,0x8430,
  0x8c71,0x8410,0x8410,0x7bef,0x7bef,0x8410,0x8430,0x8410,0x8410,0x738e,0x73ae,0x7bef,0x8410,0x7bcf,0x7bcf,0x7bcf,
  0x7bef,0x7bcf,0x7bcf,0x73ae,0x73ae,0x738e,0x6b4d,0x5aeb,0x52aa,0x4a69,0x4a49,0x39e7,0x39c7,0x3186,0x3186,0x2965,
  0x3166,0x2965,0x2965,0x2945,0x2945,0x2124,0x2104,0x1903,0x2104,0x2104,0x2104,0x18e3,0x2104,0x18e3,0x2104,0x18e3,
  0x18e3,0x18e3,0x2104,0x18e3,0x2104,0x18e3,0x2104,0x2104,0x2104,0x18e3,0x2124,0x2124,0x2925,0x2104,0x2124,0x2124,
  0x2945,0x2124,0x2945,0x2124,0x2945,0x2124,0x2104,0x1903,0x2104,0x18e3,0x2104,0x18e3,0x18e3,0x10a2,0x10a2,0x1082,
  0x1082,0x0861,0x0861,0x0040,0x0821,0x0020,0x0020,0x0000,0x0020,0x0000,0x0020,0x0020,0x0020,0x0000,0x0020,0x0020,
  0x0821,0x0020,0x0020,0x0000,0x0020,0x0000,0x0020,0x0000,0x0020,0x0000,0x0020,0x0000,0x0841,0x10a2,0x2104,0x2104,
  0x20e4,0x18e3,0x2104,0x18e3,0x20e4,0x18e3,0x20e4,0x18e3,0x20e4,0x18e3,0x18e3,0x18e3,0x18e3,0x18c3,0x18e3,0x18e3,
  0x20e4,0x18e3,0x18e3,0x18c3,0x18e3,0x18c3,0x18e3,0x18c3,0x18e3,0x18c3,0x18e3,0x18c3,0x18e3,0x18c3,0x18c3,0x18c3,
  0x18c3,0x18c3,0x18c3,0x18c3,0x18c3,0x18c3,0x18c3,0x18c3,0x18c3,0x18c3,0x18c3,0x10c2,0x18c3,0x10a2,0x18c3,0x10a2,
  0x18c3,0x10a2,0x18c3,0x10c2,0x18c3,0x10a2,0x18c3,0x10a2,0x18c3,0x10a2,0x18c3,0x10a2,0x18a3,0x10a2,0x18c3,0x10a2,
  0x18a3,0x10a2,0x10a2,0x10a2,0x18a3,0x10a2,0x18a3,0x10a2,0x18a3,0x1082,0x10a2,0x10a2,0x18a3,0x10a2,0x10a2,0x1082,
  0x10a2,0x1082,0x10a2,0x1082,0x10a2,0x1082,0x10a2,0x1082,0x10a2,0x1082,0x10a2,0x1082,0x10a2,0x1082,0x1082,0x1082,
  0x39e7,0x39e7,0x39c7,0x39e7,0x39c7,0x39c7,0x39c7,0x39e7,0x39c7,0x39e7,0x39c7,0x39e7,0x39c7,0x39e7,0x39e7,0x41e8,
  0x39e7,0x39e7,0x39e7,0x39e7,0x39c7,0x39e7,0x39e7,0x39e7,0x39c7,0x39e7,0x39e7,0x39e7,0x31c6,0x39e7,0x39c7,0x39e7,
  0x39c7,0x39e7,0x39c7,0x39e7,0x31c6,0x39e7,0x39c7,0x39e7,0x39c7,0x39e7,0x39c7,0x39c7,0x31c6,0x39c7,0x39c7,0x39c7,
  0x31c6,0x39c7,0x31c6,0x39c7,0x31a6,0x39c7,0x31c6,0x39c7,0x31c6,0x39c7,0x31a6,0x39a7,0x31a6,0x39c7,0x31a6,0x39c7,
  0x31a6,0x31a6,0x31a6,0x39c7,0x31a6,0x31a6,0x31a6,0x31a6,0x31a6,0x31a6,0x31a6,0x31a6,0x31a6,0x31a6,0x3186,0x31a6,
  0x3186,0x31a6,0x31a6,0x31a6,0x2985,0x31a6,0x31a6,0x2965,0x18e3,0x1082,0x0861,0x1082,0x0861,0x1082,0x0861,0x1082,
  0x1082,0x10a2,0x1082,0x0861,0x0020,0x0861,0x0841,0x0841,0x0020,0x0000,0x0000,0x0020,0x0881,0x2965,0x4a49,0x5acb,
  0x630c,0x6b6d,0x73ae,0x7bef,0x7c0f,0x8430,0x8430,0x8c71,0x8c71,0x8c71,0x8c71,0x9492,0x8c71,0x8c71,0x8c51,0x8c71,
  0x8450,0x8c71,0x8c71,0x8c71,0x8c71,0x8c71,0x8c71,0x8c71,0x8430,0x8430,0x7bef,0x8430,0x8430,0x8430,0x8410,0x8c31,
  0x7bef,0x8430,0x8430,0x8c51,0x8c71,0x8c51,0x7bcf,0x8c51,0x8c71,0x8430,0x8410,0x8c51,0x8410,0x7bef,0x7bef,0x8410,
  0x7bef,0x7bcf,0x73ae,0x7bcf,0x73ce,0x73ae,0x6b8d,0x73ae,0x738e,0x7bcf,0x73ae,0x73ae,0x738e,0x6b6d,0x632c,0x62ec,
  0x52aa,0x528a,0x4228,0x39e7,0x3186,0x3186,0x2965,0x2965,0x2945,0x2965,0x2945,0x2965,0x2144,0x2945,0x2124,0x2124,
  0x1903,0x2104,0x18e3,0x2104,0x18e3,0x2104,0x18e3,0x18e3,0x18e3,0x2104,0x18e3,0x2104,0x1903,0x2124,0x2104,0x2124,
  0x1903,0x2124,0x2124,0x2945,0x2124,0x2124,0x2124,0x2945,0x2144,0x2945,0x2124,0x2925,0x2124,0x2124,0x2104,0x2104,
  0x18e3,0x2104,0x18e3,0x18e3,0x10c2,0x10a2,0x1082,0x1082,0x0861,0x0861,0x0841,0x0841,0x0000,0x0020,0x0000,0x0000,
  0x0000,0x0000,0x0000,0x0821,0x0000,0x0000,0x0000,0x0020,0x0020,0x0020,0x0000,0x0020,0x0000,0x0000,0x0000,0x0000,
  0x0000,0x0000,0x0000,0x0020,0x0000,0x0861,0x18c3,0x2104,0x18e3,0x18e3,0x18e3,0x2104,0x18e3,0x18e3,0x18e3,0x18e3,
  0x18e3,0x18e3,0x18e3,0x20e4,0x18c3,0x18e3,0x18e3,0x18e3,0x10c2,0x18e3,0x18c3,0x18e3,0x18c3,0x18c3,0x18c3,0x18c3,
  0x18c3,0x18e3,0x18c3,0x18c3,0x10c2,0x18c3,0x18c3,0x18c3,0x10c2,0x18c3,0x10c2,0x18c3,0x10c2,0x18c3,0x10c2,0x18c3,
  0x10c2,0x18c3,0x10a2,0x18c3,0x10a2,0x18c3,0x10a2,0x18c3,0x10a2,0x18c3,0x10a2,0x18c3,0x10a2,0x18c3,0x10a2,0x18c3,
  0x10a2,0x10a2,0x10a2,0x18a3,0x10a2,0x10a2,0x10a2,0x18a3,0x10a2,0x10a2,0x1082,0x10a2,0x10a2,0x10a2,0x10a2,0x10a2,
  0x1082,0x10a2,0x1082,0x10a2,0x1082,0x10a2,0x1082,0x10a2,0x1082,0x10a2,0x1082,0x10a2,0x0881,0x1082,0x1082,0x1082,
  0x0881,0x1082,0x1082,0x1082,0x0881,0x1082,0x0881,0x1082,0x41e8,0x39e7,0x41e8,0x39e7,0x39e7,0x39c7,0x39e7,0x39c7,
  0x39e7,0x39c7,0x39e7,0x39c7,0x39e7,0x39e7,0x4208,0x39e7,0x4208,0x39e7,0x4208,0x39e7,0x39e7,0x39e7,0x41e8,0x39e7,
  0x39e7,0x39e7,0x41e8,0x39e7,0x39e7,0x39e7,0x41e8,0x39c7,0x39e7,0x39c7,0x39e7,0x39c7,0x39e7,0x39c7,0x39e7,0x39c7,
  0x39c7,0x39c7,0x39e7,0x39c7,0x39c7,0x39c7,0x39e7,0x39c7,0x39c7,0x31c6,0x39c7,0x39c7,0x39c7,0x31c6,0x39c7,0x39c7,
  0x39c7,0x31c6,0x39c7,0x31a6,0x39c7,0x31c6,0x39c7,0x31a6,0x39c7,0x31a6,0x39c7,0x39c7,0x39c7,0x31a6,0x39c7,0x31a6,
  0x39c7,0x31a6,0x39c7,0x31a6,0x39a7,0x31a6,0x39a7,0x31a6,0x39c7,0x31a6,0x39a7,0x31a6,0x39a7,0x31a6,0x2945,0x18e3,
  0x18c3,0x0881,0x1082,0x1082,0x1082,0x0861,0x1082,0x1082,0x18a3,0x10a2,0x10a2,0x0861,0x0841,0x0861,0x1062,0x0841,
  0x0821,0x0000,0x0020,0x0020,0x1082,0x2144,0x4a49,0x52aa,0x630c,0x634c,0x738e,0x7bcf,0x8410,0x8410,0x8c31,0x8c51,
  0x8c71,0x8c51,0x9472,0x8c51,0x8c71,0x8c51,0x8c51,0x8c51,0x8c51,0x8c51,0x9472,0x8c71,0x8c71,0x8c71,0x9492,0x8c71,
  0x8c51,0x8410,0x83f0,0x7bef,0x8430,0x8450,0x8c51,0x8430,0x8430,0x7c0f,0x8410,0x8410,0x8430,0x8450,0x9472,0x8430,
  0x8430,0x8430,0x7bef,0x73ae,0x8410,0x8430,0x8410,0x8410,0x8410,0x7bcf,0x7bcf,0x7bcf,0x7bef,0x7bcf,0x7baf,0x73ae,
  0x73ae,0x73ae,0x73ae,0x738e,0x736e,0x632c,0x6b4d,0x5aeb,0x5aab,0x4a69,0x4228,0x39c7,0x31a6,0x3186,0x3186,0x2965,
  0x2965,0x2945,0x2945,0x2945,0x2965,0x2144,0x2945,0x2124,0x2124,0x2104,0x2104,0x18e3,0x18e3,0x18c3,0x18c3,0x18c3,
  0x2104,0x1903,0x2104,0x2104,0x2124,0x2124,0x2945,0x2124,0x2124,0x2124,0x2945,0x2124,0x2945,0x2124,0x2945,0x2124,
  0x2965,0x2144,0x2945,0x2124,0x2925,0x2104,0x2124,0x2104,0x2104,0x1903,0x2104,0x18e3,0x18c3,0x10a2,0x10a2,0x1082,
  0x1082,0x0861,0x0841,0x0020,0x0020,0x0000,0x0000,0x0000,0x0020,0x0000,0x0821,0x0020,0x0020,0x0000,0x0020,0x0020,
  0x0821,0x0020,0x0020,0x0000,0x0020,0x0000,0x0020,0x0000,0x0020,0x0000,0x0020,0x0000,0x0000,0x0000,0x10a2,0x18e3,
  0x2104,0x18e3,0x2104,0x18e3,0x2104,0x18e3,0x20e4,0x18e3,0x18e3,0x18c3,0x20e4,0x18e3,0x18e3,0x18e3,0x20e4,0x18c3,
  0x18c3,0x18e3,0x20e4,0x18c3,0x18e3,0x18c3,0x18e3,0x18c3,0x18e3,0x18c3,0x18e3,0x18c3,0x18e3,0x18c3,0x18e3,0x18c3,
  0x18c3,0x18c3,0x18c3,0x18c3,0x18c3,0x18c3,0x18c3,0x18c3,0x18c3,0x18c3,0x18c3,0x18c3,0x18c3,0x10c2,0x18c3,0x10a2,
  0x18c3,0x10a2,0x18c3,0x10a2,0x18c3,0x10a2,0x18c3,0x10a2,0x18c3,0x10a2,0x18c3,0x10a2,0x18a3,0x10a2,0x18c3,0x10a2,
  0x18a3,0x10a2,0x18a3,0x10a2,0x18a3,0x10a2,0x18c3,0x10a2,0x18a3,0x10a2,0x18a3,0x10a2,0x10a2,0x10a2,0x10a2,0x1082,
  0x10a2,0x1082,0x10a2,0x1082,0x10a2,0x1082,0x10a2,0x1082,0x10a2,0x1082,0x10a2,0x1082,0x10a2,0x1082,0x1082,0x1082,
  0x39e7,0x39e7,0x39e7,0x39e7,0x39c7,0x39e7,0x39c7,0x39e7,0x39c7,0x39c7,0x31c6,0x39e7,0x39c7,0x41e8,0x39e7,0x39e7,
  0x39e7,0x41e8,0x39e7,0x39e7,0x39e7,0x39e7,0x39c7,0x39e7,0x39c7,0x39e7,0x39c7,0x39e7,0x39c7,0x39e7,0x39c7,0x39c7,
  0x31c6,0x39c7,0x31c6,0x39c7,0x39c7,0x39e7,0x31c6,0x39c7,0x31a6,0x39c7,0x31c6,0x39c7,0x31c6,0x39c7,0x31c6,0x39c7,
  0x31c6,0x39c7,0x31c6,0x39c7,0x31a6,0x39c7,0x31c6,0x39c7,0x31c6,0x39c7,0x31c6,0x39c7,0x31a6,0x39c7,0x31c6,0x39c7,
  0x31a6,0x39c7,0x31a6,0x39c7,0x31a6,0x39c7,0x31a6,0x31a6,0x31a6,0x31a6,0x31a6,0x31a6,0x31a6,0x31a6,0x31a6,0x39c7,
  0x31a6,0x39a7,0x2985,0x31a6,0x3186,0x2965,0x18c3,0x10a2,0x0861,0x1082,0x0861,0x1082,0x0861,0x1082,0x0861,0x1082,
  0x10a2,0x18c3,0x1082,0x0861,0x0020,0x1082,0x0861,0x0841,0x0020,0x0000,0x0000,0x0020,0x0841,0x2104,0x39e7,0x528a,
  0x5acb,0x632c,0x634c,0x738e,0x73ce,0x83f0,0x7c0f,0x8430,0x8430,0x8c51,0x8430,0x8c51,0x8450,0x8c51,0x8430,0x8430,
  0x8c51,0x8c71,0x8450,0x8c51,0x8430,0x8430,0x8450,0x8c71,0x8450,0x8c51,0x7c0f,0x7bef,0x7c0f,0x8c51,0x8450,0x8c51,
  0x8c51,0x8430,0x7bef,0x7bef,0x7bcf,0x8410,0x8c71,0x8430,0x7bef,0x8430,0x73ae,0x6b6d,0x7bcf,0x8410,0x7bef,0x8410,
  0x7bcf,0x7bcf,0x738e,0x73ae,0x7bef,0x8410,0x7bcf,0x7bcf,0x738e,0x738e,0x6b6d,0x6b4d,0x632c,0x632c,0x630c,0x5aeb,
  0x528a,0x4a49,0x3a07,0x39c7,0x31a6,0x31a6,0x2985,0x3186,0x2965,0x2965,0x2124,0x2124,0x2124,0x2945,0x2124,0x2124,
  0x2104,0x2104,0x1903,0x2104,0x18e3,0x18e3,0x10a2,0x18c3,0x18c3,0x20e4,0x18e3,0x2104,0x2104,0x2945,0x2124,0x2124,
  0x2124,0x2945,0x2124,0x2124,0x2124,0x2945,0x2124,0x2945,0x2945,0x2945,0x2124,0x2124,0x2104,0x2104,0x1903,0x2104,
  0x1903,0x2104,0x18e3,0x18e3,0x10a2,0x10a2,0x0881,0x1082,0x0861,0x0861,0x0040,0x0020,0x0000,0x0000,0x0000,0x0000,
  0x0000,0x0000,0x0020,0x0841,0x0000,0x0000,0x0000,0x0020,0x0020,0x0020,0x0000,0x0000,0x0000,0x0000,0x0000,0x0000,
  0x0000,0x0000,0x0000,0x0000,0x0000,0x0000,0x0861,0x18e3,0x18e3,0x20e4,0x18e3,0x18e3,0x18e3,0x20e4,0x18e3,0x18e3,
  0x18e3,0x18e3,0x18c3,0x18c3,0x10c2,0x18c3,0x18e3,0x18e3,0x10c2,0x18e3,0x18c3,0x18e3,0x18c3,0x18e3,0x10c2,0x18c3,
  0x18c3,0x18e3,0x18c3,0x18e3,0x18c3,0x18e3,0x18c3,0x18c3,0x10c2,0x18c3,0x10c2,0x18c3,0x10c2,0x18c3,0x10c2,0x18c3,
  0x10c2,0x18c3,0x10a2,0x18c3,0x10a2,0x18c3,0x10a2,0x18c3,0x10a2,0x18c3,0x10a2,0x10a2,0x10a2,0x18c3,0x10a2,0x18c3,
  0x10a2,0x18a3,0x10a2,0x10a2,0x10a2,0x18a3,0x10a2,0x10a2,0x10a2,0x10a2,0x10a2,0x10a2,0x10a2,0x18a3,0x10a2,0x10a2,
  0x10a2,0x10a2,0x1082,0x10a2,0x1082,0x10a2,0x1082,0x10a2,0x1082,0x10a2,0x1082,0x10a2,0x1082,0x1082,0x0881,0x1082,
  0x1082,0x1082,0x0881,0x1082,0x1082,0x1082,0x0881,0x1082,0x41e8,0x39e7,0x41e8,0x39e7,0x41e8,0x39e7,0x41e8,0x39e7,
  0x41e8,0x39c7,0x39e7,0x39e7,0x41e8,0x39e7,0x4208,0x39e7,0x4208,0x39e7,0x4208,0x39e7,0x41e8,0x39e7,0x39e7,0x39e7,
  0x41e8,0x39c7,0x39e7,0x39c7,0x39e7,0x39e7,0x39e7,0x39c7,0x39e7,0x39c7,0x39e7,0x39c7,0x41e8,0x39e7,0x39e7,0x31c6,
  0x39c7,0x39c7,0x39e7,0x39c7,0x39e7,0x39c7,0x39c7,0x39c7,0x39c7,0x39c7,0x39c7,0x31c6,0x39c7,0x39c7,0x39c7,0x39c7,
  0x39c7,0x39c7,0x39e7,0x31a6,0x39c7,0x39c7,0x39c7,0x31c6,0x39c7,0x31a6,0x39c7,0x31a6,0x39c7,0x31a6,0x39c7,0x31a6,
  0x39a7,0x31a6,0x39a7,0x31a6,0x39a7,0x31a6,0x39a7,0x31a6,0x39c7,0x31a6,0x39a7,0x31a6,0x3186,0x18e3,0x10a2,0x1082,
  0x1082,0x1082,0x1082,0x1082,0x1082,0x0861,0x1082,0x1082,0x18a3,0x10a2,0x10a2,0x0841,0x0841,0x0861,0x1062,0x0841,
  0x0821,0x0000,0x0000,0x0000,0x0841,0x18e3,0x39c7,0x4a69,0x5acb,0x630c,0x6b2d,0x6b6d,0x7bcf,0x7bcf,0x8410,0x8410,
  0x8c51,0x8430,0x8c51,0x8c51,0x8c71,0x8c51,0x8c51,0x8450,0x9472,0x8c71,0x8c71,0x8430,0x8410,0x7bef,0x8c51,0x8c51,
  0x9472,0x8c51,0x8c51,0x8410,0x8410,0x8430,0x8c51,0x8c51,0x8430,0x8430,0x8430,0x8430,0x8410,0x7bef,0x8410,0x8430,
  0x8c31,0x8c51,0x8c51,0x8410,0x8430,0x73ae,0x7bcf,0x7bef,0x7bef,0x73ae,0x73ae,0x738e,0x7bcf,0x7bcf,0x7bcf,0x73ae,
  0x73ae,0x738e,0x738e,0x6b6d,0x6b6d,0x630c,0x630c,0x52ca,0x528a,0x4a49,0x4228,0x39e7,0x39e7,0x39c7,0x31a6,0x3186,
  0x3186,0x2945,0x2945,0x2124,0x2925,0x2124,0x2925,0x2124,0x2124,0x2104,0x2124,0x2104,0x2104,0x2104,0x20e4,0x18c3,
  0x18e3,0x18e3,0x2124,0x2104,0x2104,0x2104,0x2124,0x2124,0x2925,0x2945,0x2945,0x2144,0x3166,0x2965,0x3166,0x2945,
  0x2945,0x2124,0x2925,0x2124,0x2124,0x2104,0x2104,0x1903,0x2104,0x18e3,0x18e3,0x18c3,0x18c3,0x10a2,0x1082,0x0861,
  0x1062,0x0841,0x0841,0x0020,0x0821,0x0000,0x0000,0x0000,0x0821,0x0000,0x0841,0x0020,0x0000,0x0000,0x0020,0x0020,
  0x0821,0x0020,0x0020,0x0000,0x0020,0x0000,0x0020,0x0000,0x0020,0x0000,0x0020,0x0000,0x0000,0x0000,0x0841,0x0861,
  0x1082,0x1082,0x10a2,0x10a2,0x18c3,0x18c3,0x18e3,0x18e3,0x2104,0x2104,0x2104,0x18e3,0x18e3,0x18c3,0x2104,0x18e3,
  0x18e3,0x18c3,0x18e3,0x18c3,0x18e3,0x18c3,0x18e3,0x18c3,0x20e4,0x18c3,0x18e3,0x18c3,0x18e3,0x18c3,0x18e3,0x18c3,
  0x18c3,0x18c3,0x18c3,0x18c3,0x18c3,0x18c3,0x18c3,0x18c3,0x18c3,0x18c3,0x18c3,0x10c2,0x18c3,0x18c3,0x18c3,0x10c2,
  0x18c3,0x10a2,0x18c3,0x10a2,0x18c3,0x10a2,0x18c3,0x10a2,0x18c3,0x10a2,0x18c3,0x10a2,0x18c3,0x10a2,0x18c3,0x10a2,
  0x18a3,0x10a2,0x18a3,0x10a2,0x18c3,0x10a2,0x18c3,0x10a2,0x18a3,0x10a2,0x10a2,0x10a2,0x18a3,0x10a2,0x10a2,0x1082,
  0x10a2,0x1082,0x10a2,0x1082,0x10a2,0x1082,0x10a2,0x1082,0x10a2,0x1082,0x10a2,0x1082,0x10a2,0x1082,0x1082,0x1082,
  0x39e7,0x39e7,0x39e7,0x39e7,0x39e7,0x39e7,0x39e7,0x39e7,0x39c7,0x39e7,0x39c7,0x39e7,0x39e7,0x39e7,0x39e7,0x39e7,
  0x39e7,0x39e7,0x39e7,0x41e8,0x39e7,0x39e7,0x31c6,0x39e7,0x39c7,0x39e7,0x39c7,0x39e7,0x39c7,0x39e7,0x39e7,0x39e7,
  0x39c7,0x39e7,0x39c7,0x39e7,0x31c6,0x39c7,0x31a6,0x39c7,0x31a6,0x39c7,0x31a6,0x39c7,0x31c6,0x39c7,0x31c6,0x39c7,
  0x31a6,0x39c7,0x31c6,0x39c7,0x31a6,0x39c7,0x31c6,0x39c7,0x31c6,0x39c7,0x31a6,0x39a7,0x31a6,0x39c7,0x31a6,0x39c7,
  0x31a6,0x39c7,0x31a6,0x39a7,0x31a6,0x31a6,0x31a6,0x39a7,0x31a6,0x31a6,0x31a6,0x31a6,0x31a6,0x31a6,0x31a6,0x3186,
  0x3186,0x39c7,0x31a6,0x3186,0x1903,0x1082,0x0861,0x1082,0x0861,0x1082,0x0881,0x1082,0x0861,0x0861,0x0861,0x1082,
  0x1082,0x10a2,0x0881,0x0841,0x0020,0x1082,0x0861,0x0841,0x0020,0x0000,0x0000,0x0020,0x0020,0x10a2,0x2965,0x4a29,
  0x528a,0x5aeb,0x630c,0x6b6d,0x738e,0x7bcf,0x7bcf,0x8410,0x8410,0x8430,0x8430,0x8c31,0x8430,0x8c51,0x8430,0x8c51,
  0x8430,0x8c51,0x8c71,0x8c51,0x8410,0x8410,0x8430,0x8c71,0x8c51,0x8c51,0x8430,0x8430,0x7bef,0x8430,0x8430,0x8c51,
  0x7c0f,0x8430,0x8430,0x8430,0x7c0f,0x8410,0x8410,0x8410,0x8410,0x8430,0x8430,0x8410,0x7bef,0x8430,0x7bef,0x83f0,
  0x7c0f,0x7bef,0x73ce,0x7bcf,0x73ae,0x73ae,0x73ce,0x73ae,0x6b8d,0x738e,0x6b6d,0x6b4d,0x632c,0x630c,0x5aeb,0x52aa,
  0x4a69,0x4a69,0x4248,0x4228,0x39e7,0x39c7,0x31a6,0x3186,0x2965,0x2965,0x2124,0x2945,0x2124,0x2945,0x2124,0x2124,
  0x1903,0x2104,0x1903,0x2104,0x18e3,0x2104,0x18e3,0x18e3,0x18c3,0x2104,0x2104,0x2104,0x18e3,0x2104,0x2124,0x2925,
  0x2124,0x2945,0x2124,0x2945,0x2945,0x2965,0x2945,0x2945,0x2124,0x2945,0x2124,0x2925,0x2124,0x2104,0x18e3,0x2104,
  0x18e3,0x18e3,0x10c2,0x18c3,0x10a2,0x1082,0x0861,0x1062,0x0841,0x0841,0x0020,0x0020,0x0000,0x0000,0x0000,0x0020,
  0x0000,0x0000,0x0020,0x0821,0x0000,0x0020,0x0000,0x0020,0x0020,0x0020,0x0000,0x0000,0x0000,0x0000,0x0000,0x0000,
  0x0000,0x0000,0x0000,0x0000,0x0000,0x0000,0x0000,0x0000,0x0000,0x0000,0x0000,0x0020,0x0020,0x0841,0x0861,0x1082,
  0x10a2,0x18c3,0x18e3,0x20e4,0x18e3,0x18e3,0x18c3,0x18e3,0x18c3,0x18e3,0x18c3,0x18e3,0x18c3,0x18e3,0x18c3,0x18e3,
  0x18c3,0x18e3,0x18c3,0x18e3,0x18c3,0x18c3,0x18c3,0x18c3,0x10c2,0x18c3,0x10c2,0x18c3,0x10c2,0x18c3,0x10c2,0x18c3,
  0x10c2,0x18c3,0x10a2,0x18c3,0x10a2,0x18c3,0x10a2,0x18c3,0x10a2,0x18c3,0x10a2,0x18c3,0x10a2,0x18c3,0x10a2,0x18c3,
  0x10a2,0x10a2,0x10a2,0x18a3,0x10a2,0x10a2,0x10a2,0x10a2,0x10a2,0x10a2,0x10a2,0x10a2,0x10a2,0x10a2,0x10a2,0x10a2,
  0x10a2,0x10a2,0x1082,0x10a2,0x1082,0x10a2,0x1082,0x10a2,0x1082,0x10a2,0x1082,0x10a2,0x0881,0x1082,0x1082,0x1082,
  0x0881,0x1082,0x1082,0x1082,0x0881,0x1082,0x0881,0x1082,0x39e7,0x39e7,0x41e8,0x39e7,0x41e8,0x39e7,0x41e8,0x39e7,
  0x39e7,0x39e7,0x41e8,0x39e7,0x39e7,0x39c7,0x41e8,0x39e7,0x41e8,0x39e7,0x4208,0x39e7,0x4208,0x39c7,0x39c7,0x39e7,
  0x41e8,0x39e7,0x39e7,0x39e7,0x4208,0x39c7,0x41e8,0x39c7,0x39e7,0x39c7,0x39e7,0x39c7,0x39c7,0x39c7,0x39e7,0x39c7,
  0x39e7,0x39c7,0x39c7,0x39c7,0x39e7,0x39c7,0x39c7,0x39c7,0x39c7,0x39c7,0x39c7,0x39c7,0x39c7,0x31c6,0x39c7,0x39c7,
  0x39c7,0x31a6,0x39c7,0x31a6,0x39c7,0x39c7,0x39c7,0x39c7,0x39c7,0x39c7,0x39c7,0x39c7,0x39c7,0x31a6,0x39c7,0x39c7,
  0x31a6,0x31a6,0x39a7,0x31a6,0x39c7,0x31a6,0x39c7,0x31a6,0x39a7,0x31a6,0x3186,0x2104,0x1082,0x0881,0x10a2,0x1082,
  0x1082,0x0881,0x1082,0x1082,0x1082,0x0881,0x1082,0x1082,0x10a2,0x10a2,0x1082,0x0841,0x0841,0x0881,0x1062,0x0841,
  0x0821,0x0000,0x0000,0x0000,0x0841,0x0881,0x2945,0x39e7,0x528a,0x52ca,0x630c,0x632c,0x738e,0x73ae,0x7bcf,0x7bef,
  0x8410,0x8410,0x8c31,0x8430,0x8c31,0x8430,0x8c51,0x8c51,0x8c31,0x8410,0x8c31,0x8430,0x8c51,0x8430,0x8c51,0x8c51,
  0x8c51,0x8c51,0x8c51,0x8430,0x8430,0x8430,0x8c51,0x8430,0x8430,0x8c51,0x8c51,0x8410,0x8c51,0x8c51,0x8c51,0x8430,
  0x8c31,0x8410,0x8c31,0x8430,0x7bcf,0x8410,0x8430,0x8410,0x8c31,0x7bcf,0x7bcf,0x8410,0x7bef,0x73ae,0x7bcf,0x738e,
  0x738e,0x6b6d,0x6b6d,0x632c,0x632c,0x630c,0x62ec,0x52aa,0x52aa,0x528a,0x526a,0x4228,0x4228,0x39e7,0x39e7,0x31a6,
  0x3186,0x2965,0x2965,0x2945,0x2945,0x2144,0x2945,0x2124,0x2925,0x2124,0x2124,0x18e3,0x2104,0x1903,0x2104,0x18e3,
  0x2104,0x2124,0x2945,0x2104,0x2124,0x2124,0x2945,0x2945,0x2945,0x2144,0x2965,0x2965,0x3166,0x2965,0x2965,0x2945,
  0x2945,0x2124,0x2945,0x2945,0x2945,0x2124,0x2104,0x2104,0x2104,0x18c3,0x18c3,0x10a2,0x10a2,0x0881,0x1082,0x0861,
  0x0861,0x0841,0x0841,0x0020,0x0020,0x0000,0x0821,0x0020,0x0020,0x0000,0x0821,0x0020,0x0000,0x0000,0x0020,0x0020,
  0x0821,0x0020,0x0020,0x0000,0x0020,0x0000,0x0020,0x0000,0x0020,0x0000,0x0020,0x0000,0x0020,0x0000,0x0000,0x0000,
  0x0020,0x0000,0x0000,0x0000,0x0000,0x0000,0x0000,0x0000,0x0821,0x0040,0x10a2,0x18c3,0x2104,0x18c3,0x18e3,0x18c3,
  0x18e3,0x18c3,0x18e3,0x18c3,0x18e3,0x18c3,0x18e3,0x18c3,0x18e3,0x18c3,0x18e3,0x18c3,0x18e3,0x18c3,0x18e3,0x18c3,
  0x18c3,0x18c3,0x18c3,0x18c3,0x18c3,0x18c3,0x18c3,0x18c3,0x18c3,0x18c3,0x18c3,0x18c3,0x18c3,0x10c2,0x18c3,0x10a2,
  0x18c3,0x10a2,0x18c3,0x18c3,0x18c3,0x10a2,0x18c3,0x10a2,0x18c3,0x10a2,0x18c3,0x10a2,0x18c3,0x10a2,0x18a3,0x10a2,
  0x10a2,0x10a2,0x18c3,0x10a2,0x10a2,0x10a2,0x18a3,0x10a2,0x10a2,0x1082,0x18a3,0x10a2,0x10a2,0x10a2,0x10a2,0x1082,
  0x10a2,0x1082,0x10a2,0x1082,0x10a2,0x1082,0x10a2,0x1082,0x10a2,0x1082,0x10a2,0x1082,0x10a2,0x1082,0x1082,0x1082,
  0x39e7,0x39e7,0x39e7,0x39e7,0x39c7,0x39e7,0x39c7,0x39e7,0x39c7,0x39e7,0x39c7,0x39e7,0x39e7,0x39e7,0x39e7,0x39e7,
  0x39e7,0x4208,0x39e7,0x39e7,0x39e7,0x39e7,0x39c7,0x39e7,0x39c7,0x39e7,0x39c7,0x39e7,0x39c7,0x39e7,0x39c7,0x39c7,
  0x39c7,0x39c7,0x31c6,0x39c7,0x39c7,0x39c7,0x39c7,0x39e7,0x39c7,0x39e7,0x39c7,0x39e7,0x31c6,0x39c7,0x39c7,0x39c7,
  0x31a6,0x39c7,0x31a6,0x39c7,0x31c6,0x39c7,0x31a6,0x39c7,0x31a6,0x39c7,0x31c6,0x39c7,0x31a6,0x39c7,0x31c6,0x39c7,
  0x31c6,0x39c7,0x31a6,0x31a6,0x31a6,0x39c7,0x31a6,0x31a6,0x31a6,0x31a6,0x31a6,0x39c7,0x3186,0x3186,0x31a6,0x39e7,
  0x39c7,0x31a6,0x2104,0x10a2,0x0861,0x10a2,0x10a2,0x10a2,0x0861,0x1082,0x0861,0x1082,0x0861,0x1082,0x0861,0x1082,
  0x1082,0x10a2,0x0861,0x0841,0x0020,0x1082,0x0841,0x0841,0x0020,0x0000,0x0000,0x0000,0x0020,0x1082,0x1903,0x31a6,
  0x4a49,0x5aab,0x5aeb,0x632c,0x6b4d,0x738e,0x6b8d,0x7bcf,0x7bef,0x83f0,0x8410,0x8430,0x8430,0x8430,0x8430,0x8430,
  0x8430,0x8430,0x8410,0x8c51,0x8430,0x8c51,0x8430,0x8c51,0x8430,0x8430,0x8430,0x8430,0x8410,0x8c51,0x8430,0x8430,
  0x7bef,0x8430,0x8430,0x8c51,0x8430,0x8c51,0x8430,0x8c51,0x8430,0x8410,0x8430,0x8c71,0x8410,0x7bcf,0x7bcf,0x8410,
  0x8410,0x8410,0x7bef,0x8410,0x7bef,0x7baf,0x738e,0x738e,0x6b6d,0x736e,0x6b4d,0x6b4d,0x632c,0x630c,0x5acb,0x52aa,
  0x4a69,0x4a49,0x4248,0x4a49,0x39e7,0x39e7,0x31a6,0x31a6,0x2965,0x2965,0x2965,0x2965,0x2124,0x2945,0x2124,0x2945,
  0x2124,0x2925,0x2104,0x2104,0x1903,0x2104,0x18e3,0x2104,0x2104,0x2925,0x2104,0x2124,0x2124,0x2925,0x2144,0x2965,
  0x2945,0x2965,0x2945,0x2965,0x2965,0x3166,0x2945,0x2945,0x2144,0x2945,0x2124,0x2945,0x2124,0x2124,0x1903,0x18e3,
  0x18c3,0x18c3,0x10a2,0x10a2,0x0861,0x1082,0x0861,0x0861,0x0841,0x0841,0x0020,0x0020,0x0000,0x0020,0x0000,0x0020,
  0x0000,0x0000,0x0020,0x0020,0x0000,0x0020,0x0000,0x0020,0x0000,0x0020,0x0000,0x0000,0x0000,0x0000,0x0000,0x0000,
  0x0000,0x0000,0x0000,0x0000,0x0000,0x0000,0x0000,0x0020,0x0000,0x0000,0x0000,0x0000,0x0000,0x0000,0x0000,0x0000,
  0x0000,0x0000,0x0000,0x0841,0x0881,0x18c3,0x18e3,0x18e3,0x18c3,0x18c3,0x10c2,0x18c3,0x18c3,0x18e3,0x18c3,0x18c3,
  0x10c2,0x18c3,0x10c2,0x18c3,0x18c3,0x18c3,0x10c2,0x18c3,0x10c2,0x18c3,0x10c2,0x18c3,0x10c2,0x18c3,0x10a2,0x18c3,
  0x10a2,0x18c3,0x10a2,0x18c3,0x10a2,0x18c3,0x10a2,0x18c3,0x10a2,0x18c3,0x10a2,0x18c3,0x10a2,0x18c3,0x10a2,0x18c3,
  0x10a2,0x18a3,0x10a2,0x10a2,0x10a2,0x10a2,0x1082,0x10a2,0x1082,0x10a2,0x10a2,0x10a2,0x10a2,0x10a2,0x1082,0x10a2,
  0x1082,0x10a2,0x1082,0x10a2,0x1082,0x10a2,0x1082,0x10a2,0x1082,0x1082,0x0881,0x1082,0x1082,0x1082,0x0881,0x1082,
  0x1082,0x1082,0x0881,0x1082,0x1082,0x1082,0x0881,0x1082,0x4208,0x39e7,0x41e8,0x39e7,0x41e8,0x39e7,0x39e7,0x39c7,
  0x39e7,0x39c7,0x39e7,0x39c7,0x41e8,0x39e7,0x4208,0x39e7,0x4208,0x4208,0x4208,0x39e7,0x41e8,0x39c7,0x39e7,0x39c7,
  0x39e7,0x39c7,0x39e7,0x39c7,0x39e7,0x39e7,0x41e8,0x39c7,0x39e7,0x39c7,0x39e7,0x39e7,0x39e7,0x39c7,0x39e7,0x39c7,
  0x39e7,0x39c7,0x39e7,0x39c7,0x39c7,0x39c7,0x39e7,0x39c7,0x39c7,0x39c7,0x39c7,0x39c7,0x39e7,0x39c7,0x39c7,0x31c6,
  0x39c7,0x39c7,0x39c7,0x31c6,0x39c7,0x31a6,0x39c7,0x31c6,0x39c7,0x39c7,0x39a7,0x3186,0x39a7,0x31a6,0x39c7,0x31a6,
  0x39c7,0x31a6,0x39a7,0x31a6,0x39a7,0x31a6,0x39e7,0x3186,0x3186,0x2945,0x18c3,0x0861,0x1082,0x1082,0x10a2,0x1082,
  0x1082,0x1082,0x1082,0x1082,0x1082,0x0861,0x1082,0x1082,0x1082,0x1082,0x1082,0x0841,0x0841,0x1082,0x0861,0x0841,
  0x0841,0x0000,0x0000,0x0000,0x0821,0x0861,0x18e3,0x2965,0x4228,0x52aa,0x62ec,0x630c,0x6b2d,0x6b4d,0x738e,0x73ae,
  0x7bef,0x7bef,0x8410,0x7bef,0x8410,0x8410,0x8430,0x8430,0x8c51,0x8430,0x8430,0x8450,0x8c51,0x8430,0x8c51,0x8450,
  0x8c51,0x8410,0x8c51,0x8430,0x8430,0x8430,0x8430,0x7c0f,0x8430,0x8410,0x8c31,0x8430,0x8c31,0x8430,0x8c71,0x8430,
  0x8430,0x8410,0x8c31,0x8430,0x8c51,0x8410,0x7bef,0x73ae,0x7bef,0x8410,0x7bef,0x7bcf,0x7bef,0x7bcf,0x7bcf,0x73ae,
  0x738e,0x6b4d,0x6b6d,0x6b4d,0x6b4d,0x5aeb,0x5aeb,0x52aa,0x526a,0x4228,0x4a29,0x4a49,0x4208,0x39e7,0x39e7,0x31a6,
  0x3186,0x2965,0x2965,0x2965,0x2965,0x2124,0x2945,0x2124,0x2925,0x2104,0x2124,0x2104,0x2104,0x2104,0x2104,0x1903,
  0x2124,0x2104,0x2124,0x2144,0x2945,0x2124,0x2965,0x2965,0x3186,0x2965,0x3186,0x2965,0x3186,0x2965,0x2965,0x2945,
  0x2965,0x2945,0x2945,0x2124,0x2124,0x2104,0x2104,0x18c3,0x18c3,0x10a2,0x10a2,0x1082,0x1082,0x1082,0x1062,0x0841,
  0x0841,0x0020,0x0841,0x0020,0x0020,0x0000,0x0020,0x0000,0x0000,0x0000,0x0841,0x0020,0x0000,0x0000,0x0821,0x0020,
  0x0821,0x0000,0x0000,0x0000,0x0020,0x0000,0x0020,0x0000,0x0020,0x0000,0x0020,0x0000,0x0020,0x0000,0x0020,0x0000,
  0x0020,0x0000,0x0000,0x0000,0x0000,0x0000,0x0000,0x0000,0x0000,0x0000,0x0000,0x0000,0x0821,0x0861,0x18c3,0x18c3,
  0x20e4,0x18e3,0x18e3,0x18c3,0x18e3,0x18c3,0x18e3,0x18c3,0x18c3,0x18c3,0x18e3,0x18c3,0x18e3,0x18c3,0x18c3,0x18c3,
  0x18c3,0x18c3,0x18e3,0x18c3,0x18c3,0x18c3,0x18c3,0x10c2,0x18c3,0x18c3,0x18c3,0x10c2,0x18c3,0x10a2,0x18c3,0x10a2,
  0x18c3,0x10a2,0x18c3,0x10a2,0x18c3,0x10a2,0x18c3,0x10a2,0x18c3,0x10a2,0x18a3,0x10a2,0x18a3,0x10a2,0x18a3,0x10a2,
  0x18a3,0x10a2,0x10a2,0x10a2,0x18a3,0x10a2,0x10a2,0x10a2,0x18a3,0x10a2,0x10a2,0x1082,0x10a2,0x1082,0x10a2,0x1082,
  0x10a2,0x1082,0x10a2,0x1082,0x10a2,0x1082,0x10a2,0x1082,0x10a2,0x1082,0x10a2,0x1082,0x10a2,0x1082,0x10a2,0x1082,
  0x39e7,0x39e7,0x39e7,0x39e7,0x39c7,0x39e7,0x39e7,0x39e7,0x39c7,0x39e7,0x39c7,0x39e7,0x39c7,0x39e7,0x39c7,0x39e7,
  0x39e7,0x39e7,0x39e7,0x39e7,0x39c7,0x39e7,0x39c7,0x39c7,0x39c7,0x39e7,0x39c7,0x39e7,0x31c6,0x39e7,0x39c7,0x39e7,
  0x39c7,0x39e7,0x39c7,0x39e7,0x39c7,0x39e7,0x39c7,0x39e7,0x39c7,0x39e7,0x39c7,0x39c7,0x31a6,0x39c7,0x39c7,0x39c7,
  0x31c6,0x39c7,0x31c6,0x39c7,0x31c6,0x39c7,0x31a6,0x39c7,0x31a6,0x39c7,0x31a6,0x39c7,0x31c6,0x39c7,0x31a6,0x39a7,
  0x31a6,0x31a6,0x31a6,0x39c7,0x31a6,0x31a6,0x31a6,0x39c7,0x3186,0x39c7,0x31a6,0x31a6,0x31a6,0x3186,0x2124,0x18e3,
  0x18c3,0x18c3,0x1082,0x1082,0x0881,0x10a2,0x1082,0x1082,0x0861,0x1082,0x0861,0x1082,0x0861,0x1082,0x0881,0x1082,
  0x0881,0x1082,0x0861,0x0841,0x0020,0x1082,0x0841,0x0861,0x0020,0x0000,0x0000,0x0000,0x0000,0x0841,0x10a2,0x2945,
  0x39c7,0x4a69,0x52aa,0x5aeb,0x5b0b,0x632c,0x6b4d,0x738e,0x73ce,0x7bef,0x7bcf,0x7bef,0x7bef,0x8410,0x7c0f,0x8410,
  0x8430,0x8430,0x7bef,0x8430,0x8410,0x8430,0x8430,0x8c51,0x8430,0x8430,0x8430,0x8430,0x7c0f,0x8430,0x8410,0x8410,
  0x8430,0x8410,0x7c0f,0x8430,0x8430,0x8430,0x8c51,0x8c51,0x8430,0x8c51,0x8430,0x8410,0x7c0f,0x8430,0x8410,0x7bef,
  0x7bef,0x7bef,0x73ae,0x7bcf,0x7bcf,0x7bcf,0x73ae,0x73ae,0x6b8d,0x738e,0x6b4d,0x6b4d,0x630c,0x630c,0x5aeb,0x5acb,
  0x4a89,0x4a69,0x4248,0x4228,0x39e7,0x4208,0x39e7,0x39a7,0x3186,0x31a6,0x2965,0x3186,0x2965,0x2965,0x2945,0x2945,
  0x2124,0x2124,0x2124,0x2124,0x18e3,0x2104,0x2104,0x2124,0x1903,0x2124,0x2124,0x2945,0x2144,0x2965,0x2965,0x3186,
  0x2965,0x2965,0x2965,0x3166,0x2945,0x2945,0x2945,0x2965,0x2144,0x2945,0x2124,0x2925,0x2104,0x2104,0x18e3,0x18e3,
  0x10c2,0x18c3,0x1082,0x1082,0x0861,0x0861,0x0861,0x0861,0x0040,0x0841,0x0020,0x0020,0x0000,0x0020,0x0000,0x0020,
  0x0000,0x0020,0x0020,0x0020,0x0000,0x0020,0x0020,0x0821,0x0000,0x0000,0x0000,0x0000,0x0000,0x0000,0x0000,0x0000,
  0x0000,0x0000,0x0000,0x0000,0x0000,0x0000,0x0000,0x0020,0x0000,0x0020,0x0000,0x0000,0x0000,0x0000,0x0000,0x0000,
  0x0000,0x0000,0x0000,0x0000,0x0000,0x0000,0x0020,0x1082,0x10c2,0x18e3,0x18e3,0x2104,0x18c3,0x18c3,0x10c2,0x18e3,
  0x10c2,0x18c3,0x18c3,0x18c3,0x10c2,0x18c3,0x18c3,0x18c3,0x10c2,0x18c3,0x18c3,0x18c3,0x10c2,0x18c3,0x10a2,0x18c3,
  0x10a2,0x18c3,0x10a2,0x18c3,0x10a2,0x18c3,0x10a2,0x18c3,0x10a2,0x18c3,0x10a2,0x18c3,0x10a2,0x10a2,0x10a2,0x18a3,
  0x10a2,0x10a2,0x10a2,0x10a2,0x10a2,0x10a2,0x10a2,0x10a2,0x10a2,0x10a2,0x1082,0x10a2,0x10a2,0x10a2,0x1082,0x10a2,
  0x1082,0x10a2,0x1082,0x10a2,0x1082,0x10a2,0x1082,0x10a2,0x0881,0x1082,0x1082,0x1082,0x0881,0x1082,0x1082,0x1082,
  0x0881,0x1082,0x1082,0x1082,0x0881,0x1082,0x1082,0x1082,0x41e8,0x39e7,0x41e8,0x39e7,0x39e7,0x39e7,0x41e8,0x39e7,
  0x39e7,0x39e7,0x39e7,0x39c7,0x39e7,0x39e7,0x41e8,0x39e7,0x41e8,0x39e7,0x41e8,0x39e7,0x39e7,0x39e7,0x41e8,0x39c7,
  0x39e7,0x39e7,0x41e8,0x39e7,0x39e7,0x39c7,0x39e7,0x39c7,0x39e7,0x39c7,0x39e7,0x39e7,0x39e7,0x39c7,0x39e7,0x39c7,
  0x39e7,0x39c7,0x39e7,0x39c7,0x39c7,0x31c6,0x39e7,0x39c7,0x39c7,0x39c7,0x39c7,0x31a6,0x39c7,0x31a6,0x39c7,0x31a6,
  0x39c7,0x31a6,0x39c7,0x39c7,0x39c7,0x31c6,0x39c7,0x31a6,0x39c7,0x31a6,0x39c7,0x31a6,0x39c7,0x31a6,0x39a7,0x31a6,
  0x39c7,0x31c6,0x31a6,0x2124,0x2104,0x10a2,0x0841,0x0861,0x10a2,0x0881,0x1082,0x1082,0x10a2,0x10a2,0x10a2,0x1082,
  0x1082,0x0881,0x1082,0x1082,0x1082,0x0881,0x1082,0x1082,0x10a2,0x1082,0x1082,0x0841,0x0821,0x0861,0x1062,0x0841,
  0x0841,0x0000,0x0000,0x0000,0x0020,0x0020,0x10a2,0x2104,0x31a6,0x4228,0x52aa,0x5acb,0x630c,0x632c,0x6b4d,0x6b6d,
  0x73ae,0x73ae,0x83f0,0x7bef,0x8410,0x7c0f,0x8410,0x8410,0x8430,0x7c0f,0x8410,0x8410,0x8410,0x8410,0x8430,0x8430,
  0x8430,0x8410,0x8c31,0x8430,0x8430,0x8430,0x8c31,0x8430,0x8410,0x7bef,0x8410,0x8430,0x8c31,0x8410,0x8410,0x8430,
  0x8c51,0x8430,0x8c31,0x7bef,0x8410,0x7bef,0x8c31,0x8410,0x8410,0x7bef,0x7bcf,0x73ae,0x7bef,0x7bcf,0x7bcf,0x73ae,
  0x73ae,0x6b6d,0x6b6d,0x632c,0x632c,0x632c,0x630c,0x5acb,0x5aab,0x4a69,0x4a69,0x4228,0x4208,0x4208,0x41e8,0x31a6,
  0x39a7,0x31c6,0x31a6,0x3186,0x3186,0x2965,0x3166,0x2945,0x2945,0x2124,0x2945,0x2124,0x2104,0x2104,0x2124,0x2104,
  0x2104,0x2124,0x2945,0x2945,0x2965,0x2965,0x3186,0x3186,0x3186,0x2965,0x3186,0x2965,0x2965,0x2945,0x2965,0x2965,
  0x2945,0x2945,0x2945,0x2124,0x2124,0x1903,0x2104,0x18c3,0x18c3,0x10a2,0x10a2,0x1082,0x1082,0x0861,0x1062,0x0841,
  0x0841,0x0020,0x0841,0x0020,0x0020,0x0020,0x0821,0x0000,0x0020,0x0020,0x0821,0x0000,0x0000,0x0020,0x0821,0x0020,
  0x0020,0x0000,0x0020,0x0000,0x0020,0x0000,0x0020,0x0000,0x0020,0x0000,0x0020,0x0000,0x0020,0x0000,0x0020,0x0000,
  0x0020,0x0000,0x0020,0x0000,0x0000,0x0000,0x0000,0x0000,0x0000,0x0000,0x0000,0x0000,0x0000,0x0000,0x0000,0x0000,
  0x0841,0x0881,0x18c3,0x18e3,0x2104,0x18e3,0x18e3,0x18c3,0x18e3,0x18c3,0x18e3,0x18c3,0x18e3,0x18c3,0x18e3,0x18c3,
  0x18c3,0x18c3,0x18e3,0x18c3,0x18c3,0x18c3,0x18c3,0x18c3,0x18c3,0x10c2,0x18c3,0x18c3,0x18c3,0x10a2,0x18c3,0x10a2,
  0x18c3,0x10a2,0x18c3,0x10a2,0x18c3,0x10a2,0x18c3,0x10a2,0x18a3,0x10a2,0x18a3,0x10a2,0x18c3,0x10a2,0x18c3,0x10a2,
  0x10a2,0x10a2,0x10a2,0x10a2,0x18a3,0x10a2,0x18a3,0x10a2,0x10a2,0x10a2,0x10a2,0x1082,0x10a2,0x1082,0x10a2,0x1082,
  0x10a2,0x1082,0x10a2,0x1082,0x10a2,0x1082,0x10a2,0x1082,0x10a2,0x1082,0x10a2,0x1082,0x10a2,0x1082,0x10a2,0x1082,
  0x39e7,0x39e7,0x39c7,0x39e7,0x39e7,0x39e7,0x39e7,0x39e7,0x39c7,0x39e7,0x39c7,0x39e7,0x39c7,0x39e7,0x39c7,0x39e7,
  0x39e7,0x39e7,0x39e7,0x39e7,0x39e7,0x39e7,0x39c7,0x39e7,0x39c7,0x39e7,0x39c7,0x39e7,0x39c7,0x39e7,0x39c7,0x39e7,
  0x39c7,0x39c7,0x31c6,0x39c7,0x39c7,0x39c7,0x31c6,0x39c7,0x31c6,0x39c7,0x31c6,0x39c7,0x31a6,0x39c7,0x31c6,0x39c7,
  0x31a6,0x39c7,0x31c6,0x39c7,0x39c7,0x39c7,0x31a6,0x39c7,0x31a6,0x39c7,0x31c6,0x39c7,0x31a6,0x39a7,0x31a6,0x39c7,
  0x31a6,0x41e8,0x31a6,0x3186,0x3186,0x39a7,0x31a6,0x39c7,0x3186,0x2945,0x10a2,0x0861,0x0000,0x0000,0x0020,0x1082,
  0x0861,0x1082,0x0881,0x10a2,0x1082,0x10a2,0x0881,0x1082,0x0881,0x1082,0x0861,0x1082,0x0861,0x1082,0x0881,0x10a2,
  0x1082,0x1082,0x0861,0x0841,0x0020,0x0861,0x0841,0x0861,0x0040,0x0020,0x0000,0x0000,0x0000,0x0841,0x0861,0x18e3,
  0x2945,0x4208,0x4a69,0x5acb,0x5aeb,0x632c,0x632c,0x6b4d,0x6b8d,0x73ae,0x73ae,0x7bcf,0x7bcf,0x8410,0x7bef,0x8410,
  0x8430,0x8430,0x7bef,0x8430,0x8410,0x8410,0x7c0f,0x8410,0x7c0f,0x8410,0x8410,0x8430,0x8410,0x8430,0x8430,0x8430,
  0x7c0f,0x8410,0x7bef,0x8430,0x8410,0x8410,0x7bef,0x8410,0x7c0f,0x8430,0x8410,0x8430,0x8410,0x8430,0x8430,0x8410,
  0x8410,0x8410,0x7bcf,0x7bef,0x7bef,0x8410,0x7bef,0x73ae,0x6b4d,0x6b2d,0x632c,0x632c,0x632c,0x630c,0x5aeb,0x5acb,
  0x528a,0x4a69,0x4248,0x4a49,0x4228,0x4a49,0x39e7,0x31a6,0x31a6,0x39c7,0x3186,0x3186,0x2965,0x2965,0x2144,0x2124,
  0x2124,0x2124,0x2124,0x2104,0x2104,0x2104,0x18e3,0x18e3,0x1903,0x2925,0x2144,0x2965,0x2965,0x3186,0x2985,0x3186,
  0x2965,0x3186,0x2965,0x3186,0x2985,0x3186,0x2965,0x2965,0x2144,0x2945,0x2124,0x2124,0x2104,0x2104,0x18e3,0x18c3,
  0x10a2,0x10a2,0x0881,0x1082,0x0861,0x0861,0x0841,0x0841,0x0040,0x0841,0x0020,0x0020,0x0000,0x0020,0x0020,0x0020,
  0x0000,0x0020,0x0000,0x0000,0x0000,0x0020,0x0020,0x0020,0x0000,0x0000,0x0000,0x0020,0x0000,0x0000,0x0000,0x0000,
  0x0000,0x0000,0x0000,0x0000,0x0000,0x0000,0x0000,0x0020,0x0000,0x0020,0x0000,0x0020,0x0000,0x0000,0x0000,0x0000,
  0x0000,0x0000,0x0000,0x0000,0x0000,0x0000,0x0000,0x0000,0x0000,0x0020,0x0040,0x1082,0x10a2,0x18e3,0x18e3,0x18e3,
  0x18c3,0x18c3,0x10c2,0x18c3,0x10c2,0x18c3,0x10c2,0x18c3,0x10c2,0x18c3,0x10c2,0x18c3,0x10c2,0x18c3,0x10a2,0x18c3,
  0x10a2,0x18c3,0x10a2,0x18c3,0x10a2,0x18c3,0x10a2,0x18c3,0x10a2,0x18c3,0x10a2,0x18c3,0x10a2,0x18c3,0x10a2,0x18c3,
  0x10a2,0x18a3,0x10a2,0x10a2,0x10a2,0x18c3,0x10a2,0x10a2,0x1082,0x10a2,0x1082,0x10a2,0x10a2,0x10a2,0x1082,0x10a2,
  0x1082,0x10a2,0x1082,0x10a2,0x1082,0x10a2,0x1082,0x10a2,0x1082,0x1082,0x0881,0x1082,0x1082,0x1082,0x0881,0x1082,
  0x1082,0x1082,0x0881,0x1082,0x1082,0x1082,0x0881,0x1082,0x41e8,0x39e7,0x39e7,0x39e7,0x41e8,0x39e7,0x4208,0x39e7,
  0x41e8,0x39c7,0x39e7,0x39c7,0x39e7,0x39e7,0x41e8,0x39e7,0x41e8,0x39e7,0x41e8,0x39e7,0x4208,0x39e7,0x41e8,0x39c7,
  0x39e7,0x39e7,0x41e8,0x39e7,0x39e7,0x39e7,0x39e7,0x39c7,0x39e7,0x39c7,0x39c7,0x39c7,0x39e7,0x39c7,0x39e7,0x39c7,
  0x39c7,0x39c7,0x39c7,0x39c7,0x39c7,0x31a6,0x39c7,0x39c7,0x39c7,0x39c7,0x39c7,0x31c6,0x39e7,0x39c7,0x39c7,0x31a6,
  0x39c7,0x39c7,0x39e7,0x31c6,0x39c7,0x31a6,0x39c7,0x31c6,0x39c7,0x31a6,0x39c7,0x39c7,0x39e7,0x31a6,0x3186,0x2124,
  0x18a3,0x0841,0x0821,0x0020,0x0000,0x0020,0x18c3,0x10a2,0x1082,0x1082,0x10a2,0x1082,0x1082,0x1082,0x10a2,0x1082,
  0x10a2,0x1082,0x1082,0x0881,0x1082,0x1082,0x10a2,0x10a2,0x10a2,0x1082,0x1082,0x0841,0x0821,0x0861,0x0861,0x0841,
  0x0861,0x0020,0x0000,0x0000,0x0821,0x0841,0x1082,0x10a2,0x2925,0x39c7,0x4a49,0x528a,0x5acb,0x5aeb,0x632c,0x632c,
  0x738e,0x73ae,0x7bcf,0x7bcf,0x7bef,0x7bef,0x83f0,0x7bef,0x8410,0x8410,0x8430,0x8430,0x8430,0x8410,0x8410,0x8410,
  0x8410,0x8410,0x8430,0x8410,0x8410,0x7bef,0x8410,0x8410,0x8c31,0x8410,0x8410,0x8410,0x8410,0x7bef,0x8430,0x8410,
  0x8430,0x8430,0x8c51,0x8430,0x8c31,0x8410,0x8430,0x8410,0x8410,0x8410,0x7bef,0x7bcf,0x7bef,0x73ae,0x73ae,0x738e,
  0x738e,0x738e,0x738e,0x6b4d,0x6b4d,0x630c,0x630c,0x52ca,0x528a,0x4a49,0x4a49,0x4a49,0x4a49,0x4208,0x39e7,0x31c6,
  0x39a7,0x31a6,0x39c7,0x31a6,0x31a6,0x3186,0x2965,0x2945,0x2945,0x2124,0x2124,0x1903,0x2124,0x2104,0x2104,0x18e3,
  0x2124,0x2124,0x2965,0x2965,0x3166,0x2965,0x3186,0x2985,0x3166,0x2965,0x3166,0x2965,0x31a6,0x3186,0x3186,0x2945,
  0x2945,0x2945,0x2945,0x2124,0x2104,0x18e3,0x18e3,0x18c3,0x18c3,0x10a2,0x10a2,0x0861,0x1062,0x0841,0x0861,0x0841,
  0x0841,0x0020,0x0841,0x0020,0x0821,0x0020,0x0020,0x0000,0x0821,0x0020,0x0020,0x0000,0x0020,0x0020,0x0841,0x0020,
  0x0821,0x0000,0x0020,0x0000,0x0020,0x0000,0x0020,0x0000,0x0020,0x0000,0x0020,0x0000,0x0020,0x0000,0x0020,0x0000,
  0x0020,0x0000,0x0020,0x0000,0x0020,0x0000,0x0000,0x0000,0x0000,0x0000,0x0000,0x0000,0x0000,0x0000,0x0000,0x0000,
  0x0000,0x0000,0x0000,0x0020,0x0861,0x1082,0x18e3,0x18e3,0x18e3,0x18c3,0x18c3,0x18c3,0x18c3,0x18c3,0x18e3,0x18c3,
  0x18c3,0x18c3,0x18e3,0x18c3,0x18c3,0x18c3,0x18c3,0x10c2,0x18c3,0x18c3,0x18c3,0x10c2,0x18c3,0x10a2,0x18c3,0x10a2,
  0x18c3,0x10a2,0x18c3,0x10a2,0x18c3,0x10a2,0x18c3,0x10a2,0x18c3,0x10a2,0x18c3,0x10a2,0x18c3,0x10a2,0x18c3,0x10a2,
  0x18a3,0x10a2,0x10a2,0x10a2,0x18a3,0x10a2,0x10a2,0x10a2,0x18a3,0x10a2,0x10a2,0x1082,0x10a2,0x1082,0x10a2,0x1082,
  0x10a2,0x1082,0x10a2,0x1082,0x10a2,0x1082,0x10a2,0x1082,0x10a2,0x1082,0x10a2,0x1082,0x10a2,0x1082,0x10a2,0x1082,
  0x39c7,0x39e7,0x39c7,0x39e7,0x39c7,0x39e7,0x39e7,0x39e7,0x31c6,0x39e7,0x39c7,0x39e7,0x39c7,0x39e7,0x39c7,0x39e7,
  0x39c7,0x39e7,0x39c7,0x39e7,0x39e7,0x39e7,0x39e7,0x39e7,0x39c7,0x39e7,0x39e7,0x39e7,0x39c7,0x39e7,0x39c7,0x39e7,
  0x31c6,0x39c7,0x39c7,0x39e7,0x39c7,0x39e7,0x39c7,0x39e7,0x39c7,0x39c7,0x31c6,0x39c7,0x31a6,0x39c7,0x31a6,0x39c7,
  0x31a6,0x39c7,0x31c6,0x39c7,0x31c6,0x39c7,0x31a6,0x39c7,0x31a6,0x39c7,0x31c6,0x39c7,0x31c6,0x39c7,0x31c6,0x39c7,
  0x31a6,0x31a6,0x31a6,0x39c7,0x3186,0x2124,0x1082,0x0841,0x0000,0x0020,0x0000,0x0020,0x0040,0x1082,0x10a2,0x1082,
  0x0861,0x1082,0x1082,0x1082,0x0881,0x10a2,0x1082,0x1082,0x1082,0x1082,0x0881,0x1082,0x1082,0x10a2,0x1082,0x10a2,
  0x0881,0x10a2,0x0881,0x0841,0x0020,0x1082,0x0040,0x0861,0x0861,0x0841,0x0000,0x0000,0x0000,0x0841,0x0841,0x1082,
  0x18e3,0x31a6,0x4208,0x526a,0x52aa,0x5aeb,0x5aeb,0x630c,0x634c,0x738e,0x738e,0x7baf,0x73ae,0x7bcf,0x73ae,0x7bcf,
  0x7bcf,0x7bef,0x7bef,0x8410,0x7bef,0x7bef,0x7bef,0x8410,0x7bef,0x8410,0x8410,0x8430,0x7bef,0x8410,0x8410,0x8430,
  0x7c0f,0x8410,0x7c0f,0x8410,0x7bef,0x7bef,0x7c0f,0x8410,0x7c0f,0x8430,0x8430,0x8c31,0x8410,0x8430,0x8410,0x8410,
  0x7bef,0x7bef,0x73ae,0x73ae,0x73ae,0x738e,0x632c,0x6b6d,0x6b6d,0x6b6d,0x6b6d,0x6b4d,0x632c,0x630c,0x5acb,0x5aab,
  0x528a,0x528a,0x4a49,0x4a49,0x4208,0x39e7,0x39c7,0x4208,0x31a6,0x31a6,0x31a6,0x39c7,0x3186,0x3186,0x2945,0x2965,
  0x2144,0x2124,0x2104,0x2104,0x18e3,0x2104,0x2104,0x2104,0x2124,0x2945,0x2945,0x2965,0x2965,0x3186,0x3186,0x3186,
  0x2144,0x2965,0x2965,0x3186,0x2965,0x2965,0x2945,0x2945,0x2144,0x2945,0x2124,0x2104,0x18e3,0x18e3,0x18c3,0x18c3,
  0x10a2,0x10a2,0x0881,0x1062,0x0841,0x0861,0x0841,0x0841,0x0020,0x0841,0x0020,0x0020,0x0020,0x0020,0x0000,0x0000,
  0x0000,0x0020,0x0000,0x0000,0x0000,0x0020,0x0020,0x0821,0x0000,0x0020,0x0000,0x0020,0x0000,0x0000,0x0000,0x0000,
  0x0000,0x0000,0x0000,0x0000,0x0000,0x0000,0x0000,0x0020,0x0000,0x0020,0x0000,0x0020,0x0000,0x0000,0x0000,0x0000,
  0x0000,0x0000,0x0000,0x0000,0x0000,0x0000,0x0000,0x0000,0x0000,0x0000,0x0000,0x0000,0x0000,0x0020,0x0861,0x18c3,
  0x18c3,0x18c3,0x10c2,0x18c3,0x10a2,0x18c3,0x18c3,0x18c3,0x10c2,0x18c3,0x18c3,0x18c3,0x10c2,0x18c3,0x10a2,0x18c3,
  0x10a2,0x18c3,0x10a2,0x18c3,0x10a2,0x18c3,0x10a2,0x18c3,0x10a2,0x18c3,0x10a2,0x18c3,0x10a2,0x18c3,0x10a2,0x18a3,
  0x10a2,0x10a2,0x10a2,0x18a3,0x10a2,0x10a2,0x10a2,0x10a2,0x1082,0x10a2,0x1082,0x10a2,0x10a2,0x10a2,0x1082,0x10a2,
  0x1082,0x10a2,0x1082,0x10a2,0x1082,0x10a2,0x1082,0x10a2,0x0881,0x1082,0x1082,0x1082,0x0881,0x1082,0x1082,0x1082,
  0x0881,0x1082,0x1082,0x1082,0x0881,0x1082,0x1082,0x1082,0x39e7,0x39e7,0x41e8,0x39e7,0x39e7,0x39e7,0x41e8,0x39e7,
  0x39e7,0x39c7,0x39e7,0x39c7,0x39e7,0x39e7,0x41e8,0x39c7,0x39e7,0x39c7,0x39e7,0x39c7,0x39e7,0x39e7,0x41e8,0x39c7,
  0x39e7,0x39e7,0x41e8,0x39c7,0x39e7,0x39c7,0x39c7,0x39c7,0x39e7,0x39c7,0x39e7,0x39c7,0x41e8,0x39e7,0x41e8,0x39c7,
  0x39e7,0x39c7,0x39e7,0x39c7,0x39e7,0x39c7,0x39c7,0x39c7,0x39c7,0x39c7,0x39e7,0x39c7,0x39e7,0x39c7,0x39c7,0x39c7,
  0x39c7,0x39c7,0x39c7,0x39c7,0x39e7,0x39c7,0x39c7,0x31a6,0x39e7,0x39e7,0x39a7,0x2945,0x18e3,0x0861,0x0821,0x0000,
  0x0821,0x0020,0x0000,0x0000,0x1062,0x10a2,0x18a3,0x1082,0x1082,0x1082,0x10a2,0x1082,0x1082,0x10a2,0x10a2,0x1082,
  0x10a2,0x1082,0x1082,0x1082,0x10a2,0x10a2,0x10a2,0x10a2,0x18a3,0x1082,0x1082,0x0841,0x0020,0x0861,0x0861,0x0841,
  0x0861,0x0841,0x0821,0x0000,0x0000,0x0020,0x0841,0x0861,0x18e3,0x2965,0x41e8,0x4a49,0x52aa,0x5acb,0x62ec,0x5aeb,
  0x632c,0x6b4d,0x736e,0x6b6d,0x73ae,0x73ae,0x7bcf,0x7bcf,0x7bef,0x7bef,0x83f0,0x7bef,0x8410,0x7bcf,0x7bef,0x7bef,
  0x8410,0x7bef,0x8410,0x8410,0x8410,0x7c0f,0x8c31,0x8430,0x7bef,0x7bef,0x8410,0x8410,0x8410,0x7bef,0x8410,0x7bef,
  0x8410,0x8410,0x8430,0x8410,0x8430,0x8430,0x8c31,0x8410,0x8430,0x8430,0x8410,0x8410,0x8430,0x7bef,0x73ae,0x6b6d,
  0x632c,0x5aeb,0x630c,0x630c,0x632c,0x5b0b,0x5aeb,0x52aa,0x52aa,0x528a,0x526a,0x4228,0x4a29,0x3a07,0x4208,0x39e7,
  0x39c7,0x3186,0x39a7,0x31a6,0x3186,0x2965,0x2965,0x2945,0x2925,0x2104,0x2104,0x18e3,0x20e4,0x2104,0x2945,0x2124,
  0x2925,0x2144,0x3166,0x2965,0x3186,0x2965,0x3186,0x2965,0x2965,0x2965,0x3186,0x3186,0x3186,0x2965,0x2965,0x2945,
  0x2945,0x2144,0x2925,0x2104,0x2104,0x18c3,0x18c3,0x10a2,0x10a2,0x1082,0x1082,0x0861,0x1062,0x0861,0x0861,0x0841,
  0x0841,0x0020,0x0841,0x0020,0x0020,0x0000,0x0020,0x0000,0x0821,0x0020,0x0020,0x0000,0x0821,0x0020,0x0841,0x0020,
  0x0020,0x0000,0x0020,0x0000,0x0020,0x0000,0x0020,0x0000,0x0020,0x0000,0x0020,0x0000,0x0020,0x0000,0x0020,0x0000,
  0x0020,0x0000,0x0020,0x0000,0x0020,0x0000,0x0020,0x0000,0x0000,0x0000,0x0000,0x0000,0x0000,0x0000,0x0000,0x0000,
  0x0000,0x0000,0x0020,0x0000,0x0000,0x0000,0x0841,0x0861,0x18c3,0x18c3,0x18e3,0x18c3,0x18c3,0x18c3,0x18e3,0x18c3,
  0x18e3,0x18c3,0x18c3,0x18c3,0x18c3,0x18c3,0x18c3,0x18c3,0x18c3,0x10c2,0x18c3,0x18c3,0x18c3,0x10a2,0x18c3,0x10a2,
  0x18c3,0x10a2,0x18c3,0x10a2,0x18c3,0x10a2,0x18c3,0x10a2,0x18c3,0x10a2,0x18a3,0x10a2,0x10a2,0x10a2,0x18a3,0x10a2,
  0x10a2,0x10a2,0x18a3,0x10a2,0x10a2,0x10a2,0x18a3,0x10a2,0x10a2,0x10a2,0x10a2,0x1082,0x10a2,0x1082,0x10a2,0x1082,
  0x10a2,0x1082,0x10a2,0x1082,0x10a2,0x1082,0x10a2,0x1082,0x10a2,0x1082,0x10a2,0x1082,0x10a2,0x1082,0x10a2,0x1082,
  0x39c7,0x39e7,0x39e7,0x39e7,0x31c6,0x39e7,0x39c7,0x39e7,0x39e7,0x39e7,0x39c7,0x39e7,0x39c7,0x39e7,0x39e7,0x39e7,
  0x39c7,0x39e7,0x31c6,0x39c7,0x39c7,0x39e7,0x39c7,0x39c7,0x39c7,0x39e7,0x31c6,0x39c7,0x39c7,0x39c7,0x31c6,0x39c7,
  0x39c7,0x39e7,0x31c6,0x39c7,0x39c7,0x39c7,0x39c7,0x39c7,0x31c6,0x39c7,0x31c6,0x39c7,0x39c7,0x39c7,0x31c6,0x39e7,
  0x39c7,0x39e7,0x31a6,0x39c7,0x31a6,0x39c7,0x31a6,0x39c7,0x31c6,0x39c7,0x31a6,0x39c7,0x31a6,0x39c7,0x31a6,0x39c7,
  0x31a6,0x3186,0x1903,0x1082,0x0020,0x0020,0x0000,0x0000,0x0000,0x0000,0x0000,0x0841,0x10a2,0x18a3,0x1082,0x1082,
  0x0881,0x1082,0x0881,0x1082,0x1082,0x10a2,0x0881,0x1082,0x0861,0x1082,0x0881,0x1082,0x0881,0x10a2,0x0881,0x10a2,
  0x10c2,0x10a2,0x0861,0x0841,0x0000,0x0861,0x0841,0x0861,0x0841,0x0841,0x0020,0x0000,0x0000,0x0020,0x0020,0x0861,
  0x1082,0x2124,0x31a6,0x4228,0x4a69,0x52aa,0x52ca,0x5aeb,0x630c,0x6b2d,0x6b4d,0x738e,0x6b8d,0x7bcf,0x73ce,0x7bef,
  0x7bcf,0x7bef,0x7bcf,0x8410,0x7bef,0x83f0,0x7bcf,0x7bef,0x7bef,0x7bef,0x7bcf,0x7bef,0x7bef,0x8410,0x7c0f,0x8430,
  0x7bef,0x83f0,0x7bef,0x7bef,0x7bef,0x8410,0x7bef,0x7bef,0x8410,0x8410,0x7bef,0x7bef,0x8410,0x8430,0x7bef,0x8410,
  0x7c0f,0x8410,0x7bef,0x7bef,0x73ae,0x7baf,0x73ae,0x73ae,0x6b6d,0x632c,0x5aeb,0x630c,0x5b0b,0x62ec,0x5aeb,0x5acb,
  0x4a69,0x528a,0x4a49,0x4a49,0x4208,0x4228,0x39e7,0x39e7,0x39c7,0x39c7,0x3186,0x31a6,0x2965,0x2965,0x2144,0x2945,
  0x2104,0x2124,0x1903,0x18e3,0x18e3,0x2925,0x2144,0x2945,0x2124,0x2945,0x2945,0x2965,0x2945,0x2965,0x2945,0x2965,
  0x2965,0x3186,0x2965,0x3186,0x2965,0x3186,0x2945,0x2945,0x2124,0x2124,0x2104,0x2124,0x1903,0x18e3,0x10a2,0x10a2,
  0x10a2,0x1082,0x0861,0x1082,0x0861,0x0861,0x0040,0x0841,0x0040,0x0841,0x0020,0x0020,0x0000,0x0020,0x0000,0x0020,
  0x0040,0x0000,0x0000,0x0020,0x0020,0x0821,0x0020,0x0020,0x0000,0x0000,0x0000,0x0000,0x0000,0x0000,0x0000,0x0000,
  0x0000,0x0000,0x0000,0x0020,0x0000,0x0020,0x0000,0x0020,0x0000,0x0020,0x0000,0x0020,0x0000,0x0020,0x0000,0x0000,
  0x0000,0x0000,0x0000,0x0000,0x0000,0x0000,0x0000,0x0000,0x0000,0x0000,0x0000,0x0000,0x0000,0x0020,0x0000,0x0000,
  0x0861,0x10a2,0x18c3,0x18e3,0x18c3,0x18c3,0x10c2,0x18c3,0x10c2,0x18c3,0x10c2,0x18c3,0x18c3,0x18c3,0x10c2,0x18c3,
  0x10a2,0x18c3,0x10a2,0x18c3,0x10a2,0x18c3,0x10a2,0x18c3,0x10a2,0x18c3,0x10a2,0x18c3,0x10a2,0x18c3,0x10a2,0x18c3,
  0x10a2,0x18a3,0x10a2,0x10a2,0x10a2,0x10a2,0x10a2,0x10a2,0x10a2,0x10a2,0x10a2,0x10a2,0x1082,0x10a2,0x1082,0x10a2,
  0x1082,0x10a2,0x1082,0x1082,0x1082,0x1082,0x0881,0x1082,0x1082,0x1082,0x0881,0x1082,0x1082,0x1082,0x0881,0x1082,
  0x1082,0x1082,0x0881,0x1082,0x0881,0x1082,0x0881,0x1082,0x39e7,0x39c7,0x39e7,0x39c7,0x41e8,0x39e7,0x41e8,0x39c7,
  0x39e7,0x39e7,0x41e8,0x39e7,0x39e7,0x39c7,0x39e7,0x39e7,0x41e8,0x39e7,0x39e7,0x39e7,0x39e7,0x39e7,0x39e7,0x39c7,
  0x39e7,0x39c7,0x39c7,0x31c6,0x39e7,0x39c7,0x39e7,0x39c7,0x39e7,0x39c7,0x39e7,0x39c7,0x39c7,0x39c7,0x39c7,0x39c7,
  0x39e7,0x39c7,0x39e7,0x39c7,0x39c7,0x39c7,0x39c7,0x39c7,0x39e7,0x39c7,0x39c7,0x31c6,0x39c7,0x39c7,0x39c7,0x31c6,
  0x39c7,0x39c7,0x39e7,0x31a6,0x39c7,0x39c7,0x39e7,0x31a6,0x2945,0x1082,0x1062,0x0020,0x0020,0x0000,0x0020,0x0000,
  0x0020,0x0000,0x0020,0x0881,0x18c3,0x10a2,0x1082,0x1082,0x10a2,0x1082,0x10a2,0x1082,0x10a2,0x10a2,0x10a2,0x0881,
  0x1082,0x1082,0x1082,0x1082,0x1082,0x1082,0x10a2,0x1082,0x18c3,0x1082,0x1082,0x0841,0x0841,0x0861,0x0861,0x0841,
  0x0861,0x0861,0x0841,0x0000,0x0020,0x0000,0x0841,0x0841,0x1082,0x18e3,0x2965,0x39e7,0x4a49,0x528a,0x52aa,0x52ca,
  0x630c,0x630c,0x6b4d,0x6b6d,0x738e,0x738e,0x7bcf,0x73ce,0x7bcf,0x7bcf,0x7bcf,0x73ae,0x7bcf,0x7bef,0x8410,0x7c0f,
  0x8410,0x7bef,0x7bef,0x7bcf,0x83f0,0x7bef,0x8410,0x7bef,0x8410,0x7bef,0x8410,0x7bef,0x8410,0x7bef,0x83f0,0x7bef,
  0x83f0,0x7bef,0x83f0,0x8410,0x8c31,0x8410,0x8410,0x8410,0x8410,0x7bef,0x7bef,0x73ae,0x738e,0x6b6d,0x738e,0x6b6d,
  0x736e,0x632c,0x632c,0x5b0b,0x630c,0x5acb,0x5aeb,0x52ca,0x528a,0x528a,0x4a69,0x4248,0x4a29,0x4228,0x4228,0x3a07,
  0x4208,0x39c7,0x31a6,0x3186,0x3186,0x2965,0x2965,0x2945,0x2925,0x2124,0x2124,0x1903,0x2104,0x2124,0x2945,0x2144,
  0x2965,0x2945,0x2945,0x2945,0x2965,0x2965,0x3186,0x2985,0x3186,0x2965,0x3186,0x2965,0x3166,0x2945,0x2965,0x2945,
  0x2925,0x2104,0x2124,0x2104,0x2104,0x18c3,0x18c3,0x10a2,0x10a2,0x1082,0x1082,0x0861,0x0861,0x0841,0x0861,0x0841,
  0x0841,0x0841,0x0821,0x0000,0x0020,0x0020,0x0841,0x0020,0x0841,0x0000,0x0020,0x0020,0x0841,0x0020,0x0841,0x0020,
  0x0020,0x0000,0x0020,0x0000,0x0000,0x0000,0x0020,0x0000,0x0020,0x0000,0x0020,0x0000,0x0020,0x0000,0x0020,0x0000,
  0x0020,0x0000,0x0020,0x0000,0x0821,0x0020,0x0020,0x0000,0x0000,0x0000,0x0000,0x0000,0x0000,0x0000,0x0000,0x0000,
  0x0000,0x0000,0x0000,0x0000,0x0020,0x0000,0x0020,0x0000,0x0821,0x0841,0x10a2,0x10c2,0x18c3,0x18c3,0x18e3,0x10c2,
  0x18c3,0x18c3,0x18e3,0x18c3,0x18c3,0x10a2,0x18c3,0x10c2,0x18c3,0x18c3,0x18c3,0x10c2,0x18c3,0x10a2,0x18c3,0x10c2,
  0x18c3,0x10a2,0x18c3,0x10a2,0x18c3,0x10a2,0x18c3,0x10a2,0x18c3,0x10a2,0x18c3,0x10a2,0x18a3,0x10a2,0x18c3,0x10a2,
  0x18a3,0x10a2,0x10a2,0x10a2,0x18a3,0x10a2,0x10a2,0x1082,0x10a2,0x1082,0x10a2,0x1082,0x10a2,0x1082,0x10a2,0x1082,
  0x10a2,0x1082,0x10a2,0x1082,0x10a2,0x1082,0x10a2,0x1082,0x10a2,0x1082,0x1082,0x1082,0x1082,0x1082,0x1082,0x0881,
  0x39e7,0x39e7,0x39c7,0x39e7,0x39e7,0x39e7,0x39c7,0x39c7,0x39c7,0x39e7,0x39e7,0x39e7,0x39c7,0x39c7,0x39c7,0x39e7,
  0x39e7,0x39e7,0x39e7,0x39e7,0x31c6,0x39c7,0x39c7,0x39e7,0x39c7,0x39e7,0x39c7,0x39c7,0x39c7,0x39c7,0x39c7,0x39e7,
  0x39c7,0x39c7,0x39c7,0x39e7,0x31c6,0x39c7,0x31a6,0x39c7,0x31c6,0x39c7,0x39c7,0x39c7,0x31c6,0x39c7,0x31c6,0x39c7,
  0x31c6,0x39c7,0x31c6,0x39c7,0x31a6,0x39c7,0x31a6,0x39c7,0x31a6,0x39c7,0x31a6,0x39c7,0x39c7,0x39e7,0x2985,0x2104,
  0x1082,0x0841,0x0020,0x0020,0x0000,0x0020,0x0000,0x0000,0x0000,0x0000,0x0040,0x18a3,0x10a2,0x1082,0x0861,0x1082,
  0x0881,0x10a2,0x1082,0x10a2,0x1082,0x10a2,0x0881,0x1082,0x0881,0x1082,0x0881,0x1082,0x0881,0x10a2,0x1082,0x10a2,
  0x10a2,0x1082,0x0861,0x0861,0x0020,0x0861,0x0841,0x0841,0x0040,0x0861,0x0841,0x0000,0x0000,0x0020,0x0020,0x0841,
  0x0841,0x18c3,0x2104,0x39a7,0x3a07,0x4a69,0x4a89,0x5aab,0x5acb,0x630c,0x630c,0x6b4d,0x634c,0x6b6d,0x6b8d,0x73ae,
  0x738e,0x73ae,0x73ae,0x73ae,0x73ae,0x7bcf,0x7bef,0x7bef,0x7bcf,0x8410,0x7bef,0x7bef,0x73ce,0x7bcf,0x73ae,0x7bcf,
  0x7bef,0x7bef,0x7bcf,0x7bef,0x7bef,0x8410,0x7bef,0x7bef,0x7bef,0x7bef,0x7bef,0x8430,0x8430,0x8430,0x7bef,0x8410,
  0x7bef,0x8410,0x7bcf,0x73ae,0x6b6d,0x6b6d,0x6b6d,0x6b6d,0x632c,0x632c,0x630c,0x632c,0x5b0b,0x5acb,0x52aa,0x5acb,
  0x4a89,0x528a,0x4a49,0x4a49,0x4228,0x4a49,0x4208,0x4208,0x39c7,0x39c7,0x2965,0x3186,0x2965,0x2965,0x2945,0x2945,
  0x2104,0x2104,0x2104,0x2104,0x18e3,0x2104,0x2124,0x2925,0x2124,0x2945,0x2945,0x3166,0x2965,0x3186,0x2965,0x3186,
  0x2965,0x3186,0x2965,0x2965,0x2144,0x2945,0x2124,0x2945,0x2124,0x2945,0x2104,0x2104,0x18e3,0x18c3,0x1082,0x10a2,
  0x1082,0x1082,0x0861,0x0861,0x0841,0x0841,0x0841,0x0841,0x0040,0x0841,0x0020,0x0020,0x0000,0x0020,0x0000,0x0020,
  0x0020,0x0000,0x0000,0x0821,0x0020,0x0841,0x0020,0x0020,0x0000,0x0020,0x0000,0x0020,0x0000,0x0000,0x0000,0x0000,
  0x0000,0x0000,0x0000,0x0020,0x0000,0x0020,0x0000,0x0020,0x0000,0x0020,0x0000,0x0020,0x0000,0x0020,0x0000,0x0000,
  0x0000,0x0000,0x0000,0x0000,0x0000,0x0000,0x0000,0x0000,0x0000,0x0000,0x0000,0x0000,0x0000,0x0000,0x0000,0x0020,
  0x0000,0x0020,0x0020,0x0861,0x0861,0x10a2,0x18c3,0x18e3,0x18c3,0x18c3,0x10a2,0x18c3,0x10a2,0x18c3,0x10a2,0x18c3,
  0x10a2,0x18c3,0x10a2,0x18c3,0x10a2,0x18c3,0x10a2,0x18c3,0x10a2,0x18c3,0x10a2,0x18c3,0x10a2,0x18c3,0x10a2,0x18a3,
  0x10a2,0x10a2,0x10a2,0x18a3,0x10a2,0x10a2,0x10a2,0x10a2,0x1082,0x10a2,0x1082,0x10a2,0x10a2,0x10a2,0x1082,0x10a2,
  0x1082,0x1082,0x1082,0x1082,0x0881,0x1082,0x1082,0x1082,0x0881,0x1082,0x1082,0x1082,0x0881,0x1082,0x1082,0x1082,
  0x0881,0x1082,0x0881,0x1082,0x0881,0x1082,0x0881,0x1082,0x4208,0x39e7,0x41e8,0x39e7,0x41e8,0x39e7,0x39c7,0x39e7,
  0x41e8,0x39e7,0x41e8,0x39e7,0x39e7,0x39e7,0x41e8,0x39c7,0x39e7,0x39e7,0x41e8,0x39c7,0x39e7,0x39c7,0x41e8,0x39e7,
  0x39e7,0x39c7,0x41e8,0x39e7,0x39e7,0x39c7,0x41e8,0x39e7,0x39e7,0x39c7,0x39e7,0x39e7,0x39e7,0x39c7,0x39c7,0x39c7,
  0x39c7,0x39c7,0x39c7,0x39c7,0x39e7,0x39c7,0x39c7,0x39c7,0x39e7,0x39c7,0x39c7,0x39c7,0x39c7,0x31c6,0x39c7,0x31a6,
  0x39c7,0x31a6,0x39c7,0x39e7,0x39e7,0x2985,0x2104,0x0861,0x0841,0x0020,0x0821,0x0000,0x0020,0x0000,0x0000,0x0000,
  0x0000,0x0020,0x10a2,0x18c3,0x10a2,0x0861,0x10a2,0x1082,0x10a2,0x1082,0x10a2,0x10a2,0x10a2,0x1082,0x10a2,0x1082,
  0x10a2,0x1082,0x10a2,0x1082,0x10a2,0x10a2,0x18a3,0x10a2,0x18c3,0x1082,0x1062,0x0841,0x0841,0x0861,0x0841,0x0020,
  0x0841,0x0861,0x0861,0x0000,0x0020,0x0000,0x0821,0x0841,0x0861,0x1082,0x20e4,0x2965,0x39e7,0x4248,0x528a,0x52aa,
  0x5aeb,0x5b0b,0x630c,0x630c,0x6b2d,0x6b4d,0x736e,0x6b6d,0x738e,0x738e,0x7baf,0x73ae,0x73ae,0x73ae,0x7bcf,0x73ae,
  0x7bcf,0x7bcf,0x7bcf,0x7bcf,0x7bcf,0x7bcf,0x7bcf,0x7bcf,0x7bef,0x73ae,0x7bcf,0x7bcf,0x8410,0x7bef,0x7bef,0x7bcf,
  0x7bef,0x7bef,0x8410,0x8410,0x8410,0x8410,0x8410,0x7bef,0x8410,0x7bef,0x7bef,0x7bcf,0x7baf,0x73ae,0x7bcf,0x738e,
  0x6b4d,0x632c,0x632c,0x630c,0x630c,0x5aeb,0x5acb,0x5acb,0x52aa,0x52aa,0x526a,0x4a69,0x4a49,0x4a49,0x4a49,0x4208,
  0x39e7,0x31a6,0x3186,0x2965,0x2965,0x2945,0x2965,0x2945,0x2124,0x1903,0x2925,0x2124,0x2124,0x2124,0x2945,0x2945,
  0x2945,0x2144,0x2965,0x3186,0x3186,0x2965,0x3166,0x2965,0x3186,0x3186,0x3186,0x2945,0x2965,0x2945,0x2945,0x2945,
  0x2945,0x2124,0x2124,0x2104,0x20e4,0x10c2,0x18a3,0x10a2,0x10a2,0x1082,0x1082,0x0861,0x0861,0x0841,0x0861,0x0841,
  0x0841,0x0020,0x0821,0x0000,0x0020,0x0020,0x0020,0x0000,0x0841,0x0000,0x0821,0x0020,0x0821,0x0020,0x0841,0x0020,
  0x0020,0x0000,0x0020,0x0000,0x0000,0x0000,0x0020,0x0000,0x0020,0x0000,0x0020,0x0000,0x0020,0x0000,0x0020,0x0000,
  0x0020,0x0000,0x0020,0x0000,0x0020,0x0020,0x0821,0x0000,0x0020,0x0000,0x0000,0x0000,0x0000,0x0000,0x0000,0x0000,
  0x0000,0x0000,0x0000,0x0000,0x0000,0x0000,0x0020,0x0000,0x0020,0x0000,0x0020,0x0000,0x0841,0x0841,0x1082,0x18c3,
  0x18c3,0x18c3,0x18c3,0x18c3,0x18e3,0x18c3,0x18c3,0x18c3,0x18c3,0x10c2,0x18c3,0x18c3,0x18c3,0x10a2,0x18c3,0x18c3,
  0x18c3,0x10a2,0x18c3,0x10a2,0x18c3,0x10a2,0x18c3,0x10a2,0x18c3,0x10a2,0x18a3,0x10a2,0x18c3,0x10a2,0x18c3,0x10a2,
  0x10a2,0x1082,0x10a2,0x10a2,0x18a3,0x10a2,0x18a3,0x1082,0x10a2,0x1082,0x10a2,0x1082,0x10a2,0x1082,0x10a2,0x1082,
  0x10a2,0x1082,0x10a2,0x1082,0x10a2,0x1082,0x10a2,0x1082,0x10a2,0x1082,0x1082,0x1082,0x1082,0x1082,0x1082,0x1082,
  0x39c7,0x39e7,0x39c7,0x39e7,0x39e7,0x41e8,0x39e7,0x4208,0x39e7,0x39e7,0x39c7,0x39e7,0x39c7,0x41e8,0x39c7,0x39e7,
  0x39c7,0x39e7,0x39c7,0x39e7,0x39c7,0x39c7,0x31c6,0x39e7,0x31c6,0x39c7,0x39c7,0x39e7,0x39c7,0x39e7,0x39c7,0x39c7,
  0x39c7,0x39c7,0x31c6,0x39e7,0x39c7,0x39e7,0x31c6,0x39c7,0x31a6,0x39c7,0x31c6,0x39c7,0x31c6,0x39c7,0x31a6,0x39c7,
  0x31a6,0x39a7,0x31a6,0x39c7,0x31a6,0x39c7,0x31a6,0x39c7,0x31a6,0x39c7,0x31c6,0x39c7,0x2965,0x18e3,0x0841,0x0841,
  0x0020,0x0020,0x0000,0x0000,0x0000,0x0000,0x0000,0x0000,0x0000,0x0861,0x10a2,0x18c3,0x0861,0x1082,0x0881,0x1082,
  0x1082,0x10a2,0x1082,0x10a2,0x1082,0x1082,0x0881,0x1082,0x1082,0x10a2,0x1082,0x10a2,0x1082,0x10a2,0x1082,0x10a2,
  0x10c2,0x1082,0x0861,0x0841,0x0020,0x0861,0x0040,0x0841,0x0040,0x0861,0x0841,0x0020,0x0000,0x0000,0x0020,0x0841,
  0x0841,0x1082,0x10a2,0x2945,0x31a6,0x4228,0x4a49,0x52aa,0x5acb,0x62ec,0x5aeb,0x5aeb,0x5b0b,0x632c,0x632c,0x6b4d,
  0x6b4d,0x6b6d,0x6b4d,0x738e,0x738e,0x738e,0x6b8d,0x73ae,0x73ae,0x7bcf,0x73ae,0x73ae,0x73ae,0x7bcf,0x73ce,0x7bcf,
  0x7bcf,0x7bcf,0x73ae,0x7bcf,0x73ae,0x7bcf,0x73ae,0x7bcf,0x7bcf,0x8410,0x7c0f,0x7bef,0x7bef,0x8410,0x7c0f,0x8410,
  0x7bef,0x7bef,0x73ce,0x7bcf,0x73ae,0x73ae,0x6b8d,0x6b6d,0x6b4d,0x6b6d,0x632c,0x630c,0x5aeb,0x630c,0x52ca,0x5acb,
  0x528a,0x52aa,0x4a69,0x528a,0x4248,0x4a49,0x3a07,0x39e7,0x31c6,0x31a6,0x2965,0x2945,0x2124,0x2925,0x2124,0x2945,
  0x2124,0x2925,0x2124,0x2124,0x2104,0x2945,0x2144,0x2945,0x2124,0x2124,0x2124,0x2965,0x2965,0x2965,0x2945,0x3186,
  0x3186,0x2965,0x2945,0x2965,0x2945,0x2965,0x2945,0x2945,0x18e3,0x2104,0x18e3,0x18e3,0x18c3,0x18c3,0x10a2,0x10a2,
  0x1082,0x1082,0x0861,0x0861,0x0841,0x0841,0x0040,0x0841,0x0040,0x0841,0x0000,0x0020,0x0000,0x0020,0x0000,0x0020,
  0x0020,0x0821,0x0020,0x0841,0x0000,0x0841,0x0020,0x0020,0x0000,0x0020,0x0000,0x0020,0x0000,0x0000,0x0000,0x0000,
  0x0000,0x0000,0x0000,0x0020,0x0000,0x0020,0x0000,0x0020,0x0000,0x0020,0x0000,0x0020,0x0000,0x0020,0x0000,0x0020,
  0x0000,0x0000,0x0000,0x0000,0x0000,0x0000,0x0000,0x0000,0x0000,0x0000,0x0000,0x0000,0x0000,0x0000,0x0000,0x0000,
  0x0000,0x0020,0x0000,0x0020,0x0000,0x0020,0x0000,0x0841,0x0861,0x1082,0x10a2,0x18e3,0x18c3,0x18c3,0x10a2,0x18c3,
  0x10a2,0x18c3,0x10a2,0x18c3,0x10a2,0x18c3,0x10a2,0x18c3,0x10a2,0x18c3,0x10a2,0x18c3,0x10a2,0x18a3,0x10a2,0x10a2,
  0x10a2,0x10a2,0x10a2,0x10a2,0x10a2,0x18a3,0x10a2,0x10a2,0x1082,0x10a2,0x1082,0x10a2,0x1082,0x10a2,0x1082,0x10a2,
  0x1082,0x10a2,0x0881,0x1082,0x1082,0x1082,0x0881,0x1082,0x1082,0x1082,0x0881,0x1082,0x1082,0x1082,0x0881,0x1082,
  0x1082,0x1082,0x0881,0x1082,0x0881,0x1082,0x0881,0x1082,0x39e7,0x39e7,0x41e8,0x39e7,0x41e8,0x39e7,0x4208,0x39e7,
  0x41e8,0x39e7,0x39e7,0x39e7,0x41e8,0x39e7,0x39e7,0x39e7,0x41e8,0x39e7,0x39e7,0x39c7,0x39e7,0x39c7,0x39c7,0x39e7,
  0x39e7,0x39c7,0x39e7,0x39e7,0x39e7,0x39e7,0x39e7,0x39c7,0x39c7,0x39c7,0x39e7,0x39c7,0x39e7,0x39c7,0x39e7,0x39c7,
  0x39e7,0x39c7,0x39e7,0x39c7,0x39c7,0x39c7,0x39c7,0x31c6,0x39c7,0x31a6,0x39c7,0x31a6,0x39c7,0x31a6,0x39c7,0x31a6,
  0x39c7,0x39c7,0x39c7,0x2124,0x18c3,0x0861,0x0841,0x0040,0x0841,0x0000,0x0020,0x0000,0x0000,0x0000,0x0020,0x0020,
  0x0841,0x1082,0x18c3,0x1082,0x1082,0x1082,0x1082,0x1082,0x10a2,0x1082,0x10a2,0x1082,0x10a2,0x1082,0x1082,0x0881,
  0x10a2,0x1082,0x10a2,0x10a2,0x18a3,0x1082,0x10a2,0x10a2,0x18c3,0x1082,0x1082,0x0841,0x0821,0x0861,0x0861,0x0040,
  0x0841,0x0841,0x0861,0x0020,0x0000,0x0000,0x0020,0x0040,0x0861,0x0861,0x10a2,0x1903,0x3186,0x39e7,0x4a49,0x4a69,
  0x5acb,0x5acb,0x5aeb,0x5aeb,0x630c,0x630c,0x6b2d,0x632c,0x6b6d,0x6b4d,0x6b4d,0x6b8d,0x73ae,0x738e,0x738e,0x738e,
  0x7bcf,0x7bcf,0x7bcf,0x73ae,0x7baf,0x73ae,0x7bcf,0x73ae,0x7bcf,0x7bcf,0x7bcf,0x73ae,0x7bcf,0x73ae,0x73ae,0x7bcf,
  0x83f0,0x7bcf,0x83f0,0x7bef,0x83f0,0x8410,0x8410,0x7bef,0x83f0,0x7bcf,0x7bef,0x73ae,0x73ae,0x738e,0x738e,0x6b4d,
  0x6b4d,0x6b4d,0x6b4d,0x632c,0x630c,0x5acb,0x5acb,0x52aa,0x52aa,0x52aa,0x4a69,0x4a69,0x4a49,0x4228,0x4208,0x31c6,
  0x39a7,0x3186,0x3186,0x2965,0x2945,0x2124,0x2945,0x2945,0x2945,0x2945,0x2945,0x2104,0x2104,0x2124,0x2925,0x2124,
  0x2945,0x2124,0x2945,0x2945,0x3166,0x2965,0x3186,0x2985,0x3186,0x2945,0x2965,0x2965,0x3166,0x2965,0x2965,0x2124,
  0x2104,0x18e3,0x2104,0x18e3,0x20e4,0x18c3,0x18c3,0x10a2,0x10a2,0x1082,0x1082,0x0861,0x1062,0x0841,0x0861,0x0841,
  0x0841,0x0020,0x0020,0x0000,0x0821,0x0020,0x0020,0x0000,0x0841,0x0020,0x0841,0x0841,0x0841,0x0020,0x0841,0x0020,
  0x0020,0x0000,0x0020,0x0000,0x0000,0x0000,0x0020,0x0000,0x0020,0x0000,0x0020,0x0000,0x0020,0x0000,0x0020,0x0000,
  0x0020,0x0000,0x0020,0x0000,0x0821,0x0020,0x0020,0x0020,0x0020,0x0000,0x0000,0x0000,0x0000,0x0000,0x0000,0x0000,
  0x0000,0x0000,0x0000,0x0000,0x0000,0x0000,0x0020,0x0000,0x0020,0x0000,0x0020,0x0020,0x0821,0x0000,0x0000,0x0000,
  0x0020,0x0020,0x0861,0x1082,0x18a3,0x10a2,0x18c3,0x10c2,0x18c3,0x18c3,0x18c3,0x10c2,0x18c3,0x10a2,0x18c3,0x10c2,
  0x18c3,0x10a2,0x18c3,0x10a2,0x18c3,0x10a2,0x18c3,0x10a2,0x18a3,0x10a2,0x18a3,0x10a2,0x18a3,0x10a2,0x18a3,0x10a2,
  0x18a3,0x10a2,0x10a2,0x10a2,0x18a3,0x10a2,0x10a2,0x1082,0x10a2,0x1082,0x10a2,0x1082,0x10a2,0x1082,0x10a2,0x1082,
  0x10a2,0x1082,0x10a2,0x1082,0x10a2,0x1082,0x10a2,0x1082,0x10a2,0x1082,0x1082,0x1082,0x1082,0x1082,0x1082,0x0881,
  0x39e7,0x4208,0x39e7,0x39e7,0x39c7,0x39c7,0x39c7,0x39e7,0x39c7,0x39e7,0x39e7,0x39e7,0x39c7,0x39c7,0x39c7,0x39e7,
  0x39c7,0x39e7,0x39c7,0x39e7,0x39c7,0x39e7,0x39c7,0x39e7,0x39c7,0x39c7,0x39e7,0x39e7,0x39c7,0x39e7,0x31c6,0x39c7,
  0x31c6,0x39e7,0x39c7,0x39c7,0x31c6,0x39c7,0x31c6,0x39c7,0x39c7,0x39e7,0x39c7,0x39e7,0x31c6,0x39c7,0x39c7,0x39c7,
  0x31c6,0x39c7,0x31a6,0x39a7,0x31a6,0x31a6,0x31a6,0x39c7,0x31c6,0x31a6,0x2124,0x18c3,0x0040,0x0841,0x0841,0x0841,
  0x0000,0x0020,0x0000,0x0000,0x0000,0x0000,0x0000,0x0020,0x0861,0x10a2,0x10a2,0x1062,0x0881,0x10a2,0x0861,0x1082,
  0x0881,0x1082,0x1082,0x10a2,0x0881,0x1082,0x0861,0x1082,0x0881,0x1082,0x1082,0x1082,0x1082,0x1082,0x0861,0x10a2,
  0x10c2,0x10a2,0x0861,0x0861,0x0020,0x0861,0x0861,0x0841,0x0040,0x0841,0x0841,0x0841,0x0000,0x0000,0x0000,0x0841,
  0x0020,0x0861,0x0861,0x18c3,0x2124,0x31a6,0x4208,0x4a49,0x4a89,0x5acb,0x52ca,0x5aeb,0x5aeb,0x630c,0x630c,0x632c,
  0x634c,0x6b4d,0x6b4d,0x736e,0x6b8d,0x738e,0x6b6d,0x736e,0x6b6d,0x73ae,0x73ae,0x73ae,0x73ae,0x7bcf,0x73ae,0x7bcf,
  0x73ae,0x73ae,0x73ae,0x7baf,0x73ae,0x73ae,0x73ae,0x7bcf,0x73ae,0x73ae,0x73ce,0x7bef,0x7bcf,0x7bef,0x7bcf,0x7bcf,
  0x73ce,0x7bcf,0x73ae,0x73ae,0x6b8d,0x73ae,0x73ae,0x6b6d,0x632c,0x632c,0x630c,0x630c,0x5aeb,0x5acb,0x52aa,0x5acb,
  0x52aa,0x52aa,0x4a69,0x526a,0x4a49,0x4a49,0x39e7,0x39c7,0x31a6,0x31a6,0x3186,0x3186,0x2965,0x2945,0x2945,0x2945,
  0x2124,0x2124,0x2124,0x2124,0x1903,0x2124,0x2124,0x2945,0x2144,0x2965,0x2965,0x2965,0x2144,0x2965,0x2965,0x3186,
  0x2965,0x2965,0x2965,0x3186,0x2965,0x2965,0x2124,0x2104,0x2124,0x2104,0x18e3,0x18e3,0x10c2,0x18c3,0x10a2,0x10a2,
  0x1082,0x1082,0x0861,0x0861,0x0841,0x0861,0x0841,0x0841,0x0040,0x0020,0x0000,0x0020,0x0000,0x0020,0x0020,0x0000,
  0x0000,0x0000,0x0020,0x0841,0x0020,0x0020,0x0020,0x0020,0x0000,0x0000,0x0000,0x0000,0x0000,0x0000,0x0000,0x0000,
  0x0000,0x0000,0x0000,0x0020,0x0000,0x0020,0x0000,0x0020,0x0000,0x0020,0x0000,0x0020,0x0000,0x0020,0x0000,0x0020,
  0x0000,0x0000,0x0000,0x0000,0x0000,0x0000,0x0000,0x0000,0x0000,0x0000,0x0000,0x0000,0x0000,0x0000,0x0000,0x0000,
  0x0000,0x0020,0x0000,0x0000,0x0000,0x0020,0x0000,0x0000,0x0000,0x0000,0x0000,0x0020,0x0841,0x1082,0x10a2,0x18c3,
  0x10a2,0x18c3,0x10c2,0x18c3,0x10a2,0x10a2,0x10a2,0x18c3,0x10a2,0x18c3,0x10a2,0x18c3,0x10a2,0x10a2,0x10a2,0x18a3,
  0x10a2,0x10a2,0x10a2,0x10a2,0x10a2,0x10a2,0x10a2,0x10a2,0x10a2,0x10a2,0x10a2,0x10a2,0x1082,0x10a2,0x1082,0x10a2,
  0x1082,0x10a2,0x1082,0x1082,0x0881,0x1082,0x1082,0x1082,0x0881,0x1082,0x1082,0x1082,0x0881,0x1082,0x1082,0x1082,
  0x0881,0x1082,0x0881,0x1082,0x0881,0x1082,0x0881,0x1082,0x39e7,0x39e7,0x41e8,0x39e7,0x41e8,0x39e7,0x41e8,0x39e7,
  0x41e8,0x39e7,0x41e8,0x39e7,0x39e7,0x39e7,0x39e7,0x39c7,0x39e7,0x39c7,0x39e7,0x39c7,0x39e7,0x39c7,0x39c7,0x39c7,
  0x39e7,0x39c7,0x39e7,0x39c7,0x39e7,0x39c7,0x39c7,0x39c7,0x39e7,0x39c7,0x39e7,0x39c7,0x39e7,0x39c7,0x39c7,0x39c7,
  0x39c7,0x39c7,0x39c7,0x39c7,0x39c7,0x31a6,0x39e7,0x39c7,0x39a7,0x31a6,0x39c7,0x31a6,0x39c7,0x31a6,0x39c7,0x31a6,
  0x31a6,0x2104,0x1082,0x0861,0x0841,0x0020,0x0841,0x0020,0x0020,0x0000,0x0020,0x0000,0x0000,0x0000,0x0821,0x0841,
  0x18a3,0x1082,0x10a2,0x1082,0x1082,0x0861,0x18a3,0x1082,0x1082,0x1082,0x18a3,0x1082,0x10a2,0x1082,0x10a2,0x1082,
  0x10a2,0x10a2,0x10a2,0x1082,0x1082,0x1082,0x10a2,0x10a2,0x18c3,0x10a2,0x10a2,0x0841,0x0841,0x0861,0x1082,0x0841,
  0x0861,0x0841,0x0861,0x0841,0x0020,0x0000,0x0020,0x0020,0x0841,0x0841,0x1082,0x10a2,0x2104,0x2965,0x41e8,0x4228,
  0x528a,0x52aa,0x5aab,0x52aa,0x5aeb,0x630c,0x630c,0x5aeb,0x632c,0x6b4d,0x6b6d,0x6b4d,0x6b6d,0x6b6d,0x736e,0x6b6d,
  0x738e,0x738e,0x7baf,0x6b6d,0x738e,0x73ae,0x73ae,0x738e,0x7bcf,0x73ce,0x7bcf,0x73ae,0x7bcf,0x73ae,0x7bcf,0x73ae,
  0x7bcf,0x73ce,0x7bcf,0x7bcf,0x7bcf,0x73ae,0x7bcf,0x73ae,0x73ae,0x738e,0x736e,0x738e,0x7baf,0x6b6d,0x6b6d,0x6b4d,
  0x6b2d,0x630c,0x632c,0x630c,0x630c,0x5acb,0x5acb,0x52aa,0x5acb,0x4a89,0x4a49,0x4a49,0x4a49,0x4228,0x4208,0x39c7,
  0x39c7,0x31a6,0x3186,0x2965,0x3186,0x2965,0x3166,0x2945,0x2945,0x2124,0x2124,0x2104,0x2124,0x2124,0x2945,0x2945,
  0x2965,0x2965,0x3186,0x2965,0x2965,0x2965,0x3186,0x2965,0x3186,0x3186,0x3186,0x2965,0x2965,0x2965,0x2945,0x2104,
  0x2945,0x2104,0x2104,0x18c3,0x18c3,0x10a2,0x18a3,0x1082,0x1082,0x0881,0x1082,0x0861,0x1062,0x0861,0x0861,0x0841,
  0x0841,0x0020,0x0020,0x0000,0x0020,0x0020,0x0841,0x0020,0x0020,0x0000,0x0841,0x0020,0x0020,0x0020,0x0821,0x0000,
  0x0020,0x0000,0x0020,0x0000,0x0020,0x0000,0x0020,0x0000,0x0020,0x0000,0x0020,0x0000,0x0020,0x0000,0x0000,0x0000,
  0x0020,0x0000,0x0020,0x0000,0x0020,0x0020,0x0821,0x0000,0x0020,0x0000,0x0000,0x0000,0x0000,0x0000,0x0000,0x0000,
  0x0000,0x0000,0x0000,0x0000,0x0000,0x0000,0x0000,0x0000,0x0020,0x0000,0x0020,0x0000,0x0020,0x0000,0x0020,0x0000,
  0x0000,0x0000,0x0000,0x0000,0x0000,0x0000,0x0841,0x0861,0x1082,0x10a2,0x18c3,0x18c3,0x18c3,0x10a2,0x18c3,0x10a2,
  0x18c3,0x10a2,0x18c3,0x10a2,0x18c3,0x10a2,0x18a3,0x10a2,0x18a3,0x10a2,0x18a3,0x10a2,0x18a3,0x10a2,0x18a3,0x10a2,
  0x18a3,0x10a2,0x18a3,0x10a2,0x18a3,0x10a2,0x18a3,0x10a2,0x10a2,0x10a2,0x10a2,0x1082,0x10a2,0x1082,0x10a2,0x1082,
  0x10a2,0x1082,0x10a2,0x1082,0x1082,0x1082,0x1082,0x1082,0x10a2,0x1082,0x1082,0x1082,0x1082,0x0881,0x1082,0x1082,
  0x39e7,0x41e8,0x39e7,0x39e7,0x39e7,0x39e7,0x39e7,0x39e7,0x39e7,0x39e7,0x39c7,0x39e7,0x39c7,0x39e7,0x39c7,0x39e7,
  0x39c7,0x39e7,0x39c7,0x39e7,0x39c7,0x39e7,0x31c6,0x39c7,0x39c7,0x39e7,0x39c7,0x39c7,0x39c7,0x39e7,0x39c7,0x39c7,
  0x39c7,0x39c7,0x31c6,0x39c7,0x39c7,0x39e7,0x31c6,0x39c7,0x39c7,0x39c7,0x31a6,0x39c7,0x31a6,0x39a7,0x31c6,0x39c7,
  0x31a6,0x39a7,0x31a6,0x39c7,0x39c7,0x39e7,0x31c6,0x2965,0x18c3,0x1082,0x0861,0x0841,0x0020,0x0821,0x0020,0x0020,
  0x0000,0x0000,0x0000,0x0000,0x0000,0x0020,0x0000,0x0841,0x10a2,0x10a2,0x0881,0x1082,0x0861,0x1082,0x0881,0x1082,
  0x1082,0x10a2,0x1082,0x10a2,0x0881,0x1082,0x0881,0x1082,0x1082,0x1082,0x0881,0x1082,0x0861,0x1082,0x0881,0x10a2,
  0x1082,0x10a2,0x0881,0x0841,0x0000,0x0841,0x0861,0x0841,0x0841,0x0841,0x0841,0x0861,0x0000,0x0000,0x0000,0x0020,
  0x0020,0x0841,0x0861,0x10a2,0x18c3,0x2965,0x31a6,0x4208,0x4a49,0x528a,0x52aa,0x5acb,0x5acb,0x630c,0x5aeb,0x5aeb,
  0x5aeb,0x632c,0x632c,0x6b4d,0x6b4d,0x6b6d,0x6b6d,0x738e,0x6b6d,0x738e,0x738e,0x6b6d,0x6b4d,0x738e,0x6b6d,0x6b6d,
  0x73ae,0x7baf,0x738e,0x738e,0x738e,0x73ae,0x73ae,0x7bcf,0x73ae,0x73ae,0x6b8d,0x738e,0x738e,0x73ae,0x73ae,0x738e,
  0x6b8d,0x738e,0x6b6d,0x738e,0x6b6d,0x6b6d,0x6b4d,0x6b6d,0x632c,0x632c,0x630c,0x630c,0x5aeb,0x5aeb,0x52aa,0x52aa,
  0x528a,0x528a,0x4248,0x4a49,0x4228,0x4228,0x39c7,0x31a6,0x31a6,0x31a6,0x2965,0x2965,0x2965,0x2965,0x2945,0x2945,
  0x2124,0x2925,0x1903,0x2104,0x2124,0x2945,0x2124,0x2945,0x2945,0x2965,0x2945,0x2965,0x2945,0x3166,0x2965,0x3186,
  0x3186,0x3186,0x2965,0x2965,0x2144,0x2945,0x2124,0x2945,0x2104,0x2104,0x18e3,0x18c3,0x10c2,0x18c3,0x10a2,0x10a2,
  0x0881,0x1082,0x0861,0x0861,0x0861,0x0861,0x0040,0x0841,0x0020,0x0020,0x0020,0x0020,0x0000,0x0020,0x0020,0x0020,
  0x0000,0x0000,0x0020,0x0841,0x0020,0x0821,0x0000,0x0000,0x0000,0x0020,0x0000,0x0000,0x0000,0x0000,0x0000,0x0020,
  0x0000,0x0020,0x0000,0x0020,0x0000,0x0000,0x0000,0x0000,0x0000,0x0020,0x0000,0x0020,0x0000,0x0020,0x0000,0x0020,
  0x0000,0x0000,0x0000,0x0000,0x0000,0x0000,0x0000,0x0000,0x0000,0x0000,0x0000,0x0000,0x0000,0x0000,0x0000,0x0000,
  0x0000,0x0000,0x0000,0x0000,0x0000,0x0000,0x0000,0x0000,0x0000,0x0000,0x0000,0x0000,0x0000,0x0020,0x0000,0x0000,
  0x0020,0x0841,0x0861,0x10a2,0x18c3,0x18c3,0x10a2,0x18c3,0x10a2,0x10a2,0x10a2,0x10a2,0x10a2,0x18a3,0x10a2,0x10a2,
  0x10a2,0x10a2,0x1082,0x10a2,0x10a2,0x10a2,0x10a2,0x10a2,0x10a2,0x10a2,0x1082,0x10a2,0x10a2,0x10a2,0x1082,0x10a2,
  0x1082,0x10a2,0x1082,0x10a2,0x1082,0x10a2,0x1082,0x10a2,0x1082,0x10a2,0x1082,0x1082,0x0881,0x1082,0x0881,0x1082,
  0x1082,0x1082,0x0881,0x1082,0x0861,0x1082,0x0861,0x1082,0x4208,0x39e7,0x41e8,0x39e7,0x41e8,0x39e7,0x39e7,0x39e7,
  0x41e8,0x39e7,0x39e7,0x39e7,0x41e8,0x39c7,0x39e7,0x39c7,0x39e7,0x39c7,0x39e7,0x39e7,0x39e7,0x39c7,0x39c7,0x39c7,
  0x39e7,0x39c7,0x39e7,0x39c7,0x39e7,0x39e7,0x39e7,0x39c7,0x39e7,0x39c7,0x39e7,0x39c7,0x39e7,0x39c7,0x39e7,0x39c7,
  0x41e8,0x39c7,0x39c7,0x39c7,0x39c7,0x39c7,0x39c7,0x31a6,0x39c7,0x31a6,0x39c7,0x31c6,0x39e7,0x31a6,0x2945,0x18e3,
  0x10a2,0x0861,0x1082,0x0841,0x0841,0x0020,0x0020,0x0000,0x0020,0x0000,0x0000,0x0000,0x0000,0x0020,0x0020,0x0020,
  0x18e3,0x10a2,0x1082,0x1082,0x1082,0x1082,0x1082,0x1082,0x18a3,0x10a2,0x10a2,0x1082,0x10a2,0x1082,0x1082,0x1082,
  0x10a2,0x1082,0x1082,0x0881,0x1082,0x1082,0x10a2,0x1082,0x10a2,0x10a2,0x10a2,0x0861,0x0020,0x0841,0x1062,0x0040,
  0x0861,0x0841,0x0861,0x0841,0x0821,0x0000,0x0020,0x0020,0x0841,0x0841,0x0861,0x0861,0x18a3,0x2104,0x3186,0x39c7,
  0x4228,0x4a49,0x528a,0x528a,0x5acb,0x5aeb,0x5aeb,0x5acb,0x62ec,0x5aeb,0x632c,0x6b4d,0x6b4d,0x6b4d,0x738e,0x738e,
  0x736e,0x6b6d,0x73ae,0x6b6d,0x736e,0x6b6d,0x6b6d,0x6b6d,0x738e,0x738e,0x738e,0x738e,0x7baf,0x7bcf,0x7bef,0x7bcf,
  0x7bcf,0x73ae,0x7baf,0x73ae,0x7baf,0x73ae,0x73ae,0x6b6d,0x738e,0x73ae,0x738e,0x6b6d,0x736e,0x6b4d,0x736e,0x6b6d,
  0x6b6d,0x632c,0x6b2d,0x630c,0x62ec,0x5acb,0x5aab,0x528a,0x528a,0x4a49,0x4a49,0x4228,0x4a49,0x4208,0x39e7,0x31a6,
  0x39a7,0x3186,0x3186,0x2965,0x2965,0x2945,0x2945,0x2945,0x2945,0x2124,0x2104,0x1903,0x2945,0x2124,0x2945,0x2124,
  0x2945,0x2965,0x3186,0x2965,0x3186,0x2965,0x3186,0x2965,0x3186,0x2965,0x3166,0x2945,0x2945,0x2124,0x2925,0x2124,
  0x2104,0x18e3,0x18e3,0x18c3,0x18c3,0x10a2,0x18c3,0x1082,0x10a2,0x1082,0x1082,0x0861,0x1082,0x0841,0x0861,0x0841,
  0x0821,0x0020,0x0841,0x0020,0x0821,0x0020,0x0821,0x0000,0x0000,0x0000,0x0821,0x0020,0x0821,0x0020,0x0020,0x0000,
  0x0020,0x0000,0x0020,0x0000,0x0020,0x0000,0x0020,0x0000,0x0020,0x0000,0x0020,0x0000,0x0020,0x0000,0x0020,0x0000,
  0x0020,0x0000,0x0020,0x0000,0x0020,0x0020,0x0020,0x0000,0x0020,0x0000,0x0000,0x0000,0x0000,0x0000,0x0000,0x0000,
  0x0000,0x0000,0x0000,0x0000,0x0000,0x0000,0x0000,0x0000,0x0020,0x0000,0x0020,0x0000,0x0020,0x0000,0x0000,0x0000,
  0x0000,0x0000,0x0000,0x0000,0x0020,0x0000,0x0020,0x0000,0x0020,0x0000,0x0020,0x0020,0x0861,0x1082,0x18a3,0x10a2,
  0x18c3,0x18c3,0x18c3,0x10a2,0x10a2,0x10a2,0x18c3,0x10a2,0x18c3,0x10a2,0x18c3,0x10c2,0x18a3,0x10a2,0x18a3,0x10a2,
  0x18a3,0x10a2,0x10a2,0x10a2,0x18a3,0x10a2,0x10a2,0x10a2,0x18a3,0x1082,0x10a2,0x1082,0x10a2,0x1082,0x10a2,0x1082,
  0x10a2,0x1082,0x10a2,0x1082,0x1082,0x1082,0x1082,0x1082,0x10a2,0x1082,0x1082,0x1082,0x1082,0x1082,0x1082,0x0881,
  0x39e7,0x39e7,0x39e7,0x39e7,0x39c7,0x39e7,0x39c7,0x39e7,0x39c7,0x39e7,0x39c7,0x39e7,0x39c7,0x39e7,0x39c7,0x39e7,
  0x31c6,0x39c7,0x39c7,0x39e7,0x31a6,0x39c7,0x31c6,0x39c7,0x39c7,0x39e7,0x39c7,0x39c7,0x31c6,0x39e7,0x39c7,0x39c7,
  0x31c6,0x39c7,0x31c6,0x39c7,0x31c6,0x39c7,0x31c6,0x39e7,0x39e7,0x39e7,0x39c7,0x39c7,0x31a6,0x39c7,0x31a6,0x39c7,
  0x31a6,0x39c7,0x39c7,0x39c7,0x2985,0x2124,0x0881,0x0841,0x0861,0x1082,0x0861,0x0861,0x0020,0x0020,0x0000,0x0000,
  0x0000,0x0000,0x0000,0x0000,0x0000,0x0020,0x0000,0x0841,0x18c3,0x10a2,0x0861,0x1082,0x0881,0x1082,0x0861,0x10a2,
  0x1082,0x10a2,0x1082,0x1082,0x0881,0x1082,0x1082,0x10a2,0x0881,0x1082,0x0881,0x1082,0x0881,0x1082,0x1082,0x1082,
  0x0881,0x10a2,0x1082,0x1062,0x0020,0x0841,0x0861,0x0841,0x0040,0x0841,0x0020,0x0841,0x0020,0x0020,0x0000,0x0020,
  0x0020,0x0841,0x0841,0x0861,0x0881,0x18e3,0x2124,0x3186,0x39c7,0x4228,0x4a49,0x528a,0x52aa,0x5acb,0x5acb,0x5acb,
  0x52ca,0x5aeb,0x5aeb,0x6b2d,0x630c,0x632c,0x6b6d,0x736e,0x634c,0x738e,0x738e,0x738e,0x6b6d,0x6b6d,0x6b4d,0x738e,
  0x6b6d,0x6b6d,0x6b4d,0x736e,0x6b6d,0x738e,0x6b6d,0x738e,0x738e,0x7bcf,0x73ae,0x7bcf,0x73ae,0x738e,0x738e,0x738e,
  0x6b8d,0x73ae,0x6b6d,0x738e,0x6b6d,0x6b4d,0x6b4d,0x6b6d,0x632c,0x630c,0x630c,0x630c,0x5aeb,0x5aeb,0x52aa,0x52aa,
  0x4a69,0x4a69,0x4228,0x4228,0x39e7,0x39c7,0x31a6,0x39c7,0x31a6,0x31a6,0x31a6,0x3186,0x2945,0x2945,0x2144,0x2965,
  0x2144,0x2124,0x2124,0x2925,0x2124,0x2945,0x2945,0x2965,0x2945,0x2965,0x2965,0x2965,0x2965,0x3186,0x2965,0x3186,
  0x2965,0x2965,0x2945,0x2945,0x2144,0x2945,0x2124,0x2104,0x18e3,0x18e3,0x18c3,0x18e3,0x18c3,0x18c3,0x10a2,0x10a2,
  0x0881,0x1082,0x0881,0x1082,0x0861,0x0861,0x0841,0x0841,0x0020,0x0020,0x0020,0x0841,0x0000,0x0020,0x0000,0x0000,
  0x0000,0x0020,0x0020,0x0821,0x0020,0x0020,0x0000,0x0000,0x0000,0x0020,0x0000,0x0000,0x0000,0x0000,0x0000,0x0020,
  0x0000,0x0020,0x0000,0x0020,0x0000,0x0020,0x0000,0x0000,0x0000,0x0020,0x0000,0x0020,0x0000,0x0020,0x0000,0x0020,
  0x0000,0x0020,0x0000,0x0000,0x0000,0x0000,0x0000,0x0000,0x0000,0x0000,0x0000,0x0000,0x0000,0x0000,0x0000,0x0000,
  0x0000,0x0000,0x0000,0x0000,0x0000,0x0000,0x0000,0x0000,0x0000,0x0000,0x0000,0x0000,0x0000,0x0000,0x0000,0x0020,
  0x0000,0x0000,0x0000,0x0000,0x0000,0x0020,0x0020,0x0861,0x0881,0x10a2,0x10a2,0x18c3,0x10a2,0x10a2,0x10a2,0x10a2,
  0x1082,0x10a2,0x1082,0x10a2,0x1082,0x10a2,0x1082,0x10a2,0x1082,0x10a2,0x1082,0x10a2,0x1082,0x10a2,0x1082,0x10a2,
  0x1082,0x10a2,0x1082,0x10a2,0x0881,0x1082,0x1082,0x1082,0x0881,0x1082,0x1082,0x1082,0x0881,0x1082,0x0881,0x1082,
  0x0881,0x1082,0x0881,0x1082,0x0861,0x1082,0x0861,0x1082,0x4208,0x39e7,0x41e8,0x39e7,0x41e8,0x39e7,0x41e8,0x39e7,
  0x39e7,0x39c7,0x39e7,0x39c7,0x39e7,0x39c7,0x41e8,0x39e7,0x39e7,0x39c7,0x41e8,0x39e7,0x39c7,0x39c7,0x39c7,0x39c7,
  0x39e7,0x39c7,0x39e7,0x39c7,0x39e7,0x39c7,0x39e7,0x39c7,0x39c7,0x39c7,0x39c7,0x39c7,0x39c7,0x31c6,0x39c7,0x39c7,
  0x39e7,0x39e7,0x41e8,0x31a6,0x39c7,0x39c7,0x39e7,0x39c7,0x39c7,0x31a6,0x39c7,0x2965,0x20e4,0x1082,0x1062,0x0861,
  0x0861,0x0841,0x1082,0x0841,0x0841,0x0020,0x0020,0x0020,0x0020,0x0000,0x0000,0x0000,0x0020,0x0020,0x0841,0x1082,
  0x18c3,0x1082,0x1082,0x1082,0x1082,0x0861,0x1082,0x1082,0x10a2,0x10a2,0x18a3,0x1082,0x10a2,0x1082,0x18a3,0x10a2,
  0x10a2,0x1082,0x10a2,0x1082,0x10a2,0x1082,0x10a2,0x1082,0x10a2,0x1082,0x18a3,0x0861,0x0841,0x0040,0x1082,0x0841,
  0x0861,0x0020,0x0841,0x0841,0x0861,0x0020,0x0020,0x0020,0x0841,0x0040,0x0841,0x0861,0x1082,0x18c3,0x2104,0x2965,
  0x39c7,0x4208,0x4a69,0x4a69,0x52aa,0x52aa,0x5acb,0x5acb,0x5acb,0x52ca,0x62ec,0x630c,0x632c,0x632c,0x6b6d,0x6b4d,
  0x6b4d,0x6b6d,0x738e,0x6b6d,0x738e,0x6b6d,0x6b4d,0x6b6d,0x6b6d,0x6b4d,0x6b6d,0x6b6d,0x738e,0x6b6d,0x6b6d,0x6b6d,
  0x738e,0x738e,0x73ae,0x738e,0x73ae,0x6b8d,0x73ae,0x738e,0x738e,0x738e,0x736e,0x6b6d,0x738e,0x6b4d,0x6b4d,0x6b4d,
  0x6b4d,0x630c,0x630c,0x630c,0x630c,0x5aeb,0x5aeb,0x5acb,0x52aa,0x4a69,0x4a69,0x4228,0x39e7,0x31c6,0x39c7,0x39c7,
  0x39c7,0x31a6,0x39a7,0x3186,0x3166,0x2945,0x2965,0x2945,0x2965,0x2124,0x2965,0x2945,0x2945,0x2945,0x3186,0x2965,
  0x2965,0x2965,0x3166,0x2965,0x3186,0x2965,0x3186,0x3186,0x3186,0x2945,0x2945,0x2945,0x2965,0x2945,0x2925,0x18e3,
  0x2104,0x18e3,0x20e4,0x18e3,0x18e3,0x18c3,0x18c3,0x10a2,0x10a2,0x1082,0x10a2,0x1082,0x1082,0x0861,0x0861,0x0841,
  0x0821,0x0020,0x0841,0x0020,0x0020,0x0020,0x0020,0x0000,0x0020,0x0020,0x0821,0x0020,0x0841,0x0020,0x0821,0x0000,
  0x0020,0x0000,0x0020,0x0000,0x0020,0x0000,0x0020,0x0000,0x0020,0x0000,0x0020,0x0020,0x0020,0x0000,0x0020,0x0000,
  0x0020,0x0020,0x0020,0x0000,0x0020,0x0020,0x0821,0x0000,0x0020,0x0000,0x0020,0x0000,0x0000,0x0000,0x0000,0x0000,
  0x0000,0x0000,0x0000,0x0000,0x0000,0x0000,0x0000,0x0000,0x0000,0x0000,0x0000,0x0000,0x0000,0x0000,0x0000,0x0000,
  0x0000,0x0000,0x0000,0x0000,0x0020,0x0000,0x0000,0x0000,0x0000,0x0000,0x0000,0x0000,0x0020,0x0000,0x0000,0x0000,
  0x0020,0x0020,0x1062,0x1082,0x18c3,0x10a2,0x18c3,0x10a2,0x18c3,0x10a2,0x1082,0x1082,0x10a2,0x10a2,0x18a3,0x10a2,
  0x10a2,0x1082,0x10a2,0x10a2,0x10a2,0x1082,0x10a2,0x1082,0x10a2,0x1082,0x10a2,0x1082,0x10a2,0x1082,0x10a2,0x1082,
  0x1082,0x1082,0x10a2,0x1082,0x1082,0x1082,0x1082,0x1082,0x10a2,0x1082,0x1082,0x1082,0x1082,0x0881,0x1082,0x1082,
  0x39e7,0x39e7,0x39e7,0x39e7,0x39e7,0x39e7,0x39e7,0x39e7,0x39c7,0x39e7,0x39c7,0x39e7,0x39c7,0x39c7,0x39c7,0x39e7,
  0x31c6,0x39c7,0x39e7,0x39e7,0x39c7,0x39c7,0x31c6,0x39c7,0x39c7,0x39e7,0x39c7,0x39c7,0x39c7,0x39c7,0x31c6,0x39c7,
  0x39c7,0x39c7,0x31c6,0x39c7,0x39c7,0x39c7,0x31a6,0x39c7,0x39c7,0x39c7,0x31c6,0x39c7,0x39c7,0x39e7,0x31a6,0x31a6,
  0x2965,0x2945,0x1903,0x10a2,0x0861,0x1062,0x1082,0x1082,0x0861,0x0841,0x0841,0x0861,0x0040,0x0020,0x0000,0x0020,
  0x0000,0x0000,0x0000,0x0000,0x0000,0x0020,0x0040,0x18c3,0x1082,0x1082,0x0861,0x1082,0x0861,0x1062,0x0861,0x10a2,
  0x1082,0x10a2,0x1082,0x10a2,0x1082,0x10a2,0x10a2,0x10a2,0x1082,0x1082,0x0881,0x10a2,0x1082,0x1082,0x0881,0x10a2,
  0x0881,0x1082,0x0881,0x0861,0x0020,0x0841,0x0861,0x0861,0x0841,0x0821,0x0040,0x0841,0x0861,0x0841,0x0000,0x0020,
  0x0020,0x0841,0x0040,0x0861,0x0861,0x10a2,0x18c3,0x2124,0x3186,0x39e7,0x4228,0x4a69,0x4a89,0x528a,0x4a89,0x52aa,
  0x52aa,0x5acb,0x5acb,0x5aeb,0x5aeb,0x632c,0x632c,0x6b4d,0x632c,0x6b6d,0x6b4d,0x6b6d,0x6b4d,0x6b4d,0x632c,0x6b6d,
  0x634c,0x6b4d,0x634c,0x6b6d,0x738e,0x73ae,0x6b8d,0x738e,0x6b6d,0x738e,0x6b6d,0x738e,0x6b6d,0x738e,0x6b8d,0x6b6d,
  0x6b6d,0x738e,0x634c,0x6b6d,0x6b4d,0x6b4d,0x632c,0x6b6d,0x632c,0x630c,0x5aeb,0x630c,0x5aeb,0x5acb,0x52ca,0x52aa,
  0x4a69,0x4a69,0x4248,0x4228,0x4208,0x39e7,0x39c7,0x39c7,0x31a6,0x3186,0x2965,0x3186,0x2965,0x3166,0x2945,0x2965,
  0x2945,0x2945,0x2144,0x2965,0x2144,0x2945,0x2144,0x2965,0x2945,0x3166,0x2985,0x3186,0x2965,0x2965,0x2945,0x2945,
  0x2945,0x2965,0x2144,0x2945,0x2144,0x2945,0x2104,0x18e3,0x2104,0x2104,0x18e3,0x18e3,0x18c3,0x18c3,0x10a2,0x10a2,
  0x1082,0x10a2,0x0881,0x1082,0x0861,0x1062,0x0040,0x0020,0x0020,0x0020,0x0020,0x0020,0x0000,0x0020,0x0000,0x0000,
  0x0000,0x0020,0x0000,0x0020,0x0020,0x0020,0x0000,0x0000,0x0000,0x0020,0x0000,0x0000,0x0000,0x0000,0x0000,0x0020,
  0x0000,0x0020,0x0000,0x0020,0x0000,0x0020,0x0000,0x0020,0x0000,0x0020,0x0000,0x0020,0x0000,0x0020,0x0000,0x0020,
  0x0000,0x0020,0x0000,0x0000,0x0000,0x0000,0x0000,0x0000,0x0000,0x0000,0x0000,0x0000,0x0000,0x0000,0x0000,0x0000,
  0x0000,0x0000,0x0000,0x0000,0x0000,0x0000,0x0000,0x0000,0x0000,0x0000,0x0000,0x0000,0x0000,0x0000,0x0000,0x0000,
  0x0000,0x0000,0x0000,0x0000,0x0000,0x0000,0x0020,0x0000,0x0000,0x0000,0x0000,0x0020,0x0040,0x1082,0x1082,0x10a2,
  0x10a2,0x18a3,0x1082,0x1082,0x1082,0x10a2,0x1082,0x10a2,0x1082,0x10a2,0x1082,0x10a2,0x1082,0x10a2,0x1082,0x10a2,
  0x1082,0x1082,0x0881,0x1082,0x1082,0x1082,0x0881,0x1082,0x0881,0x1082,0x1082,0x1082,0x0881,0x1082,0x0881,0x1082,
  0x1082,0x1082,0x0881,0x1082,0x0861,0x1082,0x0861,0x1082,0x41e8,0x39e7,0x41e8,0x39e7,0x41e8,0x39e7,0x41e8,0x39c7,
  0x39e7,0x39c7,0x39e7,0x39c7,0x39e7,0x39c7,0x39e7,0x39c7,0x39c7,0x39c7,0x39e7,0x39e7,0x39e7,0x39c7,0x39c7,0x39c7,
  0x39e7,0x39c7,0x39e7,0x39c7,0x39e7,0x39c7,0x39e7,0x39c7,0x39e7,0x39c7,0x39e7,0x39c7,0x41e8,0x39c7,0x39c7,0x31c6,
  0x39c7,0x39c7,0x39c7,0x31c6,0x39c7,0x31a6,0x3166,0x2124,0x20e4,0x1082,0x0861,0x0841,0x1082,0x10a2,0x10a2,0x0841,
  0x0861,0x0861,0x1062,0x0861,0x0841,0x0020,0x0000,0x0000,0x0000,0x0000,0x0020,0x0000,0x0821,0x0020,0x1062,0x1903,
  0x1082,0x0861,0x1082,0x1082,0x1082,0x0861,0x1082,0x1082,0x18a3,0x10a2,0x10a2,0x1082,0x10a2,0x10a2,0x18c3,0x10a2,
  0x1082,0x1082,0x10a2,0x1082,0x10a2,0x1082,0x1082,0x1082,0x10a2,0x1082,0x1082,0x0861,0x0841,0x0841,0x1082,0x0861,
  0x1082,0x0841,0x0861,0x0861,0x1082,0x0841,0x0020,0x0020,0x0841,0x0841,0x0841,0x0841,0x1062,0x1082,0x18c3,0x1903,
  0x3166,0x39c7,0x4208,0x4248,0x526a,0x4a69,0x528a,0x52aa,0x5acb,0x52aa,0x5acb,0x52ca,0x630c,0x630c,0x632c,0x630c,
  0x6b4d,0x6b6d,0x6b6d,0x6b4d,0x736e,0x6b4d,0x632c,0x632c,0x736e,0x6b4d,0x6b4d,0x6b4d,0x738e,0x738e,0x738e,0x6b6d,
  0x738e,0x6b6d,0x738e,0x6b6d,0x738e,0x6b6d,0x738e,0x6b6d,0x736e,0x738e,0x6b6d,0x6b4d,0x6b6d,0x630c,0x630c,0x632c,
  0x6b2d,0x5aeb,0x5acb,0x52aa,0x5acb,0x5acb,0x5acb,0x4a89,0x4a69,0x4a49,0x4a49,0x4228,0x4228,0x39e7,0x39c7,0x39c7,
  0x39c7,0x31a6,0x39c7,0x3186,0x3186,0x3186,0x2965,0x2945,0x2945,0x2945,0x2965,0x2965,0x3166,0x2945,0x2945,0x2945,
  0x3166,0x2965,0x3186,0x2965,0x3166,0x2965,0x2965,0x2945,0x2965,0x2965,0x2965,0x2945,0x2945,0x2124,0x2124,0x2104,
  0x2925,0x2104,0x2104,0x18e3,0x20e4,0x18c3,0x18a3,0x10a2,0x18a3,0x1082,0x10a2,0x1082,0x1082,0x0861,0x0841,0x0020,
  0x0841,0x0020,0x0020,0x0000,0x0020,0x0000,0x0020,0x0000,0x0020,0x0020,0x0020,0x0020,0x0841,0x0020,0x0020,0x0000,
  0x0020,0x0000,0x0020,0x0000,0x0020,0x0000,0x0020,0x0000,0x0020,0x0000,0x0020,0x0020,0x0821,0x0000,0x0020,0x0000,
  0x0020,0x0020,0x0020,0x0000,0x0020,0x0020,0x0020,0x0000,0x0020,0x0000,0x0020,0x0000,0x0000,0x0000,0x0000,0x0000,
  0x0000,0x0000,0x0000,0x0000,0x0000,0x0000,0x0000,0x0000,0x0000,0x0000,0x0000,0x0000,0x0000,0x0000,0x0000,0x0000,
  0x0000,0x0000,0x0000,0x0000,0x0020,0x0000,0x0000,0x0000,0x0000,0x0000,0x0000,0x0000,0x0000,0x0000,0x0000,0x0000,
  0x0020,0x0000,0x0020,0x0000,0x0000,0x0020,0x0841,0x0861,0x10a2,0x10a2,0x18a3,0x10a2,0x10a2,0x10a2,0x10a2,0x10a2,
  0x10a2,0x1082,0x10a2,0x1082,0x10a2,0x1082,0x10a2,0x1082,0x10a2,0x1082,0x10a2,0x1082,0x10a2,0x1082,0x1082,0x1082,
  0x1082,0x1082,0x10a2,0x1082,0x1082,0x1082,0x1082,0x1082,0x10a2,0x1082,0x1082,0x1082,0x1082,0x1082,0x1082,0x0881,
  0x39c7,0x39e7,0x39c7,0x39e7,0x39c7,0x39e7,0x39c7,0x39e7,0x39c7,0x39e7,0x39e7,0x39e7,0x31c6,0x39c7,0x31c6,0x39e7,
  0x31c6,0x39c7,0x39c7,0x39c7,0x31c6,0x39c7,0x31a6,0x39c7,0x31c6,0x39e7,0x39c7,0x39c7,0x31c6,0x39e7,0x39c7,0x39c7,
  0x39c7,0x39e7,0x31c6,0x39c7,0x31c6,0x39c7,0x39c7,0x39c7,0x31a6,0x31a6,0x3186,0x2965,0x1903,0x18e3,0x18c3,0x18c3,
  0x1082,0x0861,0x0861,0x1062,0x0861,0x0861,0x0861,0x0861,0x0861,0x0861,0x0841,0x0841,0x0000,0x0000,0x0000,0x0000,
  0x0000,0x0000,0x0000,0x0020,0x0000,0x0020,0x18e3,0x18c3,0x0861,0x1082,0x0861,0x1082,0x0861,0x1082,0x0881,0x1082,
  0x1082,0x10a2,0x1082,0x1082,0x0881,0x10a2,0x1082,0x1082,0x0881,0x1082,0x1082,0x1082,0x0881,0x1082,0x1082,0x10a2,
  0x10a2,0x10a2,0x0881,0x1062,0x0841,0x0841,0x1082,0x1082,0x0861,0x10a2,0x0861,0x1082,0x0881,0x1082,0x0020,0x0000,
  0x0020,0x0841,0x0020,0x0841,0x0841,0x0861,0x1082,0x18e3,0x2124,0x31a6,0x39c7,0x4228,0x4a49,0x4a69,0x4a49,0x526a,
  0x528a,0x52aa,0x52aa,0x5acb,0x52ca,0x5aeb,0x5aeb,0x630c,0x630c,0x632c,0x632c,0x6b4d,0x634c,0x632c,0x630c,0x632c,
  0x632c,0x6b4d,0x632c,0x6b4d,0x6b4d,0x6b6d,0x632c,0x6b4d,0x6b6d,0x738e,0x634c,0x6b4d,0x6b4d,0x6b4d,0x632c,0x6b4d,
  0x634c,0x6b4d,0x632c,0x632c,0x632c,0x632c,0x630c,0x632c,0x5b0b,0x5aeb,0x5acb,0x52aa,0x4a69,0x528a,0x528a,0x526a,
  0x4228,0x4228,0x4208,0x39e7,0x39e7,0x39e7,0x31c6,0x39c7,0x31c6,0x31a6,0x2965,0x31a6,0x2985,0x3186,0x2965,0x2965,
  0x2124,0x2965,0x2945,0x2965,0x2144,0x2945,0x2945,0x2965,0x2985,0x3186,0x2965,0x3186,0x2965,0x2945,0x2124,0x2945,
  0x2945,0x2945,0x2104,0x2124,0x2124,0x2124,0x2104,0x2104,0x18e3,0x18e3,0x18e3,0x20e4,0x18e3,0x18c3,0x10a2,0x10a2,
  0x1082,0x10a2,0x1082,0x1082,0x0861,0x0841,0x0020,0x0020,0x0000,0x0020,0x0020,0x0841,0x0841,0x0841,0x0000,0x0000,
  0x0000,0x0020,0x0020,0x0841,0x0020,0x0020,0x0000,0x0020,0x0000,0x0020,0x0000,0x0020,0x0000,0x0000,0x0000,0x0000,
  0x0000,0x0020,0x0000,0x0000,0x0000,0x0000,0x0000,0x0000,0x0000,0x0000,0x0000,0x0020,0x0000,0x0020,0x0020,0x0020,
  0x0000,0x0020,0x0000,0x0000,0x0000,0x0000,0x0000,0x0000,0x0000,0x0000,0x0000,0x0000,0x0000,0x0000,0x0000,0x0000,
  0x0000,0x0000,0x0000,0x0000,0x0000,0x0000,0x0000,0x0000,0x0000,0x0000,0x0000,0x0000,0x0000,0x0000,0x0000,0x0000,
  0x0000,0x0000,0x0000,0x0000,0x0000,0x0000,0x0000,0x0000,0x0000,0x0000,0x0000,0x0000,0x0000,0x0000,0x0000,0x0020,
  0x0020,0x0861,0x1082,0x18c3,0x10a2,0x10a2,0x1082,0x1082,0x0881,0x10a2,0x10a2,0x10a2,0x1082,0x10a2,0x1082,0x10a2,
  0x1082,0x10a2,0x1082,0x10a2,0x1082,0x1082,0x1082,0x1082,0x0881,0x1082,0x1082,0x1082,0x0881,0x1082,0x1082,0x1082,
  0x0881,0x1082,0x0881,0x1082,0x0881,0x1082,0x0861,0x1082,0x39e7,0x39e7,0x41e8,0x39e7,0x39e7,0x39e7,0x41e8,0x39c7,
  0x39e7,0x39e7,0x41e8,0x39e7,0x39e7,0x39c7,0x39e7,0x39e7,0x39e7,0x39c7,0x39e7,0x39c7,0x39e7,0x39c7,0x39c7,0x39c7,
  0x39c7,0x39c7,0x39c7,0x39c7,0x39c7,0x31c6,0x39c7,0x39c7,0x39e7,0x39c7,0x39e7,0x39c7,0x39c7,0x39c7,0x39e7,0x39c7,
  0x31a6,0x2144,0x2104,0x18c3,0x18a3,0x1082,0x18c3,0x10a2,0x10a2,0x1082,0x1082,0x0861,0x1062,0x0861,0x1062,0x0861,
  0x0861,0x0841,0x0841,0x0020,0x0020,0x0000,0x0000,0x0000,0x0000,0x0000,0x0000,0x0000,0x0821,0x0841,0x2104,0x10a2,
  0x1082,0x0861,0x1082,0x1082,0x1082,0x1082,0x1082,0x1082,0x10a2,0x10a2,0x10a2,0x1082,0x1082,0x10a2,0x10a2,0x1082,
  0x10a2,0x1082,0x10a2,0x1082,0x1082,0x1082,0x10a2,0x10a2,0x10a2,0x1082,0x1082,0x0861,0x0841,0x0020,0x1082,0x1082,
  0x1062,0x1082,0x1082,0x1082,0x10a2,0x1082,0x0861,0x0000,0x0821,0x0841,0x0841,0x0841,0x0861,0x0861,0x10a2,0x10a2,
  0x2104,0x2965,0x39c7,0x39e7,0x4a49,0x4248,0x4a49,0x4a49,0x528a,0x528a,0x5aab,0x528a,0x5aab,0x52ca,0x62ec,0x5aeb,
  0x630c,0x630c,0x632c,0x632c,0x6b4d,0x632c,0x6b2d,0x630c,0x6b2d,0x632c,0x6b4d,0x632c,0x6b4d,0x6b4d,0x6b4d,0x6b4d,
  0x738e,0x6b8d,0x6b6d,0x6b4d,0x6b6d,0x632c,0x6b2d,0x632c,0x6b4d,0x634c,0x6b4d,0x632c,0x6b4d,0x630c,0x62ec,0x632c,
  0x632c,0x5aeb,0x5aeb,0x52aa,0x528a,0x52aa,0x5aab,0x528a,0x4a69,0x4a49,0x4a49,0x4208,0x4208,0x39e7,0x39e7,0x39c7,
  0x39e7,0x31c6,0x39a7,0x31a6,0x3186,0x2985,0x3186,0x2965,0x3186,0x3186,0x3186,0x2965,0x3186,0x3186,0x3186,0x2965,
  0x3186,0x2965,0x3186,0x3186,0x3166,0x2945,0x2965,0x2965,0x2965,0x2945,0x2945,0x2124,0x2925,0x2104,0x2104,0x2104,
  0x2104,0x1903,0x2104,0x18e3,0x20e4,0x18c3,0x18c3,0x10a2,0x10a2,0x10a2,0x18a3,0x1082,0x1082,0x0841,0x0841,0x0020,
  0x0841,0x0020,0x0821,0x0020,0x0841,0x0020,0x0020,0x0020,0x0020,0x0020,0x0821,0x0020,0x0020,0x0020,0x0821,0x0020,
  0x0020,0x0020,0x0821,0x0020,0x0020,0x0020,0x0020,0x0000,0x0020,0x0000,0x0020,0x0000,0x0020,0x0000,0x0020,0x0000,
  0x0020,0x0000,0x0020,0x0000,0x0020,0x0020,0x0821,0x0020,0x0020,0x0020,0x0020,0x0000,0x0000,0x0000,0x0000,0x0000,
  0x0000,0x0000,0x0000,0x0000,0x0000,0x0000,0x0000,0x0000,0x0000,0x0000,0x0020,0x0000,0x0020,0x0000,0x0000,0x0000,
  0x0000,0x0000,0x0000,0x0000,0x0000,0x0000,0x0000,0x0000,0x0000,0x0000,0x0000,0x0000,0x0000,0x0000,0x0000,0x0000,
  0x0000,0x0000,0x0000,0x0000,0x0000,0x0000,0x0000,0x0000,0x0000,0x0020,0x0841,0x0841,0x1082,0x1082,0x18a3,0x10a2,
  0x18c3,0x10a2,0x10a2,0x1082,0x10a2,0x1082,0x18a3,0x10a2,0x10a2,0x1082,0x10a2,0x1082,0x10a2,0x1082,0x10a2,0x1082,
  0x10a2,0x1082,0x10a2,0x1082,0x10a2,0x1082,0x10a2,0x1082,0x10a2,0x0881,0x1082,0x1082,0x1082,0x0881,0x1082,0x0861,
  0x39c7,0x39e7,0x39c7,0x39e7,0x39c7,0x39e7,0x39c7,0x39c7,0x31c6,0x39c7,0x39c7,0x39e7,0x39c7,0x39e7,0x39c7,0x39e7,
  0x39c7,0x39e7,0x39c7,0x39e7,0x39c7,0x39e7,0x39c7,0x39e7,0x39c7,0x39e7,0x39c7,0x39e7,0x39c7,0x39e7,0x31c6,0x39c7,
  0x31c6,0x39c7,0x31c6,0x39c7,0x39c7,0x31a6,0x2124,0x2124,0x18e3,0x18e3,0x18c3,0x18c3,0x10a2,0x18c3,0x10c2,0x18c3,
  0x10a2,0x18c3,0x0861,0x0861,0x0861,0x0861,0x0861,0x0861,0x0841,0x0841,0x0000,0x0020,0x0000,0x0000,0x0000,0x0000,
  0x0000,0x0000,0x0000,0x0020,0x0040,0x1082,0x18c3,0x1082,0x0861,0x1082,0x0861,0x1082,0x0861,0x1082,0x0881,0x10a2,
  0x1082,0x10a2,0x1082,0x10a2,0x1082,0x10a2,0x1082,0x1082,0x1082,0x1082,0x0881,0x1082,0x0861,0x1082,0x0881,0x10a2,
  0x1082,0x1082,0x0861,0x0861,0x0040,0x0020,0x0861,0x10a2,0x0841,0x1062,0x0861,0x1082,0x0861,0x1082,0x0841,0x0020,
  0x0000,0x0841,0x0020,0x0841,0x0841,0x0861,0x0861,0x10a2,0x18c3,0x2925,0x2965,0x39c7,0x3a07,0x4228,0x3a07,0x4228,
  0x4a49,0x526a,0x4a89,0x528a,0x528a,0x5acb,0x5acb,0x5aeb,0x5aeb,0x630c,0x5aeb,0x630c,0x630c,0x6b2d,0x632c,0x632c,
  0x630c,0x632c,0x632c,0x632c,0x632c,0x6b4d,0x632c,0x630c,0x632c,0x6b4d,0x634c,0x6b6d,0x6b6d,0x6b6d,0x632c,0x6b4d,
  0x632c,0x6b2d,0x632c,0x632c,0x630c,0x630c,0x630c,0x632c,0x5aeb,0x5acb,0x52aa,0x5acb,0x5acb,0x528a,0x4a89,0x528a,
  0x4a69,0x4a69,0x4228,0x4228,0x3a07,0x4208,0x39e7,0x39e7,0x39c7,0x39c7,0x31a6,0x31a6,0x3186,0x31a6,0x3186,0x3186,
  0x2965,0x3186,0x3186,0x3186,0x3186,0x3186,0x2965,0x2965,0x2965,0x3166,0x2965,0x3186,0x2965,0x2965,0x2945,0x2965,
  0x2144,0x2945,0x2124,0x2124,0x2104,0x2104,0x18e3,0x2124,0x2104,0x2104,0x18e3,0x2104,0x18e3,0x18c3,0x10a2,0x10a2,
  0x10a2,0x10a2,0x1082,0x1082,0x0861,0x0841,0x0020,0x0841,0x0841,0x0020,0x0000,0x0841,0x0020,0x0821,0x0040,0x0841,
  0x0841,0x0841,0x0040,0x0841,0x0020,0x0020,0x0020,0x0020,0x0000,0x0000,0x0000,0x0000,0x0000,0x0000,0x0000,0x0020,
  0x0000,0x0020,0x0000,0x0020,0x0000,0x0000,0x0000,0x0000,0x0000,0x0020,0x0000,0x0020,0x0000,0x0020,0x0000,0x0020,
  0x0000,0x0020,0x0000,0x0000,0x0000,0x0000,0x0000,0x0000,0x0000,0x0000,0x0000,0x0000,0x0000,0x0000,0x0000,0x0000,
  0x0000,0x0000,0x0000,0x0000,0x0000,0x0000,0x0000,0x0000,0x0000,0x0000,0x0000,0x0000,0x0000,0x0000,0x0000,0x0000,
  0x0000,0x0000,0x0000,0x0000,0x0000,0x0000,0x0000,0x0000,0x0000,0x0000,0x0000,0x0000,0x0000,0x0000,0x0000,0x0000,
  0x0000,0x0000,0x0000,0x0000,0x0000,0x0841,0x0861,0x1082,0x1082,0x10a2,0x1082,0x10a2,0x1082,0x10a2,0x0881,0x1082,
  0x1082,0x10a2,0x1082,0x10a2,0x1082,0x1082,0x0881,0x1082,0x1082,0x1082,0x0881,0x1082,0x1082,0x1082,0x0881,0x1082,
  0x1082,0x1082,0x0881,0x1082,0x0881,0x1082,0x0861,0x1082,0x41e8,0x39e7,0x39e7,0x39e7,0x41e8,0x39e7,0x39e7,0x39c7,
  0x39e7,0x39c7,0x39e7,0x39c7,0x41e8,0x39e7,0x39e7,0x39c7,0x39e7,0x39c7,0x39c7,0x39c7,0x39e7,0x39c7,0x39e7,0x39c7,
  0x39e7,0x39c7,0x39e7,0x39c7,0x39e7,0x39c7,0x39e7,0x39c7,0x39e7,0x39c7,0x39c7,0x31a6,0x2945,0x18e3,0x18c3,0x10a2,
  0x18e3,0x18e3,0x20e4,0x18c3,0x18e3,0x18e3,0x2104,0x18c3,0x18c3,0x1082,0x1082,0x0861,0x1062,0x0861,0x1062,0x0841,
  0x0841,0x0020,0x0020,0x0000,0x0000,0x0000,0x0000,0x0000,0x0000,0x0000,0x0020,0x0841,0x0861,0x1082,0x18c3,0x0881,
  0x1082,0x0861,0x1082,0x0881,0x1082,0x1082,0x1082,0x10a2,0x10a2,0x1082,0x10a2,0x10a2,0x18a3,0x1082,0x1082,0x1082,
  0x10a2,0x1082,0x10a2,0x1082,0x10a2,0x1082,0x10a2,0x1082,0x10a2,0x1082,0x1082,0x0861,0x0861,0x0020,0x1082,0x10a2,
  0x0841,0x0841,0x0841,0x0861,0x0861,0x0861,0x0861,0x0020,0x0000,0x0020,0x0841,0x0841,0x0841,0x0841,0x1082,0x1082,
  0x18c3,0x2104,0x2965,0x31a6,0x39e7,0x39e7,0x4208,0x4208,0x4a49,0x4a49,0x528a,0x4a69,0x528a,0x52aa,0x5acb,0x5acb,
  0x5aeb,0x630c,0x630c,0x5aeb,0x632c,0x632c,0x6b2d,0x630c,0x632c,0x632c,0x632c,0x630c,0x6b2d,0x632c,0x6b2d,0x630c,
  0x6b2d,0x6b4d,0x6b4d,0x634c,0x6b6d,0x632c,0x6b4d,0x6b4d,0x6b4d,0x632c,0x6b4d,0x632c,0x630c,0x630c,0x6b4d,0x630c,
  0x630c,0x5aeb,0x5acb,0x52ca,0x5acb,0x528a,0x528a,0x4a89,0x526a,0x4a49,0x4a29,0x4208,0x4228,0x4208,0x4208,0x39e7,
  0x39e7,0x39c7,0x39a7,0x31a6,0x39a7,0x31a6,0x31a6,0x3186,0x3186,0x2965,0x31a6,0x31a6,0x3186,0x2965,0x2965,0x2965,
  0x3186,0x2965,0x3186,0x31a6,0x3186,0x2945,0x2945,0x2144,0x2945,0x2124,0x2124,0x2104,0x2124,0x2104,0x2124,0x2124,
  0x2124,0x2104,0x2104,0x1903,0x2104,0x18e3,0x18c3,0x10a2,0x18c3,0x10a2,0x18c3,0x1082,0x1082,0x0841,0x0841,0x0841,
  0x0841,0x0000,0x0020,0x0841,0x0841,0x0020,0x1062,0x0861,0x1082,0x0861,0x1082,0x0861,0x1082,0x0841,0x0861,0x0841,
  0x0841,0x0020,0x0020,0x0000,0x0020,0x0000,0x0000,0x0000,0x0000,0x0020,0x0821,0x0000,0x0020,0x0000,0x0020,0x0000,
  0x0020,0x0000,0x0020,0x0000,0x0020,0x0020,0x0020,0x0020,0x0821,0x0000,0x0020,0x0000,0x0000,0x0000,0x0000,0x0000,
  0x0000,0x0000,0x0000,0x0000,0x0000,0x0000,0x0000,0x0000,0x0000,0x0000,0x0020,0x0000,0x0020,0x0000,0x0000,0x0000,
  0x0000,0x0000,0x0000,0x0000,0x0000,0x0000,0x0000,0x0000,0x0000,0x0000,0x0000,0x0000,0x0000,0x0000,0x0000,0x0000,
  0x0000,0x0000,0x0000,0x0000,0x0000,0x0000,0x0000,0x0000,0x0020,0x0000,0x0020,0x0000,0x0000,0x0000,0x0000,0x0020,
  0x0841,0x0861,0x1082,0x10a2,0x18a3,0x1082,0x1082,0x1082,0x10a2,0x10a2,0x10a2,0x1082,0x10a2,0x1082,0x10a2,0x1082,
  0x10a2,0x1082,0x10a2,0x1082,0x10a2,0x1082,0x10a2,0x1082,0x10a2,0x1082,0x1082,0x1082,0x1082,0x1082,0x1082,0x0861,
  0x39c7,0x39e7,0x39c7,0x39e7,0x39c7,0x39e7,0x39c7,0x39e7,0x39c7,0x39e7,0x39c7,0x39e7,0x39c7,0x39c7,0x39c7,0x39c7,
  0x31c6,0x39c7,0x31c6,0x39c7,0x31c6,0x39c7,0x31c6,0x39c7,0x31a6,0x39c7,0x31c6,0x39c7,0x31c6,0x39c7,0x39c7,0x39e7,
  0x39c7,0x31a6,0x2945,0x2104,0x0861,0x1082,0x10a2,0x20e4,0x2104,0x2104,0x18c3,0x18a3,0x10c2,0x18c3,0x10c2,0x10a2,
  0x0881,0x0861,0x0841,0x0861,0x0861,0x0861,0x0841,0x0841,0x0020,0x0020,0x0000,0x0000,0x0000,0x0000,0x0000,0x0000,
  0x0000,0x0000,0x0020,0x0861,0x0841,0x10a2,0x1082,0x1082,0x0861,0x1082,0x0861,0x1082,0x0881,0x1082,0x1082,0x10a2,
  0x1082,0x1082,0x1082,0x10a2,0x10a2,0x10a2,0x0861,0x1082,0x0881,0x1082,0x1082,0x10a2,0x0881,0x1082,0x1082,0x10a2,
  0x1082,0x1082,0x0861,0x1062,0x0841,0x0020,0x0841,0x18a3,0x0040,0x0841,0x0841,0x0861,0x0040,0x0861,0x0861,0x0841,
  0x0000,0x0020,0x0020,0x0841,0x0020,0x0841,0x0861,0x1082,0x10a2,0x18e3,0x2124,0x2965,0x3186,0x39c7,0x39c7,0x4208,
  0x4208,0x4228,0x4a49,0x4a49,0x4a49,0x528a,0x528a,0x5aab,0x52ca,0x630c,0x5aeb,0x5aeb,0x5aeb,0x632c,0x630c,0x630c,
  0x630c,0x632c,0x630c,0x630c,0x630c,0x632c,0x630c,0x6b4d,0x632c,0x632c,0x630c,0x632c,0x630c,0x630c,0x632c,0x6b4d,
  0x632c,0x632c,0x632c,0x632c,0x5b0b,0x630c,0x5aeb,0x62ec,0x5b0b,0x630c,0x5acb,0x52aa,0x4a69,0x528a,0x4a69,0x528a,
  0x4a69,0x4a49,0x4228,0x4228,0x3a07,0x4208,0x39e7,0x39c7,0x31c6,0x39c7,0x31c6,0x31a6,0x31a6,0x39c7,0x31a6,0x31a6,
  0x3186,0x31a6,0x3186,0x3186,0x2985,0x3186,0x2965,0x2965,0x2965,0x2965,0x2945,0x3186,0x2965,0x2945,0x2124,0x2945,
  0x2124,0x2124,0x18e3,0x2104,0x2104,0x2124,0x2104,0x2124,0x1903,0x2104,0x18e3,0x2104,0x18e3,0x18e3,0x18e3,0x18c3,
  0x10a2,0x18c3,0x10a2,0x10a2,0x0861,0x0841,0x0841,0x0841,0x0000,0x0000,0x0020,0x0841,0x0020,0x0020,0x0020,0x0841,
  0x0020,0x0841,0x0040,0x0841,0x0020,0x0841,0x0040,0x0841,0x0040,0x0841,0x0841,0x0841,0x0020,0x0841,0x0000,0x0000,
  0x0000,0x0020,0x0000,0x0020,0x0000,0x0020,0x0000,0x0020,0x0000,0x0020,0x0000,0x0000,0x0000,0x0020,0x0000,0x0020,
  0x0000,0x0020,0x0000,0x0000,0x0000,0x0000,0x0000,0x0000,0x0000,0x0000,0x0000,0x0000,0x0000,0x0000,0x0000,0x0000,
  0x0000,0x0000,0x0000,0x0000,0x0000,0x0000,0x0000,0x0000,0x0000,0x0000,0x0000,0x0000,0x0000,0x0000,0x0000,0x0000,
  0x0000,0x0000,0x0000,0x0000,0x0000,0x0000,0x0000,0x0000,0x0000,0x0000,0x0000,0x0000,0x0000,0x0000,0x0000,0x0000,
  0x0000,0x0000,0x0000,0x0000,0x0000,0x0000,0x0000,0x0000,0x0000,0x0020,0x0020,0x0861,0x0861,0x10a2,0x10a2,0x10a2,
  0x1082,0x1082,0x1082,0x10a2,0x1082,0x1082,0x1082,0x1082,0x0881,0x1082,0x1082,0x1082,0x0881,0x1082,0x1082,0x1082,
  0x0881,0x1082,0x0881,0x1082,0x0881,0x1082,0x0861,0x1082,0x39e7,0x39e7,0x41e8,0x39e7,0x39e7,0x39e7,0x41e8,0x39c7,
  0x39e7,0x39e7,0x41e8,0x39c7,0x39e7,0x39c7,0x39e7,0x39c7,0x39e7,0x39c7,0x39c7,0x39c7,0x39c7,0x39c7,0x39e7,0x39c7,
  0x39e7,0x39c7,0x41e8,0x39e7,0x39e7,0x39c7,0x39c7,0x3186,0x2965,0x18e3,0x10a2,0x0841,0x1082,0x1082,0x18c3,0x18e3,
  0x2104,0x1903,0x20e4,0x10a2,0x18a3,0x10a2,0x18a3,0x1082,0x1082,0x0861,0x1062,0x0861,0x0861,0x0841,0x0841,0x0020,
  0x0841,0x0000,0x0000,0x0000,0x0000,0x0000,0x0000,0x0000,0x0020,0x0020,0x0861,0x0861,0x0861,0x10a2,0x1082,0x0861,
  0x1082,0x0881,0x1082,0x1082,0x1082,0x1082,0x10a2,0x1082,0x10a2,0x1082,0x10a2,0x1082,0x10a2,0x1082,0x1082,0x1082,
  0x10a2,0x1082,0x10a2,0x1082,0x10a2,0x1082,0x10a2,0x1082,0x1082,0x1082,0x1082,0x0861,0x0861,0x0000,0x0841,0x10a2,
  0x0861,0x0841,0x1082,0x0861,0x0861,0x0861,0x1082,0x0861,0x0841,0x0020,0x0841,0x0841,0x0841,0x0841,0x1062,0x0861,
  0x10a2,0x18c3,0x2104,0x2124,0x2965,0x2985,0x39a7,0x39c7,0x4208,0x4208,0x4228,0x4228,0x4a49,0x4a49,0x526a,0x528a,
  0x5aab,0x5acb,0x5aeb,0x5acb,0x62ec,0x5b0b,0x630c,0x630c,0x630c,0x630c,0x632c,0x630c,0x630c,0x630c,0x632c,0x630c,
  0x630c,0x5b0b,0x630c,0x630c,0x632c,0x630c,0x630c,0x630c,0x632c,0x630c,0x632c,0x632c,0x632c,0x630c,0x630c,0x5acb,
  0x5acb,0x52aa,0x52aa,0x528a,0x5aab,0x528a,0x528a,0x4a69,0x528a,0x4a49,0x4a49,0x4a49,0x4208,0x39e7,0x41e8,0x39c7,
  0x39e7,0x39c7,0x41e8,0x31a6,0x39c7,0x39c7,0x39c7,0x31a6,0x39c7,0x31c6,0x31a6,0x3186,0x39a7,0x31a6,0x31a6,0x2965,
  0x3166,0x2945,0x3166,0x2965,0x2965,0x2144,0x2945,0x2945,0x2945,0x2104,0x2104,0x2104,0x2925,0x2124,0x2925,0x2124,
  0x2104,0x1903,0x2104,0x18e3,0x2104,0x18e3,0x20e4,0x18c3,0x18c3,0x10c2,0x18c3,0x10a2,0x1082,0x0841,0x0841,0x0020,
  0x0821,0x0841,0x0861,0x0020,0x0020,0x0000,0x0000,0x0000,0x0000,0x0000,0x0000,0x0000,0x0000,0x0000,0x0000,0x0000,
  0x0821,0x0020,0x0841,0x0841,0x0861,0x0841,0x0841,0x0020,0x0821,0x0000,0x0020,0x0020,0x0020,0x0000,0x0020,0x0000,
  0x0020,0x0020,0x0020,0x0000,0x0020,0x0000,0x0020,0x0000,0x0020,0x0000,0x0821,0x0000,0x0000,0x0000,0x0000,0x0000,
  0x0000,0x0000,0x0000,0x0000,0x0000,0x0000,0x0000,0x0000,0x0000,0x0000,0x0020,0x0000,0x0020,0x0000,0x0000,0x0000,
  0x0000,0x0000,0x0000,0x0000,0x0000,0x0000,0x0000,0x0000,0x0000,0x0000,0x0000,0x0000,0x0000,0x0000,0x0000,0x0000,
  0x0000,0x0000,0x0000,0x0000,0x0000,0x0000,0x0020,0x0000,0x0000,0x0000,0x0000,0x0000,0x0000,0x0000,0x0020,0x0000,
  0x0020,0x0000,0x0000,0x0000,0x0841,0x0861,0x10a2,0x10a2,0x10a2,0x0861,0x1082,0x1082,0x10a2,0x1082,0x10a2,0x1082,
  0x10a2,0x1082,0x10a2,0x1082,0x10a2,0x1082,0x10a2,0x1082,0x10a2,0x0881,0x1082,0x1082,0x1082,0x0881,0x1082,0x0861,
  0x39c7,0x39e7,0x39c7,0x39e7,0x39c7,0x39e7,0x39c7,0x39c7,0x39c7,0x39e7,0x39e7,0x39e7,0x39c7,0x39c7,0x31c6,0x39c7,
  0x39c7,0x39c7,0x31c6,0x39c7,0x31c6,0x39c7,0x39c7,0x39c7,0x39c7,0x39c7,0x39c7,0x39e7,0x39e7,0x39c7,0x2945,0x18e3,
  0x1082,0x0861,0x0841,0x0861,0x1082,0x18a3,0x18c3,0x2104,0x18e3,0x18e3,0x10c2,0x1082,0x1082,0x1082,0x0861,0x1082,
  0x1082,0x1062,0x0841,0x0861,0x0040,0x0841,0x0020,0x0020,0x0000,0x0020,0x0000,0x0000,0x0000,0x0000,0x0000,0x0000,
  0x0020,0x0861,0x0841,0x0841,0x0841,0x18e3,0x0861,0x0861,0x0861,0x1082,0x0861,0x1082,0x0881,0x1082,0x0881,0x1082,
  0x0881,0x1082,0x1082,0x1082,0x1082,0x1082,0x0881,0x1082,0x1082,0x1082,0x0881,0x1082,0x0881,0x1082,0x0881,0x1082,
  0x0861,0x1082,0x0861,0x0861,0x0841,0x0841,0x0020,0x10a2,0x0841,0x0841,0x0861,0x0841,0x0841,0x0861,0x0861,0x0861,
  0x0020,0x0821,0x0020,0x0841,0x0040,0x0841,0x0841,0x0861,0x0861,0x10a2,0x10c2,0x18e3,0x2124,0x2945,0x2965,0x39c7,
  0x39c7,0x39e7,0x39e7,0x4228,0x4228,0x4a49,0x4248,0x4a69,0x528a,0x528a,0x52aa,0x5acb,0x5acb,0x5aeb,0x5aeb,0x630c,
  0x5aeb,0x630c,0x5b0b,0x5aeb,0x5aeb,0x630c,0x5b0b,0x630c,0x5aeb,0x630c,0x5b0b,0x630c,0x5aeb,0x5acb,0x5aeb,0x630c,
  0x630c,0x632c,0x5aeb,0x630c,0x5aeb,0x630c,0x5aeb,0x5aeb,0x5acb,0x52aa,0x4a49,0x4a69,0x528a,0x528a,0x4a49,0x4a69,
  0x4a49,0x4a49,0x4248,0x4a69,0x4208,0x4228,0x39e7,0x39e7,0x31c6,0x39c7,0x39c7,0x39c7,0x39c7,0x39e7,0x31a6,0x31a6,
  0x31a6,0x31a6,0x3186,0x31a6,0x3186,0x3186,0x2965,0x2965,0x2945,0x3166,0x2965,0x2965,0x2144,0x2965,0x2945,0x2124,
  0x18e3,0x2104,0x1903,0x2124,0x2124,0x2124,0x2104,0x2124,0x2104,0x2104,0x18e3,0x2104,0x18e3,0x18e3,0x10c2,0x18c3,
  0x10c2,0x18c3,0x10a2,0x10a2,0x0861,0x0841,0x0020,0x0000,0x0020,0x10a2,0x0861,0x0000,0x0000,0x0000,0x0000,0x0000,
  0x0000,0x0000,0x0000,0x0000,0x0000,0x0000,0x0000,0x0000,0x0000,0x0000,0x0000,0x0020,0x0000,0x0020,0x0040,0x0841,
  0x0040,0x0020,0x0000,0x0020,0x0000,0x0020,0x0000,0x0020,0x0000,0x0020,0x0000,0x0000,0x0000,0x0020,0x0000,0x0020,
  0x0000,0x0020,0x0000,0x0000,0x0000,0x0000,0x0000,0x0000,0x0000,0x0000,0x0000,0x0000,0x0000,0x0000,0x0000,0x0000,
  0x0000,0x0000,0x0000,0x0000,0x0000,0x0000,0x0000,0x0000,0x0000,0x0000,0x0000,0x0000,0x0000,0x0000,0x0000,0x0000,
  0x0000,0x0000,0x0000,0x0000,0x0000,0x0000,0x0000,0x0000,0x0000,0x0000,0x0000,0x0000,0x0000,0x0000,0x0000,0x0000,
  0x0000,0x0000,0x0000,0x0000,0x0000,0x0000,0x0000,0x0000,0x0000,0x0000,0x0000,0x0000,0x0000,0x0020,0x0020,0x0861,
  0x0881,0x10a2,0x1082,0x10a2,0x1082,0x1082,0x0881,0x1082,0x1082,0x1082,0x0881,0x1082,0x1082,0x1082,0x0881,0x1082,
  0x1082,0x1082,0x0881,0x1082,0x0881,0x1082,0x0861,0x1082,0x41e8,0x39e7,0x41e8,0x39e7,0x41e8,0x39c7,0x39e7,0x39c7,
  0x39e7,0x39c7,0x39e7,0x39e7,0x39e7,0x39c7,0x4208,0x39e7,0x39c7,0x39c7,0x39e7,0x39e7,0x4208,0x39e7,0x39e7,0x39c7,
  0x39e7,0x39e7,0x4208,0x31a6,0x2945,0x18c3,0x10a2,0x0861,0x0861,0x0841,0x1062,0x0861,0x18a3,0x10a2,0x18c3,0x1903,
  0x2124,0x18e3,0x18c3,0x1082,0x18a3,0x10a2,0x10a2,0x1082,0x1082,0x0861,0x0861,0x0841,0x0841,0x0841,0x0841,0x0020,
  0x0000,0x0000,0x0000,0x0000,0x0000,0x0000,0x0000,0x0020,0x0841,0x0841,0x1062,0x0841,0x1082,0x18c3,0x1082,0x0861,
  0x1082,0x0861,0x1082,0x1082,0x1082,0x1082,0x10a2,0x1082,0x10a2,0x1082,0x10a2,0x1082,0x18a3,0x10a2,0x18a3,0x1082,
  0x10a2,0x1082,0x10a2,0x1082,0x18a3,0x10a2,0x10a2,0x1082,0x18a3,0x10a2,0x1082,0x0841,0x0861,0x0841,0x0000,0x0881,
  0x10a2,0x0841,0x1062,0x0841,0x0861,0x0841,0x1082,0x0881,0x0841,0x0000,0x0841,0x0841,0x0841,0x0841,0x0861,0x0841,
  0x1062,0x1082,0x18a3,0x18c3,0x2104,0x2124,0x2965,0x2985,0x39a7,0x39c7,0x4208,0x4208,0x4a29,0x4228,0x4a49,0x4a69,
  0x528a,0x528a,0x5aab,0x52aa,0x5acb,0x5acb,0x5aeb,0x5aeb,0x632c,0x630c,0x630c,0x5aeb,0x62ec,0x5aeb,0x5aeb,0x630c,
  0x632c,0x5aeb,0x632c,0x5aeb,0x630c,0x5aeb,0x630c,0x5aeb,0x632c,0x630c,0x630c,0x5aeb,0x630c,0x5aeb,0x5acb,0x52aa,
  0x5acb,0x52aa,0x52aa,0x4a69,0x528a,0x528a,0x528a,0x4a69,0x526a,0x4a49,0x4a69,0x4a49,0x4228,0x4208,0x4208,0x39e7,
  0x4208,0x39c7,0x39c7,0x31a6,0x41e8,0x39c7,0x39a7,0x31a6,0x39e7,0x39c7,0x39a7,0x31a6,0x31a6,0x2965,0x2965,0x2965,
  0x31a6,0x3186,0x3166,0x2965,0x2965,0x2945,0x2945,0x2124,0x2925,0x2104,0x2945,0x2124,0x2925,0x2124,0x2925,0x2124,
  0x2104,0x2104,0x2124,0x1903,0x2104,0x18e3,0x20e4,0x18e3,0x18e3,0x18c3,0x18c3,0x1082,0x1062,0x0841,0x0841,0x0040,
  0x1082,0x0861,0x0821,0x0000,0x0000,0x0000,0x0000,0x0000,0x0000,0x0000,0x0000,0x0000,0x0000,0x0000,0x0000,0x0000,
  0x0000,0x0000,0x0000,0x0000,0x0000,0x0000,0x0020,0x0020,0x0841,0x0020,0x0841,0x0020,0x0841,0x0020,0x0020,0x0000,
  0x0020,0x0000,0x0020,0x0000,0x0020,0x0000,0x0020,0x0000,0x0821,0x0020,0x0020,0x0020,0x0020,0x0000,0x0000,0x0000,
  0x0000,0x0000,0x0000,0x0000,0x0000,0x0000,0x0000,0x0000,0x0000,0x0000,0x0000,0x0000,0x0000,0x0000,0x0000,0x0000,
  0x0000,0x0000,0x0000,0x0000,0x0000,0x0000,0x0000,0x0000,0x0000,0x0000,0x0000,0x0000,0x0000,0x0000,0x0000,0x0000,
  0x0000,0x0000,0x0000,0x0000,0x0000,0x0000,0x0000,0x0000,0x0000,0x0000,0x0000,0x0000,0x0000,0x0000,0x0000,0x0000,
  0x0020,0x0000,0x0020,0x0000,0x0000,0x0000,0x0020,0x0020,0x0861,0x0861,0x1082,0x1082,0x18a3,0x10a2,0x10a2,0x1082,
  0x1082,0x1082,0x1082,0x0881,0x1082,0x1082,0x10a2,0x1082,0x10a2,0x1082,0x1082,0x1082,0x1082,0x1082,0x1082,0x0881,
  0x39e7,0x39e7,0x39e7,0x41e8,0x39e7,0x39e7,0x39c7,0x39e7,0x39e7,0x39e7,0x39e7,0x39e7,0x39c7,0x39e7,0x39c7,0x39e7,
  0x39e7,0x4208,0x39c7,0x39c7,0x31c6,0x39c7,0x31c6,0x4208,0x39e7,0x31a6,0x2124,0x18c3,0x0861,0x1082,0x0841,0x0841,
  0x0841,0x0861,0x0861,0x1082,0x0881,0x10a2,0x18c3,0x2104,0x1903,0x18e3,0x10a2,0x10a2,0x1082,0x10a2,0x1082,0x1082,
  0x0861,0x0861,0x0841,0x0841,0x0020,0x0841,0x0020,0x0020,0x0000,0x0000,0x0000,0x0000,0x0000,0x0000,0x0000,0x0821,
  0x0040,0x0841,0x0841,0x0861,0x10a2,0x18c3,0x0861,0x1082,0x0861,0x1082,0x0861,0x1082,0x0881,0x10a2,0x1082,0x10a2,
  0x1082,0x10a2,0x1082,0x10a2,0x1082,0x10a2,0x10a2,0x18a3,0x10a2,0x10a2,0x1082,0x10a2,0x0881,0x1082,0x10a2,0x10a2,
  0x10a2,0x1082,0x0861,0x1082,0x1082,0x10a2,0x0020,0x1082,0x10a2,0x0841,0x0861,0x0861,0x0861,0x0861,0x0861,0x1082,
  0x0040,0x0020,0x0020,0x0841,0x0040,0x0861,0x0841,0x0861,0x0861,0x1082,0x1082,0x18c3,0x18e3,0x2124,0x2124,0x2965,
  0x2985,0x39c7,0x39e7,0x4208,0x3a07,0x4228,0x4228,0x4a49,0x4a69,0x528a,0x528a,0x5aab,0x52aa,0x5acb,0x5acb,0x5aeb,
  0x5aeb,0x5aeb,0x5aeb,0x62ec,0x5acb,0x5aeb,0x5aeb,0x62ec,0x5acb,0x5aeb,0x5acb,0x5acb,0x5acb,0x630c,0x5aeb,0x5aeb,
  0x5aeb,0x5aeb,0x5aeb,0x5aeb,0x5aeb,0x630c,0x5acb,0x5aab,0x52aa,0x52aa,0x4a89,0x528a,0x4a69,0x528a,0x4a69,0x528a,
  0x4a69,0x4a69,0x4a49,0x4a49,0x4208,0x4208,0x39e7,0x41e8,0x39e7,0x39e7,0x31a6,0x39c7,0x39e7,0x39e7,0x31a6,0x39c7,
  0x31c6,0x31a6,0x3186,0x31a6,0x3186,0x31a6,0x3186,0x3186,0x2985,0x2965,0x2945,0x2965,0x2965,0x2945,0x2124,0x2104,
  0x1903,0x2104,0x2104,0x2124,0x1903,0x2104,0x2104,0x2124,0x2104,0x2124,0x2124,0x2124,0x1903,0x2104,0x18e3,0x2124,
  0x18e3,0x18c3,0x10c2,0x10a2,0x0841,0x0841,0x0020,0x0861,0x0861,0x0841,0x0000,0x0000,0x0000,0x0000,0x0000,0x0000,
  0x0000,0x0000,0x0000,0x0000,0x0000,0x0000,0x0000,0x0000,0x0000,0x0000,0x0000,0x0000,0x0000,0x0000,0x0000,0x0000,
  0x0000,0x0020,0x0020,0x0841,0x0020,0x0020,0x0000,0x0020,0x0000,0x0020,0x0000,0x0020,0x0000,0x0020,0x0000,0x0020,
  0x0000,0x0020,0x0000,0x0020,0x0000,0x0000,0x0000,0x0000,0x0000,0x0000,0x0000,0x0000,0x0000,0x0000,0x0000,0x0000,
  0x0000,0x0000,0x0000,0x0000,0x0000,0x0000,0x0000,0x0000,0x0000,0x0000,0x0000,0x0000,0x0000,0x0000,0x0000,0x0000,
  0x0000,0x0000,0x0000,0x0000,0x0000,0x0000,0x0000,0x0000,0x0000,0x0000,0x0000,0x0000,0x0000,0x0000,0x0000,0x0000,
  0x0000,0x0000,0x0000,0x0000,0x0000,0x0000,0x0000,0x0000,0x0000,0x0000,0x0000,0x0000,0x0000,0x0000,0x0000,0x0020,
  0x0020,0x0841,0x0841,0x1062,0x0861,0x1082,0x1082,0x1082,0x0881,0x10a2,0x1082,0x1082,0x0881,0x1082,0x0881,0x1082,
  0x0881,0x1082,0x0881,0x1082,0x0861,0x1082,0x0861,0x1082,0x41e8,0x39e7,0x4208,0x39e7,0x41e8,0x39e7,0x41e8,0x39e7,
  0x41e8,0x39e7,0x4208,0x39e7,0x39e7,0x39e7,0x41e8,0x39e7,0x4208,0x39e7,0x39e7,0x39c7,0x4208,0x39e7,0x39c7,0x3186,
  0x2925,0x10c2,0x1062,0x0841,0x0841,0x0841,0x0841,0x0841,0x0861,0x0861,0x1082,0x1082,0x1082,0x10a2,0x2104,0x2104,
  0x2104,0x18c3,0x18c3,0x10a2,0x10a2,0x1082,0x10a2,0x0861,0x1062,0x0861,0x0861,0x0841,0x0841,0x0020,0x0821,0x0000,
  0x0000,0x0000,0x0000,0x0000,0x0000,0x0000,0x0841,0x0841,0x0861,0x0841,0x0841,0x0861,0x18c3,0x10a2,0x1062,0x1082,
  0x1082,0x0881,0x1082,0x1082,0x10a2,0x1082,0x10a2,0x10a2,0x10a2,0x10a2,0x18a3,0x10a2,0x10a2,0x1082,0x18a3,0x10a2,
  0x1082,0x1082,0x18a3,0x10a2,0x10a2,0x1082,0x18a3,0x1082,0x18c3,0x10a2,0x18a3,0x1082,0x10a2,0x10a2,0x1062,0x1082,
  0x10a2,0x0020,0x0861,0x0861,0x1082,0x0861,0x1082,0x1082,0x0861,0x0020,0x0841,0x0841,0x0861,0x0841,0x1062,0x0861,
  0x1082,0x0861,0x10a2,0x10a2,0x18e3,0x18e3,0x2124,0x2945,0x3186,0x31a6,0x39c7,0x39c7,0x4208,0x3a07,0x4228,0x4a49,
  0x4a69,0x4a69,0x528a,0x52aa,0x5acb,0x52aa,0x5acb,0x52aa,0x5acb,0x5aeb,0x630c,0x5aeb,0x5aeb,0x5aeb,0x630c,0x5aeb,
  0x5aeb,0x5aeb,0x5acb,0x5acb,0x5acb,0x5aeb,0x5aeb,0x5acb,0x5aeb,0x5aeb,0x5aeb,0x5acb,0x5acb,0x5aeb,0x630c,0x5acb,
  0x52aa,0x528a,0x528a,0x528a,0x52aa,0x4a69,0x528a,0x4a69,0x526a,0x4a49,0x4a49,0x4228,0x4228,0x3a07,0x4208,0x39e7,
  0x4208,0x39e7,0x4208,0x39c7,0x39e7,0x39c7,0x39c7,0x39c7,0x4208,0x39c7,0x39c7,0x31a6,0x31a6,0x31a6,0x39c7,0x31a6,
  0x3186,0x2965,0x3166,0x2965,0x2965,0x2144,0x2124,0x2104,0x2104,0x2104,0x2925,0x2104,0x2124,0x2124,0x2945,0x2104,
  0x2124,0x2124,0x2945,0x2124,0x2124,0x1903,0x2104,0x2104,0x18e3,0x10a2,0x18c3,0x1082,0x0841,0x0020,0x0861,0x0861,
  0x0861,0x0020,0x0000,0x0000,0x0000,0x0000,0x0000,0x0000,0x0000,0x0000,0x0000,0x0000,0x0000,0x0000,0x0000,0x0000,
  0x0000,0x0000,0x0000,0x0000,0x0000,0x0000,0x0000,0x0000,0x0000,0x0000,0x0020,0x0020,0x0841,0x0020,0x0821,0x0020,
  0x0020,0x0000,0x0020,0x0000,0x0020,0x0000,0x0020,0x0000,0x0020,0x0000,0x0821,0x0000,0x0020,0x0000,0x0000,0x0000,
  0x0000,0x0000,0x0000,0x0000,0x0000,0x0000,0x0000,0x0000,0x0000,0x0000,0x0000,0x0000,0x0000,0x0000,0x0000,0x0000,
  0x0000,0x0000,0x0000,0x0000,0x0000,0x0000,0x0000,0x0000,0x0000,0x0000,0x0000,0x0000,0x0000,0x0000,0x0000,0x0000,
  0x0000,0x0000,0x0000,0x0000,0x0000,0x0000,0x0000,0x0000,0x0000,0x0000,0x0000,0x0000,0x0000,0x0000,0x0000,0x0000,
  0x0020,0x0000,0x0020,0x0000,0x0020,0x0000,0x0000,0x0000,0x0000,0x0000,0x0020,0x0020,0x0841,0x0861,0x1082,0x1082,
  0x10a2,0x1082,0x10a2,0x1082,0x10a2,0x1082,0x1082,0x1082,0x1082,0x1082,0x1082,0x1082,0x1082,0x0881,0x1082,0x1082,
  0x39e7,0x39e7,0x39e7,0x39e7,0x39e7,0x39e7,0x39c7,0x39c7,0x39c7,0x41e8,0x39e7,0x39e7,0x39c7,0x39e7,0x39c7,0x39c7,
  0x31a6,0x39e7,0x39e7,0x4208,0x31c6,0x3186,0x2124,0x1082,0x0040,0x0841,0x0040,0x0861,0x0861,0x0841,0x0040,0x0861,
  0x0861,0x1062,0x0861,0x1082,0x0861,0x18e3,0x2104,0x2104,0x18c3,0x18c3,0x1082,0x10a2,0x1082,0x10a2,0x0881,0x1082,
  0x0861,0x0841,0x0020,0x0841,0x0020,0x0020,0x0000,0x0000,0x0000,0x0000,0x0000,0x0000,0x0000,0x0020,0x0040,0x0841,
  0x0841,0x0861,0x0020,0x1082,0x18c3,0x10a2,0x0841,0x1082,0x0861,0x1082,0x0861,0x1082,0x0881,0x1082,0x0881,0x1082,
  0x1082,0x10a2,0x1082,0x10a2,0x10a2,0x10a2,0x1082,0x1082,0x0861,0x1082,0x10a2,0x18c3,0x18c3,0x18c3,0x10a2,0x18e3,
  0x18c3,0x1082,0x0020,0x0861,0x10a2,0x10a2,0x0841,0x0861,0x1082,0x0841,0x0841,0x1082,0x0881,0x0861,0x0861,0x1082,
  0x0861,0x0841,0x0020,0x0841,0x0020,0x0841,0x0841,0x0861,0x0841,0x0861,0x0861,0x10a2,0x10a2,0x18e3,0x18e3,0x2124,
  0x2945,0x3166,0x2985,0x31a6,0x31c6,0x39e7,0x3a07,0x4228,0x4228,0x4a69,0x4a69,0x52aa,0x52aa,0x5aab,0x52aa,0x5acb,
  0x52aa,0x5aab,0x52aa,0x5acb,0x5acb,0x5acb,0x52ca,0x5acb,0x5acb,0x62ec,0x52aa,0x5acb,0x52ca,0x5acb,0x52aa,0x5aeb,
  0x5acb,0x5aeb,0x52ca,0x5acb,0x52aa,0x5acb,0x52ca,0x52aa,0x4a89,0x528a,0x4a89,0x528a,0x528a,0x526a,0x4a69,0x4a69,
  0x4a49,0x4a49,0x4208,0x4228,0x4208,0x4208,0x39e7,0x39e7,0x39e7,0x4208,0x39e7,0x39e7,0x39e7,0x41e8,0x39e7,0x4208,
  0x3a07,0x39c7,0x31c6,0x39c7,0x31a6,0x31a6,0x3186,0x31a6,0x2965,0x3186,0x2965,0x2965,0x2124,0x2124,0x1903,0x2124,
  0x2104,0x2124,0x2104,0x2104,0x2104,0x2945,0x2124,0x2124,0x2104,0x2124,0x2124,0x2124,0x2104,0x2104,0x18e3,0x18e3,
  0x10a2,0x18c3,0x10a2,0x1082,0x0020,0x0841,0x0861,0x0861,0x0020,0x0000,0x0000,0x0000,0x0000,0x0000,0x0000,0x0000,
  0x0000,0x0000,0x0000,0x0000,0x0000,0x0000,0x0000,0x0000,0x0000,0x0000,0x0000,0x0000,0x0000,0x0000,0x0000,0x0000,
  0x0000,0x0000,0x0000,0x0000,0x0000,0x0020,0x0000,0x0020,0x0000,0x0020,0x0000,0x0020,0x0000,0x0020,0x0000,0x0000,
  0x0000,0x0000,0x0000,0x0020,0x0000,0x0000,0x0000,0x0000,0x0000,0x0000,0x0000,0x0000,0x0000,0x0000,0x0000,0x0000,
  0x0000,0x0000,0x0000,0x0000,0x0000,0x0000,0x0000,0x0000,0x0000,0x0000,0x0000,0x0000,0x0000,0x0000,0x0000,0x0000,
  0x0000,0x0000,0x0000,0x0000,0x0000,0x0000,0x0000,0x0000,0x0000,0x0000,0x0000,0x0000,0x0000,0x0000,0x0000,0x0000,
  0x0000,0x0000,0x0000,0x0000,0x0000,0x0000,0x0000,0x0000,0x0000,0x0000,0x0000,0x0020,0x0000,0x0020,0x0000,0x0020,
  0x0000,0x0000,0x0000,0x0000,0x0000,0x0841,0x0040,0x0861,0x1082,0x1082,0x0881,0x1082,0x0881,0x1082,0x0881,0x1082,
  0x0861,0x1082,0x0881,0x1082,0x0861,0x1082,0x0861,0x1082,0x41e8,0x39e7,0x39e7,0x39e7,0x39e7,0x39c7,0x39e7,0x39e7,
  0x41e8,0x39e7,0x39e7,0x39c7,0x39e7,0x39e7,0x39e7,0x39c7,0x41e8,0x39e7,0x39e7,0x2965,0x20e4,0x1082,0x0861,0x0020,
  0x0861,0x0861,0x0861,0x0841,0x0861,0x0841,0x0861,0x0861,0x1062,0x0861,0x1062,0x0861,0x10a2,0x2104,0x2925,0x18e3,
  0x18c3,0x10a2,0x10a2,0x10a2,0x18a3,0x1082,0x1082,0x0881,0x1062,0x0841,0x0841,0x0020,0x0821,0x0020,0x0020,0x0000,
  0x0000,0x0000,0x0000,0x0000,0x0020,0x0020,0x0861,0x0841,0x0861,0x0841,0x0841,0x10a2,0x18e3,0x1082,0x1062,0x1082,
  0x1082,0x1082,0x1082,0x1082,0x1082,0x1082,0x10a2,0x1082,0x10a2,0x1082,0x10a2,0x10a2,0x18a3,0x10a2,0x10a2,0x1082,
  0x18a3,0x10a2,0x18c3,0x18c3,0x18a3,0x18c3,0x18e3,0x0861,0x1082,0x18c3,0x2124,0x1903,0x18e3,0x10a2,0x1082,0x0881,
  0x18c3,0x0861,0x1062,0x10a2,0x1082,0x0861,0x0861,0x0861,0x1062,0x0841,0x0841,0x0020,0x0841,0x0841,0x0861,0x0841,
  0x0861,0x0861,0x1082,0x1082,0x18a3,0x18c3,0x18e3,0x1903,0x2945,0x2945,0x3186,0x3186,0x39a7,0x39c7,0x4208,0x4208,
  0x4a29,0x4a49,0x526a,0x4a69,0x528a,0x528a,0x52aa,0x52aa,0x5acb,0x528a,0x528a,0x4a89,0x5aab,0x52aa,0x52aa,0x52aa,
  0x5acb,0x52aa,0x5aeb,0x52aa,0x5aeb,0x52aa,0x5acb,0x52aa,0x5acb,0x5acb,0x5acb,0x52aa,0x5acb,0x52aa,0x5aab,0x52aa,
  0x52aa,0x528a,0x528a,0x4a89,0x528a,0x528a,0x528a,0x4a69,0x4a69,0x4228,0x4228,0x4208,0x4228,0x4208,0x4208,0x4208,
  0x4208,0x39e7,0x4208,0x4208,0x4208,0x4208,0x4208,0x39e7,0x41e8,0x31a6,0x39a7,0x31c6,0x39c7,0x31a6,0x31a6,0x2965,
  0x3186,0x2965,0x3166,0x2965,0x2945,0x2124,0x2124,0x2124,0x2124,0x2104,0x2124,0x1903,0x2104,0x2124,0x2124,0x2104,
  0x2945,0x2124,0x2925,0x2104,0x2925,0x2104,0x2124,0x1903,0x2104,0x2104,0x18e3,0x0861,0x0861,0x0861,0x1082,0x0841,
  0x0000,0x0000,0x0000,0x0000,0x0000,0x0000,0x0000,0x0000,0x0000,0x0000,0x0000,0x0000,0x0000,0x0000,0x0000,0x0000,
  0x0000,0x0000,0x0000,0x0000,0x0000,0x0000,0x0000,0x0000,0x0000,0x0000,0x0000,0x0000,0x0000,0x0000,0x0020,0x0000,
  0x0821,0x0020,0x0020,0x0000,0x0020,0x0000,0x0020,0x0000,0x0020,0x0000,0x0020,0x0000,0x0020,0x0000,0x0000,0x0000,
  0x0000,0x0000,0x0000,0x0000,0x0000,0x0000,0x0000,0x0000,0x0000,0x0000,0x0000,0x0000,0x0000,0x0000,0x0000,0x0000,
  0x0000,0x0000,0x0000,0x0000,0x0000,0x0000,0x0000,0x0000,0x0000,0x0000,0x0000,0x0000,0x0000,0x0000,0x0000,0x0000,
  0x0000,0x0000,0x0000,0x0000,0x0000,0x0000,0x0000,0x0000,0x0000,0x0000,0x0000,0x0000,0x0000,0x0000,0x0000,0x0000,
  0x0020,0x0000,0x0020,0x0000,0x0020,0x0000,0x0020,0x0020,0x0020,0x0000,0x0000,0x0000,0x0000,0x0000,0x0020,0x0040,
  0x1062,0x1082,0x10a2,0x1082,0x10a2,0x1082,0x1082,0x1082,0x1082,0x1082,0x1082,0x1082,0x1082,0x1082,0x1082,0x0881,
  0x39c7,0x39e7,0x39c7,0x39e7,0x31c6,0x39e7,0x39c7,0x39e7,0x39e7,0x39e7,0x39c7,0x39e7,0x39c7,0x39e7,0x39e7,0x4208,
  0x39c7,0x3186,0x18e3,0x10a2,0x0861,0x0841,0x0020,0x0861,0x0861,0x0841,0x0020,0x0841,0x0861,0x0861,0x0861,0x0861,
  0x0841,0x0861,0x0861,0x1082,0x10a2,0x2124,0x2124,0x18e3,0x1082,0x10a2,0x1082,0x10a2,0x1082,0x1082,0x0861,0x1082,
  0x0861,0x0841,0x0020,0x0821,0x0000,0x0020,0x0000,0x0000,0x0000,0x0000,0x0000,0x0000,0x0000,0x0841,0x0841,0x0861,
  0x0841,0x0841,0x0841,0x18c3,0x10a2,0x1082,0x0861,0x1082,0x0881,0x1082,0x0881,0x1082,0x0881,0x1082,0x0881,0x10a2,
  0x1082,0x10a2,0x1082,0x10a2,0x1082,0x10a2,0x0861,0x1082,0x10a2,0x18c3,0x10a2,0x10a2,0x0861,0x10a2,0x2104,0x2104,
  0x2104,0x2124,0x18e3,0x10a2,0x0861,0x0861,0x0841,0x0861,0x18c3,0x1082,0x0841,0x1082,0x0861,0x0861,0x0841,0x0841,
  0x0841,0x0861,0x0040,0x0841,0x0040,0x0861,0x0841,0x0861,0x0841,0x0861,0x0861,0x1082,0x1082,0x10a2,0x10a2,0x18e3,
  0x1903,0x2945,0x2945,0x2965,0x2965,0x31a6,0x39c7,0x41e8,0x3a07,0x4228,0x4228,0x4a49,0x4a49,0x4a69,0x4a89,0x52aa,
  0x52aa,0x52aa,0x4a69,0x528a,0x528a,0x52aa,0x52aa,0x52aa,0x528a,0x528a,0x52aa,0x528a,0x4a69,0x52aa,0x528a,0x528a,
  0x52aa,0x52aa,0x52aa,0x5acb,0x52ca,0x5acb,0x52ca,0x5aeb,0x52aa,0x52aa,0x528a,0x528a,0x4a69,0x528a,0x4a69,0x4a69,
  0x4248,0x4a49,0x4228,0x4228,0x4208,0x4228,0x4208,0x4208,0x3a07,0x4208,0x39e7,0x39c7,0x39c7,0x39e7,0x39e7,0x39e7,
  0x39c7,0x39e7,0x31a6,0x39c7,0x31c6,0x39c7,0x3186,0x3186,0x2965,0x2965,0x2945,0x2965,0x2965,0x2945,0x2104,0x2104,
  0x18e3,0x2104,0x2104,0x2104,0x1903,0x2124,0x2124,0x2124,0x2124,0x2124,0x2104,0x2104,0x2104,0x2124,0x2104,0x2104,
  0x2124,0x2104,0x1082,0x0861,0x0841,0x0861,0x0841,0x0020,0x0000,0x0000,0x0000,0x0000,0x0000,0x0000,0x0000,0x0000,
  0x0000,0x0000,0x0000,0x0000,0x0000,0x0000,0x0000,0x0000,0x0000,0x0000,0x0000,0x0000,0x0000,0x0000,0x0000,0x0000,
  0x0000,0x0000,0x0000,0x0000,0x0000,0x0000,0x0000,0x0000,0x0020,0x0020,0x0020,0x0020,0x0000,0x0020,0x0000,0x0020,
  0x0000,0x0000,0x0000,0x0020,0x0000,0x0000,0x0000,0x0000,0x0000,0x0000,0x0000,0x0000,0x0000,0x0000,0x0000,0x0000,
  0x0000,0x0000,0x0000,0x0000,0x0000,0x0000,0x0000,0x0000,0x0000,0x0000,0x0000,0x0000,0x0000,0x0000,0x0000,0x0000,
  0x0000,0x0000,0x0000,0x0000,0x0000,0x0000,0x0000,0x0000,0x0000,0x0000,0x0000,0x0000,0x0000,0x0000,0x0000,0x0000,
  0x0000,0x0000,0x0000,0x0000,0x0000,0x0000,0x0000,0x0000,0x0000,0x0000,0x0000,0x0000,0x0000,0x0000,0x0000,0x0020,
  0x0000,0x0000,0x0000,0x0000,0x0000,0x0000,0x0000,0x0020,0x0020,0x0861,0x0861,0x1082,0x0881,0x1082,0x0881,0x1082,
  0x0861,0x1082,0x0881,0x1082,0x0861,0x1082,0x0861,0x1082,0x41e8,0x39e7,0x39e7,0x39c7,0x39e7,0x39e7,0x41e8,0x39e7,
  0x39e7,0x31a6,0x39c7,0x39c7,0x41e8,0x39c7,0x39c7,0x2965,0x2104,0x1082,0x1082,0x0861,0x0861,0x0841,0x0861,0x0841,
  0x0841,0x0020,0x0861,0x0861,0x0861,0x0861,0x1062,0x0861,0x0861,0x0861,0x10a2,0x18c3,0x18c3,0x2104,0x2925,0x18c3,
  0x10a2,0x10a2,0x18a3,0x10a2,0x1082,0x0861,0x1062,0x0861,0x0861,0x0841,0x0841,0x0020,0x0020,0x0000,0x0000,0x0000,
  0x0000,0x0000,0x0000,0x0000,0x0841,0x0841,0x0861,0x0841,0x0861,0x0841,0x1082,0x18c3,0x10a2,0x0861,0x10a2,0x0861,
  0x1082,0x1082,0x1082,0x1082,0x1082,0x1082,0x1082,0x10a2,0x10a2,0x1082,0x10a2,0x1082,0x18a3,0x10a2,0x18a3,0x10a2,
  0x18c3,0x1082,0x1082,0x10a2,0x2945,0x2124,0x20e4,0x18e3,0x18c3,0x0861,0x0000,0x0000,0x0000,0x0000,0x0000,0x0020,
  0x18e3,0x1082,0x0861,0x0861,0x0861,0x0841,0x0861,0x0841,0x0861,0x0841,0x0861,0x0841,0x0841,0x0841,0x0861,0x0841,
  0x0861,0x0861,0x1062,0x0861,0x1082,0x1082,0x18a3,0x18c3,0x2104,0x2124,0x2945,0x2945,0x2965,0x3186,0x39c7,0x39c7,
  0x4208,0x4208,0x4a49,0x4a49,0x526a,0x4a69,0x528a,0x528a,0x528a,0x52aa,0x5aab,0x528a,0x528a,0x528a,0x5acb,0x52aa,
  0x528a,0x4a89,0x526a,0x4208,0x39e7,0x4a69,0x52aa,0x528a,0x52aa,0x52aa,0x52aa,0x528a,0x5aab,0x528a,0x52aa,0x52aa,
  0x528a,0x4a69,0x528a,0x528a,0x528a,0x4a49,0x4a69,0x4a49,0x4a49,0x4228,0x4a49,0x4228,0x4a69,0x4228,0x4208,0x4208,
  0x4228,0x3a07,0x39e7,0x39c7,0x39e7,0x39e7,0x4208,0x39e7,0x39e7,0x39e7,0x4208,0x39c7,0x39c7,0x3186,0x3186,0x3186,
  0x3186,0x2965,0x3186,0x2965,0x3166,0x2945,0x2925,0x2104,0x2104,0x1903,0x2925,0x2124,0x2104,0x2104,0x2925,0x2124,
  0x2124,0x2104,0x2104,0x2124,0x2945,0x2124,0x2124,0x2104,0x2925,0x18e3,0x1062,0x0841,0x1082,0x0861,0x0821,0x0000,
  0x0000,0x0000,0x0020,0x0000,0x0000,0x0000,0x0000,0x0000,0x0000,0x0000,0x0000,0x0000,0x0000,0x0000,0x0000,0x0000,
  0x0000,0x0000,0x0000,0x0000,0x0000,0x0000,0x0000,0x0000,0x0000,0x0000,0x0000,0x0000,0x0000,0x0000,0x0000,0x0000,
  0x0000,0x0000,0x0821,0x0020,0x0821,0x0020,0x0821,0x0020,0x0020,0x0000,0x0020,0x0000,0x0020,0x0000,0x0020,0x0000,
  0x0000,0x0000,0x0000,0x0000,0x0000,0x0000,0x0000,0x0000,0x0000,0x0000,0x0000,0x0000,0x0000,0x0000,0x0000,0x0000,
  0x0000,0x0000,0x0000,0x0000,0x0000,0x0000,0x0000,0x0000,0x0000,0x0000,0x0000,0x0000,0x0000,0x0000,0x0000,0x0000,
  0x0000,0x0000,0x0000,0x0000,0x0000,0x0000,0x0000,0x0000,0x0000,0x0000,0x0000,0x0000,0x0000,0x0000,0x0000,0x0000,
  0x0020,0x0000,0x0020,0x0000,0x0020,0x0000,0x0020,0x0000,0x0020,0x0000,0x0000,0x0000,0x0020,0x0000,0x0020,0x0000,
  0x0000,0x0000,0x0821,0x0020,0x0861,0x0861,0x1082,0x1082,0x1082,0x1082,0x1082,0x1082,0x1082,0x0881,0x1082,0x1082,
  0x39c7,0x39e7,0x39e7,0x39e7,0x39c7,0x39e7,0x39c7,0x39c7,0x31c6,0x39e7,0x39e7,0x39e7,0x31a6,0x2965,0x18e3,0x10a2,
  0x0861,0x0841,0x0841,0x0861,0x0040,0x0841,0x0040,0x0841,0x0020,0x0861,0x0861,0x1082,0x0841,0x0861,0x0861,0x0861,
  0x0861,0x1082,0x1082,0x10a2,0x10a2,0x2104,0x18e3,0x10a2,0x1082,0x18c3,0x10a2,0x1082,0x0861,0x1062,0x0861,0x0861,
  0x0841,0x0821,0x0020,0x0020,0x0000,0x0000,0x0000,0x0000,0x0000,0x0000,0x0000,0x0000,0x0020,0x0841,0x0020,0x0841,
  0x0841,0x0861,0x0881,0x18c3,0x0861,0x1082,0x1082,0x1082,0x1082,0x1082,0x0881,0x1082,0x0861,0x1082,0x0881,0x10a2,
  0x0861,0x1082,0x10a2,0x1082,0x0861,0x18a3,0x10c2,0x10a2,0x1082,0x18e3,0x2144,0x2945,0x18c3,0x1082,0x0841,0x0000,
  0x0000,0x0000,0x0000,0x0000,0x0000,0x0000,0x0000,0x0000,0x10a2,0x2104,0x0020,0x0841,0x0841,0x0861,0x0040,0x0841,
  0x0841,0x0861,0x0040,0x0861,0x0841,0x0841,0x0040,0x0841,0x0841,0x0861,0x0861,0x1082,0x0881,0x1082,0x1082,0x18c3,
  0x18c3,0x2104,0x2124,0x2945,0x2945,0x2965,0x2985,0x39c7,0x39e7,0x4208,0x4228,0x4a69,0x4a69,0x526a,0x4a69,0x528a,
  0x4a49,0x526a,0x4a89,0x528a,0x4a69,0x528a,0x4a69,0x52aa,0x4a69,0x528a,0x4a49,0x31a6,0x2945,0x4208,0x4a69,0x528a,
  0x528a,0x528a,0x4a89,0x52aa,0x528a,0x528a,0x4a69,0x528a,0x4a89,0x528a,0x4a49,0x4a69,0x4a49,0x4a69,0x4228,0x4228,
  0x4228,0x4a29,0x4228,0x4228,0x4208,0x4208,0x3a07,0x4228,0x4208,0x41e8,0x39c7,0x39e7,0x39e7,0x4208,0x39e7,0x39e7,
  0x39c7,0x41e8,0x39e7,0x39e7,0x31a6,0x31a6,0x3186,0x3186,0x2985,0x31a6,0x3186,0x3186,0x2945,0x2945,0x2124,0x2124,
  0x2104,0x2124,0x2104,0x2104,0x1903,0x2124,0x1903,0x2104,0x2104,0x2945,0x2144,0x2124,0x2124,0x2945,0x2124,0x2124,
  0x18e3,0x10a2,0x0040,0x0861,0x0861,0x0841,0x0000,0x0000,0x0000,0x0000,0x0000,0x0000,0x0000,0x0000,0x0000,0x0000,
  0x0000,0x0000,0x0000,0x0000,0x0000,0x0000,0x0000,0x0000,0x0000,0x0000,0x0000,0x0000,0x0000,0x0000,0x0000,0x0000,
  0x0000,0x0000,0x0000,0x0000,0x0000,0x0000,0x0000,0x0000,0x0000,0x0000,0x0000,0x0020,0x0020,0x0821,0x0020,0x0020,
  0x0000,0x0000,0x0000,0x0020,0x0000,0x0000,0x0000,0x0000,0x0000,0x0000,0x0000,0x0000,0x0000,0x0000,0x0000,0x0000,
  0x0000,0x0000,0x0000,0x0000,0x0000,0x0000,0x0000,0x0000,0x0000,0x0000,0x0000,0x0000,0x0000,0x0000,0x0000,0x0000,
  0x0000,0x0000,0x0000,0x0000,0x0000,0x0000,0x0000,0x0000,0x0000,0x0000,0x0000,0x0000,0x0000,0x0000,0x0000,0x0000,
  0x0000,0x0000,0x0000,0x0000,0x0000,0x0000,0x0000,0x0000,0x0000,0x0000,0x0000,0x0020,0x0000,0x0020,0x0000,0x0020,
  0x0000,0x0020,0x0000,0x0000,0x0000,0x0020,0x0000,0x0000,0x0000,0x0000,0x0000,0x0000,0x0020,0x0841,0x0841,0x0861,
  0x0861,0x1082,0x0881,0x10a2,0x1082,0x1082,0x0861,0x0861,0x41e8,0x39e7,0x4208,0x39e7,0x39e7,0x39c7,0x39c7,0x3a07,
  0x4208,0x39c7,0x39c7,0x2945,0x2104,0x1082,0x1082,0x0861,0x0861,0x0841,0x0861,0x0841,0x0841,0x0841,0x0841,0x0040,
  0x0861,0x0861,0x1082,0x0881,0x1082,0x0861,0x1082,0x0861,0x1082,0x0861,0x1082,0x0861,0x18c3,0x18c3,0x18c3,0x1082,
  0x18c3,0x18c3,0x10a2,0x0861,0x1082,0x0861,0x1062,0x0841,0x0841,0x0020,0x0020,0x0020,0x0020,0x0000,0x0000,0x0000,
  0x0000,0x0000,0x0000,0x0000,0x0821,0x0020,0x0841,0x0841,0x0861,0x0841,0x1082,0x10a2,0x1062,0x1082,0x1082,0x0881,
  0x1082,0x1082,0x1082,0x1082,0x1082,0x1082,0x10a2,0x1082,0x18a3,0x1082,0x1082,0x10a2,0x18e3,0x1082,0x18a3,0x2104,
  0x2965,0x2945,0x18e3,0x0841,0x0821,0x0000,0x0000,0x0000,0x0000,0x0000,0x0000,0x0000,0x0000,0x0000,0x0020,0x0000,
  0x0861,0x2124,0x18a3,0x0040,0x0861,0x0841,0x0861,0x0841,0x0861,0x0841,0x0841,0x0861,0x1062,0x0841,0x0861,0x0841,
  0x1062,0x0861,0x1082,0x0881,0x1082,0x1082,0x10a2,0x10a2,0x18e3,0x18e3,0x2104,0x2124,0x2945,0x2945,0x2965,0x3186,
  0x39e7,0x39e7,0x4228,0x4a49,0x526a,0x4a69,0x528a,0x528a,0x528a,0x528a,0x528a,0x528a,0x52aa,0x528a,0x528a,0x528a,
  0x526a,0x4a69,0x528a,0x4228,0x39e7,0x4a49,0x528a,0x4a69,0x528a,0x528a,0x528a,0x528a,0x528a,0x4a69,0x528a,0x4a69,
  0x52aa,0x528a,0x4a69,0x4a69,0x528a,0x4a49,0x4a49,0x4228,0x4a49,0x4228,0x4228,0x4208,0x4228,0x4208,0x4208,0x3a07,
  0x4208,0x39c7,0x39e7,0x39e7,0x4228,0x4228,0x4208,0x39e7,0x4208,0x4208,0x4208,0x39c7,0x39c7,0x39c7,0x39a7,0x2985,
  0x3186,0x31a6,0x31a6,0x2965,0x2965,0x2945,0x2945,0x2124,0x2104,0x2124,0x2925,0x1903,0x2925,0x2124,0x2124,0x2124,
  0x2965,0x2945,0x2945,0x2945,0x2965,0x2124,0x2945,0x2124,0x20e4,0x1082,0x1082,0x0861,0x0861,0x0000,0x0000,0x0000,
  0x0000,0x0000,0x0000,0x0000,0x0000,0x0000,0x0000,0x0000,0x0000,0x0000,0x0000,0x0000,0x0000,0x0000,0x0000,0x0000,
  0x0000,0x0000,0x0000,0x0000,0x0000,0x0000,0x0000,0x0000,0x0000,0x0000,0x0000,0x0000,0x0000,0x0000,0x0000,0x0000,
  0x0000,0x0000,0x0000,0x0000,0x0821,0x0020,0x0841,0x0020,0x0020,0x0000,0x0020,0x0020,0x0821,0x0000,0x0000,0x0000,
  0x0000,0x0000,0x0000,0x0000,0x0000,0x0000,0x0000,0x0000,0x0000,0x0000,0x0000,0x0000,0x0020,0x0000,0x0020,0x0000,
  0x0000,0x0000,0x0000,0x0000,0x0000,0x0000,0x0000,0x0000,0x0000,0x0000,0x0000,0x0000,0x0000,0x0000,0x0000,0x0000,
  0x0000,0x0000,0x0000,0x0000,0x0000,0x0000,0x0000,0x0000,0x0000,0x0000,0x0000,0x0000,0x0000,0x0000,0x0020,0x0000,
  0x0020,0x0000,0x0020,0x0000,0x0020,0x0000,0x0020,0x0000,0x0020,0x0000,0x0020,0x0000,0x0020,0x0000,0x0020,0x0000,
  0x0020,0x0000,0x0020,0x0000,0x0000,0x0000,0x0020,0x0020,0x0841,0x0861,0x1082,0x0881,0x1082,0x1082,0x1082,0x0861,
  0x39e7,0x39e7,0x39c7,0x39c7,0x39c7,0x4208,0x39e7,0x4208,0x31a6,0x2124,0x10a2,0x1082,0x0841,0x0841,0x0861,0x0861,
  0x0040,0x0841,0x0020,0x0841,0x0020,0x0841,0x0020,0x0841,0x0861,0x1082,0x1082,0x10a2,0x0861,0x0861,0x0861,0x0861,
  0x0841,0x0861,0x0861,0x1062,0x1082,0x1082,0x0881,0x10a2,0x10a2,0x10a2,0x0861,0x1062,0x0861,0x0861,0x0841,0x0841,
  0x0020,0x0020,0x0000,0x0020,0x0000,0x0000,0x0000,0x0000,0x0000,0x0000,0x0000,0x0000,0x0000,0x0841,0x0020,0x0841,
  0x0040,0x0841,0x1082,0x18c3,0x0861,0x1082,0x1082,0x1082,0x0861,0x1082,0x0861,0x1082,0x0881,0x1082,0x1082,0x1082,
  0x0841,0x1082,0x1082,0x1082,0x0861,0x18e3,0x2144,0x2945,0x18e3,0x1082,0x0000,0x0000,0x0000,0x0000,0x0000,0x0000,
  0x0000,0x0000,0x0000,0x0000,0x0000,0x0000,0x0000,0x0000,0x0000,0x10a2,0x2144,0x0861,0x0040,0x0861,0x0861,0x0861,
  0x0040,0x0841,0x0020,0x0841,0x0040,0x0861,0x0841,0x0861,0x0841,0x0861,0x0861,0x1082,0x0861,0x1082,0x0881,0x10a2,
  0x10a2,0x18c3,0x18e3,0x2104,0x2124,0x2124,0x2124,0x2965,0x3186,0x39c7,0x39c7,0x4228,0x4a49,0x4a69,0x4a69,0x4a69,
  0x4a69,0x528a,0x4a89,0x528a,0x4a69,0x528a,0x4a69,0x526a,0x4248,0x4a49,0x528a,0x52aa,0x4a89,0x52aa,0x4a49,0x4a49,
  0x4a69,0x528a,0x4a69,0x526a,0x4248,0x4a49,0x4a49,0x4a69,0x4a69,0x4a69,0x4a49,0x4a69,0x4a69,0x4228,0x4228,0x4228,
  0x4228,0x4228,0x4208,0x4208,0x4228,0x4208,0x39e7,0x39e7,0x39c7,0x39c7,0x39c7,0x4208,0x4208,0x4228,0x39e7,0x4208,
  0x3a07,0x4228,0x39e7,0x39e7,0x31a6,0x39c7,0x31a6,0x3186,0x2985,0x31a6,0x3186,0x3186,0x2965,0x2965,0x2124,0x2124,
  0x18e3,0x2104,0x2104,0x2104,0x2124,0x2124,0x2104,0x2925,0x2945,0x2124,0x2144,0x2965,0x2124,0x2104,0x2945,0x2104,
  0x10a2,0x1082,0x0861,0x0861,0x0000,0x0000,0x0000,0x0000,0x0000,0x0000,0x0000,0x0000,0x0000,0x0000,0x0000,0x0000,
  0x0000,0x0000,0x0000,0x0000,0x0000,0x0000,0x0000,0x0000,0x0000,0x0000,0x0000,0x0000,0x0000,0x0000,0x0000,0x0000,
  0x0000,0x0000,0x0000,0x0000,0x0000,0x0000,0x0000,0x0000,0x0000,0x0000,0x0000,0x0000,0x0000,0x0020,0x0020,0x0020,
  0x0020,0x0020,0x0000,0x0000,0x0000,0x0000,0x0000,0x0000,0x0000,0x0000,0x0000,0x0000,0x0000,0x0000,0x0000,0x0000,
  0x0000,0x0000,0x0000,0x0000,0x0000,0x0000,0x0000,0x0000,0x0000,0x0000,0x0000,0x0000,0x0000,0x0000,0x0000,0x0000,
  0x0000,0x0000,0x0000,0x0000,0x0000,0x0000,0x0000,0x0000,0x0000,0x0000,0x0000,0x0000,0x0000,0x0000,0x0000,0x0000,
  0x0000,0x0000,0x0000,0x0000,0x0000,0x0000,0x0000,0x0000,0x0000,0x0000,0x0000,0x0020,0x0000,0x0020,0x0000,0x0020,
  0x0000,0x0020,0x0000,0x0000,0x0000,0x0000,0x0000,0x0000,0x0000,0x0020,0x0000,0x0000,0x0000,0x0000,0x0000,0x0000,
  0x0000,0x0020,0x0020,0x0841,0x0841,0x1082,0x0861,0x1082,0x39c7,0x39c7,0x41e8,0x39e7,0x41e8,0x39c7,0x39c7,0x2104,
  0x18c3,0x1082,0x0861,0x0841,0x0861,0x0861,0x1062,0x0841,0x0841,0x0040,0x0841,0x0841,0x0841,0x0020,0x0841,0x0861,
  0x10a2,0x10a2,0x18c3,0x10a2,0x1082,0x0861,0x1062,0x0861,0x1082,0x0861,0x1082,0x1082,0x1082,0x0861,0x1082,0x18c3,
  0x18c3,0x1082,0x1082,0x0861,0x0861,0x0841,0x0861,0x0841,0x0841,0x0000,0x0020,0x0000,0x0000,0x0000,0x0000,0x0000,
  0x0000,0x0000,0x0000,0x0000,0x0020,0x0020,0x0841,0x0841,0x0841,0x0861,0x18c3,0x18c3,0x10a2,0x1082,0x10a2,0x10a2,
  0x1082,0x0881,0x1082,0x1082,0x10a2,0x1082,0x10a2,0x0861,0x18c3,0x18c3,0x1062,0x1082,0x2945,0x2965,0x2104,0x1082,
  0x0821,0x0000,0x0000,0x0000,0x0000,0x0000,0x0000,0x0000,0x0000,0x0000,0x0000,0x0000,0x0000,0x0000,0x0000,0x0000,
  0x0000,0x0020,0x2945,0x10a2,0x0861,0x0861,0x1062,0x0861,0x0861,0x0040,0x0841,0x0020,0x0841,0x0861,0x1082,0x0861,
  0x0861,0x0861,0x1082,0x0861,0x1082,0x0861,0x1082,0x1082,0x10a2,0x10a2,0x18e3,0x18e3,0x2124,0x2124,0x2945,0x2965,
  0x3186,0x31a6,0x39c7,0x39e7,0x4a29,0x4a49,0x4a49,0x4a49,0x528a,0x4a69,0x526a,0x4a69,0x526a,0x4a69,0x528a,0x4a49,
  0x526a,0x528a,0x528a,0x4a69,0x528a,0x4a89,0x526a,0x4a49,0x528a,0x4a69,0x528a,0x4a69,0x4a49,0x4a49,0x526a,0x4a49,
  0x4a69,0x4a49,0x4a49,0x4a49,0x4a69,0x4228,0x4a49,0x4a49,0x4a49,0x4228,0x4a29,0x4228,0x4208,0x39e7,0x4208,0x4208,
  0x4208,0x39e7,0x39e7,0x39e7,0x4228,0x4208,0x4208,0x4208,0x4208,0x4208,0x4208,0x39c7,0x39c7,0x31a6,0x39c7,0x31a6,
  0x3186,0x3186,0x3186,0x2965,0x3166,0x2945,0x2945,0x2124,0x2104,0x2104,0x2945,0x2124,0x2925,0x2124,0x2104,0x2124,
  0x2945,0x3186,0x31a6,0x2124,0x2124,0x2124,0x2965,0x18c3,0x1062,0x0841,0x1062,0x0841,0x0000,0x0000,0x0000,0x0000,
  0x0000,0x0000,0x0000,0x0000,0x0000,0x0000,0x0000,0x0000,0x0000,0x0000,0x0000,0x0000,0x0000,0x0000,0x0000,0x0000,
  0x0000,0x0000,0x0000,0x0000,0x0000,0x0000,0x0000,0x0000,0x0000,0x0000,0x0000,0x0000,0x0000,0x0000,0x0000,0x0000,
  0x0000,0x0000,0x0000,0x0000,0x0000,0x0000,0x0020,0x0020,0x0821,0x0020,0x0821,0x0000,0x0000,0x0000,0x0020,0x0000,
  0x0000,0x0000,0x0000,0x0000,0x0000,0x0000,0x0000,0x0000,0x0000,0x0000,0x0000,0x0000,0x0020,0x0000,0x0020,0x0000,
  0x0000,0x0000,0x0000,0x0000,0x0000,0x0000,0x0000,0x0000,0x0000,0x0000,0x0000,0x0000,0x0000,0x0000,0x0000,0x0000,
  0x0000,0x0000,0x0000,0x0000,0x0000,0x0000,0x0000,0x0000,0x0000,0x0000,0x0000,0x0000,0x0000,0x0000,0x0020,0x0000,
  0x0020,0x0000,0x0020,0x0000,0x0020,0x0000,0x0020,0x0000,0x0020,0x0000,0x0020,0x0000,0x0020,0x0000,0x0020,0x0000,
  0x0020,0x0000,0x0020,0x0000,0x0000,0x0000,0x0000,0x0000,0x0020,0x0000,0x0000,0x0000,0x0841,0x0841,0x1062,0x0861,
  0x39e7,0x41e8,0x39e7,0x39c7,0x2965,0x2104,0x0881,0x0861,0x0861,0x0861,0x0841,0x0861,0x0841,0x0841,0x0841,0x0861,
  0x0841,0x0841,0x0020,0x0841,0x0020,0x0841,0x0040,0x0861,0x1082,0x18c3,0x10a2,0x10a2,0x0861,0x0861,0x0861,0x1082,
  0x0861,0x1082,0x0861,0x0861,0x0861,0x1062,0x10a2,0x18c3,0x1082,0x0861,0x0861,0x1082,0x0841,0x0841,0x0040,0x0841,
  0x0020,0x0020,0x0000,0x0000,0x0000,0x0000,0x0000,0x0000,0x0000,0x0000,0x0000,0x0000,0x0000,0x0841,0x0020,0x0841,
  0x0020,0x0861,0x10a2,0x10a2,0x0861,0x1082,0x0861,0x1082,0x0881,0x1082,0x0881,0x1082,0x0881,0x1082,0x0861,0x18c3,
  0x10a2,0x1062,0x10a2,0x2965,0x2965,0x18a3,0x0000,0x0020,0x0000,0x0000,0x0000,0x0000,0x0000,0x0000,0x0000,0x0000,
  0x0000,0x0000,0x0000,0x0000,0x0000,0x0000,0x0000,0x0000,0x0000,0x0000,0x10a2,0x2104,0x0841,0x0841,0x0841,0x0861,
  0x0841,0x0841,0x0040,0x0020,0x0020,0x0861,0x0861,0x0861,0x0861,0x0861,0x0861,0x1082,0x0861,0x1082,0x0861,0x1082,
  0x1082,0x10a2,0x10a2,0x18e3,0x18e3,0x2124,0x2124,0x2965,0x2965,0x39c7,0x31c6,0x39e7,0x4208,0x4a49,0x4248,0x4a49,
  0x4a69,0x528a,0x4a69,0x4a69,0x4a69,0x528a,0x4a89,0x4a49,0x4a69,0x52aa,0x4a49,0x4a49,0x4248,0x4a69,0x4a69,0x4a69,
  0x4a69,0x4a69,0x4a49,0x4a69,0x4a49,0x4a69,0x4a49,0x4a69,0x4a49,0x4a49,0x4228,0x4228,0x4248,0x4a29,0x4248,0x4a49,
  0x4248,0x4a29,0x4228,0x4228,0x39c7,0x39e7,0x39e7,0x4208,0x4208,0x4208,0x39e7,0x4208,0x4208,0x4228,0x4208,0x4208,
  0x4208,0x4208,0x39e7,0x39e7,0x31a6,0x39a7,0x31a6,0x31a6,0x3186,0x3186,0x2965,0x2965,0x2945,0x2945,0x2124,0x2945,
  0x2124,0x2925,0x2144,0x2124,0x2104,0x2124,0x1903,0x2945,0x2945,0x3186,0x2965,0x2965,0x2965,0x2124,0x0881,0x1082,
  0x0841,0x0841,0x0020,0x0000,0x0000,0x0000,0x0000,0x0000,0x0000,0x0000,0x0000,0x0000,0x0000,0x0000,0x0000,0x0000,
  0x0000,0x0000,0x0000,0x0000,0x0000,0x0000,0x0000,0x0000,0x0000,0x0000,0x0000,0x0000,0x0000,0x0000,0x0000,0x0000,
  0x0000,0x0000,0x0000,0x0000,0x0000,0x0000,0x0000,0x0000,0x0000,0x0000,0x0000,0x0000,0x0000,0x0000,0x0000,0x0020,
  0x0000,0x0020,0x0020,0x0020,0x0000,0x0000,0x0000,0x0000,0x0000,0x0000,0x0000,0x0000,0x0000,0x0000,0x0000,0x0000,
  0x0000,0x0000,0x0000,0x0000,0x0000,0x0000,0x0000,0x0000,0x0000,0x0000,0x0000,0x0000,0x0000,0x0000,0x0000,0x0000,
  0x0000,0x0000,0x0000,0x0000,0x0000,0x0000,0x0000,0x0000,0x0000,0x0000,0x0000,0x0000,0x0000,0x0000,0x0000,0x0000,
  0x0000,0x0000,0x0000,0x0000,0x0000,0x0000,0x0000,0x0000,0x0000,0x0000,0x0000,0x0020,0x0000,0x0020,0x0000,0x0020,
  0x0000,0x0020,0x0000,0x0000,0x0000,0x0000,0x0000,0x0000,0x0000,0x0000,0x0000,0x0000,0x0000,0x0000,0x0000,0x0020,
  0x0000,0x0000,0x0000,0x0000,0x0000,0x0020,0x0020,0x0841,0x4208,0x31a6,0x2925,0x10c2,0x10a2,0x0861,0x0841,0x0861,
  0x1082,0x0861,0x1082,0x0861,0x1082,0x0861,0x0861,0x0861,0x0861,0x0841,0x0841,0x0020,0x0841,0x0841,0x0861,0x0861,
  0x10a2,0x10a2,0x18c3,0x10a2,0x1082,0x0861,0x1082,0x0861,0x1082,0x0861,0x0861,0x0841,0x1082,0x1082,0x18c3,0x10c2,
  0x1082,0x0861,0x1082,0x0861,0x1062,0x0841,0x0841,0x0020,0x0821,0x0000,0x0000,0x0000,0x0000,0x0000,0x0000,0x0000,
  0x0000,0x0000,0x0020,0x0000,0x0821,0x0020,0x0841,0x0040,0x0841,0x1082,0x18c3,0x0861,0x1082,0x1082,0x1082,0x1082,
  0x10a2,0x1082,0x1082,0x1082,0x1082,0x1082,0x10a2,0x10a2,0x1082,0x18e3,0x31a6,0x2104,0x0821,0x0000,0x0841,0x0000,
  0x0000,0x0000,0x0000,0x0020,0x0000,0x0000,0x0000,0x0000,0x0000,0x0000,0x0000,0x0000,0x0000,0x0000,0x0020,0x0000,
  0x0821,0x0000,0x0841,0x2124,0x10a2,0x0841,0x0841,0x0841,0x0841,0x0020,0x0861,0x0020,0x0841,0x0841,0x0861,0x0861,
  0x1082,0x0861,0x1082,0x0861,0x1082,0x1082,0x1082,0x0881,0x10a2,0x1082,0x18a3,0x10c2,0x18e3,0x18e3,0x2124,0x2945,
  0x3186,0x31a6,0x39c7,0x39c7,0x41e8,0x4208,0x4a49,0x4248,0x526a,0x4a69,0x526a,0x4a69,0x528a,0x528a,0x528a,0x4a69,
  0x528a,0x4a69,0x4a49,0x4a69,0x528a,0x4a69,0x4a69,0x4a69,0x526a,0x4a49,0x4a49,0x4a49,0x4a69,0x4a49,0x4a49,0x4248,
  0x4a69,0x4a49,0x4a49,0x4228,0x4a69,0x4228,0x4a49,0x4248,0x4a49,0x4228,0x4228,0x4208,0x4208,0x39c7,0x39e7,0x39e7,
  0x4208,0x4208,0x4a29,0x4208,0x4a29,0x4228,0x4228,0x4208,0x4228,0x4208,0x39e7,0x39c7,0x39e7,0x31a6,0x39a7,0x31a6,
  0x39a7,0x3186,0x3186,0x2965,0x3166,0x2945,0x2945,0x2124,0x2945,0x2124,0x2945,0x2104,0x2124,0x2124,0x2945,0x2965,
  0x3166,0x2945,0x3186,0x2985,0x2104,0x0861,0x0841,0x0861,0x1082,0x0841,0x0020,0x0000,0x0000,0x0000,0x0000,0x0000,
  0x0000,0x0000,0x0000,0x0000,0x0000,0x0000,0x0000,0x0000,0x0000,0x0000,0x0000,0x0000,0x0000,0x0000,0x0000,0x0000,
  0x0000,0x0000,0x0000,0x0000,0x0000,0x0000,0x0000,0x0000,0x0000,0x0000,0x0000,0x0000,0x0000,0x0000,0x0000,0x0000,
  0x0000,0x0000,0x0000,0x0000,0x0000,0x0000,0x0000,0x0000,0x0020,0x0020,0x0841,0x0020,0x0020,0x0000,0x0020,0x0000,
  0x0000,0x0000,0x0000,0x0000,0x0000,0x0000,0x0000,0x0000,0x0000,0x0000,0x0000,0x0000,0x0020,0x0000,0x0020,0x0000,
  0x0000,0x0000,0x0000,0x0000,0x0000,0x0000,0x0000,0x0000,0x0000,0x0000,0x0000,0x0000,0x0000,0x0000,0x0000,0x0000,
  0x0000,0x0000,0x0000,0x0000,0x0000,0x0000,0x0000,0x0000,0x0000,0x0000,0x0000,0x0000,0x0000,0x0000,0x0020,0x0000,
  0x0020,0x0000,0x0020,0x0000,0x0020,0x0000,0x0020,0x0000,0x0020,0x0000,0x0020,0x0000,0x0020,0x0000,0x0020,0x0000,
  0x0020,0x0000,0x0020,0x0000,0x0020,0x0000,0x0000,0x0000,0x0000,0x0000,0x0020,0x0000,0x0000,0x0000,0x0020,0x0000,
  0x2104,0x18c3,0x0841,0x0821,0x0020,0x0861,0x0861,0x1062,0x0861,0x0861,0x0861,0x1082,0x0861,0x0861,0x0861,0x0861,
  0x0841,0x0841,0x0020,0x0020,0x0020,0x0841,0x0040,0x0841,0x0861,0x10a2,0x10a2,0x10a2,0x1082,0x1082,0x0861,0x0861,
  0x0841,0x0861,0x0861,0x1082,0x0881,0x10a2,0x1082,0x10a2,0x0861,0x1082,0x0861,0x0861,0x0040,0x0841,0x0020,0x0020,
  0x0000,0x0000,0x0000,0x0000,0x0000,0x0000,0x0000,0x0000,0x0000,0x0000,0x0000,0x0020,0x0020,0x0841,0x0020,0x0841,
  0x0020,0x10a2,0x18c3,0x0841,0x0861,0x10a2,0x0861,0x10a2,0x0881,0x1082,0x0861,0x1062,0x0861,0x10a2,0x1082,0x10a2,
  0x2965,0x31a6,0x18c3,0x0020,0x0020,0x0020,0x0000,0x0000,0x0000,0x0000,0x0000,0x0000,0x0000,0x0000,0x0000,0x0000,
  0x0000,0x0000,0x0000,0x0000,0x0000,0x0000,0x0000,0x0020,0x0000,0x0000,0x0000,0x18c3,0x10c2,0x0861,0x0020,0x0841,
  0x0020,0x0841,0x0841,0x0841,0x0020,0x0020,0x0020,0x0861,0x0861,0x0861,0x0861,0x1082,0x0881,0x1082,0x0881,0x1082,
  0x1082,0x10a2,0x10a2,0x18c3,0x10c2,0x18e3,0x2104,0x2945,0x2945,0x3186,0x3186,0x39c7,0x39c7,0x39e7,0x3a07,0x4a29,
  0x4a49,0x4a69,0x4a49,0x4a69,0x4a49,0x4a69,0x4a49,0x4a69,0x4a49,0x4a69,0x4a49,0x4a69,0x4a49,0x4a69,0x4a49,0x4a69,
  0x4a49,0x4a49,0x4228,0x4a49,0x4248,0x4a49,0x4228,0x4a29,0x4248,0x4a49,0x4228,0x4a29,0x4248,0x4a49,0x4228,0x4a29,
  0x4228,0x4a49,0x4208,0x4208,0x4208,0x4208,0x39e7,0x4208,0x3a07,0x4208,0x4208,0x4228,0x4208,0x4208,0x39e7,0x4208,
  0x3a07,0x4208,0x39c7,0x39c7,0x39e7,0x39c7,0x3186,0x31a6,0x31a6,0x3186,0x2965,0x3186,0x2965,0x2965,0x2124,0x2124,
  0x1903,0x2124,0x2124,0x2104,0x2124,0x2965,0x2945,0x2965,0x2965,0x2965,0x2124,0x18c3,0x0020,0x0020,0x1082,0x0861,
  0x0841,0x0841,0x0000,0x0000,0x0000,0x0000,0x0000,0x0000,0x0000,0x0000,0x0000,0x0000,0x0000,0x0000,0x0000,0x0000,
  0x0000,0x0000,0x0000,0x0000,0x0000,0x0000,0x0000,0x0000,0x0000,0x0000,0x0000,0x0000,0x0000,0x0000,0x0000,0x0000,
  0x0000,0x0000,0x0000,0x0000,0x0000,0x0000,0x0000,0x0000,0x0000,0x0000,0x0000,0x0000,0x0000,0x0000,0x0000,0x0000,
  0x0000,0x0020,0x0000,0x0020,0x0020,0x0020,0x0000,0x0000,0x0000,0x0000,0x0000,0x0000,0x0000,0x0000,0x0000,0x0000,
  0x0000,0x0000,0x0000,0x0000,0x0000,0x0000,0x0000,0x0000,0x0000,0x0000,0x0000,0x0000,0x0000,0x0000,0x0000,0x0000,
  0x0000,0x0000,0x0000,0x0000,0x0000,0x0000,0x0000,0x0000,0x0000,0x0000,0x0000,0x0000,0x0000,0x0000,0x0000,0x0000,
  0x0000,0x0000,0x0000,0x0000,0x0000,0x0000,0x0000,0x0000,0x0000,0x0000,0x0000,0x0020,0x0000,0x0020,0x0000,0x0020,
  0x0000,0x0020,0x0000,0x0000,0x0000,0x0000,0x0000,0x0000,0x0000,0x0000,0x0000,0x0020,0x0000,0x0020,0x0000,0x0000,
  0x0000,0x0000,0x0000,0x0000,0x0000,0x0000,0x0000,0x0000,0x0841,0x0841,0x0841,0x0861,0x1082,0x0861,0x0861,0x0861,
  0x1062,0x0861,0x1082,0x1082,0x1082,0x0861,0x1062,0x0861,0x1062,0x0841,0x0841,0x0020,0x0821,0x0020,0x0841,0x0841,
  0x1062,0x1082,0x18a3,0x10a2,0x10a2,0x0861,0x1082,0x0861,0x1062,0x0861,0x1082,0x1082,0x10a2,0x10a2,0x18a3,0x1082,
  0x1082,0x0861,0x1082,0x0841,0x0841,0x0020,0x0821,0x0020,0x0020,0x0000,0x0000,0x0000,0x0000,0x0000,0x0000,0x0000,
  0x0000,0x0000,0x0020,0x0020,0x0821,0x0020,0x0841,0x0020,0x0841,0x10a2,0x18a3,0x0841,0x1082,0x1082,0x1082,0x1082,
  0x1082,0x1082,0x1082,0x1082,0x10a2,0x0861,0x18c3,0x2965,0x2945,0x1082,0x0020,0x0000,0x0020,0x0000,0x0000,0x0000,
  0x0000,0x0000,0x0000,0x0000,0x0000,0x0000,0x0000,0x0000,0x0000,0x0000,0x0000,0x0000,0x0000,0x0000,0x0000,0x0000,
  0x0000,0x0000,0x0000,0x0841,0x2945,0x1082,0x0861,0x1082,0x1062,0x0020,0x0861,0x0861,0x0841,0x0020,0x0821,0x0841,
  0x1062,0x0861,0x1082,0x1082,0x1082,0x1082,0x1082,0x1082,0x10a2,0x10a2,0x18c3,0x18c3,0x18c3,0x18c3,0x2104,0x2945,
  0x2965,0x2945,0x3186,0x31a6,0x39e7,0x39e7,0x4208,0x4228,0x4a49,0x4a49,0x4a69,0x4a69,0x4a69,0x4a49,0x4a69,0x4a49,
  0x4a69,0x4a69,0x526a,0x4a49,0x4a49,0x4a69,0x4a69,0x4a49,0x4a49,0x4228,0x4a49,0x4a49,0x4a49,0x4228,0x4a29,0x4228,
  0x4a49,0x4248,0x4a29,0x4228,0x4a49,0x4a49,0x4a49,0x4228,0x4a49,0x4228,0x4a49,0x4208,0x4228,0x4228,0x4a29,0x4228,
  0x4a29,0x4208,0x4208,0x4228,0x4228,0x39e7,0x41e8,0x39e7,0x4228,0x4208,0x41e8,0x39e7,0x41e8,0x31a6,0x39c7,0x31a6,
  0x39c7,0x3186,0x3186,0x3186,0x3186,0x2965,0x2945,0x2124,0x2124,0x2124,0x2945,0x2124,0x2945,0x2965,0x3166,0x2965,
  0x3186,0x2124,0x10a2,0x0000,0x0000,0x1082,0x18a3,0x0841,0x0841,0x0020,0x0000,0x0000,0x0020,0x0000,0x0000,0x0000,
  0x0000,0x0000,0x0000,0x0000,0x0000,0x0000,0x0000,0x0000,0x0000,0x0000,0x0000,0x0000,0x0000,0x0000,0x0000,0x0000,
  0x0000,0x0000,0x0000,0x0000,0x0000,0x0000,0x0000,0x0000,0x0000,0x0000,0x0000,0x0000,0x0000,0x0000,0x0000,0x0000,
  0x0000,0x0000,0x0000,0x0000,0x0000,0x0000,0x0000,0x0000,0x0020,0x0000,0x0020,0x0020,0x0841,0x0020,0x0020,0x0000,
  0x0020,0x0000,0x0000,0x0000,0x0000,0x0000,0x0000,0x0000,0x0000,0x0000,0x0000,0x0000,0x0020,0x0000,0x0020,0x0000,
  0x0000,0x0000,0x0000,0x0000,0x0000,0x0000,0x0000,0x0000,0x0000,0x0000,0x0000,0x0000,0x0000,0x0000,0x0000,0x0000,
  0x0000,0x0000,0x0000,0x0000,0x0000,0x0000,0x0000,0x0000,0x0000,0x0000,0x0000,0x0000,0x0000,0x0000,0x0020,0x0000,
  0x0020,0x0000,0x0020,0x0000,0x0020,0x0000,0x0020,0x0000,0x0020,0x0000,0x0020,0x0000,0x0020,0x0000,0x0020,0x0000,
  0x0020,0x0000,0x0020,0x0000,0x0020,0x0000,0x0821,0x0020,0x0020,0x0000,0x0000,0x0000,0x0020,0x0000,0x0020,0x0000,
  0x0841,0x0841,0x0040,0x0861,0x0861,0x0861,0x0861,0x0861,0x0841,0x0841,0x0841,0x1082,0x0881,0x1082,0x0881,0x10a2,
  0x0881,0x1082,0x0861,0x0841,0x0020,0x0020,0x0020,0x0841,0x0861,0x1082,0x0861,0x1082,0x0861,0x0841,0x0861,0x1082,
  0x1082,0x1082,0x0861,0x1082,0x10a2,0x18a3,0x10a2,0x10a2,0x0861,0x1062,0x0861,0x0861,0x0040,0x0841,0x0020,0x0020,
  0x0000,0x0000,0x0000,0x0000,0x0000,0x0000,0x0000,0x0000,0x0000,0x0000,0x0000,0x0020,0x0000,0x0841,0x0040,0x0020,
  0x0841,0x18c3,0x0861,0x1082,0x0881,0x1082,0x0861,0x1082,0x0861,0x1082,0x1082,0x1082,0x0861,0x18e3,0x2124,0x2124,
  0x0861,0x0000,0x0000,0x0020,0x0000,0x0020,0x0000,0x0000,0x0000,0x0000,0x0000,0x0000,0x0000,0x0000,0x0000,0x0000,
  0x0000,0x0000,0x0000,0x0000,0x0000,0x0000,0x0000,0x0000,0x0000,0x0000,0x0000,0x0000,0x1903,0x18c3,0x1082,0x1082,
  0x0841,0x0821,0x0020,0x0841,0x0040,0x0841,0x0020,0x0841,0x0841,0x0861,0x0861,0x1082,0x0861,0x1082,0x0881,0x1082,
  0x0861,0x1082,0x10a2,0x18c3,0x18c3,0x18c3,0x18e3,0x2124,0x2124,0x2945,0x2965,0x31a6,0x31a6,0x39e7,0x39e7,0x4228,
  0x4208,0x4a29,0x4248,0x4a69,0x4a49,0x4a49,0x4a49,0x4a49,0x4a49,0x4a69,0x4a49,0x4a49,0x4248,0x526a,0x4a49,0x4228,
  0x4228,0x4a49,0x4228,0x4a49,0x4228,0x4228,0x4228,0x4228,0x4228,0x4a29,0x4228,0x4228,0x4208,0x4a49,0x4228,0x4a49,
  0x4228,0x4228,0x4228,0x4228,0x4208,0x4a49,0x4208,0x4228,0x4228,0x4208,0x3a07,0x4228,0x39e7,0x41e8,0x39e7,0x4208,
  0x4208,0x4208,0x39e7,0x4208,0x39c7,0x31a6,0x39c7,0x39e7,0x39c7,0x39c7,0x3186,0x31a6,0x2965,0x2945,0x2104,0x2945,
  0x2144,0x2925,0x2945,0x2965,0x2945,0x2965,0x2965,0x2965,0x18e3,0x0861,0x0000,0x0000,0x0841,0x18a3,0x0841,0x0841,
  0x0020,0x0000,0x0000,0x0000,0x0000,0x0000,0x0000,0x0000,0x0000,0x0000,0x0000,0x0000,0x0000,0x0000,0x0000,0x0000,
  0x0000,0x0000,0x0000,0x0000,0x0000,0x0000,0x0000,0x0000,0x0000,0x0000,0x0000,0x0000,0x0000,0x0000,0x0000,0x0000,
  0x0000,0x0000,0x0000,0x0000,0x0000,0x0000,0x0000,0x0000,0x0000,0x0000,0x0000,0x0000,0x0000,0x0000,0x0000,0x0000,
  0x0000,0x0000,0x0000,0x0020,0x0000,0x0020,0x0000,0x0020,0x0000,0x0000,0x0000,0x0000,0x0000,0x0000,0x0000,0x0000,
  0x0000,0x0000,0x0000,0x0000,0x0000,0x0000,0x0000,0x0000,0x0000,0x0000,0x0000,0x0000,0x0000,0x0000,0x0000,0x0000,
  0x0000,0x0000,0x0000,0x0000,0x0000,0x0000,0x0000,0x0000,0x0000,0x0000,0x0000,0x0000,0x0000,0x0000,0x0000,0x0000,
  0x0000,0x0000,0x0000,0x0000,0x0000,0x0000,0x0000,0x0000,0x0000,0x0000,0x0000,0x0000,0x0000,0x0000,0x0000,0x0000,
  0x0000,0x0000,0x0000,0x0000,0x0000,0x0000,0x0000,0x0000,0x0000,0x0000,0x0000,0x0000,0x0000,0x0000,0x0000,0x0000,
  0x0000,0x0000,0x0000,0x0000,0x0000,0x0000,0x0000,0x0000,0x0841,0x0841,0x0841,0x0841,0x0861,0x0861,0x0861,0x0861,
  0x1062,0x0841,0x0861,0x0861,0x1082,0x0841,0x1082,0x1082,0x1082,0x1082,0x1082,0x0861,0x0841,0x0841,0x0861,0x0841,
  0x1062,0x0861,0x0861,0x0861,0x1062,0x0861,0x1082,0x1082,0x1082,0x0861,0x1082,0x1082,0x18c3,0x10a2,0x10a2,0x1082,
  0x1082,0x0861,0x0861,0x0841,0x0841,0x0020,0x0821,0x0000,0x0000,0x0000,0x0000,0x0000,0x0000,0x0000,0x0000,0x0000,
  0x0000,0x0000,0x0020,0x0020,0x0020,0x0020,0x0841,0x0020,0x1062,0x10a2,0x1082,0x0881,0x10a2,0x1082,0x1082,0x0881,
  0x1082,0x1082,0x1082,0x0841,0x2104,0x31a6,0x2104,0x0040,0x0020,0x0000,0x0000,0x0000,0x0000,0x0000,0x0020,0x0000,
  0x0000,0x0000,0x0000,0x0000,0x0000,0x0000,0x0000,0x0000,0x0000,0x0000,0x0000,0x0000,0x0000,0x0000,0x0000,0x0000,
  0x0000,0x0000,0x0000,0x0000,0x0821,0x18c3,0x18e3,0x0841,0x0841,0x0841,0x0821,0x0020,0x0841,0x0841,0x1082,0x0861,
  0x1062,0x0020,0x0841,0x0861,0x1062,0x1082,0x10a2,0x1082,0x1082,0x1082,0x18c3,0x10c2,0x18c3,0x18c3,0x2104,0x2104,
  0x2925,0x2945,0x3186,0x3186,0x39c7,0x39c7,0x4208,0x4208,0x4a29,0x4228,0x4a49,0x4a49,0x4a49,0x4a49,0x4a49,0x4a49,
  0x4a69,0x4a49,0x4a49,0x4228,0x4a29,0x4228,0x4a49,0x4a49,0x4a49,0x4228,0x4a49,0x4228,0x4a29,0x4228,0x4228,0x4228,
  0x4a49,0x4228,0x4a49,0x4228,0x4a49,0x4228,0x4a49,0x4228,0x4a29,0x4208,0x4228,0x4208,0x4228,0x4228,0x4228,0x4208,
  0x4a29,0x4208,0x4208,0x4228,0x4228,0x4208,0x4208,0x3a07,0x4208,0x39e7,0x39e7,0x39e7,0x39e7,0x31a6,0x39e7,0x39c7,
  0x39c7,0x39c7,0x39c7,0x31a6,0x3186,0x2945,0x2124,0x2124,0x2945,0x2945,0x2965,0x2945,0x3186,0x2965,0x2925,0x10a2,
  0x0841,0x0020,0x0000,0x0841,0x18c3,0x0861,0x0841,0x0020,0x0020,0x0000,0x0000,0x0000,0x0000,0x0000,0x0000,0x0000,
  0x0000,0x0000,0x0000,0x0000,0x0000,0x0000,0x0000,0x0000,0x0000,0x0000,0x0000,0x0000,0x0000,0x0000,0x0000,0x0000,
  0x0000,0x0000,0x0000,0x0000,0x0000,0x0000,0x0000,0x0000,0x0000,0x0000,0x0000,0x0000,0x0000,0x0000,0x0000,0x0000,
  0x0000,0x0000,0x0000,0x0000,0x0000,0x0000,0x0000,0x0000,0x0000,0x0000,0x0000,0x0000,0x0821,0x0020,0x0020,0x0020,
  0x0020,0x0000,0x0000,0x0000,0x0000,0x0000,0x0000,0x0000,0x0000,0x0000,0x0020,0x0000,0x0020,0x0000,0x0000,0x0000,
  0x0000,0x0000,0x0000,0x0000,0x0000,0x0000,0x0000,0x0000,0x0000,0x0000,0x0000,0x0000,0x0000,0x0000,0x0000,0x0000,
  0x0000,0x0000,0x0000,0x0000,0x0000,0x0000,0x0000,0x0000,0x0000,0x0000,0x0020,0x0000,0x0020,0x0000,0x0020,0x0000,
  0x0020,0x0000,0x0020,0x0000,0x0020,0x0000,0x0020,0x0000,0x0020,0x0000,0x0020,0x0000,0x0020,0x0000,0x0020,0x0000,
  0x0020,0x0000,0x0020,0x0000,0x0020,0x0000,0x0020,0x0000,0x0020,0x0000,0x0020,0x0000,0x0020,0x0000,0x0020,0x0000,
  0x0841,0x0861,0x0841,0x0841,0x0040,0x0861,0x0861,0x0861,0x0841,0x0861,0x0861,0x1062,0x0861,0x0861,0x0841,0x0861,
  0x0861,0x1082,0x0861,0x1082,0x0841,0x0861,0x0841,0x0861,0x0861,0x0861,0x0861,0x1082,0x0861,0x0861,0x1082,0x1082,
  0x0861,0x0861,0x0861,0x10a2,0x10a2,0x10a2,0x0861,0x1082,0x0881,0x0861,0x0841,0x0841,0x0020,0x0020,0x0000,0x0000,
  0x0000,0x0000,0x0000,0x0000,0x0000,0x0000,0x0000,0x0000,0x0000,0x0000,0x0000,0x0821,0x0000,0x0841,0x0020,0x0841,
  0x0861,0x10a2,0x0861,0x1082,0x0881,0x1082,0x0861,0x1082,0x0861,0x1082,0x0841,0x2925,0x31a6,0x10a2,0x0000,0x0000,
  0x0000,0x0020,0x0000,0x0000,0x0000,0x0000,0x0000,0x0000,0x0000,0x0000,0x0000,0x0000,0x0000,0x0000,0x0000,0x0000,
  0x0000,0x0000,0x0000,0x0000,0x0000,0x0000,0x0000,0x0000,0x0000,0x0000,0x0000,0x0000,0x0000,0x0861,0x18c3,0x18c3,
  0x0861,0x0861,0x0841,0x0841,0x0040,0x0841,0x0841,0x0861,0x0841,0x0861,0x0020,0x0020,0x0020,0x0861,0x0861,0x1082,
  0x1082,0x10a2,0x1082,0x10a2,0x10a2,0x18c3,0x18e3,0x2104,0x18e3,0x2124,0x2945,0x3186,0x3186,0x31a6,0x39c7,0x4208,
  0x4208,0x4228,0x4228,0x4a49,0x4228,0x4a49,0x4a49,0x4a49,0x4248,0x4a49,0x4228,0x4228,0x4208,0x4228,0x4228,0x4a49,
  0x4228,0x4228,0x4228,0x4228,0x4228,0x4228,0x4208,0x4a29,0x4228,0x4a49,0x4228,0x4a49,0x4228,0x4228,0x4228,0x4228,
  0x4208,0x4228,0x4208,0x4208,0x4208,0x4a49,0x4208,0x4208,0x4228,0x4208,0x3a07,0x4208,0x3a07,0x4208,0x4208,0x4208,
  0x39e7,0x4208,0x39c7,0x39e7,0x31a6,0x3186,0x31a6,0x31a6,0x2965,0x3186,0x3186,0x3166,0x2945,0x2945,0x2104,0x2124,
  0x2124,0x2945,0x2144,0x2965,0x2945,0x2124,0x0881,0x0000,0x0000,0x0020,0x0000,0x1082,0x10c2,0x0841,0x0841,0x0020,
  0x0000,0x0000,0x0000,0x0000,0x0000,0x0000,0x0000,0x0000,0x0000,0x0000,0x0000,0x0000,0x0000,0x0000,0x0000,0x0000,
  0x0000,0x0000,0x0000,0x0000,0x0000,0x0000,0x0000,0x0000,0x0000,0x0000,0x0000,0x0000,0x0000,0x0000,0x0000,0x0000,
  0x0000,0x0000,0x0000,0x0000,0x0000,0x0000,0x0000,0x0000,0x0000,0x0000,0x0000,0x0000,0x0000,0x0000,0x0000,0x0000,
  0x0000,0x0000,0x0000,0x0000,0x0000,0x0020,0x0000,0x0020,0x0000,0x0000,0x0000,0x0000,0x0000,0x0000,0x0000,0x0000,
  0x0000,0x0000,0x0000,0x0000,0x0000,0x0000,0x0000,0x0000,0x0000,0x0000,0x0000,0x0000,0x0000,0x0000,0x0000,0x0000,
  0x0000,0x0000,0x0000,0x0000,0x0000,0x0000,0x0000,0x0000,0x0000,0x0000,0x0000,0x0000,0x0000,0x0000,0x0000,0x0000,
  0x0000,0x0000,0x0000,0x0000,0x0000,0x0000,0x0000,0x0000,0x0000,0x0000,0x0000,0x0000,0x0000,0x0000,0x0000,0x0000,
  0x0000,0x0000,0x0000,0x0000,0x0000,0x0000,0x0000,0x0000,0x0000,0x0000,0x0000,0x0000,0x0000,0x0000,0x0000,0x0000,
  0x0000,0x0000,0x0000,0x0000,0x0000,0x0000,0x0000,0x0000,0x0861,0x0841,0x0841,0x0020,0x0841,0x0841,0x1062,0x0861,
  0x0861,0x0841,0x1062,0x0861,0x1082,0x0861,0x0861,0x0841,0x1082,0x0861,0x1082,0x0861,0x1062,0x0841,0x0841,0x0841,
  0x0861,0x0861,0x1082,0x1082,0x1082,0x0861,0x1082,0x1082,0x1082,0x0861,0x10a2,0x10a2,0x18c3,0x1082,0x1082,0x0861,
  0x1082,0x0861,0x0841,0x0020,0x0841,0x0020,0x0020,0x0000,0x0000,0x0000,0x0000,0x0000,0x0000,0x0000,0x0000,0x0000,
  0x0020,0x0000,0x0821,0x0020,0x0841,0x0841,0x0841,0x0841,0x10a2,0x0861,0x1082,0x1082,0x1082,0x0881,0x1082,0x0861,
  0x1062,0x0861,0x2945,0x2965,0x10a2,0x0020,0x0861,0x0000,0x0000,0x0000,0x0000,0x0000,0x0000,0x0000,0x0000,0x0000,
  0x0000,0x0000,0x0000,0x0000,0x0000,0x0000,0x0000,0x0000,0x0000,0x0000,0x0000,0x0000,0x0000,0x0000,0x0000,0x0000,
  0x0000,0x0000,0x0000,0x0000,0x0000,0x0000,0x1062,0x18c3,0x18c3,0x0861,0x0861,0x0841,0x0841,0x0020,0x0821,0x0841,
  0x0861,0x0861,0x0841,0x0000,0x0020,0x0020,0x0861,0x0861,0x10a2,0x10a2,0x18c3,0x10a2,0x18a3,0x10c2,0x2104,0x2104,
  0x2104,0x2124,0x2945,0x2965,0x3186,0x3186,0x39c7,0x39e7,0x4228,0x4208,0x4a49,0x4228,0x4a49,0x4248,0x4a69,0x4a49,
  0x4a49,0x4a49,0x4a49,0x4228,0x4a49,0x4228,0x4a49,0x4228,0x4228,0x4208,0x4a29,0x4228,0x4a29,0x4228,0x4a69,0x4a49,
  0x4a69,0x4a49,0x4a49,0x4208,0x4228,0x4248,0x4a49,0x4228,0x4a49,0x4228,0x4a29,0x4208,0x4228,0x4228,0x4228,0x4208,
  0x4a29,0x4208,0x4228,0x4208,0x4228,0x4208,0x4228,0x4208,0x4208,0x4208,0x39e7,0x31a6,0x31a6,0x2985,0x39a7,0x3186,
  0x3186,0x2965,0x3186,0x2945,0x2945,0x2124,0x2925,0x2124,0x2945,0x2945,0x3186,0x2965,0x18e3,0x0841,0x0020,0x0020,
  0x0020,0x0020,0x1082,0x1082,0x0861,0x0020,0x0841,0x0000,0x0000,0x0000,0x0000,0x0000,0x0000,0x0000,0x0000,0x0000,
  0x0000,0x0000,0x0000,0x0000,0x0000,0x0000,0x0000,0x0000,0x0000,0x0000,0x0000,0x0000,0x0000,0x0000,0x0000,0x0000,
  0x0000,0x0000,0x0000,0x0000,0x0000,0x0000,0x0000,0x0000,0x0000,0x0000,0x0000,0x0000,0x0000,0x0000,0x0000,0x0000,
  0x0000,0x0000,0x0000,0x0000,0x0000,0x0000,0x0000,0x0000,0x0000,0x0000,0x0000,0x0000,0x0000,0x0000,0x0020,0x0020,
  0x0020,0x0000,0x0000,0x0000,0x0000,0x0000,0x0000,0x0000,0x0000,0x0000,0x0020,0x0000,0x0020,0x0000,0x0000,0x0000,
  0x0000,0x0000,0x0000,0x0000,0x0000,0x0000,0x0000,0x0000,0x0000,0x0000,0x0000,0x0000,0x0000,0x0000,0x0000,0x0000,
  0x0000,0x0000,0x0000,0x0000,0x0000,0x0000,0x0000,0x0000,0x0000,0x0000,0x0020,0x0000,0x0020,0x0000,0x0020,0x0000,
  0x0020,0x0000,0x0020,0x0000,0x0020,0x0000,0x0020,0x0000,0x0020,0x0000,0x0020,0x0000,0x0020,0x0000,0x0020,0x0000,
  0x0020,0x0000,0x0020,0x0000,0x0020,0x0000,0x0020,0x0000,0x0020,0x0000,0x0020,0x0000,0x0020,0x0000,0x0020,0x0000,
  0x0020,0x0841,0x0020,0x0020,0x0020,0x0821,0x0040,0x0841,0x0841,0x0841,0x0841,0x0861,0x0861,0x1082,0x0861,0x1082,
  0x0861,0x1082,0x0861,0x0861,0x0841,0x0861,0x0861,0x0861,0x0861,0x1082,0x0861,0x1082,0x0861,0x1062,0x0861,0x1082,
  0x0881,0x10a2,0x10a2,0x18c3,0x1082,0x1082,0x0861,0x1082,0x0861,0x0861,0x0040,0x0020,0x0020,0x0020,0x0000,0x0000,
  0x0000,0x0000,0x0000,0x0000,0x0000,0x0000,0x0000,0x0000,0x0000,0x0020,0x0020,0x0841,0x0040,0x0841,0x0020,0x0841,
  0x10a2,0x1062,0x0861,0x1082,0x0861,0x1082,0x0861,0x0861,0x0841,0x2925,0x2965,0x10a2,0x0000,0x0841,0x0020,0x0000,
  0x0000,0x0000,0x0000,0x0000,0x0000,0x0000,0x0000,0x0000,0x0000,0x0000,0x0000,0x0000,0x0000,0x0000,0x0000,0x0000,
  0x0000,0x0000,0x0000,0x0000,0x0000,0x0000,0x0000,0x0000,0x0000,0x0000,0x0000,0x0000,0x0000,0x0000,0x0000,0x0861,
  0x10a2,0x10a2,0x0020,0x0020,0x0020,0x0020,0x0020,0x0841,0x0841,0x0841,0x0841,0x0841,0x0000,0x0000,0x0020,0x0841,
  0x0841,0x1082,0x10c2,0x18c3,0x10a2,0x18c3,0x18e3,0x2104,0x18e3,0x2124,0x2124,0x2965,0x2965,0x3186,0x31a6,0x39e7,
  0x39e7,0x4208,0x4228,0x4228,0x4228,0x4a49,0x4248,0x4a49,0x4228,0x4228,0x4228,0x4228,0x4228,0x4a29,0x4208,0x4228,
  0x4208,0x4228,0x4228,0x4a49,0x4228,0x4a29,0x4228,0x4a49,0x4a49,0x4a69,0x4248,0x4228,0x4228,0x4a49,0x4228,0x4a49,
  0x4228,0x4a29,0x4228,0x4228,0x4208,0x4a29,0x3a07,0x4208,0x4208,0x4208,0x3a07,0x4228,0x4208,0x4208,0x3a07,0x4208,
  0x39e7,0x4208,0x31c6,0x31a6,0x3186,0x31a6,0x31c6,0x39c7,0x31a6,0x39c7,0x2985,0x2965,0x2945,0x2945,0x2124,0x2945,
  0x2965,0x3186,0x2104,0x10a2,0x0020,0x0000,0x0000,0x0841,0x0000,0x0020,0x10a2,0x10a2,0x0000,0x0821,0x0000,0x0000,
  0x0000,0x0000,0x0000,0x0000,0x0000,0x0000,0x0000,0x0000,0x0000,0x0000,0x0000,0x0000,0x0000,0x0000,0x0000,0x0000,
  0x0000,0x0000,0x0000,0x0000,0x0000,0x0000,0x0000,0x0000,0x0000,0x0000,0x0000,0x0000,0x0000,0x0000,0x0000,0x0000,
  0x0000,0x0000,0x0000,0x0000,0x0000,0x0000,0x0000,0x0000,0x0000,0x0000,0x0000,0x0000,0x0000,0x0000,0x0000,0x0000,
  0x0000,0x0000,0x0000,0x0000,0x0000,0x0000,0x0000,0x0020,0x0000,0x0000,0x0000,0x0000,0x0000,0x0000,0x0000,0x0000,
  0x0000,0x0000,0x0000,0x0000,0x0000,0x0000,0x0000,0x0000,0x0000,0x0000,0x0000,0x0000,0x0000,0x0000,0x0000,0x0000,
  0x0000,0x0000,0x0000,0x0000,0x0000,0x0000,0x0000,0x0000,0x0000,0x0000,0x0000,0x0000,0x0000,0x0000,0x0000,0x0000,
  0x0000,0x0000,0x0000,0x0000,0x0000,0x0000,0x0000,0x0000,0x0000,0x0000,0x0000,0x0000,0x0000,0x0000,0x0000,0x0000,
  0x0000,0x0000,0x0000,0x0000,0x0000,0x0000,0x0000,0x0000,0x0000,0x0000,0x0000,0x0000,0x0000,0x0000,0x0000,0x0000,
  0x0000,0x0000,0x0000,0x0000,0x0000,0x0000,0x0000,0x0000,0x0821,0x0020,0x0841,0x0020,0x0821,0x0020,0x0841,0x0841,
  0x0841,0x0841,0x0841,0x0841,0x1082,0x1082,0x1082,0x0881,0x1082,0x0861,0x1062,0x0861,0x0861,0x0861,0x1082,0x0881,
  0x1082,0x1082,0x1082,0x0861,0x1062,0x0861,0x1082,0x0881,0x10a2,0x10a2,0x18c3,0x10c2,0x10a2,0x1082,0x1082,0x0861,
  0x1062,0x0841,0x0841,0x0020,0x0821,0x0000,0x0020,0x0000,0x0000,0x0000,0x0000,0x0000,0x0000,0x0000,0x0000,0x0000,
  0x0020,0x0020,0x0841,0x0841,0x0841,0x0841,0x0020,0x0841,0x18c3,0x0861,0x1082,0x0881,0x1082,0x0861,0x1082,0x0881,
  0x2104,0x2945,0x10a2,0x0020,0x1062,0x0020,0x0000,0x0020,0x0020,0x0000,0x0000,0x0000,0x0000,0x0000,0x0000,0x0000,
  0x0000,0x0000,0x0000,0x0000,0x0000,0x0000,0x0000,0x0000,0x0000,0x0000,0x0000,0x0000,0x0000,0x0000,0x0020,0x0000,
  0x0000,0x0000,0x0000,0x0000,0x0000,0x0000,0x0000,0x0000,0x1082,0x18c3,0x10a2,0x0040,0x0841,0x0020,0x0841,0x0040,
  0x0841,0x0020,0x1082,0x0861,0x0020,0x0000,0x0020,0x0000,0x0020,0x0020,0x1082,0x10a2,0x18c3,0x18c3,0x18e3,0x18e3,
  0x2104,0x2104,0x2945,0x2945,0x3166,0x3186,0x39c7,0x39c7,0x39e7,0x4208,0x4228,0x4228,0x4a49,0x4228,0x4228,0x4228,
  0x4a49,0x4228,0x4228,0x4228,0x4a29,0x4228,0x4a29,0x4228,0x4a49,0x4a49,0x4a49,0x4a49,0x4a49,0x4228,0x4a49,0x4228,
  0x4a49,0x4a49,0x4a69,0x4a69,0x526a,0x4228,0x4a49,0x4248,0x4a49,0x4228,0x4228,0x4208,0x4a29,0x4a49,0x4228,0x39e7,
  0x4228,0x39e7,0x4208,0x4228,0x4208,0x39e7,0x4208,0x39e7,0x4208,0x39e7,0x39e7,0x31c6,0x39a7,0x39c7,0x4208,0x39c7,
  0x39c7,0x39c7,0x31a6,0x2965,0x3166,0x2945,0x2965,0x2965,0x3186,0x2104,0x1062,0x0000,0x0020,0x0020,0x0020,0x0000,
  0x0000,0x0861,0x1082,0x0861,0x0821,0x0000,0x0020,0x0000,0x0000,0x0000,0x0000,0x0000,0x0000,0x0000,0x0000,0x0000,
  0x0000,0x0000,0x0000,0x0000,0x0000,0x0000,0x0000,0x0000,0x0000,0x0000,0x0000,0x0000,0x0000,0x0000,0x0000,0x0000,
  0x0000,0x0000,0x0000,0x0000,0x0000,0x0000,0x0000,0x0000,0x0000,0x0000,0x0000,0x0000,0x0000,0x0000,0x0000,0x0000,
  0x0000,0x0000,0x0000,0x0000,0x0000,0x0000,0x0000,0x0000,0x0000,0x0000,0x0000,0x0000,0x0000,0x0000,0x0020,0x0000,
  0x0020,0x0000,0x0000,0x0000,0x0000,0x0000,0x0000,0x0000,0x0000,0x0000,0x0020,0x0000,0x0020,0x0000,0x0000,0x0000,
  0x0000,0x0000,0x0000,0x0000,0x0000,0x0000,0x0000,0x0000,0x0000,0x0000,0x0000,0x0000,0x0000,0x0000,0x0000,0x0000,
  0x0000,0x0000,0x0000,0x0000,0x0000,0x0000,0x0000,0x0000,0x0000,0x0000,0x0020,0x0000,0x0020,0x0000,0x0020,0x0000,
  0x0020,0x0000,0x0020,0x0000,0x0020,0x0000,0x0020,0x0000,0x0020,0x0000,0x0020,0x0000,0x0020,0x0000,0x0020,0x0000,
  0x0020,0x0000,0x0020,0x0000,0x0020,0x0000,0x0020,0x0000,0x0020,0x0000,0x0020,0x0000,0x0020,0x0000,0x0020,0x0000,
  0x0020,0x0841,0x0841,0x0841,0x0020,0x0841,0x0841,0x0861,0x0040,0x0841,0x0040,0x0841,0x0841,0x1082,0x0861,0x0861,
  0x0841,0x0861,0x0841,0x0861,0x0861,0x0861,0x0841,0x0861,0x0861,0x1082,0x0861,0x0861,0x0861,0x1082,0x0861,0x1082,
  0x1082,0x18c3,0x10a2,0x10a2,0x0881,0x1082,0x0861,0x1062,0x0841,0x0841,0x0040,0x0020,0x0000,0x0000,0x0000,0x0000,
  0x0000,0x0000,0x0000,0x0000,0x0000,0x0000,0x0000,0x0000,0x0000,0x0020,0x0020,0x0841,0x0020,0x0841,0x0000,0x0861,
  0x10a2,0x1082,0x0881,0x1082,0x0881,0x0861,0x0861,0x18c3,0x2965,0x1082,0x0040,0x0841,0x0000,0x0000,0x0020,0x0000,
  0x0000,0x0000,0x0000,0x0000,0x0000,0x0000,0x0000,0x0000,0x0000,0x0000,0x0000,0x0000,0x0000,0x0000,0x0000,0x0000,
  0x0000,0x0000,0x0000,0x0000,0x0000,0x0020,0x0000,0x0000,0x0000,0x0000,0x0000,0x0000,0x0000,0x0000,0x0000,0x0000,
  0x0020,0x10a2,0x18c3,0x1082,0x0040,0x0020,0x0000,0x0821,0x0040,0x0841,0x0841,0x0861,0x0020,0x0020,0x0000,0x0000,
  0x0000,0x0000,0x0020,0x1062,0x1082,0x18c3,0x18c3,0x18e3,0x18e3,0x2104,0x2124,0x2945,0x2945,0x2965,0x3186,0x39c7,
  0x39c7,0x4208,0x4208,0x4228,0x4208,0x4208,0x4208,0x4a49,0x4228,0x4228,0x4228,0x4228,0x4208,0x4228,0x4228,0x4a49,
  0x4228,0x4a49,0x4a49,0x4a49,0x4228,0x4a49,0x4a69,0x4a49,0x4228,0x4a49,0x4228,0x4a49,0x4248,0x4228,0x4228,0x4a29,
  0x4228,0x4228,0x4208,0x4208,0x4228,0x4a49,0x4208,0x4208,0x4208,0x4208,0x39e7,0x4208,0x39e7,0x39e7,0x39e7,0x4208,
  0x3a07,0x4208,0x39e7,0x39e7,0x31a6,0x39c7,0x39e7,0x39c7,0x31a6,0x39c7,0x3186,0x3186,0x2945,0x2965,0x2965,0x2965,
  0x2104,0x0020,0x0020,0x0841,0x0020,0x0000,0x0000,0x0020,0x0020,0x1082,0x0020,0x0000,0x0000,0x0000,0x0000,0x0000,
  0x0000,0x0000,0x0000,0x0000,0x0000,0x0000,0x0000,0x0000,0x0000,0x0000,0x0000,0x0000,0x0000,0x0000,0x0000,0x0000,
  0x0000,0x0000,0x0000,0x0000,0x0000,0x0000,0x0000,0x0000,0x0000,0x0000,0x0000,0x0000,0x0000,0x0000,0x0000,0x0000,
  0x0000,0x0000,0x0000,0x0000,0x0000,0x0000,0x0000,0x0000,0x0000,0x0000,0x0000,0x0000,0x0000,0x0000,0x0000,0x0000,
  0x0000,0x0000,0x0000,0x0000,0x0000,0x0000,0x0000,0x0000,0x0000,0x0000,0x0000,0x0000,0x0000,0x0000,0x0000,0x0000,
  0x0000,0x0000,0x0000,0x0000,0x0000,0x0000,0x0000,0x0000,0x0000,0x0000,0x0000,0x0000,0x0000,0x0000,0x0000,0x0000,
  0x0000,0x0000,0x0000,0x0000,0x0000,0x0000,0x0000,0x0000,0x0000,0x0000,0x0000,0x0000,0x0000,0x0000,0x0000,0x0000,
  0x0000,0x0000,0x0000,0x0000,0x0000,0x0000,0x0000,0x0000,0x0000,0x0000,0x0000,0x0000,0x0000,0x0000,0x0000,0x0000,
  0x0000,0x0000,0x0000,0x0000,0x0000,0x0000,0x0000,0x0000,0x0000,0x0000,0x0000,0x0000,0x0000,0x0000,0x0000,0x0000,
  0x0000,0x0000,0x0000,0x0000,0x0000,0x0000,0x0000,0x0000,0x0841,0x0020,0x0841,0x0020,0x0841,0x0040,0x0841,0x0841,
  0x0861,0x0861,0x1062,0x0841,0x0841,0x0020,0x0861,0x0861,0x1082,0x0861,0x1082,0x0861,0x0861,0x0841,0x0861,0x0861,
  0x1082,0x0881,0x1082,0x1082,0x1082,0x0861,0x1082,0x1082,0x18a3,0x10a2,0x18c3,0x10a2,0x10a2,0x1082,0x1082,0x0861,
  0x0861,0x0841,0x0841,0x0020,0x0020,0x0000,0x0000,0x0000,0x0000,0x0000,0x0000,0x0000,0x0000,0x0000,0x0000,0x0000,
  0x0821,0x0020,0x0861,0x0841,0x0821,0x0861,0x0841,0x18c3,0x1082,0x10a2,0x10a2,0x1082,0x1082,0x0861,0x18e3,0x2965,
  0x10a2,0x0861,0x0821,0x0000,0x0000,0x0000,0x0000,0x0000,0x0000,0x0000,0x0000,0x0000,0x0000,0x0000,0x0000,0x0000,
  0x0000,0x0000,0x0000,0x0000,0x0000,0x0000,0x0000,0x0000,0x0020,0x0000,0x0000,0x0000,0x0020,0x0000,0x0020,0x0000,
  0x0000,0x0000,0x0000,0x0000,0x0000,0x0000,0x0000,0x0000,0x0000,0x0020,0x10a2,0x10a2,0x1082,0x0020,0x0821,0x0841,
  0x0841,0x0020,0x0841,0x0861,0x1082,0x0020,0x0000,0x0000,0x0020,0x0000,0x0821,0x0000,0x0841,0x10a2,0x20e4,0x18e3,
  0x2104,0x2124,0x2945,0x2945,0x2965,0x2965,0x39a7,0x39c7,0x41e8,0x3a07,0x4228,0x4208,0x4208,0x4208,0x4a49,0x4208,
  0x4228,0x4228,0x4a49,0x4228,0x4208,0x4228,0x4a49,0x4228,0x4a49,0x4a49,0x4a69,0x4a49,0x4a49,0x4a49,0x4a69,0x4a49,
  0x4a49,0x4228,0x4a49,0x4a49,0x4a49,0x4228,0x4a29,0x4228,0x4228,0x4208,0x4228,0x4208,0x4208,0x4208,0x4208,0x4208,
  0x4a49,0x4208,0x4228,0x39e7,0x4208,0x4228,0x4228,0x4208,0x4228,0x4228,0x4a29,0x39e7,0x39e7,0x39c7,0x4208,0x39e7,
  0x39c7,0x3186,0x31a6,0x2965,0x3166,0x3186,0x3186,0x18c3,0x0020,0x0020,0x0821,0x0020,0x0020,0x0000,0x0821,0x0000,
  0x0861,0x0861,0x10a2,0x0000,0x0000,0x0020,0x0020,0x0000,0x0000,0x0000,0x0000,0x0000,0x0000,0x0000,0x0000,0x0000,
  0x0000,0x0000,0x0000,0x0000,0x0000,0x0000,0x0000,0x0000,0x0000,0x0000,0x0000,0x0000,0x0000,0x0000,0x0000,0x0000,
  0x0000,0x0000,0x0000,0x0000,0x0000,0x0000,0x0000,0x0000,0x0000,0x0000,0x0000,0x0000,0x0000,0x0000,0x0000,0x0000,
  0x0000,0x0000,0x0000,0x0000,0x0000,0x0000,0x0000,0x0000,0x0000,0x0000,0x0000,0x0000,0x0000,0x0000,0x0000,0x0000,
  0x0020,0x0000,0x0000,0x0000,0x0000,0x0000,0x0000,0x0000,0x0020,0x0000,0x0020,0x0000,0x0000,0x0000,0x0000,0x0000,
  0x0000,0x0000,0x0000,0x0000,0x0000,0x0000,0x0000,0x0000,0x0000,0x0000,0x0000,0x0000,0x0000,0x0000,0x0000,0x0000,
  0x0000,0x0000,0x0000,0x0000,0x0000,0x0000,0x0000,0x0000,0x0000,0x0000,0x0000,0x0000,0x0020,0x0000,0x0020,0x0000,
  0x0020,0x0000,0x0020,0x0000,0x0020,0x0000,0x0020,0x0000,0x0020,0x0000,0x0020,0x0000,0x0020,0x0000,0x0020,0x0000,
  0x0020,0x0000,0x0000,0x0000,0x0000,0x0000,0x0000,0x0000,0x0000,0x0000,0x0000,0x0000,0x0000,0x0000,0x0000,0x0000,
  0x0020,0x0841,0x0020,0x0020,0x0020,0x0020,0x0020,0x0000,0x0000,0x0020,0x0020,0x0841,0x0020,0x0841,0x0841,0x0861,
  0x0841,0x0861,0x0841,0x0861,0x0841,0x0861,0x0841,0x0861,0x0861,0x1082,0x0881,0x1082,0x0861,0x1082,0x0861,0x1082,
  0x10a2,0x18c3,0x10a2,0x10a2,0x1082,0x1082,0x0861,0x0861,0x0841,0x0841,0x0020,0x0020,0x0000,0x0000,0x0000,0x0000,
  0x0000,0x0000,0x0000,0x0000,0x0000,0x0000,0x0000,0x0020,0x0020,0x0821,0x0020,0x0861,0x0020,0x0861,0x0020,0x10a2,
  0x0861,0x1082,0x0881,0x1082,0x0841,0x2104,0x2985,0x10a2,0x0841,0x0020,0x0000,0x0000,0x0000,0x0000,0x0000,0x0000,
  0x0000,0x0000,0x0000,0x0000,0x0000,0x0000,0x0000,0x0000,0x0000,0x0000,0x0000,0x0000,0x0000,0x0000,0x0000,0x0000,
  0x0000,0x0000,0x0000,0x0000,0x0000,0x0020,0x0000,0x0000,0x0000,0x0000,0x0000,0x0000,0x0000,0x0000,0x0000,0x0000,
  0x0000,0x0000,0x0020,0x0861,0x1082,0x10a2,0x0861,0x0000,0x0000,0x0861,0x0861,0x0861,0x0861,0x0841,0x0020,0x0000,
  0x0000,0x0020,0x0020,0x0020,0x0020,0x0841,0x0861,0x18c3,0x18e3,0x2925,0x2104,0x2124,0x2945,0x3186,0x31a6,0x31a6,
  0x31c6,0x39c7,0x39c7,0x4208,0x4208,0x4228,0x4208,0x4228,0x39e7,0x4208,0x4208,0x4228,0x4208,0x4a29,0x4228,0x4a49,
  0x4248,0x4a49,0x4248,0x4a49,0x4228,0x4a29,0x4228,0x4a49,0x4248,0x4a49,0x4228,0x4228,0x4228,0x4228,0x4228,0x4a49,
  0x4228,0x4a29,0x3a07,0x4208,0x39e7,0x4208,0x39e7,0x4208,0x4228,0x4208,0x39e7,0x39e7,0x39c7,0x4208,0x39e7,0x4228,
  0x4228,0x4228,0x4228,0x4208,0x39e7,0x39e7,0x39c7,0x39c7,0x31a6,0x39c7,0x3186,0x2945,0x2965,0x2965,0x10a2,0x0841,
  0x0000,0x0020,0x0020,0x0020,0x0020,0x0020,0x0000,0x0020,0x0020,0x0861,0x0861,0x0020,0x0000,0x0020,0x0000,0x0000,
  0x0000,0x0000,0x0000,0x0000,0x0000,0x0000,0x0000,0x0000,0x0000,0x0000,0x0000,0x0000,0x0000,0x0000,0x0000,0x0000,
  0x0000,0x0000,0x0000,0x0000,0x0000,0x0000,0x0000,0x0000,0x0000,0x0000,0x0000,0x0000,0x0000,0x0000,0x0000,0x0000,
  0x0000,0x0000,0x0000,0x0000,0x0000,0x0000,0x0000,0x0000,0x0000,0x0000,0x0000,0x0000,0x0000,0x0000,0x0000,0x0000,
  0x0000,0x0000,0x0000,0x0000,0x0000,0x0000,0x0000,0x0000,0x0000,0x0000,0x0000,0x0000,0x0000,0x0000,0x0000,0x0000,
  0x0000,0x0000,0x0000,0x0000,0x0000,0x0000,0x0000,0x0000,0x0000,0x0000,0x0000,0x0000,0x0000,0x0000,0x0000,0x0000,
  0x0000,0x0000,0x0000,0x0000,0x0000,0x0000,0x0000,0x0000,0x0000,0x0000,0x0000,0x0000,0x0000,0x0000,0x0000,0x0000,
  0x0000,0x0000,0x0000,0x0000,0x0000,0x0000,0x0000,0x0000,0x0000,0x0000,0x0000,0x0000,0x0000,0x0000,0x0000,0x0000,
  0x0000,0x0000,0x0000,0x0000,0x0000,0x0000,0x0000,0x0000,0x0000,0x0000,0x0000,0x0000,0x0000,0x0000,0x0000,0x0000,
  0x0000,0x0000,0x0000,0x0000,0x0000,0x0000,0x0000,0x0000,0x0841,0x0020,0x0841,0x0020,0x0821,0x0020,0x0020,0x0020,
  0x0821,0x0020,0x0841,0x0841,0x1062,0x0841,0x0861,0x0861,0x1062,0x0841,0x0861,0x0861,0x1062,0x0861,0x0861,0x0861,
  0x1082,0x0861,0x1082,0x0861,0x1082,0x0861,0x1082,0x10a2,0x18c3,0x10a2,0x10a2,0x1082,0x10a2,0x1082,0x1062,0x0861,
  0x0861,0x0841,0x0841,0x0000,0x0020,0x0000,0x0000,0x0000,0x0000,0x0000,0x0000,0x0000,0x0000,0x0000,0x0020,0x0020,
  0x0841,0x0020,0x0841,0x0841,0x0841,0x0841,0x0861,0x0881,0x1082,0x10a2,0x18a3,0x0841,0x2104,0x2945,0x18a3,0x0841,
  0x0821,0x0000,0x0000,0x0000,0x0000,0x0000,0x0000,0x0000,0x0000,0x0000,0x0000,0x0000,0x0020,0x0000,0x0000,0x0000,
  0x0000,0x0000,0x0000,0x0000,0x0000,0x0000,0x0020,0x0000,0x0020,0x0000,0x0000,0x0000,0x0020,0x0000,0x0020,0x0020,
  0x0020,0x0000,0x0000,0x0000,0x0000,0x0000,0x0000,0x0000,0x0000,0x0000,0x0000,0x0000,0x0841,0x1082,0x1082,0x0841,
  0x0821,0x0020,0x0841,0x0020,0x0841,0x0841,0x0841,0x0000,0x0000,0x0000,0x0000,0x0020,0x0020,0x0000,0x0020,0x0861,
  0x18a3,0x18e3,0x2124,0x2124,0x2945,0x2945,0x3186,0x3186,0x39a7,0x31a6,0x39c7,0x39e7,0x4208,0x4208,0x4208,0x4208,
  0x4208,0x4208,0x4228,0x4228,0x4a29,0x4228,0x4a49,0x4228,0x4a49,0x4228,0x4a49,0x4228,0x4228,0x4208,0x4a29,0x4228,
  0x4a49,0x4228,0x4a29,0x4208,0x4228,0x4228,0x4a29,0x4228,0x4a29,0x4208,0x4208,0x4208,0x4208,0x4228,0x4208,0x4228,
  0x4a49,0x4208,0x4228,0x39e7,0x39e7,0x4208,0x4208,0x4228,0x4a29,0x4208,0x4208,0x4208,0x4228,0x4208,0x39e7,0x39c7,
  0x39c7,0x31a6,0x31a6,0x31a6,0x2945,0x1082,0x0020,0x0000,0x0841,0x0020,0x0821,0x0020,0x0821,0x0020,0x0821,0x0020,
  0x0821,0x0841,0x1082,0x0040,0x0000,0x0000,0x0000,0x0000,0x0000,0x0000,0x0000,0x0000,0x0000,0x0000,0x0000,0x0000,
  0x0000,0x0000,0x0000,0x0000,0x0000,0x0000,0x0000,0x0000,0x0000,0x0000,0x0000,0x0000,0x0000,0x0000,0x0000,0x0000,
  0x0000,0x0000,0x0000,0x0000,0x0000,0x0000,0x0000,0x0000,0x0000,0x0000,0x0000,0x0000,0x0000,0x0000,0x0000,0x0000,
  0x0000,0x0000,0x0000,0x0000,0x0000,0x0000,0x0000,0x0000,0x0000,0x0000,0x0000,0x0000,0x0000,0x0000,0x0000,0x0000,
  0x0020,0x0000,0x0000,0x0000,0x0000,0x0000,0x0000,0x0000,0x0020,0x0000,0x0020,0x0000,0x0000,0x0000,0x0000,0x0000,
  0x0000,0x0000,0x0000,0x0000,0x0000,0x0000,0x0000,0x0000,0x0000,0x0000,0x0000,0x0000,0x0000,0x0000,0x0000,0x0000,
  0x0000,0x0000,0x0000,0x0000,0x0000,0x0000,0x0000,0x0000,0x0000,0x0000,0x0000,0x0000,0x0020,0x0000,0x0020,0x0000,
  0x0020,0x0000,0x0020,0x0000,0x0020,0x0000,0x0020,0x0000,0x0020,0x0000,0x0020,0x0000,0x0020,0x0000,0x0020,0x0000,
  0x0020,0x0000,0x0000,0x0000,0x0000,0x0000,0x0000,0x0000,0x0000,0x0000,0x0000,0x0000,0x0000,0x0000,0x0000,0x0000,
  0x0020,0x0020,0x0020,0x0020,0x0020,0x0020,0x0020,0x0841,0x0020,0x0841,0x0040,0x0841,0x0841,0x0841,0x0841,0x0861,
  0x0841,0x0861,0x0841,0x0861,0x0861,0x0861,0x0841,0x0861,0x0861,0x0861,0x0861,0x0861,0x0861,0x1082,0x1082,0x10a2,
  0x10a2,0x10a2,0x0881,0x1082,0x0881,0x1082,0x0841,0x0861,0x0040,0x0020,0x0000,0x0000,0x0000,0x0000,0x0000,0x0000,
  0x0000,0x0000,0x0000,0x0000,0x0000,0x0020,0x0000,0x0020,0x0020,0x0841,0x0020,0x0841,0x0040,0x0841,0x0861,0x1062,
  0x0861,0x1082,0x0841,0x2104,0x2144,0x18c3,0x0020,0x0841,0x0000,0x0000,0x0000,0x0000,0x0000,0x0000,0x0000,0x0000,
  0x0000,0x0000,0x0000,0x0020,0x0000,0x0000,0x0000,0x0000,0x0000,0x0000,0x0000,0x0000,0x0000,0x0000,0x0000,0x0020,
  0x0000,0x0000,0x0000,0x0000,0x0000,0x0020,0x0020,0x0020,0x0000,0x0020,0x0000,0x0020,0x0000,0x0000,0x0000,0x0000,
  0x0000,0x0000,0x0000,0x0000,0x0000,0x0020,0x0861,0x18a3,0x0881,0x0020,0x0040,0x0841,0x0020,0x1082,0x0861,0x0020,
  0x0000,0x0000,0x0000,0x0020,0x0000,0x0020,0x0000,0x0020,0x0020,0x0861,0x10c2,0x2124,0x2124,0x2945,0x2945,0x3186,
  0x2985,0x31a6,0x31c6,0x39e7,0x39c7,0x39e7,0x39e7,0x4208,0x3a07,0x4208,0x4208,0x4208,0x3a07,0x4228,0x4208,0x4228,
  0x4208,0x4228,0x4228,0x4a29,0x4228,0x4228,0x4208,0x4228,0x4228,0x4228,0x4208,0x4208,0x3a07,0x4228,0x4208,0x4208,
  0x4208,0x4208,0x4208,0x4228,0x3a07,0x4228,0x4208,0x4228,0x4228,0x4208,0x4208,0x41e8,0x39c7,0x4228,0x4228,0x4228,
  0x4208,0x4208,0x4208,0x4228,0x4228,0x4208,0x31a6,0x39c7,0x31a6,0x31a6,0x3186,0x2124,0x0861,0x0000,0x0040,0x0841,
  0x0000,0x0020,0x0000,0x0020,0x0000,0x0020,0x0000,0x0020,0x0000,0x0841,0x0861,0x0841,0x0000,0x0020,0x0000,0x0000,
  0x0000,0x0000,0x0000,0x0000,0x0000,0x0000,0x0000,0x0000,0x0000,0x0000,0x0000,0x0000,0x0000,0x0000,0x0000,0x0000,
  0x0000,0x0000,0x0000,0x0000,0x0000,0x0000,0x0000,0x0000,0x0000,0x0000,0x0000,0x0000,0x0000,0x0000,0x0000,0x0000,
  0x0000,0x0000,0x0000,0x0000,0x0000,0x0000,0x0000,0x0000,0x0000,0x0000,0x0000,0x0000,0x0000,0x0000,0x0000,0x0000,
  0x0000,0x0000,0x0000,0x0000,0x0000,0x0000,0x0000,0x0000,0x0000,0x0000,0x0000,0x0000,0x0000,0x0000,0x0000,0x0000,
  0x0000,0x0000,0x0000,0x0000,0x0000,0x0000,0x0000,0x0000,0x0000,0x0000,0x0000,0x0000,0x0000,0x0000,0x0000,0x0000,
  0x0000,0x0000,0x0000,0x0000,0x0000,0x0000,0x0000,0x0000,0x0000,0x0000,0x0000,0x0000,0x0000,0x0000,0x0000,0x0000,
  0x0000,0x0000,0x0000,0x0000,0x0000,0x0000,0x0000,0x0000,0x0000,0x0000,0x0000,0x0000,0x0000,0x0000,0x0000,0x0000,
  0x0000,0x0000,0x0000,0x0000,0x0000,0x0000,0x0000,0x0000,0x0000,0x0000,0x0000,0x0000,0x0000,0x0000,0x0000,0x0000,
  0x0000,0x0000,0x0000,0x0000,0x0000,0x0000,0x0000,0x0000,0x0821,0x0020,0x0821,0x0020,0x0841,0x0020,0x0841,0x0841,
  0x0841,0x0020,0x0841,0x0841,0x0861,0x0020,0x0841,0x0861,0x0861,0x0841,0x1062,0x0861,0x0861,0x0861,0x1062,0x0861,
  0x1082,0x0861,0x1082,0x0861,0x1082,0x0861,0x10a2,0x10a2,0x18a3,0x1082,0x1082,0x1082,0x1082,0x0861,0x0861,0x0841,
  0x0841,0x0020,0x0020,0x0000,0x0000,0x0000,0x0000,0x0000,0x0000,0x0000,0x0000,0x0000,0x0020,0x0000,0x0821,0x0020,
  0x0841,0x0020,0x0841,0x0841,0x0841,0x0040,0x10a2,0x0861,0x1082,0x0861,0x2104,0x2945,0x18c3,0x0841,0x1062,0x0000,
  0x0000,0x0000,0x0000,0x0000,0x0000,0x0000,0x0000,0x0000,0x0000,0x0000,0x0000,0x0020,0x0821,0x0000,0x0000,0x0000,
  0x0000,0x0000,0x0000,0x0000,0x0000,0x0000,0x0020,0x0000,0x0020,0x0000,0x0020,0x0000,0x0020,0x0020,0x0841,0x0020,
  0x0841,0x0020,0x0821,0x0000,0x0020,0x0000,0x0000,0x0000,0x0000,0x0000,0x0000,0x0000,0x0000,0x0000,0x0841,0x1082,
  0x10a2,0x0881,0x10a2,0x0861,0x0861,0x1082,0x1082,0x0020,0x0020,0x0000,0x0821,0x0000,0x0020,0x0000,0x0821,0x0000,
  0x0000,0x0000,0x0841,0x10a2,0x2124,0x2965,0x3166,0x2945,0x3186,0x31a6,0x39e7,0x39c7,0x39c7,0x39c7,0x4208,0x39e7,
  0x4208,0x4208,0x4208,0x39e7,0x4208,0x4208,0x4228,0x4228,0x4a29,0x4228,0x4a49,0x4a49,0x4a69,0x4a49,0x4a49,0x4228,
  0x4228,0x4208,0x4228,0x4208,0x4228,0x39e7,0x4208,0x4228,0x4a69,0x4228,0x4228,0x4208,0x4228,0x4228,0x4228,0x4208,
  0x4228,0x3a07,0x4a29,0x39e7,0x39e7,0x4228,0x4a29,0x4228,0x4228,0x4228,0x4a49,0x4228,0x4208,0x39c7,0x39e7,0x39e7,
  0x41e8,0x31a6,0x2104,0x0841,0x0000,0x0040,0x1062,0x0020,0x0020,0x0000,0x0020,0x0000,0x0020,0x0020,0x0821,0x0020,
  0x0020,0x0040,0x1082,0x0861,0x0020,0x0000,0x0000,0x0000,0x0000,0x0000,0x0000,0x0000,0x0000,0x0000,0x0000,0x0000,
  0x0000,0x0000,0x0000,0x0000,0x0000,0x0000,0x0000,0x0000,0x0000,0x0000,0x0000,0x0000,0x0000,0x0000,0x0000,0x0000,
  0x0000,0x0000,0x0000,0x0000,0x0000,0x0000,0x0000,0x0000,0x0000,0x0000,0x0000,0x0000,0x0000,0x0000,0x0000,0x0000,
  0x0000,0x0000,0x0000,0x0000,0x0000,0x0000,0x0000,0x0000,0x0000,0x0000,0x0000,0x0000,0x0000,0x0000,0x0000,0x0000,
  0x0000,0x0000,0x0000,0x0000,0x0000,0x0000,0x0000,0x0000,0x0020,0x0000,0x0020,0x0000,0x0000,0x0000,0x0000,0x0000,
  0x0000,0x0000,0x0000,0x0000,0x0000,0x0000,0x0000,0x0000,0x0000,0x0000,0x0000,0x0000,0x0000,0x0000,0x0000,0x0000,
  0x0000,0x0000,0x0000,0x0000,0x0000,0x0000,0x0000,0x0000,0x0000,0x0000,0x0000,0x0000,0x0020,0x0000,0x0020,0x0000,
  0x0020,0x0000,0x0020,0x0000,0x0020,0x0000,0x0020,0x0000,0x0020,0x0000,0x0020,0x0000,0x0020,0x0000,0x0020,0x0000,
  0x0020,0x0000,0x0000,0x0000,0x0000,0x0000,0x0000,0x0000,0x0000,0x0000,0x0000,0x0000,0x0000,0x0000,0x0000,0x0000,
  0x0020,0x0821,0x0020,0x0020,0x0020,0x0821,0x0020,0x0841,0x0040,0x0861,0x0841,0x0861,0x0841,0x0861,0x0040,0x0841,
  0x0841,0x0861,0x0861,0x0861,0x0841,0x0861,0x0861,0x0861,0x0861,0x1062,0x0861,0x1082,0x0861,0x1082,0x0881,0x10a2,
  0x1082,0x1082,0x0881,0x1082,0x0861,0x1062,0x0841,0x0841,0x0020,0x0020,0x0000,0x0000,0x0000,0x0000,0x0000,0x0000,
  0x0000,0x0000,0x0000,0x0000,0x0000,0x0020,0x0020,0x0020,0x0020,0x0841,0x0040,0x0841,0x0040,0x0821,0x10a2,0x1082,
  0x1082,0x18e3,0x2965,0x10a2,0x0020,0x0841,0x0000,0x0000,0x0000,0x0000,0x0000,0x0000,0x0000,0x0000,0x0000,0x0000,
  0x0000,0x0000,0x0000,0x0020,0x0020,0x0000,0x0000,0x0000,0x0000,0x0000,0x0000,0x0000,0x0000,0x0000,0x0000,0x0020,
  0x0000,0x0000,0x0000,0x0000,0x0000,0x0841,0x0020,0x0841,0x0020,0x0821,0x0020,0x0020,0x0000,0x0020,0x0000,0x0000,
  0x0000,0x0000,0x0000,0x0000,0x0000,0x0000,0x0000,0x0000,0x0020,0x0861,0x0881,0x1082,0x0841,0x1082,0x0861,0x0841,
  0x0000,0x0000,0x0020,0x0020,0x0000,0x0020,0x0000,0x0020,0x0000,0x0020,0x0000,0x0841,0x1082,0x2104,0x2124,0x2945,
  0x2965,0x31a6,0x31a6,0x39c7,0x31c6,0x39c7,0x39c7,0x39c7,0x39e7,0x4208,0x39e7,0x4208,0x4208,0x4208,0x4208,0x4228,
  0x4208,0x4228,0x4228,0x4a49,0x4248,0x4a49,0x4228,0x4228,0x4208,0x4228,0x4208,0x4228,0x4228,0x4208,0x39e7,0x4228,
  0x4248,0x4228,0x3a07,0x4228,0x4208,0x4a49,0x4208,0x4228,0x4208,0x4208,0x4208,0x39e7,0x39c7,0x4a29,0x4228,0x4228,
  0x4228,0x4a29,0x4228,0x4208,0x39e7,0x39e7,0x3a07,0x4208,0x31a6,0x2104,0x0040,0x0020,0x0020,0x0841,0x0000,0x0020,
  0x0020,0x0000,0x0000,0x0020,0x0000,0x0020,0x0020,0x0020,0x0000,0x0841,0x0861,0x0861,0x0000,0x0000,0x0000,0x0000,
  0x0000,0x0000,0x0000,0x0000,0x0000,0x0000,0x0000,0x0000,0x0000,0x0000,0x0000,0x0000,0x0000,0x0000,0x0000,0x0000,
  0x0000,0x0000,0x0000,0x0000,0x0000,0x0000,0x0000,0x0000,0x0000,0x0000,0x0000,0x0000,0x0000,0x0000,0x0000,0x0000,
  0x0000,0x0000,0x0000,0x0000,0x0000,0x0000,0x0000,0x0000,0x0000,0x0000,0x0000,0x0000,0x0000,0x0000,0x0000,0x0000,
  0x0000,0x0000,0x0000,0x0000,0x0000,0x0000,0x0000,0x0000,0x0000,0x0000,0x0000,0x0000,0x0000,0x0000,0x0000,0x0000,
  0x0000,0x0000,0x0000,0x0000,0x0000,0x0000,0x0000,0x0000,0x0000,0x0000,0x0000,0x0000,0x0000,0x0000,0x0000,0x0000,
  0x0000,0x0000,0x0000,0x0000,0x0000,0x0000,0x0000,0x0000,0x0000,0x0000,0x0000,0x0000,0x0000,0x0000,0x0000,0x0000,
  0x0000,0x0000,0x0000,0x0000,0x0000,0x0000,0x0000,0x0000,0x0000,0x0000,0x0000,0x0000,0x0000,0x0000,0x0000,0x0000,
  0x0000,0x0000,0x0000,0x0000,0x0000,0x0000,0x0000,0x0000,0x0000,0x0000,0x0000,0x0000,0x0000,0x0000,0x0000,0x0000,
  0x0000,0x0000,0x0000,0x0000,0x0000,0x0000,0x0000,0x0000,0x0841,0x0020,0x0841,0x0020,0x0821,0x0020,0x0821,0x0020,
  0x0841,0x0841,0x0861,0x0841,0x0841,0x0841,0x0841,0x0040,0x0861,0x0861,0x1062,0x0861,0x1062,0x0841,0x0861,0x0861,
  0x1062,0x0861,0x1082,0x0861,0x1082,0x0861,0x10a2,0x1082,0x10a2,0x1082,0x1082,0x1082,0x1082,0x0861,0x0861,0x0040,
  0x0841,0x0000,0x0000,0x0000,0x0000,0x0000,0x0000,0x0000,0x0000,0x0000,0x0000,0x0000,0x0020,0x0020,0x0841,0x0020,
  0x0841,0x0841,0x0841,0x0020,0x0841,0x0020,0x18c3,0x0861,0x20e4,0x2945,0x1082,0x0841,0x0841,0x0000,0x0000,0x0000,
  0x0000,0x0000,0x0000,0x0000,0x0000,0x0000,0x0000,0x0000,0x0000,0x0000,0x0000,0x0020,0x0841,0x0000,0x0000,0x0000,
  0x0000,0x0000,0x0000,0x0000,0x0020,0x0000,0x0020,0x0020,0x0020,0x0000,0x0020,0x0000,0x0020,0x0020,0x0841,0x0040,
  0x0841,0x0020,0x0821,0x0020,0x0000,0x0000,0x0020,0x0000,0x0000,0x0000,0x0000,0x0000,0x0000,0x0000,0x0020,0x0000,
  0x0000,0x0000,0x0861,0x0861,0x0861,0x0861,0x1082,0x0841,0x0821,0x0000,0x0020,0x0020,0x0841,0x0020,0x0821,0x0000,
  0x0020,0x0020,0x0841,0x0020,0x0020,0x0841,0x18e3,0x2945,0x3186,0x2965,0x31a6,0x31a6,0x39e7,0x39c7,0x39c7,0x39c7,
  0x41e8,0x39e7,0x39e7,0x3a07,0x4a29,0x4208,0x4228,0x4228,0x4228,0x4208,0x4228,0x4208,0x4228,0x4228,0x4a29,0x4228,
  0x4a29,0x4228,0x4228,0x4228,0x4a49,0x4a49,0x4208,0x39e7,0x4208,0x39e7,0x4208,0x4a49,0x4208,0x4228,0x4208,0x3a07,
  0x4208,0x39e7,0x4208,0x4208,0x4208,0x4228,0x4228,0x4248,0x4a49,0x4208,0x4228,0x4208,0x4208,0x4208,0x4228,0x31a6,
  0x18a3,0x0000,0x0821,0x0841,0x0841,0x0020,0x0841,0x0040,0x0020,0x0000,0x0020,0x0020,0x0821,0x0020,0x0841,0x0020,
  0x0841,0x0841,0x1082,0x0861,0x0020,0x0000,0x0000,0x0000,0x0000,0x0000,0x0000,0x0000,0x0000,0x0000,0x0000,0x0000,
  0x0000,0x0000,0x0000,0x0000,0x0000,0x0000,0x0000,0x0000,0x0000,0x0000,0x0000,0x0000,0x0000,0x0000,0x0000,0x0000,
  0x0000,0x0000,0x0000,0x0000,0x0000,0x0000,0x0000,0x0000,0x0000,0x0000,0x0000,0x0000,0x0000,0x0000,0x0000,0x0000,
  0x0000,0x0000,0x0000,0x0000,0x0000,0x0000,0x0000,0x0000,0x0000,0x0000,0x0000,0x0000,0x0000,0x0000,0x0000,0x0000,
  0x0000,0x0000,0x0000,0x0000,0x0020,0x0000,0x0020,0x0000,0x0020,0x0000,0x0020,0x0000,0x0000,0x0000,0x0000,0x0000,
  0x0000,0x0000,0x0000,0x0000,0x0000,0x0000,0x0000,0x0000,0x0000,0x0000,0x0000,0x0000,0x0000,0x0000,0x0000,0x0000,
  0x0000,0x0000,0x0000,0x0000,0x0000,0x0000,0x0000,0x0000,0x0000,0x0000,0x0000,0x0000,0x0020,0x0000,0x0020,0x0000,
  0x0020,0x0000,0x0020,0x0000,0x0020,0x0000,0x0020,0x0000,0x0020,0x0000,0x0020,0x0000,0x0020,0x0000,0x0020,0x0000,
  0x0020,0x0000,0x0000,0x0000,0x0000,0x0000,0x0000,0x0000,0x0000,0x0000,0x0000,0x0000,0x0000,0x0000,0x0000,0x0000,
};
