// Genere par photo2header.py — ne pas editer a la main.
// Avatar speaker 360x360 RGB565 (dither Bayer 8x8).
#pragma once
#include <stdint.h>

static const uint16_t SPEAKER_PHOTO3[129600] = {
  0x948e,0xa4f0,0x9ccf,0xa4d0,0x9caf,0xa4b0,0xa4d0,0xa4d0,0xad31,0xbd93,0xbd92,0xb552,0xa4cf,0xa4af,0xa4ae,0xa4ae,
  0xaccf,0xbd72,0xbd73,0xbd53,0xbd53,0xc593,0xbd71,0xc571,0xacad,0x9368,0x8ae6,0x9b27,0x92c5,0x9ac6,0x9305,0x8b04,
  0x8346,0x6a65,0x1820,0x59c6,0x9bcb,0xac2b,0xb44a,0xb42a,0xac0b,0xac4c,0xa42c,0xa3eb,0xa3eb,0xac0a,0xa3ea,0xb48e,
  0xc510,0xc532,0xac8e,0xac8d,0xac6c,0xbc8d,0xbc0c,0x9285,0x8a83,0x8aa5,0x8308,0x59a3,0x3080,0x9b89,0xbc6b,0xb3c9,
  0x9ae4,0x92a3,0x9283,0x9263,0x8a62,0x9283,0x8a43,0x8a63,0x8262,0x8a84,0x8a43,0x8a03,0x9284,0xa347,0xa388,0xa388,
  0x82a4,0x7a42,0x7a41,0x8aa3,0x4900,0x4082,0x7a44,0x8263,0x8284,0x9b48,0xa3aa,0xabcb,0xa3ea,0xa40b,0xa3e9,0xa3e9,
  0x8b25,0x82a4,0x8263,0x8a84,0x8aa5,0x8ae6,0x7a65,0x61c2,0x8b48,0xac6d,0xa44d,0xbd10,0xbd30,0xbd30,0xb4ae,0xac4c,
  0xa42b,0xac6c,0xac4c,0xac4c,0xa44c,0xa42c,0xa44c,0xbcce,0xc52f,0xc530,0xac6d,0xac4d,0xa42c,0x9c0c,0xa44d,0xbd31,
  0xc571,0xbd72,0xbd73,0xc551,0xb46c,0xabe9,0xabe9,0xb42c,0xa40b,0x9c0c,0x8308,0x7224,0x7223,0x7a23,0x7203,0x7225,
  0x59c4,0x2000,0x38a1,0x7225,0x7203,0x9b28,0x9b69,0x9349,0xa40c,0xac6d,0xacae,0xc531,0xb4ce,0xa42c,0xac0a,0xac0a,
  0x8ae7,0x59a3,0x59c5,0x5164,0x2860,0x2020,0x30c0,0x51a2,0x4940,0x5981,0x5940,0x6182,0x61a2,0x61a2,0x61a1,0x82c6,
  0x8ae6,0x82c6,0x9347,0x9ba9,0x9367,0x9b88,0x9ba9,0xa3c9,0x9ba9,0x9bc9,0x9bc9,0x9bc9,0x9be9,0xa40a,0x9bea,0xa40b,
  0xa40b,0xa42c,0xa42c,0xb4ae,0xbcef,0xbcef,0xbd0f,0xb4ae,0x9c2b,0xa40b,0xa40b,0xac0b,0x9bea,0xa40b,0xa46d,0xbd0f,
  0xbd2f,0xac8d,0x9c0b,0xa40b,0xa3eb,0xa389,0x61c2,0x71e3,0x71e2,0x7a03,0x71e3,0x71e2,0x69c2,0x7203,0x69e2,0x69e3,
  0x61c2,0x69e3,0x61a2,0x7204,0x5962,0x48a0,0x5100,0x48e1,0x38c0,0x4143,0x1000,0x30e1,0x59c4,0x61c3,0x6982,0x6961,
  0x6100,0x5942,0x59a4,0x4984,0x3943,0x1000,0x1820,0x30a1,0x3880,0x40c0,0x3860,0x40c0,0x61a1,0x9368,0x9348,0x8b28,
  0x938a,0x59a4,0x3060,0x2820,0x8308,0x938a,0x8b28,0x9369,0x8b47,0x9388,0x8b88,0x9bc9,0xb4ad,0xc50f,0x8b48,0x938a,
  0x8b28,0x6a45,0x2820,0x38c1,0x4121,0x4122,0x3902,0x38e2,0x2020,0x2860,0x4101,0x38c1,0x40e0,0x3880,0x40c0,0x4901,
  0x4100,0x38e0,0x40e1,0x4901,0x40c0,0x69c4,0x7a86,0x7a65,0x7284,0x72a5,0x7285,0x7286,0x7aa8,0x59a4,0x38a0,0x4921,
  0x48c0,0x5101,0x40e1,0x4102,0x2060,0x4102,0x40a1,0x40c1,0x30a0,0x1800,0x28a1,0x40c1,0x40e2,0x38c1,0x3080,0x30a0,
  0x2060,0x2880,0x28a0,0x2880,0x2860,0x3081,0x2820,0x40e2,0x69e4,0x8286,0x7a64,0x8265,0x7244,0x7a64,0x7264,0x82e6,
  0x59c3,0x40a0,0x4902,0x40a0,0x61a2,0x82c6,0x7285,0x7266,0x3060,0x38e1,0x2080,0x2060,0x2020,0x2000,0x6a26,0x7a86,
  0x7a84,0x82c5,0x82a6,0x7225,0x5983,0x5963,0x6182,0x61a2,0xa4cf,0xb592,0xc5f4,0xc5f4,0xcdf5,0xc5d4,0xc5d4,0xc5d4,
  0xd656,0xde97,0xe6b7,0xd656,0xcdf4,0xc5b3,0xcdf3,0xcdf3,0xde35,0xde97,0xe6b8,0xde77,0xe698,0xde97,0xe676,0xde34,
  0xcd91,0xb48c,0xbc4b,0xbc0a,0xb3c9,0xbbea,0xc44b,0xac08,0xa42b,0x51a2,0x30c1,0x72a9,0xc4f0,0xcd4f,0xdd8f,0xd54f,
  0xd550,0xcd50,0xcd50,0xcd0f,0xd530,0xcd2f,0xd550,0xddb2,0xe635,0xde14,0xddd3,0xd5b1,0xe5d2,0xdd91,0xc44d,0xaba9,
  0xab68,0xa3a9,0x8308,0x4100,0xa3ca,0xc4ce,0xc48c,0xc44a,0xbbc8,0xb3a7,0xb387,0xb366,0xb366,0xab46,0xb347,0xab46,
  0xa346,0xa347,0xab47,0xab68,0xbbea,0xbc2b,0xbc2b,0xabc9,0x9306,0xa366,0xa346,0x8284,0x5100,0x6a05,0x9308,0x9b26,
  0xaba9,0xb42b,0xbc4d,0xc4ae,0xccef,0xcd2f,0xcd2f,0xbc8b,0xb409,0xb42a,0xabc9,0xa347,0xa368,0x9b89,0x7245,0x9369,
  0xcd50,0xbcef,0xddf4,0xde34,0xe655,0xde13,0xd5d3,0xcd91,0xd591,0xcd70,0xd570,0xcd50,0xcd71,0xcd91,0xddb2,0xe5f3,
  0xe634,0xd5d2,0xd592,0xcd72,0xcd92,0xd5b3,0xde15,0xe655,0xe676,0xe696,0xde56,0xcd92,0xd550,0xd54f,0xdd70,0xcd2f,
  0xcd10,0xac2c,0x8b28,0x9b68,0x92e7,0x92e6,0x8ac7,0x8286,0x38a1,0x3081,0x82a7,0x8ac7,0x9b48,0xb40b,0xbc6d,0xbcce,
  0xcd51,0xd5b2,0xe635,0xe635,0xd5b2,0xcd30,0xcd0f,0xbc8c,0x7a85,0x7286,0x7247,0x5164,0x38c2,0x2020,0x4982,0x6a44,
  0x6a23,0x7264,0x7a44,0x69c2,0x7a44,0x69e2,0x8ae7,0xac0a,0xb44b,0xac2b,0xbc6c,0xac2b,0xbc6c,0xbc8c,0xbcad,0xbcad,
  0xbcad,0xbccd,0xc4ee,0xc50e,0xc50e,0xbcee,0xcd2f,0xcd50,0xcd50,0xc550,0xd5b3,0xd5d3,0xddf3,0xde13,0xddd2,0xcd91,
  0xcd91,0xc52f,0xd550,0xd550,0xcd50,0xcd70,0xde13,0xde13,0xd5d2,0xc570,0xbcef,0xcd50,0xcd0f,0x9327,0x92e7,0x92e6,
  0x92e7,0x92c6,0x92c6,0x8aa5,0x8ac6,0x8ac6,0x8ac6,0x8ac6,0x8aa6,0x82a6,0x8285,0x7a65,0x6982,0x6181,0x69a3,0x5122,
  0x5143,0x2880,0x30a1,0x5a05,0x6225,0x7224,0x79e4,0x71a2,0x79c4,0x7a25,0x6a26,0x59e6,0x28a1,0x1840,0x38e2,0x38a1,
  0x4922,0x40c0,0x5121,0x4900,0x9307,0xac0a,0xb44c,0xb48d,0x9bab,0x59c4,0x4922,0x4901,0x9bcb,0xac2c,0xac4c,0xac4c,
  0xac6c,0xac6c,0xbcad,0xbcee,0xd5b1,0xc52f,0xbcae,0xac2c,0x938a,0x6204,0x4922,0x4922,0x59a4,0x4963,0x4964,0x30c1,
  0x2020,0x3901,0x4963,0x4101,0x5142,0x40e0,0x5983,0x5162,0x5162,0x4121,0x59a4,0x5142,0x5963,0x8287,0x9328,0x9348,
  0x9368,0x9ba9,0x9baa,0x9baa,0x934b,0x59c5,0x5984,0x61c4,0x6163,0x5963,0x5143,0x4122,0x3901,0x4963,0x4903,0x4923,
  0x30a1,0x2040,0x4122,0x4943,0x5164,0x4122,0x40e2,0x38c1,0x38c1,0x30e0,0x38e2,0x30a1,0x3081,0x3081,0x38c2,0x61c5,
  0x8b09,0x9348,0x9b69,0x9b69,0x9b49,0x9b68,0x9368,0x9ba9,0x7286,0x4922,0x5984,0x4901,0x82c7,0x9b89,0x9b89,0x7a86,
  0x4922,0x3902,0x28e1,0x28a1,0x2841,0x3060,0x82c9,0x9b89,0xa3c9,0x9b88,0xa389,0x82a7,0x7a66,0x7a66,0x8266,0x7a65,
  0x9ccf,0xc5f4,0xd676,0xd696,0xd676,0xd656,0xce15,0xd656,0xe6b8,0xef19,0xe6d7,0xe6b7,0xd635,0xd635,0xd634,0xde75,
  0xe696,0xeed8,0xe6b8,0xeed9,0xe6d8,0xeed8,0xeed7,0xe674,0xcd90,0xd54f,0xcced,0xc46c,0xc44b,0xcc6c,0xbc4a,0xc4cd,
  0x8b68,0x3900,0x4142,0xac6f,0xcd50,0xddb1,0xe5d0,0xe5d1,0xddb1,0xddb2,0xd591,0xddb1,0xd590,0xddb1,0xddf2,0xee54,
  0xe674,0xe634,0xddf2,0xee33,0xe5f2,0xe5d1,0xcccd,0xc44b,0xab88,0xb42b,0x6203,0x59a2,0xb42b,0xc48d,0xc46b,0xc44a,
  0xbbe8,0xc409,0xbbe7,0xbbc8,0xbba7,0xbba8,0xb387,0xb3a8,0xb3a8,0xb3a8,0xb3c8,0xc42a,0xcc6c,0xcc6c,0xbc0a,0xb3c8,
  0xa366,0xaba8,0x9306,0x5100,0x6182,0x9b69,0x9b47,0xaba8,0xbc4b,0xc4ad,0xbc6c,0xcd0f,0xdd91,0xdd70,0xcd0d,0xbc8c,
  0xb44a,0xc48c,0xabe9,0xb3ca,0xabca,0x8ae6,0x9368,0xcd30,0xbcef,0xddd3,0xe655,0xeeb6,0xee96,0xe675,0xde34,0xe634,
  0xde13,0xddf2,0xd5b1,0xddd2,0xddf2,0xe654,0xee74,0xee95,0xe654,0xddf3,0xd5b2,0xd5d3,0xd5d3,0xe655,0xee96,0xeeb6,
  0xee96,0xeeb7,0xe675,0xe613,0xddd2,0xe5f2,0xe5d2,0xdd91,0xc4ef,0xabeb,0x9b68,0xabca,0xa368,0x92e7,0x8ae8,0x5163,
  0x2820,0x7a87,0x8b09,0x9b6a,0xbc4c,0xc48d,0xcd0f,0xd591,0xd5b2,0xe655,0xe675,0xe634,0xd5b2,0xddb1,0xdd90,0xac0a,
  0x8b07,0x8b09,0x5183,0x5163,0x2020,0x38e1,0x51a2,0x7265,0x7ac5,0x7223,0x7a84,0x7a44,0x69c2,0x8285,0xa3ea,0xbc6c,
  0xb46c,0xc4cd,0xc4ed,0xc4ad,0xc4cd,0xcd0e,0xc50e,0xc50e,0xc50e,0xcd4f,0xcd6f,0xd590,0xcd4f,0xcd70,0xd590,0xd5b1,
  0xd591,0xddf3,0xe654,0xe614,0xe634,0xee95,0xd5d2,0xd5d2,0xddf2,0xddb2,0xd5b1,0xddb2,0xddd2,0xe634,0xe654,0xde13,
  0xcdb1,0xd5d2,0xcd70,0xddb2,0xb46c,0x8ae6,0x9b48,0x9b48,0x9b07,0x9b07,0x92c5,0x92c6,0x92c6,0x92e6,0x8ac5,0x92e6,
  0x92e6,0x92e7,0x8ac6,0x7a04,0x6161,0x69a2,0x5962,0x5963,0x4101,0x2000,0x4962,0x7286,0x7245,0x7a45,0x69c3,0x79e4,
  0x8246,0x8287,0x6a26,0x4123,0x1000,0x3902,0x4123,0x4922,0x5142,0x5101,0x5120,0x69e3,0x9b89,0xac2b,0xbcce,0xbcce,
  0x8308,0x61e4,0x4901,0x7266,0xac4c,0xbc8d,0xb48d,0xb4ad,0xb4ad,0xbccd,0xb4ad,0xd5b1,0xe612,0xc4ef,0xbcce,0xbccf,
  0x7ac7,0x4101,0x5163,0x59a4,0x51a4,0x5164,0x4984,0x2880,0x1800,0x5184,0x4122,0x4922,0x4922,0x5142,0x59a3,0x5962,
  0x5162,0x5162,0x61c4,0x6163,0x71e4,0x9b29,0x9b49,0x9b68,0x9368,0xa3ea,0xa3ea,0xac2c,0x8b29,0x61a4,0x6a05,0x7225,
  0x6183,0x61a4,0x5163,0x4101,0x4942,0x5184,0x4923,0x5164,0x2040,0x2881,0x4122,0x59a5,0x5164,0x4923,0x3902,0x38c1,
  0x30e1,0x3902,0x30a0,0x30a1,0x30c2,0x3081,0x38a1,0x6a06,0x8b08,0x9b69,0xa3a9,0xabca,0xa389,0xa3ca,0x9ba8,0x9bca,
  0x7aa6,0x59a4,0x5983,0x5122,0x9328,0xa3aa,0x9b89,0x6a04,0x4942,0x38e2,0x28e1,0x28c1,0x1800,0x40c2,0x82c8,0xa3aa,
  0xa3c9,0xa3c9,0x9b89,0x7a86,0x7a66,0x8ac7,0x8286,0x8ac6,0xa4f0,0xc5f3,0xd676,0xce35,0xd656,0xd636,0xce15,0xd676,
  0xe6d8,0xeef8,0xe6d8,0xde96,0xd655,0xd615,0xde55,0xde96,0xeed8,0xe6b7,0xe6b8,0xe6d8,0xeed9,0xeeb7,0xeeb6,0xd613,
  0xcd50,0xcd2e,0xcced,0xbc4b,0xc44b,0xbc2a,0xbc2b,0xc4ee,0x7286,0x2880,0x72c7,0xc530,0xcd50,0xd570,0xe5b1,0xe5b0,
  0xe5d1,0xddb1,0xddd1,0xd590,0xdd90,0xd5b2,0xe634,0xe674,0xe654,0xde12,0xe5f2,0xee13,0xe591,0xd52e,0xd50d,0xb40a,
  0xb40b,0x82c7,0x48e0,0x8ae6,0xabea,0xc46b,0xbc2a,0xc429,0xc409,0xbbc7,0xc3e8,0xbba7,0xbba7,0xb387,0xbb87,0xb387,
  0xbba8,0xb3a7,0xbc09,0xc46b,0xcc8c,0xbc0b,0xbbc9,0xb3a7,0xaba7,0x9b47,0x69c3,0x48c0,0x9b27,0x9b47,0xaba8,0xb409,
  0xccac,0xc48c,0xbc4c,0xccee,0xdd70,0xcd0e,0xc4ac,0xbc8b,0xc48c,0xb42a,0xb40a,0xbc4c,0x9b48,0x7a85,0xbc8d,0xbcce,
  0xcd50,0xd5d2,0xf6b6,0xee95,0xe655,0xde14,0xde14,0xde13,0xe5f3,0xd5b1,0xddb2,0xddd2,0xe634,0xe654,0xee75,0xe654,
  0xe634,0xd5d2,0xd5d3,0xddf3,0xe635,0xee76,0xf6b7,0xeeb6,0xf6b7,0xee55,0xee14,0xe613,0xddd3,0xddd3,0xe5d3,0xc4ef,
  0xb40b,0xabc9,0xaba9,0x9b27,0xa369,0x9b49,0x69e4,0x1800,0x61a4,0x934a,0x9349,0x9b8a,0xbc4d,0xc4ce,0xd551,0xd571,
  0xe634,0xee95,0xe634,0xddd2,0xe5f2,0xddb1,0xbc6c,0x9368,0x8b28,0x6a25,0x5143,0x3060,0x2840,0x59c4,0x6204,0x7285,
  0x7a84,0x7223,0x8285,0x7223,0x71e3,0x8ae6,0xbc6c,0xbc8c,0xbc8c,0xc4ad,0xc4cd,0xc4cd,0xc4ee,0xc4ed,0xcd0e,0xc4ee,
  0xcd0e,0xcd2f,0xd54f,0xcd2f,0xd550,0xd570,0xd5b1,0xd591,0xddd2,0xe634,0xe614,0xddf3,0xe654,0xe633,0xddd2,0xd5b1,
  0xd5b1,0xd5b1,0xddb2,0xd591,0xee34,0xee74,0xde13,0xcd91,0xd5d2,0xd5b1,0xddb2,0xbcad,0x9b89,0xa3a9,0xa369,0x9b47,
  0xab48,0xa306,0x9ae6,0x92c5,0x9ae6,0x9ae5,0x9ae5,0x92c5,0x9b07,0x92e6,0x8aa6,0x69c2,0x71c3,0x6182,0x5122,0x5143,
  0x3060,0x38a0,0x6a04,0x6a24,0x8286,0x69c3,0x6182,0x7225,0x8267,0x7226,0x59a4,0x2020,0x2881,0x4143,0x40e2,0x5143,
  0x5142,0x5101,0x5100,0x9307,0xa3a9,0xabea,0xc4ef,0xa3ca,0x7a86,0x61e4,0x4901,0x8b08,0xb44d,0xb46c,0xbc8d,0xb46c,
  0xbcad,0xb4ad,0xbcad,0xbcce,0xc4ef,0xbcce,0xbccf,0xb46d,0x61e4,0x38a0,0x4942,0x59e5,0x5143,0x4942,0x4943,0x2020,
  0x30a1,0x5184,0x4102,0x4921,0x4901,0x5962,0x6183,0x5141,0x5962,0x61a3,0x6183,0x6983,0x8a67,0x9b29,0xa349,0xa368,
  0xa3a9,0xa3ca,0xac0b,0xabec,0x8287,0x6184,0x7205,0x69e5,0x61a4,0x6183,0x5963,0x40e1,0x5984,0x5163,0x5184,0x4122,
  0x2020,0x30a1,0x4102,0x59c5,0x4944,0x38e2,0x4102,0x30a0,0x38e1,0x38e1,0x30a0,0x30a0,0x38c2,0x2840,0x40e1,0x7a66,
  0x9328,0x9b48,0xaba9,0xa3a9,0xa389,0x9b88,0x9b89,0x9348,0x7245,0x59a3,0x5983,0x61a3,0x9b6a,0x9baa,0x9348,0x59a2,
  0x5164,0x30c1,0x28c1,0x2880,0x1800,0x4943,0x8ae8,0x9b89,0xa3a9,0xabea,0x9b68,0x6a04,0x7a66,0x82c7,0x82a6,0x82a5,
  0x9cef,0xc5f4,0xce55,0xce35,0xce35,0xd636,0xce15,0xdeb7,0xe6f8,0xeef8,0xe6d7,0xe6b7,0xd655,0xde76,0xde76,0xe6b7,
  0xe6b7,0xde97,0xde77,0xe6b8,0xe6b7,0xeeb7,0xe675,0xd5b1,0xc50e,0xcd0e,0xc48c,0xc44b,0xbc4a,0xbc29,0xbc6c,0xac0c,
  0x4962,0x3901,0xac8d,0xc54f,0xcd50,0xdd91,0xddb0,0xe5b1,0xddb0,0xddb0,0xd5b0,0xddb0,0xd5b0,0xe613,0xe655,0xee95,
  0xe653,0xe632,0xee12,0xedd2,0xdd2e,0xd4ec,0xbc6a,0xb42a,0xa3a9,0x48e1,0x5962,0xabc9,0xbc4b,0xc46b,0xab87,0xc408,
  0xc3e7,0xc3c7,0xbbc7,0xc3c7,0xbba6,0xbb87,0xb386,0xbb87,0xb366,0xc3e8,0xc46a,0xcccc,0xc44b,0xbbe9,0xb367,0xb387,
  0xa366,0x8285,0x3880,0x8b07,0xa388,0xaba7,0xbc6a,0xc4cd,0xc4ed,0xc48c,0xbc4b,0xccce,0xcd0d,0xcccd,0xb44a,0xb42a,
  0xbc6b,0xb42a,0xb42b,0xa389,0x7223,0x9328,0xb46d,0xc50f,0xddf3,0xe634,0xeeb6,0xee75,0xd613,0xde13,0xddf3,0xde13,
  0xd5d2,0xddd2,0xddd2,0xddf3,0xde13,0xee75,0xee75,0xe655,0xd5f3,0xd5d2,0xd5d3,0xe655,0xe675,0xee96,0xee96,0xee96,
  0xe634,0xe613,0xe5d1,0xddd2,0xd5b2,0xddd3,0xcd31,0xb42c,0xa368,0xab88,0xa327,0x9ae7,0x9328,0x82a7,0x3060,0x40e2,
  0x8b08,0x9328,0xa3aa,0xb40c,0xac2c,0xd550,0xd571,0xddf3,0xe654,0xe655,0xd5d2,0xddd2,0xddb1,0xbc6c,0x9368,0x9b89,
  0x59a2,0x5142,0x4922,0x2000,0x4942,0x6a25,0x6a45,0x7264,0x6201,0x8ae5,0x7a64,0x7a03,0x8aa5,0x9348,0xbc8c,0xccee,
  0xc4cd,0xccee,0xbcac,0xc4ed,0xc4ed,0xcd0e,0xcd0e,0xcd2f,0xc50e,0xcd2f,0xcd2f,0xd570,0xcd6f,0xd590,0xd590,0xe5f3,
  0xe633,0xe634,0xd5d2,0xee54,0xe674,0xd5d2,0xd5d2,0xd5d2,0xcd90,0xddb1,0xd5b1,0xddf2,0xe613,0xde13,0xd5b1,0xd591,
  0xd591,0xd591,0xc50e,0x9327,0x9b67,0xb3ea,0x9306,0x9b06,0x9b26,0x9ae6,0x92c5,0x9ac5,0x92a4,0x92a4,0x9284,0x9ac5,
  0x92a5,0x9285,0x69a2,0x69a2,0x69a3,0x6162,0x4922,0x40c1,0x2000,0x5983,0x7244,0x7224,0x7223,0x6181,0x69c3,0x7a46,
  0x6a25,0x61e5,0x30a1,0x2040,0x3902,0x4123,0x40e1,0x4902,0x4901,0x5100,0x7204,0xabeb,0xa3ca,0xb44b,0xb46c,0x9369,
  0x6203,0x61e4,0x5162,0x9369,0xa40a,0xb46c,0xb48c,0xbc8d,0xb4ac,0xb4ac,0xc50e,0xa40b,0x9baa,0xbcce,0xc4cf,0xa3ab,
  0x5161,0x4921,0x4922,0x59c4,0x4101,0x4943,0x3080,0x1800,0x4942,0x5183,0x4101,0x4922,0x40e0,0x5983,0x5141,0x5121,
  0x5141,0x69c4,0x5121,0x71e5,0x92c8,0xa329,0xa348,0xa348,0xa389,0xa3aa,0xabeb,0x9b6a,0x61a3,0x5943,0x61a4,0x71e4,
  0x5983,0x59a3,0x5122,0x5102,0x5163,0x4943,0x4963,0x30a1,0x1800,0x38c1,0x38e1,0x51a4,0x38e1,0x38a1,0x38c1,0x38a1,
  0x30c1,0x38c1,0x3080,0x38c1,0x2860,0x3060,0x4922,0x8ae8,0x9308,0x9b48,0xa388,0xaba9,0xa3a9,0xa389,0x9ba9,0x9348,
  0x61c3,0x5983,0x5121,0x7a46,0x9349,0x9b89,0x7265,0x5183,0x4122,0x30c1,0x28c1,0x2060,0x1800,0x59c5,0x82e8,0xa3aa,
  0x9ba9,0xa3ca,0x82c6,0x61c3,0x7224,0x8286,0x7a64,0x8284,0xa4cf,0xbdb3,0xd656,0xce55,0xce36,0xce15,0xd636,0xe6b7,
  0xeef9,0xe6d7,0xe6b7,0xde96,0xde76,0xde76,0xe6d7,0xe6b7,0xe6b7,0xde76,0xde97,0xe697,0xe6b7,0xe696,0xe634,0xc52f,
  0xc4ed,0xc4cc,0xc48b,0xbc4a,0xc46b,0xbc49,0xbc4c,0x7246,0x2820,0x6a86,0xcd70,0xcd8f,0xd590,0xdd90,0xe5b1,0xdd90,
  0xdd8f,0xd56f,0xd590,0xd58f,0xddf1,0xe634,0xee55,0xe654,0xe633,0xe631,0xf632,0xd50e,0xccac,0xc48b,0xc46a,0xac0a,
  0x61c4,0x48e1,0xb40a,0xcccd,0xc44a,0xaba7,0xc409,0xc3e8,0xc3c7,0xbba6,0xc3c7,0xbbc6,0xbba7,0xb386,0xbb86,0xb366,
  0xbba7,0xc429,0xd4ac,0xcc8b,0xbc29,0xab86,0xab66,0xab47,0xa328,0x48a0,0x6183,0x9b88,0xb3e9,0xc48a,0xd50d,0xcd2e,
  0xcced,0xbc4b,0xc4ac,0xcced,0xccac,0xc48b,0xbc4a,0xabe9,0xb42a,0xb40a,0xabca,0x7a44,0x7a85,0xac0b,0xcd30,0xe5f3,
  0xe613,0xe613,0xf696,0xde13,0xddf3,0xd5f3,0xddf3,0xddf3,0xddf3,0xddf3,0xe614,0xde13,0xe654,0xe675,0xee75,0xde34,
  0xde13,0xd5f3,0xe654,0xee95,0xf6b6,0xeeb6,0xee96,0xe654,0xddf4,0xddb1,0xe591,0xdd91,0xddb3,0xc531,0xac2d,0xa369,
  0xab48,0x9ae6,0x9ae6,0x8ac7,0x82a7,0x3060,0x38a1,0x82e8,0x9308,0x9b48,0xbc6d,0xbc8d,0xd530,0xcd30,0xe5f3,0xee34,
  0xee55,0xddd3,0xddd2,0xddb1,0xccee,0x9347,0xa3aa,0x7aa6,0x4941,0x5142,0x3860,0x40e2,0x6a26,0x61e3,0x69e3,0x61c1,
  0x7a84,0x7a84,0x8264,0x8a85,0x9b68,0xac0a,0xc4ad,0xc4cd,0xc4ed,0xc4cd,0xc4ed,0xcd0e,0xc50d,0xc50d,0xcd2e,0xcd2e,
  0xcd2f,0xcd2f,0xd550,0xd570,0xd570,0xcd70,0xddd1,0xe613,0xe634,0xd5d2,0xddf3,0xe654,0xe634,0xcd91,0xd5b2,0xd5b1,
  0xddd2,0xddd2,0xe633,0xe654,0xe633,0xd5b1,0xddb2,0xd5b1,0xddb1,0xd570,0xabea,0x8b06,0xabc9,0xaba8,0x92a5,0x92c5,
  0x9b07,0x92c5,0x9ac5,0x92c4,0x9aa4,0x92a4,0x9aa4,0xa2e5,0x92a5,0x8203,0x6961,0x71c3,0x69a3,0x5962,0x4902,0x2820,
  0x40c1,0x6a03,0x7a44,0x7203,0x71c2,0x69c2,0x7a66,0x6a26,0x59c4,0x4102,0x2000,0x3080,0x4122,0x4101,0x5142,0x40c0,
  0x5101,0x6161,0xabaa,0xb42b,0xb42c,0xb46c,0x9baa,0x82c6,0x6a04,0x5182,0x6a04,0xa3aa,0xb42b,0xbc8c,0xbcad,0xbcac,
  0xbc8d,0xb48c,0xbcad,0x8b48,0xa3eb,0xb46d,0xbcaf,0x8b09,0x4921,0x40e1,0x59c4,0x4942,0x4922,0x4101,0x2000,0x2840,
  0x59a4,0x4922,0x4922,0x4901,0x5121,0x5142,0x5122,0x5121,0x5942,0x5962,0x6142,0x7a25,0x9b08,0x9b28,0xa369,0x9b28,
  0xa389,0xa3a9,0xb40c,0x82a7,0x6183,0x69a4,0x71c5,0x69a4,0x61a3,0x5162,0x4901,0x5122,0x5943,0x4922,0x4142,0x2020,
  0x3081,0x38c1,0x40e2,0x3902,0x30e1,0x3060,0x3881,0x30a1,0x38c1,0x30c1,0x38c1,0x30a0,0x3080,0x38a0,0x6183,0x82c7,
  0x8ac7,0x9b47,0xabc9,0xa3a9,0xabaa,0xa389,0xabea,0x9328,0x61e4,0x59a3,0x5962,0x82a7,0x9b8a,0x9349,0x61e3,0x5182,
  0x4102,0x30a0,0x30e2,0x1820,0x2860,0x6a25,0x8ae8,0x9b89,0xa3a9,0xa3c9,0x7a85,0x61a2,0x8286,0x8285,0x8285,0x8284,
  0x9caf,0xbdd3,0xce55,0xd676,0xce15,0xce15,0xde77,0xe6d8,0xe6d8,0xe6b7,0xd676,0xde76,0xd655,0xe697,0xe6d7,0xe6b7,
  0xde76,0xde76,0xd676,0xde97,0xe696,0xee96,0xd5d2,0xbcee,0xc4cc,0xc4cc,0xbc6a,0xc46b,0xbc4a,0xbc8b,0x9ba9,0x4922,
  0x40e1,0x9bec,0xc52e,0xd5af,0xd58f,0xdd90,0xdd90,0xe5b1,0xd58f,0xd58f,0xcd8f,0xd58f,0xddf1,0xee75,0xde54,0xde13,
  0xd5f2,0xe612,0xe5b0,0xccac,0xc44a,0xc42a,0xbc4a,0x9327,0x38a0,0x7245,0xbc6a,0xc44a,0xb3e8,0xc408,0xbbc7,0xbba6,
  0xbb85,0xc3a6,0xbba6,0xc3c6,0xbba6,0xbb86,0xab45,0xab45,0xbbc7,0xd46a,0xcc8b,0xc429,0xab86,0xab86,0xab66,0xb3a9,
  0x5902,0x50c1,0x8ae6,0x9b46,0xc46a,0xdd2d,0xc4cc,0xcd2e,0xbc6b,0xabe9,0xc4cc,0xd50d,0xbc6a,0xbc4a,0xb409,0xb42a,
  0xabe9,0xabca,0x82c5,0x61a2,0xbc8d,0xcd51,0xd591,0xddd2,0xe634,0xee95,0xde34,0xddf3,0xd5d2,0xddf3,0xd5d2,0xddf3,
  0xde13,0xee54,0xde13,0xe654,0xe675,0xee75,0xde13,0xd5f3,0xd5f2,0xe634,0xee95,0xee96,0xe675,0xee96,0xe654,0xddd3,
  0xd5b2,0xe5d2,0xe590,0xddb1,0xcd50,0xbc8e,0xa3ca,0xa348,0xa326,0xa306,0x8a85,0x8ae8,0x4102,0x2000,0x59a4,0x8b09,
  0x82c6,0xa389,0xb44c,0xccef,0xcd0f,0xddd2,0xe613,0xe614,0xddf3,0xd5b2,0xddb2,0xd550,0x9b89,0x9b88,0x8307,0x59c3,
  0x59a3,0x4921,0x2000,0x69e5,0x6a25,0x61c3,0x4920,0x6a02,0x8284,0x7202,0x82a4,0x8ac5,0x9b68,0xbc8c,0xc4cd,0xcced,
  0xc4cd,0xc4ed,0xc4ed,0xcd0d,0xc4ed,0xcd0e,0xc50d,0xcd2e,0xcd2e,0xd54f,0xcd6f,0xcd6f,0xcd4f,0xddb1,0xde12,0xddf3,
  0xd5b1,0xd5b2,0xddf2,0xde13,0xddf2,0xddf2,0xcd91,0xddf2,0xddf2,0xe613,0xe654,0xe633,0xddf2,0xd5b1,0xcd70,0xd590,
  0xddb0,0xb44c,0x7a64,0xabc9,0xa388,0xab68,0x92c4,0x9b06,0x92e5,0x92c5,0x92c5,0x9ac5,0x92a4,0x9aa4,0x9ac4,0x9ac5,
  0x92a5,0x6961,0x69a2,0x71e4,0x5942,0x5142,0x3060,0x2000,0x61c4,0x7a45,0x71e2,0x6980,0x71c1,0x8244,0x6a24,0x59c4,
  0x4122,0x2020,0x2040,0x4102,0x4102,0x4902,0x4901,0x5121,0x40a0,0x7a24,0xabea,0xb42b,0xac0b,0xb46c,0x9389,0x59c2,
  0x7245,0x59a2,0x7244,0xac0b,0xac2b,0xbc6c,0xac2b,0xb48c,0xb46b,0xc4ee,0x8b27,0x59c2,0x9b89,0xc4cf,0xac0c,0x7a86,
  0x40e0,0x48e1,0x61e5,0x4942,0x4121,0x38a0,0x2000,0x4963,0x4963,0x4902,0x4921,0x40e0,0x5142,0x5121,0x5121,0x5121,
  0x5962,0x5100,0x69c3,0x8266,0x92c7,0xa328,0x9b48,0xa389,0x9b68,0xa3aa,0xa3ca,0x69e4,0x5121,0x69c4,0x71c4,0x71c4,
  0x5983,0x5182,0x3880,0x6163,0x5102,0x5163,0x30e1,0x1800,0x38c1,0x40e2,0x4922,0x28a0,0x30c0,0x3080,0x2840,0x38a1,
  0x38a1,0x38c1,0x38c1,0x3080,0x2840,0x40e0,0x69e4,0x8b07,0x8ae6,0xa368,0xaba8,0xabc9,0xa389,0xa389,0x9b89,0x82c7,
  0x61c3,0x61a3,0x5982,0x8ae8,0x9b6a,0x8ae8,0x4100,0x4942,0x38e1,0x30a1,0x2880,0x2020,0x38c1,0x7aa7,0x82e7,0x9b89,
  0x9b89,0xa389,0x6a23,0x61c2,0x82a6,0x8285,0x7a63,0x8284,0xa4f0,0xc5f4,0xd656,0xce35,0xce35,0xd656,0xde97,0xe6b8,
  0xeef9,0xe6b7,0xde56,0xd635,0xde96,0xe6b7,0xeed7,0xe6b7,0xde97,0xd656,0xde97,0xdeb6,0xeeb7,0xee95,0xddb2,0xbcac,
  0xcccd,0xc4ac,0xc48b,0xc46a,0xbc6b,0xbcab,0x9b8a,0x38a0,0x6205,0xb4ae,0xddf1,0xcd6d,0xd5b0,0xdd90,0xe5b1,0xddb0,
  0xddb0,0xddaf,0xd5b0,0xddd1,0xee54,0xee75,0xe654,0xddf3,0xddf3,0xe5f2,0xd52e,0xccac,0xcc6b,0xbbe9,0xc46c,0x61e3,
  0x4921,0x9b89,0xc44a,0xbc08,0xbc08,0xc408,0xc3c7,0xbb85,0xc3a6,0xbb85,0xc3a6,0xc3a6,0xbba6,0xb386,0xbb86,0xbba6,
  0xd46a,0xcc2a,0xcc4a,0xb3a7,0xbbc7,0xa365,0xaba8,0x7a24,0x4060,0x8aa6,0x9307,0xaba7,0xcccb,0xcd0c,0xd54e,0xbc8b,
  0x9347,0xb42a,0xcccc,0xbc6a,0xc44a,0xbc29,0xbc2a,0xb42a,0xaba9,0x8ae6,0x69e2,0xa3ca,0xcd30,0xcd51,0xddf3,0xe614,
  0xee54,0xe654,0xe634,0xddf3,0xddf3,0xd5d2,0xde13,0xe634,0xe634,0xe614,0xe614,0xee75,0xee75,0xde34,0xde34,0xd5d3,
  0xde13,0xe675,0xf6b6,0xe675,0xee75,0xe634,0xe613,0xd5b1,0xddd3,0xddb1,0xe5b1,0xddb1,0xb44d,0xa3cb,0xb3eb,0x92c5,
  0x9ac6,0xa307,0x9308,0x59a4,0x2000,0x4943,0x8ac8,0x82c7,0x9b48,0xb40b,0xccee,0xcd0f,0xd571,0xe613,0xee55,0xddf3,
  0xd5b2,0xddb2,0xe5d2,0xbc8d,0xa389,0x9348,0x6a04,0x6205,0x59a4,0x2820,0x5122,0x6a05,0x69c4,0x5141,0x69e3,0x82a5,
  0x8264,0x7a43,0x8aa4,0x9b67,0xbc4b,0xbc8c,0xc4ed,0xc50d,0xcd0d,0xc4ed,0xcd0d,0xcd0d,0xcd2e,0xc50d,0xcd2e,0xcd2e,
  0xcd2f,0xcd4f,0xd570,0xcd4f,0xd5b1,0xe5f2,0xe612,0xd5b1,0xd591,0xd5d2,0xe633,0xddf2,0xddd2,0xd5d2,0xddd2,0xddd1,
  0xe613,0xee54,0xe634,0xd5b1,0xddd2,0xd5b1,0xd590,0xd570,0xccee,0x8ae5,0x9306,0xa388,0xaba8,0xa347,0x9b06,0x9b06,
  0x92e6,0x9b06,0x92c5,0x8aa4,0x9ae6,0x92a4,0x9ac5,0x92a5,0x79e3,0x6141,0x71e4,0x5962,0x5963,0x40e1,0x2000,0x4943,
  0x7a87,0x7204,0x7181,0x6980,0x8244,0x8265,0x7246,0x4122,0x2860,0x2040,0x30c1,0x4102,0x5143,0x48e1,0x5122,0x48e0,
  0x6182,0x9307,0xb42b,0xb44b,0xbc6d,0xa3aa,0x6a04,0x7245,0x7a86,0x5141,0x9328,0xb42b,0xac0a,0xb46b,0xbc8d,0xb46b,
  0xac4b,0xbccd,0x82e6,0x59a1,0xa3eb,0xbc8e,0xa3cc,0x4941,0x4901,0x59a4,0x59a4,0x4102,0x5184,0x2860,0x3060,0x5163,
  0x5163,0x40e1,0x4922,0x40e0,0x5983,0x5101,0x5941,0x5942,0x61a3,0x5121,0x71e4,0x92e7,0x9307,0x9b48,0xa389,0x9b68,
  0xa3ca,0x9b8a,0x82e7,0x5142,0x69c4,0x69c4,0x71e5,0x69a3,0x61a4,0x38c0,0x5122,0x5943,0x5943,0x4101,0x2880,0x2040,
  0x4102,0x40c1,0x40c1,0x28a0,0x38e1,0x3080,0x38a1,0x30a1,0x38a1,0x3081,0x38a1,0x3080,0x3060,0x4900,0x82a7,0x8ae7,
  0x9307,0xa368,0xaba9,0xabc9,0xabca,0xa389,0xa3aa,0x7265,0x61c3,0x5962,0x61c3,0x9328,0x9b8b,0x7225,0x4922,0x4122,
  0x4102,0x30a1,0x2861,0x1000,0x51a4,0x82c7,0x8b07,0x9b89,0xabeb,0x9348,0x5120,0x59a2,0x8285,0x7a84,0x8284,0x7222,
  0x9caf,0xc5f4,0xce35,0xce56,0xce35,0xde97,0xe6b7,0xe6b8,0xdeb7,0xde97,0xd635,0xde76,0xe6d7,0xeef8,0xeef8,0xeed7,
  0xde76,0xde96,0xde96,0xe6b7,0xe695,0xe634,0xcd2f,0xc4ac,0xbc6b,0xc46b,0xbc4a,0xc46b,0xbc6b,0xb48c,0x7286,0x3880,
  0x936a,0xd571,0xd58f,0xe610,0xd5af,0xd590,0xd550,0xd56f,0xcd6e,0xd58f,0xd590,0xe5f3,0xe654,0xee74,0xde12,0xddf3,
  0xddb2,0xdd71,0xccee,0xbc2a,0xabc8,0xbc0a,0x9b28,0x3860,0x7aa6,0xac0a,0xbc08,0xbbe8,0xb3c7,0xc3e7,0xbba6,0xbb65,
  0xbb65,0xbb85,0xbb65,0xbb86,0xb385,0xb386,0xbbc7,0xcc29,0xc44a,0xcc4a,0xb386,0xb345,0xab45,0xa366,0x8284,0x3840,
  0x7a46,0xa369,0xab88,0xc44a,0xcccb,0xd52d,0xa3c8,0x8b06,0xa3e9,0xc4ab,0xbc6a,0xb409,0xb408,0xbc4a,0xb3e9,0x9b68,
  0x9347,0x5161,0x6a44,0xc50f,0xcd50,0xd591,0xde13,0xf676,0xe654,0xe613,0xddf2,0xddd2,0xd5d2,0xde13,0xde33,0xe613,
  0xd5b2,0xddf3,0xe634,0xee76,0xe655,0xde34,0xd5d3,0xde14,0xe675,0xee95,0xe654,0xee75,0xe654,0xddf2,0xd591,0xddb2,
  0xd571,0xddb1,0xdd50,0xb40b,0x9b68,0xabca,0x9b07,0x8a44,0x9ae6,0x9b07,0x7225,0x2820,0x38e1,0x82e9,0x8ac7,0x9b48,
  0xabe9,0xc4ad,0xcd2f,0xd550,0xddd2,0xee55,0xe634,0xddd3,0xd591,0xd571,0xcd0f,0xabeb,0x8b07,0x5982,0x61e3,0x61e4,
  0x38a0,0x3040,0x5142,0x61c4,0x5982,0x69e3,0x7a85,0x8264,0x7222,0x8ac5,0x82a4,0xbc8c,0xc4ac,0xc4ed,0xc4ed,0xcd0e,
  0xc50d,0xcd0d,0xc50d,0xcd0d,0xcd2d,0xcd2e,0xc52e,0xcd2e,0xc52e,0xcd4f,0xcd4f,0xd570,0xd5b1,0xddf2,0xd5b1,0xd591,
  0xd5b1,0xe633,0xddf2,0xd5d2,0xd5d1,0xd5b1,0xd5b1,0xddd2,0xe613,0xe613,0xddd2,0xd5b1,0xcd70,0xddd1,0xd590,0xcd0e,
  0x8b26,0x9b47,0x9b47,0xa367,0x9b26,0x9ae6,0x92c5,0x92c5,0x8ae5,0x8ac6,0x92c5,0x92c6,0x8aa4,0x92a5,0x92c5,0x8224,
  0x69a2,0x71c3,0x61a3,0x5963,0x4101,0x3060,0x38c1,0x6a05,0x7265,0x69a2,0x6140,0x7a03,0x7a24,0x7a65,0x5183,0x3080,
  0x1000,0x2881,0x3902,0x40e2,0x38a0,0x5122,0x48e0,0x4080,0x7203,0xaba9,0xbc6c,0xbc8d,0xb44c,0x7a86,0x61c3,0x6a04,
  0x5982,0x69e3,0xa3a9,0xb40b,0xac2a,0xbc8c,0xb46c,0xb44c,0xb46c,0x9b89,0x6a23,0x7245,0x9bcb,0xb46e,0x7a86,0x5122,
  0x38a0,0x5184,0x4122,0x4923,0x3901,0x2000,0x38c1,0x5183,0x4101,0x4101,0x40c0,0x4901,0x4921,0x5121,0x48c0,0x5962,
  0x5141,0x5962,0x7a65,0x9328,0x9307,0x9b68,0xa389,0xa389,0x9b89,0x9b8a,0x59c3,0x5983,0x61a3,0x61c4,0x69a4,0x71c4,
  0x5142,0x40c0,0x5142,0x5943,0x48e1,0x40e1,0x2040,0x30e1,0x3901,0x40e2,0x3880,0x30a0,0x30a0,0x3080,0x38a1,0x3081,
  0x30a1,0x3080,0x38a1,0x3060,0x3080,0x5162,0x8ac7,0x92e7,0x8ae6,0xa368,0xab88,0xa388,0xabc9,0xabca,0x8ae7,0x69e4,
  0x69e3,0x5141,0x7245,0x9349,0x9b6a,0x5163,0x40e1,0x4102,0x28a0,0x2880,0x1820,0x2020,0x6224,0x8b27,0x8b27,0x9b89,
  0x9b89,0x82a6,0x48e0,0x5961,0x7223,0x7a44,0x7a43,0x69c1,0xa4cf,0xbdd3,0xce35,0xce35,0xd636,0xd676,0xe6b8,0xe6b8,
  0xe6b8,0xd656,0xd656,0xde96,0xeef8,0xeed7,0xeef8,0xde76,0xde76,0xe6b7,0xe6d7,0xe6d7,0xeeb6,0xddf2,0xccee,0xbc8c,
  0xc46b,0xbc4a,0xc48c,0xbc4a,0xc4ad,0xb4ad,0x61e4,0x4962,0xb48e,0xd5b1,0xd58f,0xd58f,0xddd0,0xd56f,0xd550,0xd54f,
  0xd56f,0xd56f,0xddb1,0xe613,0xee75,0xe652,0xe5f2,0xddd2,0xe5b3,0xccef,0xc46c,0xb40a,0xaba9,0xaba9,0x4080,0x5121,
  0xac0b,0xb409,0xbbc8,0xbbe7,0xc3e8,0xc3e7,0xc3c7,0xb365,0xbb86,0xbb65,0xbb85,0xbb65,0xbb86,0xb386,0xcc29,0xd4ab,
  0xcc8c,0xb3a8,0xb345,0xab24,0xab25,0x9b26,0x5121,0x5961,0x9b68,0xaba9,0xc42b,0xc44b,0xd50d,0xb429,0x9306,0x9b47,
  0xcccc,0xbc4a,0xbc4a,0xb409,0xb3e9,0xb3e9,0xabc9,0x9307,0x61a2,0x4900,0xac0b,0xcd50,0xddb2,0xd5d3,0xe635,0xf696,
  0xf695,0xde13,0xddd2,0xddd2,0xe613,0xe633,0xe634,0xd5b2,0xd5b2,0xddf3,0xee76,0xee96,0xee75,0xd5f3,0xde14,0xe675,
  0xf6d7,0xe695,0xee95,0xe654,0xddf3,0xddd2,0xddb2,0xd570,0xd571,0xdd71,0xc48d,0x9b48,0xabca,0xa348,0x92c6,0x9ac6,
  0x92c7,0x7a65,0x3060,0x3081,0x7287,0x7246,0x8ae7,0xabca,0xc48d,0xcd0e,0xdd71,0xddb2,0xee55,0xee75,0xddf3,0xd5b2,
  0xd571,0xcd0f,0xa3aa,0x9b8a,0x6a04,0x5982,0x61c4,0x38c1,0x2000,0x4901,0x61c4,0x61a3,0x6182,0x7a44,0x8265,0x7203,
  0x8264,0x7a43,0xb42a,0xcced,0xd54f,0xcd0d,0xcd0e,0xcd0d,0xcd2e,0xcd2e,0xcd2e,0xc50d,0xcd2e,0xcd2e,0xcd2f,0xcd2e,
  0xcd4f,0xcd4f,0xd570,0xddd2,0xe613,0xd5b1,0xd591,0xcd90,0xddf2,0xe633,0xddd2,0xd5b1,0xddd2,0xd5b1,0xddf2,0xe633,
  0xe633,0xddd2,0xddb2,0xddb1,0xd5b1,0xd570,0xdd90,0x9b68,0x9327,0xa368,0xa367,0x9b06,0x92e6,0x92c5,0x9ac6,0x92c5,
  0x92c5,0x8285,0x9ae7,0x92c6,0x8a85,0x92c6,0x8a86,0x6982,0x69a3,0x69c3,0x6183,0x4922,0x38a1,0x2020,0x61c4,0x7266,
  0x69c3,0x69a2,0x71e3,0x7a24,0x8266,0x59a3,0x40e1,0x2020,0x2860,0x30c1,0x40e2,0x40c1,0x48c1,0x48e1,0x40a0,0x5921,
  0x9307,0xabea,0xbc4c,0xbc8d,0xabeb,0x61e3,0x6a04,0x59a3,0x5121,0x82a6,0xbc4c,0xb40a,0xac0a,0xb46c,0xc4ad,0xb44c,
  0xb44c,0x7aa5,0x5982,0x61e3,0xa3cc,0x9bab,0x5142,0x40e1,0x4922,0x5163,0x4103,0x4102,0x2860,0x2000,0x4943,0x5183,
  0x4101,0x4922,0x48e1,0x5162,0x5142,0x4921,0x48e1,0x5962,0x4900,0x61a3,0x9328,0x9307,0x9b48,0x9b48,0xa3a9,0xa3aa,
  0x9b8a,0x8307,0x4921,0x59c3,0x61c4,0x5982,0x69a4,0x69c4,0x4901,0x4901,0x5963,0x5122,0x40c1,0x38c1,0x2020,0x4122,
  0x4102,0x40e2,0x38a1,0x2880,0x30a1,0x30a0,0x40e2,0x3080,0x38c2,0x3080,0x40e2,0x3040,0x38a0,0x61c3,0x9308,0x8ae7,
  0x9327,0xa348,0xaba9,0xabc9,0xabca,0xa38a,0x8ae8,0x61a4,0x61a3,0x5981,0x9328,0x9329,0x7a87,0x40e1,0x4102,0x3902,
  0x30c1,0x2060,0x1800,0x30c1,0x7ac7,0x8b47,0x9347,0x9b89,0x9b49,0x69e4,0x5962,0x5982,0x7224,0x7a43,0x7a23,0x69a1,
  0x9caf,0xc5f4,0xce35,0xce35,0xce35,0xde97,0xde76,0xe6d8,0xde97,0xde56,0xd655,0xdeb7,0xe6d7,0xe6b7,0xe6b6,0xde35,
  0xd635,0xeed7,0xe6b6,0xe6d7,0xe675,0xddd2,0xc4ce,0xbc6c,0xbc2a,0xbc4b,0xc48b,0xb44b,0xc50e,0xa40c,0x2040,0x8308,
  0xcd50,0xcd2f,0xd58f,0xddd0,0xd58f,0xd56f,0xcd4f,0xd570,0xd56f,0xdd90,0xddd1,0xe634,0xde13,0xe612,0xddf1,0xe5f2,
  0xdd50,0xc46d,0xbc4b,0xb42a,0xa3c9,0x61a2,0x3860,0x9b28,0xb40a,0xab87,0xb3c7,0xbbe7,0xc3e7,0xc408,0xbba6,0xbb65,
  0xbb65,0xbb86,0xb365,0xb365,0xb365,0xc3e8,0xcc6a,0xd4ac,0xc42b,0xb387,0xa304,0xb365,0xab46,0x71c2,0x40c0,0x8ae6,
  0xa388,0xa388,0xc44b,0xdd0e,0xabc9,0x9b47,0x8b05,0xb40a,0xc48b,0xbc4a,0xb409,0xabc8,0xb429,0xaba9,0x9b88,0x7a85,
  0x3060,0x8b29,0xc52f,0xcd70,0xcd91,0xde14,0xe634,0xee76,0xe634,0xde13,0xddd2,0xe613,0xe633,0xe613,0xd5b1,0xd592,
  0xddf3,0xee75,0xee75,0xee96,0xde14,0xddf4,0xe655,0xeeb6,0xee95,0xee75,0xe674,0xe613,0xd591,0xd5b2,0xddb2,0xdd91,
  0xcd2f,0xbc4c,0x9b68,0xaba9,0xa388,0xa348,0x9ae7,0xa369,0x8aa7,0x48e2,0x1800,0x6205,0x7ac8,0x69e3,0x9b48,0xb42b,
  0xc4cd,0xd530,0xd591,0xe5f3,0xe634,0xe614,0xd591,0xd591,0xd591,0xb42c,0x9349,0x7a86,0x5962,0x69e5,0x51a3,0x2840,
  0x2820,0x61c4,0x61c3,0x5962,0x69c2,0x7a44,0x69e2,0x8264,0x7223,0x82c5,0xbc8b,0xd54f,0xc50d,0xcced,0xc4ed,0xcd0d,
  0xc50d,0xcd2e,0xc50d,0xcd2e,0xc50d,0xcd4f,0xc52e,0xc52e,0xc52e,0xd570,0xd5b1,0xe613,0xddd2,0xd591,0xcd50,0xd5d1,
  0xde12,0xe613,0xd5b1,0xd5b1,0xcd90,0xddd2,0xe613,0xee53,0xddd1,0xd5b1,0xd5b1,0xddb1,0xd570,0xe5d2,0xb44b,0x82a5,
  0xa3a8,0x9b47,0x9b26,0x9ae6,0x92a5,0x9ae6,0x92e5,0x92c5,0x8a64,0x92e6,0x92c6,0x8a85,0x8aa5,0x92e7,0x71e3,0x71c3,
  0x61a3,0x61a3,0x5162,0x4901,0x2860,0x4922,0x6a04,0x7204,0x5961,0x71e4,0x7a25,0x7a46,0x6a05,0x4921,0x2880,0x2020,
  0x30c1,0x4102,0x3080,0x40c1,0x48e2,0x48e1,0x40c0,0x8285,0xa389,0xa3a9,0xb42b,0xbc8d,0x8307,0x7245,0x4941,0x61c3,
  0x5962,0x9328,0xb42b,0xabea,0xa3ca,0xbc6c,0xbc6c,0xb44c,0x9ba9,0x61e3,0x5182,0x7265,0xa40d,0x7266,0x4921,0x40e0,
  0x5163,0x4922,0x4123,0x30a1,0x1800,0x3081,0x4943,0x4922,0x40e1,0x40c1,0x40c0,0x5142,0x4901,0x48c0,0x4901,0x5121,
  0x48e0,0x7a45,0x9b48,0x9327,0x9327,0xa368,0x9b68,0xa3ca,0x9b8a,0x61e4,0x4121,0x61c4,0x61e4,0x5962,0x61a3,0x6183,
  0x40c0,0x5143,0x5142,0x5143,0x38a0,0x2840,0x2040,0x4123,0x38c1,0x38c2,0x2880,0x3080,0x2860,0x38c1,0x30a1,0x30a1,
  0x30a1,0x38a2,0x38a1,0x3060,0x3880,0x7245,0x8b07,0x92e6,0x9306,0x9b48,0xaba9,0xabc9,0xa388,0x9b49,0x7a86,0x61a3,
  0x4921,0x7224,0x8b28,0x8b08,0x4101,0x4923,0x38e2,0x3923,0x28c1,0x2060,0x1800,0x4943,0x8327,0x8b47,0x8b26,0x9b89,
  0x8ae7,0x6183,0x61c4,0x61c3,0x7224,0x8265,0x7203,0x69a2,0x9ccf,0xbdd3,0xce35,0xce35,0xd676,0xdeb7,0xe6d8,0xde97,
  0xde97,0xde76,0xde97,0xe6d7,0xeef8,0xeed8,0xeed7,0xde35,0xe676,0xeed7,0xe6d7,0xe695,0xde34,0xcd70,0xccce,0xbc4b,
  0xbc4b,0xb40a,0xbc4b,0xc4cc,0xd550,0x6a67,0x38e1,0xac4c,0xcd50,0xcd2f,0xe5d1,0xd590,0xdd70,0xcd4f,0xd56f,0xd56f,
  0xdd91,0xe5b1,0xee13,0xe654,0xde33,0xddf1,0xee12,0xe58f,0xd4cd,0xbc0b,0xb42b,0xac0b,0x9b69,0x40a0,0x69c2,0xaba9,
  0xbbc9,0xb3c7,0xbbc7,0xbbc7,0xc3e8,0xc3c7,0xbba6,0xb345,0xbb66,0xbb66,0xbba7,0xb366,0xb387,0xc44a,0xd4ac,0xcc6a,
  0xbbc9,0xb387,0xa325,0xab46,0x8a64,0x3820,0x7204,0x9347,0xabe9,0xc48b,0xdd2e,0xaba9,0x92e7,0x8ac5,0xa367,0xc44a,
  0xb3e9,0xbc29,0xbc29,0xabc8,0xa367,0x9b48,0x8ae7,0x4900,0x7225,0xbcce,0xcd50,0xd5b1,0xd5b2,0xe635,0xee76,0xe634,
  0xe614,0xde13,0xe634,0xe613,0xe5f3,0xd5b2,0xd592,0xd5b2,0xe635,0xee96,0xee96,0xde14,0xde14,0xe635,0xee96,0xeeb6,
  0xee96,0xee75,0xde13,0xddd2,0xddd2,0xd570,0xdd92,0xdd91,0xbc4d,0x9b48,0xabaa,0x9b48,0x9ae7,0xa368,0x9b08,0x7a86,
  0x61a4,0x2800,0x5162,0x7a86,0x7a45,0x9307,0xb42b,0xc4ad,0xcd0f,0xd550,0xe5f3,0xe633,0xddf3,0xd592,0xddb2,0xd591,
  0xc4cf,0x9b48,0x9328,0x61c3,0x5963,0x4943,0x4102,0x2840,0x4922,0x61a4,0x5962,0x5941,0x7a45,0x7203,0x8264,0x7223,
  0x8265,0xa3a9,0xbcac,0xcd4f,0xbcad,0xc4ed,0xcd0e,0xc50d,0xcd0e,0xc50d,0xcd2e,0xcd2e,0xcd2e,0xcd4e,0xcd6f,0xc52e,
  0xcd4f,0xd5b1,0xe613,0xddd1,0xd591,0xcd50,0xd591,0xde13,0xee54,0xddf2,0xd5b1,0xcd90,0xddd2,0xe633,0xe633,0xddd2,
  0xddb1,0xd590,0xddd2,0xd570,0xcd2f,0xd52f,0x9307,0x9306,0x92e6,0xa367,0xa327,0x92c5,0x92a5,0x92a5,0x92c6,0x8a85,
  0x92a5,0x9ae6,0x92a5,0x8a85,0x92e7,0x8245,0x69a3,0x69a3,0x6183,0x5962,0x48e0,0x2840,0x3881,0x6a04,0x7225,0x6181,
  0x71c3,0x7204,0x7a26,0x6a06,0x5163,0x38c1,0x2840,0x2860,0x40e2,0x4102,0x40e2,0x40c2,0x48c2,0x48e1,0x69c3,0x9b69,
  0xa389,0xa388,0xc4ad,0xa3ea,0x7266,0x61e4,0x5142,0x5162,0x7225,0x9b89,0xb40b,0xabea,0xb42b,0xb44c,0xb42c,0xac0b,
  0x8b08,0x40e0,0x59a3,0x938a,0xa3cc,0x59a3,0x4942,0x4942,0x4922,0x38c1,0x4964,0x2060,0x1800,0x38e2,0x5164,0x4102,
  0x40e1,0x3880,0x4922,0x4921,0x5122,0x48e0,0x6183,0x5101,0x6183,0x8ac7,0x9b49,0x9b48,0x9b48,0xa389,0xa389,0xa3aa,
  0x9329,0x4901,0x5163,0x61c4,0x69c4,0x61a3,0x69e4,0x5121,0x5102,0x5963,0x5143,0x4943,0x38e2,0x1800,0x38c2,0x38e2,
  0x38c2,0x30c1,0x2881,0x30a1,0x3081,0x30c1,0x2880,0x30a1,0x38a1,0x38a2,0x3060,0x3880,0x4901,0x82a6,0x9b48,0x9327,
  0x9b28,0x9b48,0xb3ea,0x9327,0xb3eb,0x9b6a,0x69e5,0x5983,0x61c4,0x82c7,0x9348,0x7aa6,0x3881,0x4923,0x38e3,0x30c2,
  0x2080,0x1820,0x2000,0x59e4,0x9369,0x9346,0x9b67,0x9b68,0x8286,0x5942,0x69e5,0x6183,0x7224,0x7a44,0x71e3,0x6161,
  0x9cae,0xc5f4,0xce35,0xce35,0xce56,0xe6b7,0xde97,0xde97,0xde76,0xde97,0xde96,0xe6d7,0xe6b7,0xe6b7,0xde56,0xe635,
  0xe676,0xeed7,0xe6d6,0xe696,0xd5f3,0xcd50,0xc4ad,0xbc4b,0xbc2a,0xb40a,0xb42b,0xd56f,0xac8d,0x30c1,0x5a25,0xbccd,
  0xc52e,0xd570,0xd570,0xdd91,0xcd4f,0xd54f,0xcd2e,0xcd4f,0xd570,0xe5f3,0xee33,0xe654,0xd612,0xe5f2,0xe5d0,0xdd0c,
  0xbc08,0xb409,0xabc9,0xa3cb,0x59c3,0x40c0,0x8ae6,0xbc09,0xbbc8,0xbbc7,0xb3c7,0xbbc7,0xbba6,0xbbc7,0xb386,0xb365,
  0xb345,0xb366,0xb386,0xbba7,0xbbc8,0xcc8b,0xcc8b,0xc429,0xb387,0xa2e5,0xa347,0x92c6,0x4080,0x5921,0x9306,0x9b47,
  0xac09,0xcd0d,0xa3c9,0x82a5,0x8ac6,0x8aa5,0xb3c9,0xbbe9,0xb3c8,0xbc09,0xaba7,0xaba8,0x8ae5,0x9b89,0x5961,0x5982,
  0xbcaf,0xc4ef,0xcd50,0xddf2,0xe633,0xe675,0xe655,0xe634,0xddf3,0xe633,0xe613,0xddf3,0xd591,0xd591,0xd591,0xddf3,
  0xde34,0xee75,0xee76,0xddf4,0xde14,0xee76,0xe655,0xee75,0xe675,0xe654,0xd5d2,0xd5b2,0xd570,0xdd91,0xd550,0xbc6d,
  0x9b48,0x9b27,0x9ae6,0x8a85,0x9b07,0x9b08,0x8ae8,0x61e5,0x2020,0x40e1,0x7245,0x92e7,0x8264,0x9b68,0xbc8d,0xd550,
  0xcd4f,0xddb2,0xe613,0xe614,0xd5b2,0xd592,0xd571,0xd571,0x9b69,0x8286,0x61c3,0x61a3,0x4943,0x4102,0x2020,0x2840,
  0x5183,0x59a3,0x5962,0x69c3,0x7a44,0x7a44,0x7223,0x7203,0x8b07,0xb46c,0xc50e,0xc4ee,0xc50e,0xcd0e,0xc50d,0xcd0e,
  0xc50d,0xc50d,0xc50d,0xcd2e,0xc50d,0xcd4e,0xcd2f,0xcd4f,0xcd6f,0xddb1,0xddd2,0xddb1,0xcd70,0xd590,0xd5d1,0xe633,
  0xddf2,0xd5b1,0xcd90,0xd5d1,0xde12,0xee53,0xddd1,0xcd70,0xcd70,0xd5b1,0xcd70,0xcd2f,0xbccd,0x82c5,0x8ae6,0x9306,
  0x8284,0xa347,0x92c5,0x8a85,0x8a64,0x92a5,0x92a5,0x9ac6,0x9ac5,0x92c5,0x8a64,0x92c6,0x8265,0x69a2,0x61a2,0x5962,
  0x5983,0x4901,0x40a0,0x2800,0x5162,0x7245,0x6181,0x71c1,0x71e3,0x8266,0x7226,0x5144,0x38c1,0x1800,0x2020,0x4102,
  0x4101,0x38c1,0x40c1,0x48e3,0x40a1,0x4901,0x82c7,0xabeb,0x9b88,0xabe9,0xb46b,0x7a85,0x6a04,0x4941,0x59c4,0x5121,
  0x82a6,0xabeb,0xb3ea,0xbc2c,0xabea,0xac0b,0xb46c,0xa3aa,0x59c2,0x40e0,0x4961,0x934a,0x7287,0x5162,0x38a0,0x5163,
  0x38e1,0x4122,0x30e1,0x2040,0x1000,0x3903,0x4963,0x4122,0x3080,0x38a0,0x4922,0x4902,0x40e1,0x5122,0x5983,0x5942,
  0x7205,0x9b09,0x9b28,0xa389,0x9b68,0xa389,0x9b89,0xa38a,0x6a05,0x4901,0x5163,0x61c4,0x5983,0x61c4,0x5983,0x4901,
  0x5122,0x5963,0x4922,0x4122,0x2880,0x1800,0x40e2,0x38c2,0x30c1,0x28c1,0x2880,0x38a1,0x3080,0x30c1,0x2060,0x30a1,
  0x2880,0x38a2,0x2820,0x40c1,0x59c3,0x8b08,0x9368,0x9b68,0x9b47,0xa369,0xabaa,0x9306,0x9b88,0x82c7,0x5142,0x5963,
  0x61e4,0x8b07,0x8b28,0x61c3,0x40e0,0x40e2,0x30a2,0x30c2,0x2080,0x1840,0x2861,0x7287,0x9388,0x9b87,0x9ba7,0x9328,
  0x61c3,0x5963,0x61a4,0x5962,0x69e3,0x7a24,0x69a2,0x6141,0x9caf,0xc5f3,0xd656,0xce35,0xde97,0xe6d8,0xeef9,0xe6b8,
  0xe6b7,0xde96,0xe6d8,0xe6d7,0xe6d7,0xde76,0xde35,0xe655,0xeeb7,0xe696,0xeed7,0xe695,0xd5d2,0xcd2f,0xccce,0xbc2a,
  0xc42b,0xbc2b,0xc48d,0xcd4f,0x8349,0x2880,0x8b6a,0xc54e,0xcd6f,0xcd4f,0xdd91,0xdd92,0xcd2f,0xcd4e,0xd56f,0xcd4f,
  0xddb1,0xe5f3,0xee13,0xddf2,0xde32,0xe612,0xe58f,0xcc69,0xb3c7,0xb3e7,0xbc6c,0x8b28,0x2840,0x61e3,0xa367,0xbc08,
  0xc3c8,0xbba7,0xc3e8,0xbba7,0xbba6,0xbba6,0xbb87,0xb365,0xbb86,0xb366,0xb387,0xbbe8,0xcc6b,0xcc6a,0xc42a,0xb3a8,
  0xbb87,0xa305,0xa308,0x6983,0x50e1,0x92e6,0xa347,0xa387,0xccac,0xb44a,0x8ae5,0x9326,0x8aa6,0xab49,0xbbea,0xab87,
  0xbc09,0xb3e8,0xab87,0x9306,0x9b47,0x6a24,0x4901,0x9b8a,0xcd51,0xc510,0xd5b2,0xddf2,0xee74,0xe675,0xe635,0xddf4,
  0xe654,0xe654,0xe613,0xd5b1,0xddd2,0xd591,0xddb2,0xe634,0xee96,0xe655,0xe655,0xee55,0xee76,0xe655,0xee76,0xe675,
  0xe634,0xd5d2,0xddd3,0xd591,0xd550,0xd550,0xc48d,0x9b28,0x9b28,0x9b07,0x9284,0x9ae6,0x92c6,0x9308,0x7a88,0x28a2,
  0x2860,0x6205,0x82c7,0x92e6,0x9b06,0xb3e9,0xd550,0xcd70,0xd591,0xe613,0xee55,0xd5d3,0xd5b3,0xd591,0xdd92,0xb42c,
  0x9307,0x69c3,0x6162,0x61c4,0x5184,0x2881,0x2020,0x4102,0x59a4,0x5162,0x5962,0x7204,0x7a23,0x7a64,0x71e2,0x7a85,
  0xb44c,0xbc8d,0xc4ee,0xbcee,0xcd2f,0xcd2e,0xcd0e,0xc4ed,0xcd0e,0xcd2e,0xcd2e,0xcd0e,0xcd2e,0xcd2e,0xcd4f,0xcd4f,
  0xddb1,0xddd1,0xd591,0xd571,0xd591,0xd5b1,0xe633,0xde13,0xd5d1,0xcd90,0xddd1,0xddf2,0xe633,0xddf2,0xd591,0xd570,
  0xd591,0xd590,0xcd50,0xbc8d,0x9b68,0x8ae6,0xa368,0x8aa5,0x92c6,0x9b06,0x92a5,0x8a64,0x92a5,0x92a5,0x92c6,0x92a5,
  0xa2e6,0x9284,0x9ac5,0x92a5,0x7a04,0x6162,0x69a3,0x6183,0x5122,0x40c0,0x3860,0x4921,0x7a66,0x69e3,0x6160,0x7a02,
  0x8224,0x7225,0x69e6,0x40e2,0x2041,0x2020,0x4122,0x38e1,0x38c1,0x40e1,0x48e2,0x40c2,0x5102,0x61c4,0xa38a,0xa3ca,
  0xa3ca,0xa3e9,0x9b68,0x6a24,0x61c4,0x5182,0x61c4,0x5983,0x9329,0xac0b,0xb40b,0xb40b,0xb42b,0xb42b,0xbc4d,0x82c7,
  0x48e0,0x4900,0x6a05,0x8b29,0x6204,0x38c0,0x4101,0x5183,0x38c1,0x4102,0x30c2,0x1800,0x1800,0x4143,0x4964,0x38c1,
  0x38c1,0x40e1,0x5142,0x4901,0x4901,0x5142,0x5963,0x5962,0x8287,0x9308,0xa36a,0xa368,0xaba9,0x9b48,0xa38a,0xa3ab,
  0x5963,0x5142,0x5964,0x6183,0x69c4,0x61a3,0x5962,0x4921,0x5963,0x5963,0x5164,0x30c0,0x1820,0x2860,0x4903,0x38a1,
  0x4103,0x28a0,0x28a1,0x3080,0x38c1,0x30c0,0x30a1,0x3081,0x30a1,0x3081,0x38a1,0x38c1,0x7a87,0x9328,0x9b48,0x9b68,
  0xa369,0xa369,0xa349,0x9b48,0x9b68,0x7a66,0x5142,0x61a4,0x7225,0x9348,0x82e7,0x4901,0x4943,0x38c2,0x3082,0x2881,
  0x30e2,0x1000,0x4944,0x8309,0x9ba9,0x9387,0xa3c9,0x82c6,0x5942,0x61a4,0x6184,0x5122,0x7204,0x7204,0x71c3,0x6141,
  0x9cae,0xc5d4,0xce35,0xd656,0xde97,0xef19,0xe6f8,0xe6b7,0xde97,0xe6b8,0xe6d7,0xeef8,0xe696,0xe696,0xd635,0xe6b7,
  0xe6b7,0xeed7,0xe6b6,0xde33,0xcd70,0xc50e,0xc4cc,0xbc4b,0xb44b,0xb44b,0xcd4f,0xcd50,0x4982,0x4962,0xac8d,0xcd6f,
  0xcd2e,0xd570,0xdd91,0xcd0f,0xcd2f,0xd54f,0xcd4e,0xd56f,0xddb1,0xee13,0xe5f2,0xddf1,0xddf1,0xe5d2,0xcccc,0xbbe8,
  0xb3c7,0xb408,0xa3e9,0x4962,0x4101,0x92e7,0xa366,0xb366,0xbbc7,0xbbc7,0xb3c7,0xb3a7,0xb386,0xbb87,0xb366,0xbb66,
  0xb366,0xb386,0xbc08,0xc429,0xcc6a,0xcc4a,0xb3a7,0xb388,0xab67,0xab68,0x8265,0x48c0,0x7a24,0xa348,0x9b47,0xc46c,
  0xabc9,0x9b67,0x9306,0x8284,0x8aa5,0xbbea,0xab88,0xb3c8,0xb3a7,0xab87,0x9b06,0x92e6,0x6204,0x3080,0x72c7,0xbd0f,
  0xbcee,0xc52f,0xd5b1,0xe674,0xe655,0xde15,0xde14,0xe634,0xe633,0xe612,0xd5b0,0xd5b1,0xd591,0xddb2,0xddd3,0xe635,
  0xe655,0xe676,0xde55,0xf6d7,0xe635,0xee75,0xee95,0xde14,0xd5d2,0xd5d2,0xcd91,0xd591,0xd570,0xbc8d,0x9b89,0x9b28,
  0x92e7,0x8a64,0xa326,0x92e6,0x8285,0x7266,0x3081,0x1000,0x4963,0x7a87,0x8285,0x92c5,0xa367,0xccac,0xcd50,0xcd70,
  0xd5b2,0xee35,0xddf3,0xd592,0xcd50,0xddb2,0xb46c,0x9b69,0x7265,0x5982,0x59c3,0x5163,0x4102,0x2841,0x2860,0x5983,
  0x5983,0x61a3,0x5982,0x69e3,0x7223,0x7223,0x7243,0xa3a9,0xbc8c,0xbcad,0xb48c,0xc4ee,0xc50e,0xcd0e,0xc4cc,0xc4ed,
  0xc50d,0xcd2e,0xc50d,0xcd2e,0xcd2e,0xcd2f,0xcd4f,0xddb1,0xddd1,0xd5b1,0xc52f,0xcd50,0xcd70,0xddd2,0xddf2,0xddf2,
  0xcd91,0xd5b1,0xd5f1,0xe633,0xd5d1,0xd5b1,0xd590,0xd590,0xcd70,0xddb1,0xc4ee,0x9348,0x8ae6,0xb3ea,0x9306,0x92e6,
  0x92e6,0xa307,0x8243,0x8a64,0x9285,0x92a5,0x8aa4,0x9ae6,0x92e6,0x8a85,0x92c5,0x8a64,0x6161,0x69a2,0x6182,0x5963,
  0x40e1,0x2820,0x3080,0x6a25,0x61e3,0x6181,0x71c1,0x79e2,0x7204,0x6a06,0x4144,0x2881,0x2020,0x40e2,0x4101,0x38a0,
  0x38c0,0x40e1,0x38a0,0x40e1,0x5121,0x92e7,0xa389,0xabca,0x9b89,0x9349,0x6a65,0x6204,0x5162,0x6a25,0x4900,0x7245,
  0x9328,0xb40b,0xabea,0xb42b,0xb42b,0xbc6d,0xa3aa,0x5162,0x38a0,0x4942,0x7ac8,0x7ae8,0x4942,0x3080,0x4962,0x5143,
  0x38a0,0x3903,0x2081,0x0800,0x2881,0x5184,0x40e1,0x38c0,0x38a0,0x4902,0x4122,0x4102,0x4101,0x61c4,0x4900,0x69c3,
  0x8aa7,0x9b08,0x9b28,0xa369,0xa3a9,0x9b69,0x9b89,0x7a86,0x4941,0x5163,0x5983,0x5984,0x6184,0x6184,0x48e1,0x48e1,
  0x5963,0x5963,0x4122,0x28a1,0x1000,0x4102,0x38a1,0x40c2,0x38c1,0x3080,0x30a0,0x3080,0x30a0,0x30a1,0x30c1,0x30a1,
  0x3081,0x2860,0x3080,0x5162,0x82a7,0x9328,0x9327,0xa368,0x9b48,0xa38a,0x82c6,0x9b68,0x9b68,0x6a05,0x5983,0x69e4,
  0x82a6,0x9b8a,0x6204,0x4122,0x30c1,0x30a2,0x2040,0x2881,0x20a2,0x1820,0x61e4,0x9329,0x9368,0x9ba9,0x9389,0x7245,
  0x4901,0x61c4,0x5962,0x5121,0x69e3,0x7a04,0x69a2,0x6161,0xa4d0,0xbdd4,0xce55,0xd676,0xe6b8,0xe6f9,0xe6d9,0xde77,
  0xe6b7,0xe6b7,0xeed8,0xe696,0xde76,0xde55,0xd656,0xdeb7,0xe6b7,0xe6b7,0xe675,0xd5d2,0xcd4f,0xc4ed,0xc4cd,0xbc8b,
  0xbc6c,0xc4ee,0xcd71,0x93cb,0x30c0,0x72c6,0xcd91,0xcd4f,0xd54f,0xd54f,0xd50e,0xbc8c,0xdd6f,0xcd2e,0xcd2f,0xcd70,
  0xe5f2,0xee33,0xe613,0xddd1,0xe5d1,0xd52f,0xc46c,0xbbe8,0xb3c8,0xabe9,0x72a5,0x2040,0x69e4,0xa347,0xb367,0xc3c7,
  0xc409,0xbbc7,0xb3c7,0xb386,0xbb87,0xbb66,0xbb86,0xb366,0xbb87,0xb3a6,0xbc28,0xccaa,0xcc6a,0xbba8,0xb367,0xb388,
  0xb3a9,0x8ac7,0x48c1,0x5940,0xab89,0xa368,0xbc0b,0xb3c9,0x7a23,0x92c5,0x8243,0x8284,0xb3c9,0xaba8,0xb3c9,0xa387,
  0xab87,0x8243,0xa327,0x82c6,0x38a0,0x4983,0xbd0f,0xcd70,0xcd70,0xd590,0xe654,0xee96,0xe676,0xde35,0xe655,0xe633,
  0xe612,0xd5b0,0xd5b0,0xd5b0,0xd591,0xddf3,0xee56,0xe656,0xe656,0xde55,0xeeb6,0xe675,0xfeb7,0xee75,0xde13,0xd5d2,
  0xd5d2,0xcd70,0xd591,0xd591,0xb44c,0x9b68,0x9307,0x8aa6,0x8a45,0x92a5,0xa327,0x82a5,0x7aa7,0x4122,0x1800,0x38c2,
  0x7247,0x8287,0x92a6,0xab47,0xc42b,0xc4cd,0xd570,0xd5b2,0xe615,0xee35,0xddb3,0xddb2,0xddb2,0xc4ce,0x9baa,0x7265,
  0x5162,0x5162,0x5184,0x4143,0x30c2,0x1800,0x40e2,0x61a3,0x69e4,0x69c3,0x69e3,0x69e3,0x7a64,0x7223,0x9327,0xbcac,
  0xc4cd,0xc4cd,0xbcad,0xc4ed,0xcd2e,0xcd0d,0xcced,0xc4ed,0xcd0e,0xc4ed,0xcd2e,0xcd2e,0xd54f,0xcd2f,0xd590,0xddf2,
  0xddb2,0xcd4f,0xd570,0xcd70,0xd592,0xe5f3,0xe614,0xd5b1,0xd591,0xddf2,0xe654,0xd5d1,0xd570,0xcd70,0xddb1,0xcd70,
  0xd590,0xd54f,0xa3c9,0x82a5,0x9b48,0x9b27,0x92e6,0x8a85,0x9ae7,0x92c6,0x8a64,0x8a44,0x9285,0x8a84,0x9ac5,0x92c5,
  0x8ac7,0x8ac7,0x8265,0x6981,0x71a2,0x69a3,0x6183,0x4901,0x3061,0x2860,0x59a4,0x61e4,0x61c3,0x69e2,0x8223,0x7a03,
  0x69e4,0x4984,0x28a2,0x1000,0x3080,0x4901,0x48e1,0x40c0,0x4922,0x3080,0x40e1,0x4101,0x7a25,0xa368,0xabc9,0xabeb,
  0xabec,0x7aa7,0x6a26,0x4942,0x5983,0x61e4,0x5941,0x7a65,0xa3a9,0xabea,0xbc2b,0xb40b,0xc46d,0xabeb,0x7a86,0x38a0,
  0x4942,0x4942,0x7ac8,0x6205,0x38e1,0x3080,0x5163,0x38a1,0x4903,0x30c3,0x1020,0x0000,0x4144,0x5163,0x4901,0x4901,
  0x40e1,0x4102,0x4122,0x38c1,0x4922,0x5963,0x5941,0x8245,0x9ae7,0x9b08,0xa349,0xa389,0xa38a,0x9b69,0x82e7,0x40e0,
  0x5983,0x5162,0x5142,0x5963,0x61a5,0x5103,0x48a1,0x5922,0x6184,0x4943,0x30e1,0x1860,0x1841,0x4143,0x40c2,0x40c2,
  0x3881,0x3060,0x38e1,0x30c0,0x3902,0x30a1,0x38c2,0x2881,0x3081,0x2840,0x38a0,0x6a04,0x92e7,0x9307,0xab88,0xab89,
  0xaba9,0x9b48,0x82a6,0x9348,0x9328,0x5162,0x59a3,0x69e3,0x9308,0x9b49,0x5163,0x30e2,0x28a2,0x28a1,0x2040,0x2880,
  0x1861,0x3080,0x8265,0x9328,0x9b8a,0x9baa,0x938b,0x59c3,0x5142,0x5982,0x5982,0x5100,0x71e4,0x71e3,0x6982,0x5941,
  0x9caf,0xc5d4,0xce35,0xd676,0xdeb7,0xeef9,0xe6b8,0xde97,0xde97,0xe6b8,0xe6b7,0xe676,0xd634,0xd655,0xd635,0xe6b7,
  0xde96,0xeeb6,0xd613,0xd5d2,0xbccd,0xc50d,0xbcac,0xbc8c,0xbcac,0xd571,0xc530,0x5a05,0x2880,0xa42b,0xd5b1,0xcd2f,
  0xcd2e,0xd54f,0xc4cd,0xcced,0xcd4e,0xc50e,0xc52e,0xd590,0xddd1,0xee33,0xe5f3,0xe5f3,0xddb0,0xbc6b,0xbc2a,0xb3e8,
  0x9b46,0x9b88,0x40e0,0x4101,0x8ac5,0xb388,0xab25,0xbba7,0xb3a7,0xb3a7,0xb386,0xb366,0xb345,0xbb66,0xb366,0xb366,
  0xb365,0xbbe8,0xc449,0xdd0c,0xb3c8,0xb367,0xb346,0xb347,0x9b07,0x6182,0x3840,0x9307,0x92e7,0xb3eb,0xbc2b,0x92a5,
  0x8264,0x8243,0x7a02,0x9b06,0xaba8,0xa347,0xa366,0xab87,0x8aa4,0x8aa5,0x8ac6,0x5983,0x38c1,0xac6d,0xcd91,0xcd70,
  0xcd90,0xde33,0xe674,0xee96,0xe655,0xee76,0xde13,0xddd2,0xd5b1,0xd5b1,0xd590,0xd591,0xd591,0xe635,0xee76,0xee76,
  0xde55,0xe676,0xe696,0xe635,0xee76,0xe614,0xcd92,0xddd3,0xcd90,0xd591,0xd591,0xbcad,0x8b27,0x8ac6,0x8265,0x8244,
  0x8a85,0x92a6,0x8285,0x69e4,0x4121,0x1820,0x2040,0x61e5,0x7aa7,0x7a65,0x9306,0xbc2b,0xc48c,0xcd0f,0xd5b2,0xde14,
  0xde14,0xddd3,0xcd71,0xdd92,0xdd92,0x9349,0x7a86,0x61e3,0x5161,0x5162,0x38e1,0x4122,0x1800,0x28a2,0x59a4,0x69c4,
  0x7204,0x69c3,0x61c2,0x7244,0x7223,0x7a85,0xac0a,0xccee,0xc50e,0xc4ee,0xbccd,0xcd0e,0xc4ed,0xc4ed,0xc50d,0xc50d,
  0xbccc,0xc50d,0xc52e,0xcd2e,0xc50e,0xd570,0xd5b1,0xddb1,0xcd4f,0xcd50,0xcd70,0xd591,0xd5d2,0xe633,0xddf2,0xd591,
  0xd5b1,0xe654,0xe633,0xcd4f,0xcd6f,0xd590,0xcd4f,0xd54f,0xc4ee,0xb42b,0x8284,0x9307,0x9306,0x8284,0x92c6,0x8a85,
  0x8aa5,0x8a64,0x8a64,0x9285,0x8a64,0x92a5,0x92c5,0x92a5,0x8285,0x8a85,0x6981,0x6161,0x69c3,0x6183,0x5142,0x38a0,
  0x1800,0x5184,0x6205,0x59a3,0x69c2,0x7a44,0x7a23,0x7a04,0x5183,0x2880,0x1000,0x2020,0x30a0,0x48e1,0x48e1,0x48e1,
  0x38e1,0x3080,0x40e1,0x5983,0x9b69,0xab88,0xabc9,0xb42c,0x9baa,0x6a26,0x5183,0x40e1,0x59c4,0x5962,0x5982,0x82a6,
  0xa3c9,0xb40a,0xb42b,0xbc4c,0xb44c,0x9348,0x5141,0x5142,0x4922,0x5183,0x59c4,0x4922,0x3080,0x4101,0x4943,0x38a1,
  0x38c2,0x2040,0x0800,0x1000,0x4143,0x4922,0x40e0,0x4901,0x40c0,0x4942,0x4102,0x4102,0x5163,0x4901,0x7204,0x9b08,
  0x9b08,0xa329,0xab8a,0xabcb,0x9baa,0x9b8a,0x61e3,0x38c0,0x5183,0x5142,0x4101,0x5964,0x5963,0x4081,0x48c1,0x6184,
  0x5163,0x4942,0x2080,0x1000,0x2080,0x4123,0x38c2,0x38a1,0x2840,0x3080,0x38c1,0x30c0,0x30e1,0x38c1,0x30a1,0x3081,
  0x2860,0x2880,0x4101,0x7a87,0x8ae7,0x9307,0xab89,0xaba9,0xaba9,0x82a6,0x7aa6,0x9b69,0x82c6,0x5141,0x5141,0x7a45,
  0x9348,0x8286,0x38e1,0x30e2,0x28c2,0x30e2,0x1820,0x2881,0x0800,0x4942,0x82a5,0x9b48,0xa3ca,0x9bab,0x8b29,0x4942,
  0x5162,0x5162,0x5141,0x5121,0x69c3,0x71e3,0x6162,0x6141,0x9ccf,0xbdd3,0xd656,0xde97,0xe6d8,0xe6f8,0xe6b8,0xe6b7,
  0xe6d8,0xeed8,0xeed8,0xde76,0xde55,0xd635,0xe696,0xe697,0xeed8,0xe696,0xde34,0xd5b1,0xc4ed,0xc4ed,0xc4ac,0xb46b,
  0xcd2f,0xcd30,0xc510,0x4142,0x4982,0xc54f,0xd591,0xcd2f,0xd54f,0xc4ad,0xbc8c,0xd54e,0xd54f,0xc52d,0xd570,0xd5b1,
  0xddd1,0xddd2,0xe5f3,0xe613,0xc4ce,0xbc49,0xb3c8,0xaba7,0xabca,0x6204,0x3040,0x7204,0xab88,0xab86,0xab45,0xb387,
  0xc3c8,0xbba7,0xb3a7,0xb366,0xb366,0xb366,0xb386,0xb366,0xb386,0xc429,0xdcec,0xc449,0xb3a8,0xb387,0xb347,0xab47,
  0x8265,0x3840,0x8245,0x9b27,0xa348,0xb3ea,0x92c6,0x8a84,0x8a84,0x7a23,0x8a84,0xab67,0xab88,0xab87,0xab87,0x92e5,
  0x8264,0x9328,0x7225,0x4900,0x9349,0xd570,0xcd50,0xc550,0xd5f2,0xde34,0xe675,0xf696,0xf676,0xe614,0xddf3,0xd5b1,
  0xddd1,0xd5d1,0xd5b1,0xd5b1,0xddf3,0xe655,0xf697,0xe676,0xee96,0xe696,0xe696,0xee96,0xddf4,0xd5b3,0xddf3,0xd592,
  0xddb2,0xdd91,0xc4ce,0xa389,0x92e7,0x8285,0x9b08,0x8aa6,0x9ae7,0x8ac7,0x7a46,0x40c1,0x2000,0x2020,0x51a4,0x7ac7,
  0x82c7,0x7a64,0xa389,0xc48d,0xc4ce,0xcd30,0xe615,0xde15,0xe614,0xd571,0xddb2,0xd571,0xbc8e,0x9349,0x6a04,0x59a3,
  0x59a3,0x4101,0x4942,0x30a1,0x1800,0x4143,0x6a06,0x61a3,0x69c3,0x69c3,0x69e3,0x7223,0x7a85,0x9347,0xc4ad,0xc4ee,
  0xc4cd,0xbcac,0xcd0e,0xcd0e,0xc4ed,0xbcab,0xcd0d,0xc50d,0xcd0e,0xc50d,0xcd2e,0xcd2e,0xcd4f,0xddd1,0xddd1,0xcd4f,
  0xcd4f,0xcd70,0xd570,0xd591,0xde13,0xddf2,0xd591,0xd5b2,0xe654,0xddf2,0xd591,0xd590,0xd570,0xd590,0xcd4f,0xcd2f,
  0xabea,0x9327,0x9b27,0x9b48,0x9b27,0x8244,0x8a85,0x9b07,0x92c6,0x8a84,0x8a64,0x8a84,0x92a5,0x8a84,0x92c6,0x9ae6,
  0x8a85,0x71c2,0x71c2,0x69c3,0x5983,0x5142,0x4102,0x2020,0x38e2,0x6205,0x61c4,0x61c3,0x7204,0x7a44,0x7a24,0x61a3,
  0x4102,0x1800,0x1800,0x30a1,0x4102,0x38c0,0x4902,0x40e1,0x38a0,0x40e1,0x40e1,0x82a7,0xabaa,0xa388,0xabca,0xac0b,
  0x7aa7,0x59c4,0x38a1,0x4101,0x61e5,0x5162,0x61a3,0x9348,0xa368,0xb3ea,0xbc6c,0xbc4c,0xb42c,0x7a86,0x5122,0x5983,
  0x4942,0x51a3,0x4102,0x3080,0x30a0,0x4122,0x40e2,0x4102,0x2861,0x1000,0x1841,0x2081,0x4143,0x38c0,0x40c0,0x38a0,
  0x40e1,0x4101,0x4902,0x5163,0x59a4,0x5141,0x8ac7,0x9b28,0xa328,0x9b08,0xab8a,0xa38a,0xa3ab,0x8b08,0x5142,0x59a3,
  0x59c4,0x4942,0x5163,0x5963,0x5122,0x40a0,0x6184,0x5963,0x5164,0x4102,0x2060,0x1000,0x3922,0x3902,0x40e2,0x3060,
  0x3060,0x38c1,0x38e1,0x30c0,0x38e1,0x30a1,0x38c2,0x3081,0x30a1,0x3080,0x5163,0x8ae8,0x9307,0x9307,0xaba9,0xaba9,
  0xa389,0x7224,0x8b08,0x9b69,0x7a86,0x5982,0x5982,0x8ae7,0x9b6a,0x5962,0x40e1,0x4123,0x30c2,0x28a1,0x2881,0x2081,
  0x1820,0x59e4,0x9307,0x9b48,0xabeb,0x9bcb,0x7a87,0x4101,0x5983,0x5142,0x5942,0x5121,0x71e4,0x69c3,0x6983,0x6141,
  0x9caf,0xc5d4,0xce55,0xdeb7,0xded8,0xe6d8,0xdeb7,0xe6b8,0xe6b7,0xeed8,0xde96,0xde55,0xd614,0xd635,0xde55,0xde76,
  0xeed7,0xe675,0xde13,0xcd50,0xbcad,0xc4cd,0xbcad,0xc4cd,0xcd2f,0xd571,0x9beb,0x30a0,0x7b07,0xddb1,0xcd4f,0xd56f,
  0xcced,0xb44b,0xbc8c,0xd54f,0xcd4e,0xd56f,0xd5b0,0xddd1,0xd5b1,0xddd2,0xddd2,0xd570,0xb44b,0xb3c6,0xbc07,0xac09,
  0x9389,0x38c1,0x40c0,0x9b07,0xab66,0xab45,0xa345,0xb3a7,0xbbe8,0xc3c8,0xb366,0xbb87,0xb386,0xb386,0xab65,0xb3a6,
  0xbbe7,0xd48a,0xcc4a,0xb387,0xbbe9,0xb388,0xa347,0x9b06,0x48a0,0x6982,0x9b48,0x9b48,0xb3ca,0x92a6,0x8243,0x92a5,
  0x79e2,0x8223,0x9b06,0xb3a9,0xa347,0xab67,0x8242,0x8264,0x9348,0x7a86,0x30a0,0x6a25,0xbcae,0xc4ce,0xcd2f,0xd5b1,
  0xde54,0xe676,0xe675,0xf696,0xee34,0xe5d3,0xddb1,0xddd1,0xd5b1,0xd5b1,0xd5b1,0xd5d2,0xde34,0xee76,0xe676,0xee76,
  0xee96,0xeeb6,0xe655,0xde55,0xd5f4,0xd5d4,0xd592,0xd591,0xd570,0xbc6c,0xa389,0x92e6,0x7a03,0x9b28,0x8ae7,0x9308,
  0x92e7,0x7247,0x4102,0x2020,0x1800,0x59a4,0x82e7,0x7ac6,0x7264,0x9b88,0xb46c,0xc50f,0xc4ef,0xd592,0xde15,0xddf4,
  0xcd71,0xcd71,0xddb2,0xc4cf,0x8308,0x82c8,0x61e4,0x61c4,0x4922,0x4902,0x38e1,0x2820,0x38c1,0x59e5,0x61c4,0x6182,
  0x5981,0x7204,0x6a03,0x7223,0x8ae6,0xb42b,0xc4cd,0xc4cd,0xbc8c,0xbcac,0xc4ed,0xc4ed,0xbcac,0xc4ed,0xbcec,0xcd0e,
  0xc50d,0xc50e,0xc50d,0xd56f,0xd5b0,0xddd1,0xd590,0xcd4f,0xc52f,0xd570,0xcd70,0xddf2,0xddf2,0xd5b2,0xd5b1,0xde13,
  0xde13,0xd591,0xc52f,0xd5b1,0xc52e,0xcd2f,0xdd90,0xbc8c,0x8b06,0x8ac6,0xa388,0x9b47,0x8ac5,0x8284,0x8a84,0x9b06,
  0x8a84,0x8a64,0x8244,0x8a85,0x8a84,0x8a85,0x8aa5,0x92a5,0x79c2,0x71a2,0x69a2,0x6183,0x5183,0x4122,0x1820,0x2860,
  0x59e5,0x59c4,0x5982,0x7204,0x7a04,0x7a24,0x61c3,0x4101,0x2020,0x1800,0x2880,0x4103,0x40e1,0x40c1,0x40e1,0x38e1,
  0x30a0,0x4101,0x5962,0xa369,0xa368,0xa389,0xa3ca,0x9349,0x59c3,0x4942,0x2840,0x5183,0x59a3,0x5162,0x7244,0xa389,
  0x9b47,0xabea,0xb42b,0xb44c,0x9baa,0x5982,0x4921,0x4902,0x59a4,0x4902,0x38c0,0x3080,0x30a0,0x38c1,0x30c1,0x3902,
  0x1820,0x1000,0x0800,0x28a2,0x4122,0x40e1,0x40e0,0x40a0,0x4921,0x40e1,0x4101,0x59a4,0x5142,0x6a04,0x9307,0x9b28,
  0x9b07,0x9b28,0xa389,0xa38a,0xa38a,0x7225,0x4101,0x59a4,0x59a4,0x5163,0x4922,0x5142,0x4901,0x4901,0x5983,0x5964,
  0x4923,0x30a1,0x1000,0x1820,0x3943,0x38e2,0x30c1,0x2820,0x3061,0x4102,0x30a0,0x30c0,0x30c1,0x3081,0x30a1,0x30a1,
  0x2880,0x38a0,0x59c4,0x8b08,0x8ae7,0x9b28,0xa388,0xb3ea,0x9307,0x7224,0x8b28,0x9349,0x61e3,0x5982,0x7a65,0x9349,
  0x82c8,0x4101,0x4101,0x38e1,0x2880,0x2081,0x20a1,0x1820,0x28a1,0x7aa7,0x8ae6,0x9b48,0xa3ca,0x9bab,0x5182,0x4921,
  0x4942,0x5142,0x4900,0x5121,0x69c3,0x69a3,0x6182,0x5941,0xa4d0,0xc5d4,0xd697,0xdeb7,0xe6d8,0xe6d8,0xe6d8,0xe6b7,
  0xe6d8,0xe6b7,0xe697,0xd635,0xd615,0xd615,0xde56,0xde55,0xf6d7,0xe634,0xe634,0xc50f,0xc4ee,0xbcad,0xc4ce,0xcd50,
  0xd550,0xddf3,0x6a66,0x30c0,0xac8e,0xcd4f,0xd56f,0xd54f,0xc4ac,0xbc6b,0xd54f,0xd54e,0xd54f,0xd58f,0xe5f1,0xddd1,
  0xddd1,0xddd1,0xe5d1,0xc4ce,0xa388,0xb3e7,0xaba7,0xb42a,0x59a4,0x2000,0x7a45,0xb3a9,0xbb87,0xb364,0xb3a6,0xb3a7,
  0xbba8,0xbb87,0xbb87,0xbb87,0xbba7,0xab86,0xb3a6,0xb3e7,0xcc4a,0xcc4a,0xc3c8,0xb387,0xbba9,0xa347,0xab68,0x71e2,
  0x4881,0x9307,0x9b07,0xa369,0x9ae7,0x71c2,0x92a5,0x8244,0x8203,0x8a84,0xb3a9,0xb3a8,0xab88,0x8243,0x8264,0x92e6,
  0x7a86,0x38e0,0x4101,0xac2d,0xc4ae,0xb46c,0xd590,0xde12,0xe675,0xe696,0xeeb7,0xee55,0xee13,0xe5f2,0xddd2,0xd591,
  0xd5b1,0xcd91,0xddf3,0xde34,0xee96,0xee96,0xee97,0xee96,0xf6b7,0xee75,0xe654,0xd5d3,0xd5f4,0xcd92,0xddb2,0xdd71,
  0xbc2c,0x9b28,0x9b07,0x8244,0x8a65,0x9308,0x82a6,0x82a6,0x7a66,0x38c1,0x1820,0x1800,0x3080,0x7245,0x8ae7,0x7243,
  0x82c5,0xac2a,0xcd0f,0xcd30,0xcd71,0xddf4,0xe615,0xd5b3,0xd571,0xcd70,0xd592,0x9baa,0x7246,0x5142,0x61c4,0x61e5,
  0x4922,0x5163,0x2840,0x2840,0x61e5,0x59c4,0x59a3,0x6182,0x69c3,0x7244,0x7a85,0x7aa5,0xabca,0xc4ad,0xbc6c,0xbc8c,
  0xccee,0xc4ed,0xcd2f,0xc4cd,0xc4cd,0xcd2e,0xcd0e,0xc50d,0xcd0e,0xc50d,0xcd4f,0xddb0,0xe612,0xcd70,0xcd70,0xd590,
  0xd570,0xcd4f,0xddd2,0xe633,0xddf3,0xd5d2,0xe654,0xde13,0xd591,0xcd70,0xd570,0xcd70,0xdd90,0xcd0f,0xd50f,0x8ae6,
  0x8ac6,0x9306,0xa348,0x8ac5,0x8aa5,0x8a84,0x9b06,0x8a84,0x8a64,0x8223,0x92a5,0x8a85,0x8a64,0x92a5,0x92c6,0x79e3,
  0x7182,0x6982,0x5121,0x59a3,0x59a4,0x2040,0x2020,0x4963,0x6205,0x5982,0x7204,0x69e3,0x7a25,0x69e4,0x5143,0x2060,
  0x1000,0x1820,0x38e2,0x4102,0x40c1,0x40e1,0x4102,0x38c1,0x40e2,0x4901,0x8ac7,0xab68,0xab89,0xa389,0xa3cb,0x7265,
  0x59c4,0x38c0,0x4102,0x59c4,0x5162,0x5141,0xa38a,0x9b68,0xabca,0xabca,0xb40b,0xb46c,0x7a86,0x38c0,0x5122,0x40e1,
  0x5964,0x40c1,0x48e2,0x2840,0x40e2,0x38e1,0x4164,0x2060,0x1820,0x1000,0x1000,0x30e2,0x4123,0x4101,0x5122,0x40c0,
  0x5142,0x40e1,0x4942,0x59a4,0x5963,0x82a7,0x9b49,0x9b28,0xa348,0xa369,0xabca,0xa3aa,0x9b4a,0x5163,0x4922,0x4942,
  0x5984,0x4922,0x5963,0x5142,0x48e1,0x5962,0x5964,0x5164,0x4102,0x2020,0x1000,0x1860,0x4144,0x38e2,0x30a1,0x2000,
  0x3061,0x38a1,0x3080,0x30c1,0x38c1,0x30a1,0x38e2,0x3080,0x3080,0x4101,0x7266,0x9349,0x9308,0x9b68,0xabca,0xabca,
  0x8aa6,0x7a45,0x9329,0x82c7,0x5962,0x5940,0x9b49,0x8ae8,0x61e5,0x38e1,0x4942,0x3080,0x30a1,0x2080,0x20a2,0x0800,
  0x4963,0x8b29,0x9308,0x9348,0xa3cb,0x8308,0x4101,0x4101,0x4922,0x5141,0x5121,0x5941,0x7204,0x61a2,0x6183,0x5941,
  0x9caf,0xc5f4,0xd696,0xe6d8,0xdeb7,0xe6d7,0xe6b7,0xe6d8,0xdeb7,0xe6b7,0xde76,0xd635,0xce14,0xd615,0xd615,0xe676,
  0xe675,0xe654,0xddd2,0xc4ef,0xbccd,0xc4ce,0xbcce,0xd591,0xd5b2,0xbd10,0x4121,0x5a05,0xbd0f,0xcd4f,0xd54e,0xd54e,
  0xbc6b,0xc4cc,0xcd0d,0xcd0e,0xcd4e,0xd5b0,0xddf1,0xddd1,0xd5b0,0xddd1,0xd56f,0xbc6b,0xa366,0xa366,0xa387,0x7aa5,
  0x2820,0x4922,0x92c6,0xab47,0xb365,0xbb85,0xb3a6,0xbbc7,0xbbe8,0xbba8,0xbb87,0xbb87,0xab86,0xabc7,0xabc7,0xc449,
  0xcc8a,0xbbc8,0xbb87,0xbb88,0xab27,0xab89,0x7a63,0x48c0,0x7a44,0x9b08,0x8aa6,0x8265,0x7a23,0x8244,0x7a03,0x79e2,
  0x8222,0xab68,0xab88,0xab88,0x92c5,0x8243,0x8285,0x8ac7,0x5162,0x38e0,0x6a45,0xb46d,0xc52f,0xcd2f,0xd590,0xe654,
  0xde34,0xee76,0xe635,0xe614,0xe5d2,0xe5d2,0xd590,0xd591,0xcd91,0xd5d2,0xde13,0xe696,0xe676,0xe696,0xee96,0xf6b7,
  0xee75,0xe634,0xd5b2,0xd5d3,0xcd92,0xd571,0xd571,0xc46d,0x92e7,0x92a6,0x8244,0x92c6,0x92c7,0x7a45,0x82a7,0x61c4,
  0x3080,0x2040,0x1000,0x2881,0x59a3,0x7a85,0x7a64,0x8284,0x9347,0xb48c,0xc52f,0xcd50,0xd5b2,0xe655,0xd5b3,0xd592,
  0xd591,0xd571,0xac2c,0x8308,0x6a45,0x5142,0x5163,0x4923,0x5143,0x4902,0x2000,0x40c1,0x51a4,0x5162,0x4920,0x6182,
  0x7224,0x7a44,0x7a85,0x9b89,0xbc6c,0xc4ce,0xac4b,0xbc8c,0xcd0e,0xcd0e,0xc4cd,0xbccd,0xbccd,0xc4ee,0xc50e,0xcd2e,
  0xc52e,0xcd4f,0xd590,0xe5f1,0xcd6f,0xcd6f,0xcd4f,0xd570,0xcd4f,0xd570,0xddf2,0xddf3,0xd5d2,0xde13,0xde13,0xd5d2,
  0xcd70,0xd590,0xd570,0xcd4f,0xd54f,0xccee,0x9b68,0x8ac6,0x8ae6,0x9b07,0x9306,0x8a84,0x7a02,0x92a5,0x92a5,0x8a84,
  0x7a02,0x8a64,0x8a85,0x92a5,0x8244,0x8aa5,0x8244,0x6161,0x6961,0x6162,0x5121,0x59a4,0x3901,0x1800,0x3901,0x61e4,
  0x5981,0x69c3,0x69e3,0x7204,0x69c4,0x5122,0x2880,0x1000,0x0800,0x2881,0x4102,0x40e1,0x38c0,0x4101,0x38c1,0x4102,
  0x38e1,0x61e4,0x9b48,0xab68,0xa368,0x9b8a,0x82e8,0x6a25,0x4942,0x38e1,0x5183,0x5983,0x4900,0x61c2,0xabca,0xa369,
  0xa3a9,0xabeb,0xac0b,0x9baa,0x3900,0x4101,0x4901,0x48e2,0x40a1,0x40a1,0x38a1,0x3060,0x30c1,0x3923,0x3944,0x1020,
  0x0800,0x0800,0x1840,0x4123,0x3902,0x38c1,0x40e0,0x4922,0x4921,0x4101,0x4942,0x59a4,0x61c3,0x9328,0x9b28,0xa349,
  0x9b48,0xa389,0x9b48,0x9b6a,0x6a05,0x4901,0x40e1,0x5164,0x5164,0x4922,0x4942,0x48e1,0x38a0,0x59a3,0x5163,0x4944,
  0x2860,0x1800,0x0800,0x28a1,0x3102,0x3903,0x2860,0x2840,0x2880,0x3081,0x2880,0x38e2,0x2060,0x30a1,0x30a1,0x3080,
  0x3080,0x59a4,0x82e8,0x9349,0x8b07,0x9b68,0xabaa,0xa369,0x69e3,0x82a6,0x9349,0x7a87,0x4920,0x7203,0x9328,0x7aa7,
  0x4122,0x30c1,0x38e1,0x38e1,0x2060,0x2060,0x1840,0x1020,0x59e4,0x9349,0x9307,0x9b49,0x9bcb,0x6a25,0x38c0,0x4101,
  0x4921,0x5121,0x4900,0x5962,0x69e3,0x6182,0x6182,0x5942,0x9cb0,0xc614,0xdeb7,0xdeb7,0xdeb7,0xdeb7,0xeef8,0xe6b7,
  0xe6d8,0xde76,0xde76,0xde55,0xd615,0xd635,0xde56,0xde76,0xe655,0xde13,0xddb2,0xc4ee,0xc4ee,0xc4ee,0xc530,0xd592,
  0xddf4,0x8349,0x30c0,0x8349,0xc510,0xcd0e,0xd52e,0xc4cc,0xc4ac,0xd52e,0xd50e,0xcd2e,0xd56f,0xddd0,0xddf1,0xd590,
  0xddd1,0xd570,0xcccd,0xb3e9,0xa345,0xa388,0xa3a9,0x4900,0x3040,0x6a03,0xab68,0xab26,0xbb86,0xbb85,0xbba6,0xb3a6,
  0xbbe8,0xbba7,0xbb87,0xb366,0xb386,0xaba6,0xbc49,0xc48a,0xc42a,0xb367,0xb348,0xb348,0xb389,0x9306,0x48e1,0x5141,
  0x9b28,0x8aa6,0x8a85,0x69a1,0x8224,0x8224,0x8203,0x8203,0xab47,0xab68,0xbc0a,0x8a84,0x7a23,0x8284,0x7a65,0x6a04,
  0x38a0,0x6a25,0x9bcb,0xc50f,0xcd50,0xcd70,0xe613,0xee95,0xee75,0xe634,0xe5f4,0xddd3,0xe5f3,0xddd1,0xddb1,0xd570,
  0xd591,0xd5f3,0xe676,0xe696,0xe696,0xe676,0xf6d7,0xf6b7,0xe655,0xd5b2,0xddb2,0xddd2,0xddb2,0xdd91,0xc48d,0xa348,
  0x8a85,0x8244,0xa308,0x9ae8,0x8266,0x82a7,0x6a26,0x30a1,0x2040,0x1820,0x2020,0x4964,0x7266,0x7a44,0x7a03,0x9306,
  0xabc9,0xc4ce,0xcd50,0xcd92,0xe655,0xddd2,0xd571,0xcd50,0xd571,0xbcce,0x8b08,0x7266,0x61c4,0x61e5,0x4902,0x5144,
  0x59a5,0x3040,0x2000,0x5183,0x59a4,0x59a3,0x5141,0x61c2,0x7a65,0x7a64,0x8b07,0xac2b,0xc4cd,0xbcac,0xbc6c,0xbcac,
  0xcd2f,0xc4ed,0xc4ad,0xbcac,0xc4ed,0xbccd,0xcd2f,0xcd0e,0xcd2e,0xddb0,0xe5f2,0xd590,0xcd2f,0xcd6f,0xd570,0xcd2f,
  0xd570,0xddd1,0xe613,0xd5b1,0xde13,0xddf2,0xd5b1,0xd590,0xd5b1,0xcd70,0xd570,0xcd2f,0xcd0f,0xa3c9,0x8ac6,0xa389,
  0x9307,0x9306,0x9b27,0x8264,0x8223,0x8a84,0x8a84,0x8a64,0x79e2,0x8aa5,0x8a65,0x8a65,0x8a85,0x8244,0x71c3,0x6161,
  0x6163,0x5983,0x61c5,0x4122,0x2840,0x30c0,0x61c3,0x5981,0x69c2,0x7203,0x71e3,0x69e4,0x5143,0x2880,0x1840,0x0000,
  0x1840,0x30e2,0x4923,0x40e1,0x4901,0x38a0,0x38a1,0x4102,0x5163,0x82e8,0x9b28,0xab68,0xab89,0x8b28,0x7266,0x61e4,
  0x4101,0x5183,0x61e5,0x4921,0x5941,0x7a85,0xa3aa,0xa369,0xa389,0xabea,0xb42c,0x6204,0x4121,0x5183,0x4902,0x40a1,
  0x40a2,0x3060,0x3060,0x38a1,0x38e2,0x3923,0x30e2,0x1020,0x1040,0x0800,0x2882,0x4943,0x40e2,0x38a0,0x4901,0x4921,
  0x4922,0x40e0,0x5983,0x5962,0x7a86,0x9328,0x9b49,0xa368,0xa389,0x9b68,0xa3aa,0x8b08,0x5963,0x4902,0x5143,0x5164,
  0x5184,0x5163,0x4102,0x3040,0x5142,0x5183,0x51a5,0x38e3,0x2020,0x1000,0x1800,0x28c1,0x3903,0x3902,0x2840,0x2860,
  0x38c1,0x3081,0x38e2,0x30e1,0x2880,0x2880,0x38a1,0x3080,0x4101,0x7246,0x8b09,0x9328,0x9328,0x9b68,0xa3aa,0x82a6,
  0x69e3,0x8b07,0x9b6a,0x61e4,0x61a3,0x8ac6,0x9308,0x7266,0x4102,0x30e2,0x38e2,0x38c1,0x2040,0x2881,0x1020,0x28a1,
  0x7aa7,0x9328,0x9328,0x9349,0x9b8a,0x5162,0x4922,0x4922,0x5163,0x5122,0x5101,0x5941,0x69e4,0x6182,0x5962,0x5141,
  0x948f,0xce36,0xd6b7,0xdeb7,0xd696,0xe6d8,0xe6d7,0xe6d7,0xe6b7,0xd635,0xd635,0xde55,0xd614,0xde76,0xde96,0xde75,
  0xde14,0xddf3,0xcd50,0xc4ee,0xbcad,0xcd30,0xcd71,0xd5b2,0xc551,0x51c4,0x30e0,0xac6d,0xcd70,0xcd0e,0xc4cc,0xac09,
  0xbc8b,0xdd6f,0xcd0d,0xcd2e,0xd56f,0xddf1,0xd5d0,0xd590,0xdd8f,0xccee,0xabe9,0xaba7,0xa366,0xa3aa,0x6a25,0x2820,
  0x5100,0x9b06,0xa346,0xab66,0xb366,0xbb86,0xb366,0xb386,0xaba6,0xbba7,0xb366,0xb366,0xab66,0xb3c7,0xbc69,0xc44a,
  0xab87,0xab47,0xa306,0xb368,0xa328,0x6162,0x3840,0x9328,0x8ac6,0x69a2,0x69a1,0x79e3,0x7a03,0x79c2,0x7181,0x92a5,
  0xb389,0xbbca,0x9ae6,0x7a03,0x8284,0x8264,0x7a85,0x3080,0x4941,0xa3ca,0xbccd,0xcd70,0xc550,0xd5d2,0xe654,0xee74,
  0xe613,0xe5f3,0xddb2,0xd5b3,0xd5b2,0xddd1,0xddb1,0xd591,0xd592,0xe634,0xe676,0xe696,0xe696,0xee96,0xe695,0xee75,
  0xddf3,0xd591,0xd591,0xe5d2,0xd52f,0xbc4c,0x9327,0x8a85,0x71e3,0x8a86,0x92e7,0x8aa7,0x82a8,0x6a06,0x30c1,0x1820,
  0x1860,0x1840,0x30e1,0x7266,0x7a65,0x71e2,0x8264,0xb3c9,0xc48d,0xccef,0xcd50,0xddd3,0xe654,0xd570,0xc50e,0xd54f,
  0xcd2f,0x9369,0x7265,0x6a05,0x59c4,0x5984,0x4102,0x61c6,0x4102,0x2820,0x38a1,0x61e4,0x6a05,0x5982,0x5141,0x7a65,
  0x7224,0x82a6,0xa3a9,0xbcad,0xbc8c,0xb44b,0xb46b,0xc4cd,0xc4ed,0xc4ee,0xbcac,0xc4ee,0xc4ed,0xc4ee,0xc50e,0xcd0e,
  0xcd2f,0xe5f1,0xddd1,0xcd2f,0xc52e,0xcd4f,0xc54f,0xcd70,0xd590,0xddf2,0xd5d1,0xddf2,0xddf2,0xd591,0xc54f,0xd590,
  0xcd4f,0xcd70,0xcd4f,0xcd2f,0xa3ea,0x7a64,0x9306,0x9b27,0x8ac6,0x9b07,0x8aa5,0x8264,0x8a84,0x8a84,0x8a84,0x8223,
  0x7a02,0x8a85,0x8264,0x8a85,0x8aa6,0x71e3,0x5120,0x69a3,0x5143,0x5984,0x4942,0x2860,0x2840,0x59a3,0x5161,0x6181,
  0x7a23,0x7203,0x69e3,0x4942,0x2860,0x1821,0x0820,0x0000,0x1860,0x3902,0x40e1,0x40c0,0x40e1,0x3060,0x30a0,0x4942,
  0x7aa7,0xa38a,0x9327,0xab89,0x9b48,0x7266,0x59e4,0x4102,0x38e1,0x6225,0x59a3,0x4921,0x61c3,0x9b49,0x9b48,0xa389,
  0xa3a9,0xabeb,0x8b48,0x4100,0x4982,0x4942,0x4102,0x40e2,0x3060,0x3881,0x2840,0x3081,0x3902,0x4144,0x1860,0x0800,
  0x1040,0x1000,0x2881,0x5164,0x38c1,0x4101,0x4101,0x40e1,0x40e0,0x4901,0x5142,0x61a3,0x8ae7,0x9b28,0x9327,0xa369,
  0xa389,0x9328,0x9369,0x6a25,0x40e0,0x4902,0x4922,0x5164,0x4902,0x5164,0x38a0,0x3080,0x59a3,0x5983,0x4963,0x2881,
  0x1000,0x1000,0x1000,0x30c2,0x3903,0x30e2,0x2040,0x2860,0x30a1,0x30c1,0x3902,0x2880,0x2880,0x3081,0x30a0,0x30a0,
  0x5163,0x82c8,0x82e7,0x9b49,0x9328,0x9b69,0x9348,0x61a2,0x6a03,0x9329,0x8b28,0x4901,0x6a25,0x9328,0x9308,0x61e5,
  0x38e1,0x3102,0x28a0,0x2860,0x2860,0x30e2,0x0800,0x4984,0x8b28,0x9328,0x9328,0x9369,0x7ac7,0x4922,0x5183,0x5163,
  0x4922,0x5142,0x48e0,0x5942,0x69e4,0x69c3,0x5120,0x5941,0x9cb0,0xce36,0xe6d8,0xded7,0xe6d8,0xe6d8,0xeef8,0xe6d7,
  0xde56,0xd635,0xde55,0xcdf4,0xde35,0xde56,0xe676,0xde55,0xde34,0xd5d2,0xcd50,0xbcad,0xbcce,0xcd30,0xd592,0xc572,
  0xac6e,0x30a0,0x51a3,0xbcef,0xd550,0xc4cd,0xbc6b,0xabe9,0xc4ac,0xd52e,0xcd2e,0xcd2e,0xddd1,0xddd1,0xddd1,0xd58f,
  0xd52e,0xb42a,0xa387,0xa324,0xb3a7,0x8b07,0x4902,0x3040,0x92e6,0xab66,0xab45,0xab86,0xbb88,0xbb87,0xbb87,0xb365,
  0xb3a6,0xab86,0xbb87,0xb386,0xb387,0xc429,0xc44a,0xb3a7,0xb3a8,0xab47,0xa307,0xa307,0x8a45,0x48a0,0x69e4,0x9b69,
  0x7a24,0x69c2,0x71e3,0x7a03,0x79c2,0x79c2,0x79c2,0x9ac6,0xb3aa,0xa348,0x8224,0x8ac6,0x8265,0x8285,0x5143,0x30a0,
  0x8308,0xbc8c,0xcd0e,0xcd4f,0xd5b2,0xde14,0xe655,0xe613,0xe5d2,0xddb1,0xddd2,0xd5b2,0xddd2,0xd591,0xd591,0xddd2,
  0xee55,0xee76,0xee96,0xe676,0xf6d7,0xe675,0xe634,0xddf2,0xddd2,0xd591,0xd551,0xdd70,0xbc6c,0x9307,0x7a24,0x69a2,
  0x8aa6,0x8a86,0x8287,0x7205,0x69e5,0x3081,0x2020,0x28c1,0x1820,0x2060,0x59e4,0x7286,0x8285,0x7202,0xab89,0xbc2b,
  0xd50f,0xc4cf,0xddb3,0xe614,0xe613,0xddb1,0xcd2e,0xd54f,0xabeb,0x6a25,0x5983,0x4922,0x61e5,0x40e1,0x5143,0x5164,
  0x3881,0x2820,0x61e5,0x5983,0x6a05,0x5982,0x61c2,0x7264,0x82a6,0x8b27,0xbc6c,0xcd0e,0xc4ad,0xb44b,0xc4ad,0xc4cd,
  0xccee,0xc4cd,0xc4cd,0xc4ed,0xcd0f,0xcd2f,0xcd0e,0xd54f,0xe5d1,0xddb0,0xcd6f,0xc52e,0xcd4f,0xcd4f,0xcd4f,0xcd6f,
  0xddd2,0xddf2,0xddf2,0xddd2,0xd590,0xcd4f,0xd590,0xcd6f,0xcd2f,0xc50e,0xcd2f,0xac2b,0x8285,0x7a64,0x9b27,0x8285,
  0x92c6,0x92c6,0x8a64,0x7a22,0x8a85,0x8aa5,0x8a64,0x8263,0x8a64,0x8264,0x8aa6,0x8a85,0x8245,0x61a2,0x5941,0x5983,
  0x5184,0x4964,0x30a1,0x2000,0x5984,0x61c3,0x6181,0x71e2,0x8244,0x69e3,0x5962,0x3080,0x1840,0x0800,0x0000,0x0820,
  0x28c2,0x4102,0x40e1,0x38c0,0x40c1,0x38a0,0x4902,0x61e5,0x9b6a,0xa389,0xa389,0xa388,0x8ac6,0x59e4,0x4142,0x2020,
  0x4943,0x6225,0x5162,0x4920,0x7a45,0x9b69,0xa389,0xa3a9,0xa3aa,0xa3cb,0x6a24,0x30c0,0x4942,0x38e1,0x5164,0x40e2,
  0x3861,0x38a1,0x3881,0x30a1,0x4123,0x30e2,0x1000,0x1020,0x1841,0x1000,0x4102,0x4102,0x40c1,0x4101,0x4102,0x4922,
  0x4901,0x4921,0x5121,0x82a6,0x9b29,0x9b28,0xa369,0xa389,0xa3aa,0xa3aa,0x7a86,0x4921,0x4922,0x4902,0x4902,0x4943,
  0x4943,0x40e2,0x2840,0x5162,0x59a4,0x5163,0x3902,0x1860,0x1020,0x1000,0x1840,0x3902,0x4143,0x30c1,0x2880,0x30c1,
  0x38e2,0x38e2,0x38e2,0x2860,0x3081,0x30a1,0x38c1,0x38e0,0x61e4,0x8ae7,0x9b49,0x9b69,0x9b69,0x9349,0x82a6,0x5141,
  0x7a86,0x9b49,0x7a86,0x5141,0x7a87,0x9b49,0x9328,0x4122,0x3902,0x28a1,0x28a1,0x2880,0x3902,0x1840,0x2040,0x6246,
  0x9349,0x9b69,0x9348,0x9369,0x7246,0x4942,0x5163,0x4922,0x5122,0x4901,0x4901,0x5962,0x7204,0x61a2,0x5942,0x5962,
  0x9cd0,0xd676,0xded8,0xdeb8,0xdeb7,0xe6d7,0xe6d7,0xe6b7,0xcdf4,0xd655,0xd614,0xcdf4,0xd635,0xde56,0xde76,0xde55,
  0xd5f3,0xd5d2,0xc52f,0xc4ce,0xc50f,0xcd71,0xc571,0xc572,0x7b29,0x1820,0x7286,0xd550,0xc4ee,0xbc8c,0xb44a,0xc48c,
  0xcced,0xd52f,0xcd0e,0xddb0,0xddb0,0xddb0,0xddb0,0xdd90,0xc4ac,0xaba8,0x9b46,0xab87,0x9b46,0x7245,0x2840,0x7a45,
  0x9b46,0xab45,0xab44,0xab86,0xab87,0xb3a8,0xb387,0xbb86,0xab85,0xb386,0xb386,0xb3a7,0xb3c7,0xcc6a,0xbc08,0xab67,
  0xab67,0xab47,0x9b07,0x8a85,0x50c0,0x5962,0x9349,0x7a46,0x69a2,0x7a24,0x79e3,0x71a2,0x71c2,0x7181,0x8a44,0xab48,
  0x92c6,0x7a03,0x8aa6,0x8286,0x7244,0x61a3,0x2020,0x7b08,0xc50f,0xc4cd,0xc4ed,0xd570,0xde13,0xe655,0xd5d3,0xddd3,
  0xdd90,0xe5b1,0xddb1,0xd5d2,0xcdb1,0xd5b1,0xd591,0xddf3,0xe635,0xee76,0xe676,0xee76,0xe675,0xe654,0xddf2,0xddd2,
  0xd591,0xd571,0xd550,0xabca,0x8ae6,0x7203,0x82a6,0x7a45,0x7225,0x69c4,0x7226,0x59a4,0x2020,0x2020,0x2040,0x2061,
  0x1040,0x51e5,0x6a24,0x7a85,0x7223,0x92e6,0xabca,0xd50f,0xc4ce,0xcd10,0xd592,0xe614,0xd5b1,0xcd2f,0xd54e,0xb44b,
  0x8b07,0x59a3,0x4942,0x5983,0x4101,0x4102,0x4943,0x4943,0x2000,0x38a0,0x59a4,0x69e5,0x5962,0x5961,0x7224,0x7224,
  0x82e6,0xac0b,0xc4ee,0xc4cd,0xb44b,0xbc6c,0xbc8c,0xc4cd,0xbcac,0xbcad,0xc4cd,0xcd0e,0xc50e,0xcd0f,0xc50e,0xdd91,
  0xddd1,0xd56f,0xc50d,0xcd2e,0xc52e,0xcd4e,0xc54f,0xd590,0xddf1,0xddf2,0xd5b1,0xd591,0xc52e,0xcd4f,0xd590,0xcd70,
  0xc50e,0xcd2f,0xb44b,0x9347,0x82c5,0x8ac5,0x8aa5,0x8a85,0x8aa5,0x92e6,0x7a23,0x8243,0x8a84,0x92c5,0x7a22,0x8264,
  0x8264,0x8a85,0x8aa6,0x7204,0x5940,0x5941,0x5942,0x5963,0x4964,0x30a2,0x1800,0x40e2,0x61c3,0x6182,0x71e2,0x7a03,
  0x69e2,0x6182,0x38c0,0x1820,0x0800,0x0821,0x0000,0x2082,0x3902,0x4102,0x38a0,0x40c0,0x3080,0x40e1,0x5162,0x82a7,
  0xa389,0x9b48,0x9b48,0x9308,0x6a45,0x4963,0x2840,0x30a1,0x51a3,0x6205,0x5162,0x5141,0x7a85,0x9b69,0xabca,0xa389,
  0xa3aa,0x8b08,0x40e0,0x38e0,0x4963,0x4122,0x4122,0x38a1,0x30a1,0x38a1,0x3081,0x38e2,0x30e2,0x2060,0x1000,0x2061,
  0x0800,0x1840,0x4922,0x4102,0x38e1,0x4922,0x4101,0x5142,0x4900,0x5121,0x61a2,0x9328,0x9328,0x9307,0xa389,0xabaa,
  0x9b69,0x9b8a,0x6a04,0x40e0,0x4921,0x4922,0x4922,0x4923,0x4923,0x38a1,0x38a0,0x59a4,0x5183,0x5163,0x28a1,0x1020,
  0x1000,0x1000,0x2060,0x4143,0x4143,0x30a1,0x2040,0x38e2,0x30c1,0x3902,0x30a1,0x2840,0x2860,0x30a1,0x3080,0x4942,
  0x7265,0x8ae7,0x9348,0x9b89,0x9369,0x9349,0x5982,0x59a2,0x9349,0xa3ab,0x5141,0x61c3,0x8b08,0x9329,0x7a87,0x38a0,
  0x30c1,0x28a1,0x28a1,0x2881,0x3102,0x1800,0x3901,0x82c8,0x8b07,0x9b69,0x9348,0x8ae8,0x4941,0x4942,0x4922,0x4102,
  0x40e1,0x40e1,0x48e0,0x61a3,0x69e4,0x5982,0x5141,0x5982,0xa4f1,0xd656,0xe6f9,0xded8,0xe6d8,0xdeb7,0xe6d7,0xd655,
  0xce35,0xd635,0xd615,0xd635,0xd615,0xd635,0xe697,0xde55,0xde13,0xd5b1,0xcd2f,0xc4ee,0xd571,0xd5b2,0xd5b3,0xbd10,
  0x51e4,0x30e0,0x9bcb,0xcd50,0xccee,0xb44a,0xbc4b,0xcced,0xd52f,0xcd2f,0xd52f,0xddd1,0xddb1,0xd5b0,0xddb0,0xd56f,
  0xbc6b,0x9b46,0xa347,0xb3c9,0xa369,0x3040,0x48e1,0x9307,0xab67,0xb365,0xb365,0xab66,0xb3c8,0xb3a8,0xbba8,0xb387,
  0xbb86,0xb386,0xb386,0xb3a7,0xcc4a,0xc409,0xbba8,0xb367,0xb3a8,0xab68,0xab68,0x71c4,0x3840,0x8286,0x7a47,0x5121,
  0x71e4,0x7203,0x71a2,0x79e3,0x6961,0x7181,0xab49,0x9ac6,0x7a03,0x8265,0x8286,0x7a45,0x7244,0x2840,0x6a66,0xbcce,
  0xc4ee,0xc4ed,0xc4ed,0xd590,0xee75,0xd5b2,0xddb3,0xddb2,0xddb2,0xe5d2,0xe5d2,0xd5d1,0xd5f1,0xcdb1,0xde14,0xde14,
  0xe635,0xe656,0xee77,0xe655,0xe614,0xde13,0xddd2,0xd591,0xe5f3,0xd550,0xac0c,0xa3aa,0x7224,0x8285,0x9308,0x61c3,
  0x6a25,0x7287,0x5164,0x2820,0x3081,0x30a1,0x2881,0x1000,0x4123,0x6a46,0x7a45,0x69e3,0x8285,0x9b68,0xc46d,0xcd0f,
  0xccef,0xd571,0xe5f4,0xd592,0xddb2,0xcd0f,0xcd0f,0x8ae7,0x7246,0x59a3,0x4902,0x4102,0x40e1,0x59a4,0x38c2,0x38c1,
  0x3060,0x5183,0x61c4,0x6a05,0x5942,0x69c3,0x7a65,0x6a03,0xa3ca,0xbccd,0xccee,0xac2b,0xb46c,0xbcac,0xbcad,0xc4ad,
  0xc4ad,0xbcac,0xcd0e,0xcd0e,0xcd0e,0xc4ee,0xd591,0xddb1,0xd590,0xcd4f,0xcd2e,0xc52e,0xcd2e,0xcd4e,0xd570,0xd5b1,
  0xddf2,0xddd2,0xd591,0xd570,0xcd4f,0xcd4f,0xcd4f,0xcd2f,0xd570,0xbccd,0x9347,0x8b27,0x8285,0x8ac6,0x8a85,0x92c6,
  0x92e6,0x7a23,0x8223,0x8a64,0x92a5,0x8a84,0x8223,0x8244,0x8264,0x8285,0x8265,0x69a2,0x5941,0x5962,0x6183,0x4901,
  0x4103,0x1000,0x38a2,0x61e4,0x5121,0x71e4,0x7a25,0x69e4,0x5983,0x4101,0x2881,0x1000,0x1020,0x0800,0x1000,0x30e2,
  0x4123,0x40e1,0x40a0,0x38c0,0x38a0,0x40e1,0x61c4,0x9328,0xa369,0x9b48,0xa389,0x7286,0x6a25,0x30a1,0x2861,0x4942,
  0x6226,0x59a4,0x5983,0x61a2,0x9328,0x9328,0xabaa,0xa38a,0xa3eb,0x61c3,0x30a0,0x38e1,0x4102,0x4102,0x38c2,0x3081,
  0x40e2,0x30a1,0x30a1,0x38e2,0x30a1,0x1000,0x2060,0x2081,0x1000,0x2881,0x4922,0x4101,0x4943,0x4102,0x5143,0x4922,
  0x4901,0x4920,0x8286,0x9b48,0x8ae7,0x9327,0xa389,0xa3aa,0x9b8a,0x7286,0x61c3,0x4921,0x4922,0x4922,0x5143,0x4943,
  0x4922,0x38a0,0x5984,0x59a4,0x59a4,0x4101,0x2061,0x0800,0x1020,0x0800,0x2881,0x4123,0x4964,0x2860,0x2860,0x38e1,
  0x38c1,0x3902,0x30a1,0x2860,0x30a1,0x2880,0x3080,0x59a3,0x8b08,0x8ac7,0x9b48,0x9b89,0x9b89,0x7a86,0x5982,0x7245,
  0x9b8a,0x8b08,0x6182,0x7a66,0x9349,0x82e8,0x5163,0x40e1,0x38e2,0x2060,0x28a2,0x1861,0x2081,0x1820,0x6205,0x8b08,
  0x9349,0x9369,0x9b8a,0x6a25,0x40c0,0x4942,0x4922,0x4102,0x40c1,0x40c0,0x5101,0x61c3,0x7205,0x5962,0x5962,0x5962,
  0x9cd0,0xd657,0xe6f8,0xe719,0xe6f8,0xe6d7,0xd676,0xce34,0xce14,0xcdf4,0xc5d3,0xd635,0xcdd4,0xde55,0xde76,0xd634,
  0xcdd2,0xcd70,0xc50e,0xcd0f,0xcd50,0xd592,0xc571,0x9c2d,0x3100,0x6a86,0xbcee,0xc4ee,0xbc8c,0xbc6b,0xb42a,0xcccd,
  0xccee,0xd52f,0xd570,0xddb1,0xd590,0xddb1,0xd58f,0xcced,0xaba8,0x92e4,0x9b05,0xa389,0x5962,0x2800,0x7a65,0x9b68,
  0xa346,0xb345,0xab44,0xb386,0xabc8,0xb3e9,0xaba8,0xb387,0xb345,0xb366,0xa385,0xb3c7,0xc429,0xbb87,0xab26,0xb367,
  0xab67,0xb3ca,0x8284,0x3860,0x5963,0x8287,0x48e1,0x5942,0x69c3,0x71a2,0x79e3,0x71a2,0x6961,0x9ae7,0xa327,0x79e3,
  0x79e3,0x8266,0x69e3,0x6a24,0x38a0,0x4943,0xb4ad,0xcd4f,0xb4ac,0xc50e,0xc52e,0xe5f2,0xe633,0xd591,0xddb2,0xddd3,
  0xd5b2,0xddd2,0xd5b0,0xd5b0,0xd5d0,0xd5d2,0xde54,0xe676,0xde35,0xe656,0xe635,0xde14,0xd5d2,0xd591,0xd590,0xddd2,
  0xc50f,0xa3aa,0x7a86,0x7a65,0x6a03,0x7a45,0x6a25,0x61e4,0x5a05,0x3902,0x2020,0x1000,0x30e2,0x3080,0x2020,0x3081,
  0x61e5,0x61c4,0x7204,0x7224,0x8ae7,0xabeb,0xc4ee,0xcd0f,0xcd70,0xe5f3,0xe633,0xcd50,0xcd50,0xdd72,0x9b8a,0x7a66,
  0x61a4,0x5122,0x38c1,0x4923,0x5184,0x4102,0x38e1,0x3060,0x38a0,0x6a25,0x7266,0x5962,0x61a2,0x82a6,0x6a03,0x82c6,
  0xbcad,0xcd0e,0xb48c,0xb46c,0xc4cd,0xc4ed,0xbc8c,0xbcac,0xbc8c,0xc4ad,0xc4cd,0xcd0e,0xc4ee,0xcd50,0xddb1,0xdd91,
  0xc50e,0xcd2f,0xcd4e,0xc50e,0xc52e,0xcd6f,0xd590,0xddd1,0xd5b1,0xd591,0xcd4f,0xcd4f,0xcd2f,0xcd4f,0xcd2e,0xcd4f,
  0xbccd,0x8b27,0x7a84,0x8b06,0x7223,0x8285,0x7a44,0x92c6,0x8264,0x7a03,0x7a02,0x8a85,0x8a85,0x8244,0x7a43,0x8264,
  0x8264,0x8aa5,0x6181,0x5961,0x5982,0x5963,0x4921,0x4101,0x2020,0x30a0,0x5183,0x5962,0x61a3,0x7a25,0x69e4,0x59a4,
  0x38e2,0x2881,0x1020,0x0800,0x0800,0x0800,0x1840,0x3902,0x38e1,0x38a0,0x3080,0x38a0,0x38c1,0x5163,0x7225,0xa389,
  0xa348,0xa368,0x8b07,0x51a3,0x3922,0x2040,0x30c0,0x4963,0x59c4,0x59a4,0x4920,0x7a85,0x9328,0xa389,0xa3ca,0xa3cb,
  0x7a86,0x38c0,0x3901,0x4101,0x3080,0x4102,0x38c1,0x38e2,0x30a1,0x30a1,0x30a1,0x30c1,0x2060,0x1000,0x1840,0x1840,
  0x1821,0x4123,0x38c0,0x4922,0x4922,0x4101,0x4942,0x4101,0x40e0,0x5141,0x8ae7,0x9b28,0x8ac6,0xa368,0x9b68,0xa389,
  0x9b8a,0x59a3,0x4921,0x5142,0x4921,0x4942,0x4101,0x5163,0x38a0,0x40e2,0x59c5,0x61e5,0x5163,0x30a1,0x0800,0x0800,
  0x0800,0x1000,0x28c1,0x4143,0x4102,0x2840,0x2880,0x3902,0x38e1,0x4122,0x30a0,0x30a1,0x30a1,0x30a0,0x30a0,0x7266,
  0x9328,0x8ae7,0x9327,0xa3aa,0x9369,0x5982,0x4961,0x7aa7,0x9369,0x7245,0x7245,0x9307,0x8b08,0x7aa8,0x2860,0x5184,
  0x38e1,0x2880,0x2081,0x20c2,0x0800,0x30c1,0x7266,0x8ae7,0x9369,0x9b69,0x9349,0x5182,0x38c0,0x5163,0x4101,0x4902,
  0x38c1,0x40c1,0x4901,0x69e4,0x69e4,0x5962,0x5161,0x5162,0xad12,0xd677,0xe6f8,0xe6f8,0xef18,0xdeb7,0xd655,0xce34,
  0xd635,0xcdd3,0xcdf4,0xcdd4,0xd5f5,0xe677,0xde76,0xd614,0xcdd2,0xc52f,0xc50e,0xcd2f,0xd570,0xc550,0xc572,0x836a,
  0x30c0,0x7b08,0xcd50,0xc4ac,0xc4ac,0xb42a,0xbc4b,0xcced,0xccee,0xd52f,0xe5d2,0xddb0,0xddb1,0xddb1,0xd56f,0xbc6b,
  0xa367,0x92a3,0xa306,0x8286,0x3020,0x48e0,0x9b27,0x9b46,0xab67,0xab66,0xbba6,0xb385,0xb3e8,0xabc8,0xabc9,0xab67,
  0xbb45,0xb345,0xaba7,0xbc08,0xbbc8,0xab26,0xb326,0xb347,0xab68,0x9b27,0x5122,0x38a1,0x82c7,0x5963,0x5943,0x6163,
  0x71a3,0x71c2,0x8244,0x6120,0x9ac7,0xb389,0x8a44,0x71c2,0x7a04,0x69a2,0x69c3,0x4901,0x3880,0x9bcb,0xcd30,0xcd2e,
  0xcd4f,0xc52f,0xd5d1,0xddd1,0xe5d1,0xe5b1,0xe5b2,0xddb2,0xd5b3,0xd5d2,0xd5b1,0xcd8e,0xddd0,0xd613,0xe675,0xe696,
  0xee77,0xe636,0xe635,0xddf3,0xddd2,0xcd70,0xd590,0xcd2f,0x9bca,0x7244,0x7224,0x7225,0x69e4,0x61c4,0x59c4,0x5a05,
  0x30e2,0x1000,0x1840,0x28a1,0x30c2,0x30a1,0x2020,0x5983,0x69e5,0x69e4,0x71c3,0x8ac7,0xa3aa,0xbc8d,0xc50f,0xcd70,
  0xddd2,0xddf2,0xddb2,0xcd70,0xd572,0xbc6e,0x82c8,0x6a26,0x4902,0x5123,0x48e2,0x40e1,0x4923,0x4102,0x38a0,0x2000,
  0x5984,0x7246,0x7225,0x5141,0x7a45,0x7a65,0x7a65,0xa3ea,0xcd0f,0xc4ee,0xb44b,0xbcad,0xcd0e,0xc4cd,0xc4cd,0xb46b,
  0xbc8c,0xc4ad,0xc4ee,0xc4ee,0xd550,0xdd91,0xddb1,0xcd4f,0xcd2f,0xcd2e,0xcd4f,0xc50d,0xcd4e,0xcd6f,0xd5b1,0xd5b0,
  0xd591,0xcd50,0xcd50,0xc50e,0xcd2f,0xcd4f,0xd570,0xbccd,0x9368,0x7243,0x8ae6,0x7a84,0x8285,0x7a23,0x8285,0x8285,
  0x7a23,0x7a23,0x8244,0x8a64,0x8a85,0x7a23,0x8264,0x8284,0x8aa5,0x7a23,0x5941,0x5141,0x6183,0x5142,0x4901,0x3080,
  0x2020,0x4942,0x59a3,0x5121,0x7204,0x6183,0x5963,0x4102,0x2861,0x1020,0x1000,0x0820,0x1020,0x1000,0x30e2,0x38e1,
  0x40c0,0x3880,0x38a0,0x38c0,0x5184,0x6a46,0x9329,0xaba9,0xb3a9,0xa348,0x7a86,0x3942,0x2880,0x2860,0x4143,0x4963,
  0x5163,0x4942,0x59a3,0x9328,0x9b49,0xa3aa,0xb42c,0x9b69,0x5963,0x3080,0x4943,0x3901,0x40e2,0x38e1,0x38e2,0x3902,
  0x30a1,0x28a1,0x38e2,0x28a0,0x2020,0x2060,0x2861,0x1000,0x30a3,0x4923,0x40c1,0x4922,0x4922,0x4101,0x4943,0x4101,
  0x5122,0x7225,0x9308,0x9307,0x9b28,0x9b27,0xa389,0xa38a,0x8b09,0x5162,0x4921,0x4942,0x5162,0x4922,0x4921,0x40e1,
  0x3080,0x5163,0x61e5,0x59e5,0x5143,0x2020,0x1000,0x0840,0x1020,0x1000,0x4144,0x4964,0x4103,0x2020,0x4101,0x38e1,
  0x4122,0x4102,0x38c1,0x38a1,0x38a1,0x2880,0x4942,0x82e8,0x9349,0x8ae7,0xa369,0xa389,0x8286,0x5141,0x59a3,0x82e8,
  0x8b29,0x7265,0x8ac7,0x9307,0x8ae8,0x59a4,0x38c1,0x4943,0x38e1,0x2880,0x20a2,0x20c2,0x1000,0x4963,0x82c7,0x8ae7,
  0x9b49,0x9b89,0x82e7,0x4100,0x4942,0x5163,0x4923,0x4102,0x40e2,0x3880,0x5122,0x6a05,0x7205,0x5121,0x5962,0x5982,
  0xb552,0xde97,0xdeb7,0xe6d8,0xdeb7,0xde96,0xce34,0xd655,0xce14,0xcdf4,0xcdf4,0xc5b3,0xd635,0xe6b7,0xd635,0xd5f3,
  0xc591,0xbd0e,0xc50e,0xd591,0xcd70,0xbd10,0xacaf,0x72c8,0x3941,0x9beb,0xcd2f,0xbc6c,0xbc6b,0xabc9,0xbc6b,0xd52f,
  0xc4cd,0xcd0f,0xddb1,0xdd90,0xd58f,0xdd90,0xcd0d,0xb40a,0x9b47,0x92e6,0x9307,0x5102,0x3040,0x8285,0x9305,0xa366,
  0xa366,0xb386,0xab45,0xbb86,0xaba7,0xabc8,0xa3a8,0xab87,0xab45,0xab65,0xb3e7,0xbc08,0xab66,0xab26,0xab26,0xab27,
  0xa348,0x7204,0x3880,0x7a86,0x6a05,0x48a0,0x6163,0x6962,0x71a2,0x7a03,0x6120,0x8204,0xab68,0x92a5,0x71c2,0x7a24,
  0x61a2,0x61a3,0x4922,0x2000,0x7286,0xc530,0xc4ee,0xcd0e,0xc52e,0xd5b1,0xd5d1,0xd590,0xd590,0xe5b1,0xdd91,0xdd92,
  0xd5b2,0xd5d3,0xcd91,0xd58f,0xd5b0,0xde54,0xde55,0xe676,0xe676,0xe635,0xddd3,0xe5f4,0xd5b1,0xddd2,0xc50e,0xa3ca,
  0x82c6,0x7265,0x69e4,0x61a3,0x6a04,0x6205,0x49a4,0x28a1,0x1000,0x2040,0x2060,0x3922,0x3902,0x1800,0x4901,0x69e5,
  0x61c3,0x69a3,0x69c3,0x9b28,0xb44c,0xbcae,0xbcee,0xd5b1,0xddf2,0xd5b1,0xc50e,0xd591,0xcd31,0x82c8,0x82a8,0x69e6,
  0x5964,0x4923,0x40e2,0x5164,0x38e1,0x4943,0x2020,0x3060,0x6a25,0x7a66,0x4900,0x69e3,0x7a65,0x69e3,0x8b07,0xc4ce,
  0xc4ee,0xc4cd,0xac2b,0xc4ad,0xc4cd,0xbcad,0xbc8c,0xb44b,0xb46b,0xbcad,0xc4cd,0xcd2f,0xd590,0xddb1,0xcd2f,0xcd2f,
  0xcd4f,0xcd4f,0xc50e,0xc52e,0xc52e,0xd590,0xd590,0xd590,0xc52f,0xcd2f,0xcd2f,0xd550,0xcd2e,0xcd4f,0xc4ee,0x9b89,
  0x7243,0x82c5,0x8b07,0x82a5,0x7a64,0x7203,0x8aa5,0x8264,0x7a23,0x7a03,0x8244,0x8a64,0x8264,0x7a23,0x7a64,0x82a5,
  0x7223,0x5941,0x5941,0x5983,0x5162,0x4922,0x30a0,0x1800,0x40e1,0x4942,0x5982,0x69e4,0x5142,0x5983,0x4102,0x2881,
  0x1000,0x0800,0x0800,0x1841,0x0800,0x2060,0x4122,0x40e1,0x38a0,0x3880,0x3880,0x40c0,0x61e4,0x82c7,0x9308,0xa368,
  0xa347,0x8ac6,0x61c3,0x30e1,0x1820,0x38e1,0x4122,0x5184,0x4942,0x40c0,0x7a66,0x9b69,0x9b69,0x9b69,0xabcb,0x82a7,
  0x4100,0x4101,0x3901,0x38e1,0x4102,0x38c1,0x3060,0x38a1,0x30c1,0x28c1,0x3102,0x2081,0x1000,0x30c2,0x2061,0x1800,
  0x28a2,0x40e2,0x4901,0x4901,0x4101,0x4122,0x4121,0x4901,0x5162,0x8b08,0x8ac6,0x9307,0x9307,0x9307,0x9b69,0xa3aa,
  0x61e4,0x5163,0x4942,0x4922,0x4942,0x4921,0x4101,0x2860,0x30a0,0x59c5,0x59c5,0x59a5,0x38c1,0x1800,0x1040,0x1861,
  0x0800,0x1840,0x49a4,0x4984,0x30a1,0x2040,0x4122,0x38e1,0x3902,0x38e1,0x30a1,0x38c1,0x2860,0x2860,0x5183,0x9349,
  0x8ae7,0x9307,0xa389,0x9b49,0x5141,0x6a04,0x6204,0x9369,0x7285,0x82a6,0x8ac7,0x8ae8,0x7aa6,0x38c0,0x4963,0x38c1,
  0x2880,0x2881,0x1881,0x1840,0x1000,0x6205,0x82a6,0x92e7,0x9328,0x9b8a,0x6a04,0x4901,0x5162,0x5163,0x4922,0x40e1,
  0x40e1,0x3880,0x4922,0x7246,0x61a3,0x4921,0x5162,0x5983,0xbd93,0xd656,0xeef9,0xeef8,0xe6d8,0xd655,0xd655,0xd635,
  0xcdf4,0xce14,0xcdf4,0xce14,0xe6d7,0xde76,0xde35,0xcdb3,0xcd91,0xbd0e,0xddb1,0xddd2,0xcd72,0xc552,0xacb0,0x3922,
  0x51c3,0xc54f,0xc4ee,0xbc4b,0xbc2b,0xac0a,0xccee,0xc50e,0xc50e,0xcd4f,0xddb0,0xd58f,0xdd6f,0xccec,0xc46b,0x9b47,
  0xa389,0x9b28,0x7a25,0x3840,0x5921,0x9b47,0x9b26,0x9b25,0xab66,0xab65,0xbba7,0xbba7,0xbbc8,0xaba7,0xbbe9,0xaba7,
  0xab66,0xabc7,0xc449,0xab66,0xab66,0xab26,0xab27,0xa348,0x92c7,0x4901,0x5963,0x6a26,0x4080,0x6162,0x7162,0x71a2,
  0x79c3,0x6981,0x7183,0x9b08,0x92c7,0x61a1,0x7224,0x61c3,0x61c4,0x5984,0x2840,0x4923,0xbcce,0xcd6f,0xc50e,0xcd4f,
  0xddf2,0xd5b1,0xd571,0xd590,0xddb1,0xd591,0xddb2,0xd5b2,0xddd2,0xd5b2,0xd592,0xddd2,0xe634,0xe655,0xeeb7,0xe676,
  0xe655,0xddd3,0xddb2,0xddb2,0xe5d3,0xc4ef,0x9b8a,0x7a85,0x7225,0x7225,0x7a46,0x5963,0x61c4,0x4183,0x3102,0x0800,
  0x2861,0x38a0,0x51a4,0x4163,0x2040,0x2020,0x69e5,0x69c3,0x7224,0x69e3,0x8266,0xb40c,0xccef,0xbc8d,0xccee,0xddd1,
  0xe5f2,0xcd50,0xcd30,0xcd30,0x9bab,0x7266,0x7226,0x61a4,0x6a06,0x38a0,0x5164,0x4103,0x4944,0x3081,0x2020,0x59a3,
  0x7a66,0x69e3,0x5921,0x7224,0x6a04,0x7265,0xac2c,0xc50e,0xcd0f,0xac2b,0xb44c,0xc4ad,0xc4cd,0xbcad,0xb42b,0xb42b,
  0xc4ee,0xbc8c,0xc4ee,0xd590,0xe5f2,0xcd4f,0xcd2e,0xc4ee,0xcd2e,0xc52e,0xcd2e,0xcd2e,0xd56f,0xddd0,0xd56f,0xcd4f,
  0xcd2f,0xc50e,0xd54f,0xcd2f,0xcd0e,0xc4ce,0xa3ca,0x82a5,0x82a6,0x82a5,0x8285,0x8285,0x8265,0x7203,0x8265,0x7a44,
  0x7a23,0x8244,0x8a65,0x8a65,0x8265,0x7a64,0x82a6,0x7245,0x5121,0x5962,0x5963,0x5122,0x4943,0x30a0,0x2060,0x30c1,
  0x5983,0x6183,0x61c4,0x5183,0x4943,0x30c1,0x28a2,0x1860,0x1020,0x1000,0x2061,0x1020,0x1800,0x30c1,0x4943,0x38c1,
  0x38a0,0x38c0,0x38c0,0x4941,0x7aa6,0x9307,0x9b48,0x9b68,0x8ae7,0x7286,0x4963,0x2060,0x2040,0x4943,0x4902,0x5142,
  0x5142,0x5121,0x9b29,0xa38a,0xa369,0xa38a,0x9b6a,0x5162,0x38c0,0x4963,0x4143,0x38e1,0x38a1,0x40e1,0x40c2,0x3040,
  0x30a1,0x2902,0x18a1,0x0820,0x1821,0x2861,0x1800,0x1820,0x3903,0x4102,0x5942,0x4901,0x4922,0x4942,0x4101,0x4100,
  0x7a86,0x8ae7,0x9b27,0x9b48,0x9b48,0x9b48,0x9b8a,0x82e8,0x4962,0x4963,0x4923,0x40c1,0x5963,0x5162,0x40e0,0x2040,
  0x4964,0x59a5,0x69c6,0x5943,0x2000,0x1020,0x20a2,0x1020,0x0800,0x3923,0x51c5,0x3922,0x2020,0x28a1,0x3902,0x30c1,
  0x38e2,0x30c1,0x38c2,0x40e2,0x3040,0x38c1,0x7286,0x8b28,0x9b48,0x9327,0xa36a,0x7205,0x61a4,0x59a3,0x7a86,0x8b08,
  0x82e6,0x82a6,0x9308,0x82e8,0x61e5,0x4121,0x4942,0x2880,0x2881,0x1881,0x28c2,0x1000,0x5162,0x82c6,0x8aa6,0x8ac7,
  0x9b6a,0x8309,0x4922,0x4921,0x5984,0x4101,0x5163,0x40e1,0x40e1,0x3080,0x5143,0x7266,0x40e2,0x4942,0x61c4,0x4942,
  0xb552,0xd656,0xe6d7,0xe6f8,0xde97,0xd655,0xce14,0xd635,0xce14,0xce15,0xc5d3,0xce14,0xe6b6,0xde76,0xd614,0xd5f4,
  0xbd2f,0xc52f,0xcd90,0xd5b2,0xd5b3,0xc532,0x8b8b,0x3941,0x72c6,0xbccd,0xbcac,0xbc4b,0xa388,0xc48c,0xc4ed,0xcd2e,
  0xc52e,0xcd70,0xcd8f,0xd56f,0xc4ec,0xbc4a,0x9b26,0x8ac5,0x9b68,0x8ac7,0x5142,0x48c0,0x8285,0x9b26,0x9b05,0xa325,
  0xab65,0xb386,0xb386,0xb387,0xab67,0xb3a8,0xab66,0xa345,0xa385,0xb3c7,0xb3a6,0xab66,0xa325,0xb388,0x9ac6,0x9b08,
  0x5101,0x3880,0x59a4,0x40c1,0x48e1,0x6982,0x79e3,0x79c3,0x6961,0x71a2,0x8a86,0x92e7,0x61a2,0x69e3,0x6a23,0x6a04,
  0x59a3,0x38c2,0x30a1,0xa40d,0xcd71,0xd5b1,0xd5b0,0xddf2,0xddf2,0xddd2,0xd5b1,0xddd2,0xddb1,0xddb1,0xd5b1,0xddd2,
  0xd5b1,0xd5b2,0xd5b2,0xde14,0xe655,0xe676,0xde55,0xde14,0xd5b2,0xd592,0xcd50,0xcd30,0xb46d,0x8b08,0x5981,0x61c3,
  0x6a04,0x7225,0x5162,0x5162,0x4922,0x2881,0x0800,0x30c1,0x38e2,0x4963,0x51a4,0x30c1,0x1000,0x5163,0x6a05,0x8266,
  0x8285,0x7223,0x9348,0xc4ce,0xcd0f,0xcd0f,0xd550,0xddb1,0xd570,0xcd0f,0xc4ee,0xac2c,0x7ac7,0x7a87,0x5162,0x48e1,
  0x38a0,0x5123,0x38c1,0x3081,0x38e2,0x2861,0x38c0,0x6a05,0x7a65,0x5961,0x7223,0x7a65,0x61c2,0x9b6a,0xbcad,0xbcad,
  0xbc6c,0xbc8d,0xbc8c,0xbcad,0xc4ad,0xbc6c,0xb44b,0xbc8c,0xb46c,0xc4cd,0xc4ee,0xddd1,0xcd2e,0xcd0e,0xbccc,0xbcac,
  0xbcac,0xbccd,0xbccc,0xc50e,0xd56f,0xd54f,0xcd4e,0xc50e,0xc50e,0xcd0e,0xcd2e,0xc4ee,0xcd0e,0x9b89,0x7223,0x7a64,
  0x7a85,0x8265,0x7223,0x7203,0x69c2,0x7203,0x7a44,0x7a03,0x7203,0x8a85,0x8a64,0x8244,0x7203,0x7a45,0x7244,0x5121,
  0x5121,0x5142,0x40e1,0x4102,0x38e1,0x2860,0x28a0,0x5a05,0x61c3,0x61a3,0x5983,0x5163,0x3902,0x28a1,0x1840,0x1020,
  0x0800,0x1841,0x1020,0x1000,0x2881,0x4123,0x30c1,0x3080,0x30a0,0x38c0,0x4121,0x7245,0x9348,0xa3a9,0x9b68,0x8ac6,
  0x7a86,0x6205,0x28a0,0x1840,0x28a0,0x4902,0x5142,0x5122,0x5101,0x69c4,0xa38a,0xabcb,0xa3aa,0x9b6a,0x6a04,0x3880,
  0x4962,0x4963,0x2860,0x2860,0x38e1,0x38a1,0x48e2,0x3040,0x2060,0x2903,0x0000,0x1041,0x2061,0x2041,0x1000,0x2040,
  0x4943,0x5143,0x48e0,0x4901,0x40e1,0x4942,0x4100,0x61c4,0x8b08,0x9b28,0x9b68,0xa368,0xa389,0x9b6a,0x9369,0x59c3,
  0x3921,0x4983,0x30a0,0x4902,0x48e1,0x4901,0x2840,0x3901,0x51c5,0x59a5,0x5143,0x38a1,0x1800,0x20a2,0x20a1,0x1820,
  0x1000,0x49a5,0x49a4,0x3902,0x1800,0x28a0,0x28c1,0x30c1,0x30a1,0x30c1,0x30c1,0x38a1,0x3060,0x59a4,0x8b28,0x9b89,
  0xa3c9,0xa389,0x8286,0x5943,0x5963,0x5142,0x8b28,0x82c6,0x82a5,0x9328,0x9329,0x7ac8,0x4122,0x40e1,0x2860,0x2860,
  0x1840,0x28e3,0x1881,0x1820,0x6a45,0x9b48,0x9307,0x9b49,0x9b6a,0x7a87,0x40e1,0x5163,0x4942,0x40e1,0x4101,0x4101,
  0x40e1,0x40e1,0x5183,0x61e4,0x40e0,0x5162,0x5162,0x4921,0xb552,0xd656,0xe718,0xe6d7,0xde97,0xd635,0xd655,0xd635,
  0xd656,0xce14,0xcdf4,0xcdf4,0xe6b7,0xd635,0xd5f4,0xd5f3,0xc52f,0xcd90,0xd5d1,0xd5b1,0xd5b3,0xb4f0,0x6247,0x28c0,
  0x9beb,0xb48c,0xb44b,0xb42a,0xabc9,0xcced,0xcd2e,0xcd2e,0xcd4f,0xcd70,0xd570,0xcd4e,0xd50e,0xa3a8,0x8243,0x8ae6,
  0xa38a,0x69e4,0x3040,0x5941,0xab68,0x92e5,0x9b05,0x9b25,0xab66,0xab66,0xb3a7,0xab67,0xb387,0xb3a8,0xab66,0xa345,
  0xb3c7,0xab86,0xa345,0xab66,0xab67,0xab68,0xa369,0x6182,0x3020,0x5963,0x5122,0x3880,0x5902,0x69a3,0x71c3,0x6941,
  0x6962,0x79e3,0xa328,0x69a2,0x71e3,0x6182,0x61c3,0x61e4,0x4922,0x2800,0x8308,0xb4ae,0xcd51,0xd571,0xe613,0xe633,
  0xddd2,0xddb2,0xddd2,0xd5b1,0xddb1,0xd5b1,0xddd2,0xd5b2,0xd5b2,0xd5b2,0xde14,0xe655,0xee76,0xe655,0xe634,0xd5b2,
  0xd572,0xd5b2,0xd571,0xb46d,0x7265,0x61e4,0x6a04,0x7225,0x61a3,0x5121,0x5983,0x4942,0x2820,0x2020,0x2881,0x4143,
  0x4944,0x51a5,0x4143,0x1000,0x3081,0x7246,0x69e4,0x7a24,0x7224,0x82a6,0xac0c,0xccef,0xcccf,0xc4ee,0xdd91,0xdd91,
  0xd550,0xcd0f,0xc4ef,0x938a,0x7266,0x61e4,0x4901,0x40c0,0x40a1,0x5163,0x40c1,0x38c1,0x38c2,0x2020,0x59a4,0x7a87,
  0x7204,0x69e3,0x7a44,0x61c2,0x82c7,0xac0b,0xc4ef,0xb46c,0xbc6c,0xc4ee,0xccee,0xbc8c,0xc48d,0xb44c,0xbc6c,0xbcad,
  0xbc6c,0xbcad,0xdd90,0xddb0,0xcd4f,0xc50e,0xc4cd,0xbc8c,0xbc8c,0xbc8c,0xc4ed,0xc50e,0xcd2f,0xc4ed,0xcd0e,0xbcac,
  0xd54f,0xd54f,0xc4cd,0xc4ee,0xb42b,0x7244,0x8285,0x7244,0x7a44,0x7203,0x7a24,0x69c2,0x71c2,0x7a03,0x7a03,0x69c2,
  0x7a03,0x8265,0x8a85,0x7203,0x7a24,0x8266,0x69e4,0x4900,0x5122,0x4922,0x4122,0x4122,0x3081,0x2020,0x59c5,0x59a4,
  0x69c5,0x5983,0x5143,0x38e1,0x30a1,0x1840,0x1000,0x0800,0x1861,0x1861,0x1000,0x1840,0x4123,0x3903,0x38e2,0x38a0,
  0x38c0,0x38c0,0x5983,0x82c7,0xa3aa,0x9b89,0x9b69,0x7ac6,0x6a45,0x38c1,0x2020,0x1800,0x4143,0x40c1,0x5963,0x5121,
  0x5121,0x7a66,0xabab,0xa3aa,0xabcb,0x8b08,0x40e0,0x40e0,0x5163,0x4102,0x2880,0x30a1,0x40e2,0x40c2,0x40c2,0x3081,
  0x28a1,0x1060,0x0800,0x2082,0x30c3,0x1820,0x1020,0x28a0,0x5985,0x5984,0x48e1,0x40c0,0x5983,0x38a0,0x4922,0x82e8,
  0x9349,0x9b28,0xa368,0xa389,0xa3aa,0xa3cb,0x7266,0x38e0,0x4963,0x4122,0x40c1,0x4902,0x5143,0x40e1,0x38c1,0x5183,
  0x6206,0x5184,0x40e2,0x1800,0x1820,0x30e2,0x28a1,0x1000,0x2060,0x5a06,0x51c5,0x28a0,0x2020,0x28a0,0x30e2,0x28c1,
  0x30a1,0x30a0,0x38e1,0x3080,0x40c1,0x6a05,0x9b69,0x9ba9,0xabeb,0xabeb,0x7205,0x5942,0x5102,0x7205,0x9328,0x82c5,
  0x82c6,0x9328,0x9b6a,0x59c4,0x4102,0x3080,0x2020,0x2060,0x28a2,0x28e3,0x1020,0x28a0,0x8b08,0x9b48,0x9b48,0x9b69,
  0x9b6b,0x61e5,0x4101,0x5183,0x5143,0x38e1,0x40e1,0x40e1,0x4902,0x4101,0x59c4,0x4922,0x40e1,0x5983,0x5163,0x4921,
  0xad52,0xd676,0xe6f8,0xe6d7,0xd676,0xd655,0xd655,0xd635,0xd635,0xce14,0xc5b3,0xd635,0xde76,0xd614,0xd5f4,0xd5b3,
  0xbd4f,0xd5d1,0xd5b1,0xd5b2,0xbd31,0xac8f,0x3923,0x4142,0xa44b,0xb48c,0xa409,0xabca,0xb44b,0xcd0d,0xcd0e,0xcd4f,
  0xcd2f,0xcd4f,0xcd4f,0xd52f,0xbc4b,0x8284,0x7202,0x9b68,0x8ae7,0x40c1,0x2820,0x8245,0x9b06,0x9ae5,0x9ae5,0xa325,
  0xa366,0xb387,0xab87,0xb387,0xab87,0xb3a7,0xa346,0xb387,0xb3a6,0xab65,0xa324,0xab67,0xa347,0x9b08,0x8ac7,0x3860,
  0x40c1,0x61c5,0x3860,0x5942,0x5962,0x6982,0x6141,0x6141,0x6983,0x92c7,0x71e3,0x6181,0x7224,0x61a4,0x5963,0x61a4,
  0x2000,0x5182,0xac6c,0xb46d,0xc550,0xddd3,0xe613,0xe613,0xd5b1,0xddb2,0xd5b1,0xd591,0xd590,0xd5b1,0xd591,0xd5b2,
  0xcdb1,0xddf3,0xe654,0xee75,0xe654,0xde14,0xd591,0xd592,0xd5b2,0xd592,0xac2c,0x7266,0x6a24,0x7266,0x7245,0x6a05,
  0x5982,0x4921,0x40c1,0x2020,0x2040,0x4922,0x4101,0x4101,0x4163,0x4164,0x2060,0x2040,0x5183,0x7225,0x7203,0x7a44,
  0x69e3,0x9b69,0xb44c,0xccef,0xc4ce,0xd530,0xdd70,0xcd2f,0xc4ee,0xcd30,0xa3cb,0x82c7,0x6a25,0x5163,0x40c0,0x40a0,
  0x40e1,0x40e2,0x4122,0x4123,0x2040,0x3081,0x6a26,0x7a87,0x4900,0x7a65,0x69e2,0x69e3,0xa3ca,0xc4ef,0xbcad,0xb44c,
  0xbc6c,0xccee,0xc4ad,0xc4ad,0xb44b,0xb44c,0xbc6c,0xbcad,0xbc8c,0xc4ee,0xdd90,0xcd2f,0xcd2e,0xcd0d,0xc4cc,0xbcac,
  0xb46b,0xbcac,0xc4ed,0xcd2e,0xc4ed,0xbccd,0xc4ed,0xcd0e,0xbccd,0xcd0e,0xcd0e,0xb42b,0x7a85,0x7a65,0x7a85,0x82a6,
  0x7a44,0x7203,0x69a2,0x71c2,0x71e2,0x7a24,0x69c2,0x71e3,0x7a44,0x7a64,0x7a64,0x7224,0x7a44,0x7a25,0x5921,0x5122,
  0x40c0,0x4101,0x3901,0x2860,0x1000,0x4922,0x5183,0x61a4,0x59a4,0x5183,0x4102,0x30a1,0x1840,0x1020,0x0800,0x1041,
  0x1881,0x1020,0x1000,0x30e2,0x3903,0x38c2,0x30c1,0x38c1,0x38a0,0x5141,0x7224,0x9b48,0x9b89,0x9328,0x7aa6,0x7ae8,
  0x4983,0x1800,0x1800,0x30a1,0x4142,0x40c0,0x5142,0x5142,0x5962,0x8ac8,0x9b6a,0xa3ab,0xa3cb,0x61c3,0x3880,0x4921,
  0x5183,0x38c1,0x2040,0x3902,0x2880,0x5103,0x3040,0x38e2,0x20c1,0x0000,0x1000,0x2861,0x2882,0x1020,0x0800,0x3902,
  0x5984,0x5143,0x4101,0x4922,0x4101,0x38a0,0x61c3,0x8b08,0x9328,0x9327,0x9b27,0xa389,0x9b89,0x9b8a,0x40e1,0x4101,
  0x4983,0x38e1,0x40e0,0x4901,0x40e1,0x2840,0x4102,0x59a4,0x59a4,0x4943,0x2040,0x1000,0x2061,0x38e2,0x2040,0x1000,
  0x28c1,0x5a26,0x4984,0x2040,0x2040,0x30c1,0x30e1,0x30c2,0x2880,0x30a1,0x30a1,0x3080,0x4922,0x7a66,0x8ae7,0xa3aa,
  0x9b89,0x8b28,0x5982,0x5943,0x4901,0x9b28,0x8ac6,0x9307,0x82e6,0x9329,0x7ac8,0x38e1,0x3922,0x2860,0x2040,0x28a1,
  0x28e2,0x20a2,0x1000,0x51c4,0x8b28,0x9328,0x9b28,0x9b49,0x82c8,0x5142,0x4922,0x5163,0x4101,0x4102,0x38c0,0x40e1,
  0x40e1,0x4101,0x59a4,0x40e1,0x4101,0x59a3,0x4942,0x5142,0xb572,0xd656,0xe6d8,0xd676,0xd656,0xce35,0xd655,0xce35,
  0xd655,0xcdf4,0xc5b3,0xde56,0xde76,0xce14,0xde15,0xc571,0xc570,0xcd90,0xcd90,0xcd71,0xbd11,0x8b8b,0x2881,0x6a66,
  0xac4c,0xac6b,0xb42a,0xa3c9,0xc4ad,0xc4ed,0xd54f,0xd54f,0xd54f,0xd52f,0xd52f,0xc4cd,0xa368,0x7203,0x92e7,0xa389,
  0x7204,0x2820,0x5983,0x9b07,0x92a5,0xa326,0xa326,0xa325,0xab66,0xab87,0xab67,0xab47,0xab67,0xab46,0xab66,0xb3a7,
  0xb386,0xa324,0xb345,0xa346,0xa368,0x8ae8,0x48e2,0x3880,0x5984,0x40e1,0x48e1,0x6182,0x71e4,0x6141,0x6142,0x6983,
  0x8225,0x7a25,0x6982,0x69c3,0x69c4,0x5963,0x5944,0x3060,0x38c1,0xac6c,0xbcce,0xbcee,0xe5f3,0xe635,0xe5f4,0xd5b1,
  0xddb2,0xd5b1,0xddd2,0xd590,0xd5b1,0xd5b1,0xd591,0xd591,0xddd2,0xde34,0xee75,0xe654,0xde13,0xd592,0xcd51,0xd592,
  0xcd30,0x9baa,0x7266,0x59a2,0x82c7,0x6a25,0x5983,0x5983,0x5163,0x40e1,0x3060,0x2020,0x4964,0x5143,0x5122,0x5163,
  0x5184,0x30e2,0x1800,0x4122,0x7225,0x69c3,0x7a45,0x7203,0x8ae7,0xb42c,0xc4ae,0xc4ee,0xd530,0xdd91,0xdd71,0xccef,
  0xc4ef,0xac2c,0x82c7,0x7a87,0x61e4,0x4922,0x40c1,0x40c1,0x4922,0x38c1,0x51a5,0x30a1,0x1800,0x5164,0x7aa8,0x59a3,
  0x5982,0x6a03,0x61a2,0x82e6,0xc4ce,0xcd30,0xb46d,0xac2b,0xc4ae,0xbc8d,0xbc8d,0xc4ad,0xbc6c,0xb44b,0xc4ad,0xbc8c,
  0xcd2f,0xd570,0xcd0e,0xbccd,0xc4cd,0xc4cc,0xc4ed,0xbcac,0xbcac,0xbcac,0xc4ed,0xc50e,0xc4ed,0xc50d,0xc4ee,0xcd2e,
  0xc4ed,0xc4cd,0xb44b,0x82a5,0x7a65,0x7a65,0x7a45,0x8286,0x8285,0x69a2,0x71c3,0x69c2,0x7a24,0x7203,0x69a2,0x7203,
  0x8265,0x7a85,0x7244,0x7224,0x7a25,0x5921,0x5102,0x48e1,0x40c1,0x38c1,0x2881,0x1000,0x4963,0x5183,0x5122,0x5963,
  0x5163,0x4122,0x38c2,0x2040,0x1800,0x1000,0x1020,0x1841,0x2081,0x0800,0x2061,0x4144,0x4103,0x30a1,0x38c1,0x3080,
  0x4921,0x7224,0x9307,0x9b48,0x9b48,0x82c6,0x7aa7,0x6246,0x28a1,0x1000,0x2020,0x4943,0x38c1,0x4921,0x5962,0x5142,
  0x7205,0x8b08,0xa38a,0xa38b,0x82a7,0x40c0,0x40e0,0x4101,0x4963,0x30c1,0x2860,0x28a1,0x30c2,0x48e3,0x3881,0x28a1,
  0x1881,0x0800,0x30a2,0x3061,0x2061,0x1020,0x1020,0x4163,0x5943,0x48c1,0x4922,0x5142,0x40e1,0x4900,0x82a7,0x9328,
  0x9b69,0x9b27,0xa369,0x9b48,0xa3cb,0x6a45,0x38a0,0x4122,0x5164,0x38e1,0x4901,0x5162,0x38c1,0x2860,0x5985,0x61c4,
  0x61a4,0x38c0,0x1800,0x1000,0x30c3,0x38a1,0x2020,0x1800,0x4984,0x51e5,0x4943,0x1800,0x30c1,0x30a1,0x30c1,0x28a1,
  0x2880,0x28a0,0x30a1,0x38c1,0x69e5,0x8ac7,0x9328,0x9b89,0x9b8a,0x61e4,0x5983,0x5121,0x7205,0x9307,0x9b07,0x9307,
  0x9328,0x8b29,0x59a4,0x30e1,0x3902,0x2060,0x2860,0x28a1,0x28a1,0x0800,0x28a1,0x6a67,0x8b29,0x9328,0xa369,0x9329,
  0x7226,0x4101,0x59a4,0x4922,0x4902,0x4922,0x40e1,0x38c0,0x4101,0x4122,0x59a4,0x40e1,0x4942,0x59a3,0x5142,0x5162,
  0xad52,0xd656,0xd696,0xd655,0xc614,0xce15,0xce14,0xd635,0xce15,0xcdf4,0xbd92,0xe697,0xce14,0xd614,0xd634,0xd5b3,
  0xcdb1,0xd5d2,0xc590,0xc551,0xbcf0,0x6a88,0x2040,0x8348,0xa40b,0xac4b,0xa3e9,0xac0a,0xc4ad,0xc4ed,0xcd4e,0xd56f,
  0xd52f,0xd52f,0xc48d,0xb3eb,0x8aa5,0x8265,0x9b28,0x8ac6,0x40a0,0x38a1,0x7a85,0x9b27,0x9ac4,0xa326,0x9ae4,0xa326,
  0xa325,0xa326,0xa326,0xa347,0xa326,0xa326,0xab46,0xb386,0xab25,0xa304,0xa304,0xa326,0x9328,0x6a25,0x1800,0x4103,
  0x40e2,0x3860,0x61a3,0x69a3,0x69a3,0x6142,0x5941,0x7205,0x7204,0x5941,0x69a2,0x69c3,0x5142,0x5123,0x3880,0x3020,
  0x9baa,0xd5b1,0xd590,0xd570,0xddd3,0xe5d5,0xcd71,0xd591,0xd591,0xd5b1,0xd591,0xd571,0xcd70,0xd591,0xcd70,0xd5b2,
  0xddf3,0xe654,0xde13,0xd5f3,0xcd91,0xd551,0xcd50,0xcd10,0x9369,0x69e4,0x6204,0x7266,0x61c4,0x5142,0x4101,0x4942,
  0x3060,0x2840,0x38c1,0x3922,0x3902,0x4080,0x48e1,0x59a4,0x38e1,0x1820,0x2040,0x61a5,0x7205,0x71e3,0x69c2,0x7224,
  0xabcb,0xc48e,0xbc8d,0xc4ce,0xcd2f,0xd550,0xcd0f,0xccef,0xbc8d,0x9328,0x7a86,0x7a87,0x4921,0x40c1,0x3880,0x4922,
  0x4102,0x4123,0x4142,0x2020,0x2040,0x6225,0x6205,0x4900,0x7244,0x61a2,0x61c2,0xac0b,0xcd2f,0xc4ce,0xa40a,0xb46c,
  0xbc6c,0xbc4c,0xb44b,0xbc8c,0xb44c,0xbc6c,0xbcad,0xc4cd,0xd54f,0xd550,0xb46c,0xbcad,0xb46b,0xc4ac,0xbcac,0xc4cc,
  0xbcac,0xc4cd,0xbced,0xc4ed,0xb4ac,0xcd0e,0xbccd,0xc4ed,0xc4ee,0xb42b,0x7263,0x7a65,0x7a85,0x8286,0x69e3,0x8285,
  0x61a2,0x71c3,0x69c2,0x71e3,0x7a24,0x71e3,0x61a1,0x7203,0x7a24,0x7a44,0x61e3,0x61a2,0x5141,0x48c0,0x4901,0x40e1,
  0x4922,0x38e2,0x1820,0x3902,0x4122,0x5984,0x5102,0x5943,0x40e2,0x30a1,0x2040,0x1000,0x0800,0x1000,0x1040,0x1861,
  0x1000,0x1020,0x28c1,0x4143,0x38c1,0x30a1,0x2880,0x38e1,0x61c3,0x8ae7,0x9307,0x92e6,0x82a5,0x7aa7,0x6a67,0x3923,
  0x1000,0x1820,0x2880,0x4943,0x3880,0x5962,0x4921,0x5962,0x7a86,0x9329,0x9b6a,0x8ae8,0x4901,0x40c0,0x38c0,0x4922,
  0x3080,0x38c1,0x30e1,0x2881,0x3903,0x40c2,0x30a1,0x1860,0x0800,0x1820,0x38c3,0x40a3,0x1840,0x1040,0x2080,0x5184,
  0x48e1,0x48c1,0x4101,0x4101,0x4901,0x61a3,0x82c7,0xa389,0x9b27,0xa368,0xa368,0x9b69,0x8b08,0x4922,0x38e1,0x4943,
  0x38e2,0x40c1,0x38e0,0x4121,0x2860,0x4103,0x59a5,0x69c5,0x5142,0x2040,0x1000,0x1861,0x28a2,0x38a1,0x1800,0x2040,
  0x59e5,0x51c5,0x38e1,0x2040,0x3901,0x30c1,0x2880,0x28a1,0x2880,0x30a1,0x2860,0x4922,0x7266,0x92e8,0x9328,0x9349,
  0x7ac7,0x59a3,0x5163,0x5983,0x8ac7,0x8aa6,0x9b07,0x9307,0x8b08,0x7287,0x30c1,0x3923,0x28a1,0x2080,0x2060,0x2081,
  0x1840,0x1000,0x3942,0x72a7,0x8b08,0x9b49,0x9349,0x8ae8,0x4921,0x4902,0x5183,0x4942,0x4101,0x4102,0x38c0,0x38c1,
  0x4101,0x4922,0x4122,0x40c0,0x4101,0x5983,0x4921,0x5962,0xb573,0xce56,0xde97,0xce35,0xce15,0xce14,0xce15,0xce35,
  0xd615,0xc5b3,0xc5b3,0xe6b7,0xcdf4,0xcdf4,0xde14,0xd5d3,0xd5d3,0xd5d2,0xcdb1,0xb4ef,0xb4af,0x51c5,0x4101,0x93aa,
  0xb46c,0xac4a,0x9b88,0xac0b,0xc4ce,0xbccd,0xd56f,0xd54f,0xd550,0xd50f,0xbc4d,0x9308,0x8aa6,0x9308,0x9b28,0x7203,
  0x3040,0x61e5,0x9b69,0x92a5,0xb347,0xa2e5,0x9ae5,0xa326,0xa347,0x9b06,0xab47,0xa347,0xa327,0xa326,0xb387,0xab46,
  0xab25,0xab45,0xa325,0x9b06,0x8aa7,0x2840,0x2861,0x4944,0x3040,0x40c1,0x69e4,0x71e4,0x6962,0x6983,0x69a4,0x7a46,
  0x69a3,0x5961,0x69a3,0x61a4,0x5944,0x5123,0x2000,0x6a46,0xcd30,0xcd70,0xcd4f,0xe5f2,0xddd3,0xd593,0xddb3,0xd591,
  0xddb2,0xd591,0xd591,0xd591,0xd591,0xcd70,0xd591,0xd5d2,0xe654,0xe634,0xd5f3,0xcd91,0xd592,0xd551,0xd551,0xac0c,
  0x7245,0x6a25,0x82e8,0x6a25,0x5142,0x5163,0x40c1,0x2000,0x2820,0x38c1,0x4923,0x3922,0x38e2,0x5143,0x6184,0x40e1,
  0x30c1,0x1800,0x5984,0x7205,0x71e5,0x7204,0x61c3,0x8ae7,0xc44d,0xbc6d,0xbc8d,0xc4ee,0xdd91,0xd550,0xccef,0xbc8d,
  0xa3cb,0x8b08,0x8ac8,0x61c4,0x40c1,0x3880,0x48e2,0x40e2,0x4943,0x4143,0x3081,0x1000,0x4123,0x7287,0x59a3,0x59a2,
  0x6a24,0x5161,0x8b08,0xbcad,0xd571,0xbc8d,0xbc6c,0xbc8d,0xbc4c,0xb42c,0xbc6c,0xac2b,0xb44c,0xbcad,0xbc8d,0xcd2f,
  0xdd90,0xbcad,0xc4ad,0xbcac,0xbc8c,0xbc6b,0xc4cc,0xbccc,0xc4cd,0xc4ed,0xc4ed,0xbccc,0xcd0e,0xbcac,0xcd0e,0xcd0e,
  0xb44c,0x7aa5,0x7a64,0x82a6,0x8286,0x7a45,0x7a25,0x61a2,0x71c3,0x7a04,0x71c3,0x71e3,0x7a03,0x69c2,0x71e3,0x7a24,
  0x8245,0x7204,0x6a04,0x5162,0x40c0,0x4922,0x4922,0x4102,0x38c2,0x2000,0x4102,0x4963,0x5163,0x5984,0x5963,0x40c1,
  0x38a1,0x2040,0x1800,0x1000,0x1820,0x1861,0x20a2,0x1861,0x1000,0x2061,0x4144,0x30c1,0x38a1,0x3080,0x3080,0x4942,
  0x7a87,0x9328,0x92e6,0x8285,0x8286,0x7ac8,0x51c5,0x1020,0x1000,0x1820,0x4123,0x4101,0x5963,0x5141,0x5121,0x5982,
  0x8ae8,0x9329,0x9329,0x61e4,0x5121,0x40c0,0x4922,0x4101,0x4102,0x2860,0x38c2,0x30c2,0x4124,0x3081,0x2860,0x1020,
  0x1020,0x3081,0x40e3,0x3061,0x1820,0x0800,0x3902,0x59a4,0x5122,0x48e1,0x4922,0x4101,0x40c0,0x7a86,0x8ae7,0x9b27,
  0xa348,0x9b48,0x9b48,0xa3aa,0x6a05,0x40c1,0x4943,0x4102,0x4923,0x40c1,0x4942,0x2860,0x2880,0x4963,0x61e6,0x61a5,
  0x48e2,0x1000,0x1840,0x20c2,0x28a2,0x3081,0x2020,0x2881,0x6a47,0x59c5,0x38a0,0x2880,0x4123,0x30c1,0x30c2,0x28a1,
  0x30c2,0x30c1,0x2860,0x5163,0x82c8,0x92e7,0x9b49,0x8b08,0x59a4,0x59e5,0x4942,0x61c4,0x8ac7,0x92c6,0x9b07,0x9b27,
  0x8b08,0x4942,0x30e2,0x3102,0x28c2,0x2060,0x2061,0x2060,0x1820,0x2040,0x59e5,0x7ae7,0x9369,0x9b69,0x9329,0x7a87,
  0x3060,0x4902,0x5183,0x4942,0x4922,0x38c1,0x38c1,0x38c1,0x4923,0x4102,0x38a1,0x3880,0x48e1,0x5142,0x5121,0x5162,
  0xad52,0xce35,0xd676,0xce35,0xc614,0xce14,0xc5d3,0xcdf4,0xcdf4,0xaccf,0xde96,0xd635,0xce14,0xd634,0xcdb3,0xddf4,
  0xcdb1,0xcdb1,0xcdb1,0xbd10,0x93cc,0x30c0,0x59c4,0xac4c,0xac4b,0xa409,0x9bc8,0xccee,0xbcad,0xbccd,0xd56f,0xd54f,
  0xd54f,0xccae,0xa389,0x8ac7,0x7a45,0xa36a,0x9307,0x5102,0x48e1,0x8ae7,0x8ae6,0x9ae5,0x9ae4,0xa305,0x9b05,0xa306,
  0x9b06,0xa326,0x9b06,0x9b06,0xa326,0xab46,0xa305,0xa305,0xa325,0xa325,0x9b06,0x8ac6,0x4900,0x2840,0x3903,0x4103,
  0x2820,0x5963,0x5962,0x6141,0x6161,0x6983,0x5962,0x69c4,0x61a2,0x6182,0x61a4,0x5964,0x5144,0x3041,0x4922,0xa40c,
  0xbcce,0xd591,0xddd2,0xddd3,0xd592,0xd592,0xd591,0xd591,0xcd70,0xd570,0xcd70,0xd591,0xcd70,0xd5b2,0xd5d2,0xddf3,
  0xe634,0xddf3,0xcd91,0xd5b2,0xcd71,0xcd30,0x9b6a,0x7a66,0x7a86,0x7a86,0x59a3,0x4922,0x5163,0x4101,0x2840,0x3060,
  0x30c1,0x38e2,0x4102,0x38e1,0x4102,0x4903,0x4923,0x38c1,0x1800,0x38e1,0x6a24,0x71c4,0x7225,0x61e3,0x59c3,0x9b8a,
  0xc44c,0xc46d,0xbcad,0xd570,0xcd2f,0xcd0f,0xbc8e,0xbc6e,0x8ae8,0x8b09,0x6a05,0x40e1,0x3080,0x4922,0x4102,0x4103,
  0x3923,0x30e2,0x2040,0x2020,0x51a3,0x6a46,0x4921,0x6a25,0x59a2,0x7aa6,0xac2b,0xcd0f,0xbc8d,0xb42b,0xc4ad,0xbc8d,
  0xbc6c,0xb42c,0xb42b,0xb40b,0xb46c,0xbc8c,0xc4ee,0xdd70,0xccee,0xbcad,0xbc8c,0xbc6c,0xbc6c,0xbc8c,0xbcac,0xc4cd,
  0xbccc,0xc4ed,0xc4cd,0xc4ed,0xbccd,0xc50e,0xc4ed,0xac2b,0x82c5,0x7223,0x7a85,0x8ac7,0x7a65,0x6182,0x69e4,0x69a2,
  0x69c3,0x7a04,0x71e3,0x7a04,0x7203,0x69c2,0x7203,0x7a24,0x69e3,0x7204,0x5142,0x5122,0x4101,0x4942,0x4122,0x30a1,
  0x1800,0x3081,0x4923,0x5164,0x5163,0x5963,0x40e1,0x38c1,0x2040,0x1800,0x1000,0x1820,0x28c2,0x28c3,0x1040,0x1000,
  0x1020,0x30e2,0x30e2,0x38c1,0x38c0,0x40e1,0x40e1,0x6a25,0x82c7,0x92e7,0x8ac6,0x7a44,0x7265,0x6a46,0x28a1,0x2081,
  0x0800,0x30e2,0x4143,0x4902,0x5982,0x5121,0x5121,0x82c7,0x82e8,0x8b08,0x7266,0x4901,0x40e1,0x4102,0x4922,0x4922,
  0x3080,0x4102,0x30a1,0x38c3,0x30c2,0x2881,0x1020,0x1020,0x2040,0x48e3,0x40e3,0x2860,0x0800,0x1040,0x5184,0x5122,
  0x4901,0x4101,0x4942,0x40c1,0x5983,0x8ac7,0x8ae7,0xa369,0x9b48,0x9b48,0x9b69,0x8b08,0x4100,0x4942,0x4122,0x4923,
  0x40c0,0x4922,0x3902,0x2060,0x3901,0x59a4,0x61a4,0x5985,0x2840,0x1840,0x2080,0x30e1,0x3902,0x2840,0x1800,0x5184,
  0x6226,0x4963,0x2000,0x3080,0x30c1,0x2881,0x30c1,0x2860,0x2880,0x30a0,0x3080,0x6a26,0x8b08,0x9307,0x9308,0x7a87,
  0x5183,0x59c4,0x4942,0x7a86,0x82a6,0x8aa6,0x9b07,0x9328,0x7a86,0x30a1,0x3103,0x30e2,0x2080,0x20a1,0x20a1,0x2061,
  0x1000,0x4102,0x6a46,0x82c7,0x9328,0x9b69,0x9349,0x5142,0x38c0,0x4942,0x4922,0x4902,0x38c1,0x4943,0x38c1,0x38c1,
  0x4122,0x4122,0x2840,0x4101,0x5162,0x5142,0x5162,0x5982,0xb552,0xc614,0xd656,0xce35,0xce35,0xce14,0xcdf4,0xce15,
  0xcdf4,0xc5b3,0xde76,0xd635,0xcdf4,0xcdf3,0xd5f4,0xcd92,0xcdb1,0xc5b1,0xc591,0xb510,0x834a,0x30a0,0x72a7,0xac4c,
  0xac4b,0x9ba8,0xb42b,0xccee,0xc4ee,0xc4ee,0xd570,0xcd2f,0xd550,0xc46d,0x9b28,0x71e4,0x8286,0x8ac7,0x69e5,0x3040,
  0x6a03,0x8ae7,0x9307,0x9ae5,0xa2e5,0xa305,0xa306,0xa306,0xa306,0x9b06,0xa327,0x9b05,0xa306,0xa326,0xa306,0xa2e5,
  0xa306,0x9b06,0x92e6,0x5961,0x2800,0x4943,0x5165,0x2000,0x4903,0x5963,0x6142,0x6141,0x6141,0x6162,0x69c4,0x6183,
  0x5961,0x61c3,0x5123,0x5144,0x3861,0x3060,0xa3cc,0xbcae,0xcd4f,0xddf2,0xe614,0xddb2,0xd592,0xd571,0xd591,0xd570,
  0xd591,0xd591,0xd591,0xcd71,0xd5b1,0xd5b1,0xe614,0xe634,0xde14,0xcd51,0xcd71,0xcd51,0xc4ef,0x7aa7,0x69c4,0x6a04,
  0x6a05,0x5162,0x5163,0x4942,0x38a0,0x2860,0x3060,0x38c1,0x4123,0x38e2,0x38c1,0x38c1,0x4102,0x4103,0x4103,0x30a1,
  0x2020,0x5182,0x7a25,0x69a3,0x7225,0x59a3,0x82e8,0xac0b,0xcc8d,0xccad,0xc4ce,0xcd2f,0xd52f,0xccef,0xc4ae,0x8b08,
  0x8287,0x7225,0x5122,0x3060,0x38a1,0x4102,0x4102,0x38e2,0x4144,0x2040,0x1000,0x30c1,0x7aa7,0x5162,0x61c3,0x61e4,
  0x6a04,0x9baa,0xcd0f,0xcd0f,0xbc6c,0xbc8c,0xc4ad,0xbc8d,0xbc4c,0xb42b,0xb42b,0xb44b,0xbc6c,0xc4cd,0xd52f,0xccee,
  0xc4cd,0xbc8c,0xbc8c,0xb46c,0xbc8c,0xbc8c,0xc4cd,0xc4cd,0xc4cd,0xbcad,0xc4ee,0xc4ed,0xc4ee,0xbccd,0xb42b,0x82c6,
  0x6a03,0x7a64,0x82a6,0x7a65,0x69e4,0x69a3,0x71e4,0x69c3,0x71e3,0x69e3,0x71e3,0x7a44,0x69e3,0x69c2,0x7224,0x69e3,
  0x69e4,0x5962,0x5122,0x40c1,0x4122,0x3922,0x30c1,0x1820,0x2861,0x4943,0x5123,0x61a5,0x5984,0x40e1,0x40c1,0x30a0,
  0x2040,0x1000,0x1820,0x1840,0x30e3,0x20a2,0x1820,0x1000,0x30e2,0x38e2,0x30a1,0x38a0,0x4902,0x40e1,0x5983,0x7a87,
  0x9349,0x8ae7,0x8265,0x7a65,0x7246,0x38e1,0x1800,0x1000,0x1840,0x3903,0x4123,0x5142,0x5983,0x4920,0x69e4,0x82c7,
  0x9b6a,0x82c8,0x4921,0x4101,0x4101,0x38c0,0x4902,0x38c1,0x38e2,0x4102,0x40e2,0x38c2,0x3082,0x1860,0x1040,0x1840,
  0x3081,0x5124,0x40c3,0x2040,0x0800,0x28c1,0x61a5,0x5102,0x4921,0x4121,0x4101,0x4921,0x8287,0x9308,0x9b28,0xa368,
  0xa369,0x9b69,0xa38a,0x69e4,0x3880,0x4922,0x5143,0x40e1,0x48c1,0x4922,0x30c1,0x30c1,0x5183,0x5983,0x6184,0x3081,
  0x1800,0x1840,0x30e2,0x3902,0x38e2,0x2020,0x2000,0x4963,0x6a67,0x4122,0x2820,0x38e2,0x38c2,0x30c1,0x28a1,0x2040,
  0x30a1,0x2860,0x4901,0x82e8,0x9b6a,0x9b68,0x9308,0x5142,0x5163,0x4983,0x61e4,0x7aa6,0x8ae7,0x8ac6,0x9b28,0x9308,
  0x4922,0x30a1,0x30e2,0x1860,0x28a2,0x1860,0x2082,0x1000,0x2860,0x59c4,0x82c7,0x8ae7,0x9328,0x9b8a,0x8ae9,0x40e1,
  0x40e1,0x4101,0x4922,0x40e1,0x40e2,0x4102,0x38c1,0x38e2,0x4943,0x38c2,0x3081,0x5163,0x5163,0x5983,0x5101,0x5962,
  0xad52,0xc615,0xce35,0xce35,0xc614,0xc5f4,0xc5d3,0xcdf4,0xb551,0xde76,0xde76,0xde76,0xcdd4,0xcdf3,0xd5f4,0xcd92,
  0xcdb2,0xcdb1,0xbd50,0xacae,0x51e5,0x38e1,0x93aa,0xb46c,0xa3e9,0x9b87,0xb48b,0xc4ee,0xc4ee,0xcd4f,0xcd2f,0xdd70,
  0xd550,0xabcb,0x82a6,0x7a45,0x8ae8,0x8287,0x3860,0x40a1,0x82a5,0x9b07,0x92e5,0x9ae5,0x9ae4,0xa305,0x9b05,0x9b06,
  0x9ae6,0x9ae6,0x9ae5,0x9ae5,0x9ae5,0x9b05,0x92c5,0x9ae6,0x9ae6,0x92c6,0x7223,0x38a1,0x2820,0x59a5,0x38c1,0x3040,
  0x5163,0x5963,0x5121,0x6162,0x5921,0x6162,0x71e5,0x61c4,0x59a2,0x5121,0x4922,0x38a2,0x2820,0x8b09,0xc50f,0xbcee,
  0xcd70,0xe634,0xddd3,0xd592,0xcd51,0xd570,0xcd70,0xd570,0xcd70,0xd591,0xcd70,0xcd71,0xd5b2,0xe634,0xde13,0xd5b2,
  0xcd71,0xcd51,0xcd71,0xb48d,0x6a45,0x61c4,0x6a05,0x5983,0x5163,0x5984,0x40e1,0x3080,0x2000,0x3080,0x30a0,0x4102,
  0x4122,0x4102,0x3901,0x38e1,0x38e1,0x4103,0x30a1,0x2040,0x30a0,0x6a04,0x69c3,0x7a04,0x5982,0x6a45,0x93aa,0xbc6d,
  0xcc8c,0xc46c,0xc4ee,0xc4ee,0xcd0f,0xc4ae,0xabeb,0x7a66,0x7a66,0x5983,0x40c0,0x40c1,0x38c1,0x38c2,0x38e2,0x4123,
  0x2061,0x1800,0x1800,0x51a4,0x6a25,0x5142,0x7245,0x5141,0x6a24,0xb44d,0xcd30,0xbc8d,0xb44c,0xccee,0xbc8c,0xc48d,
  0xb40b,0xb40b,0xa3c9,0xbc6c,0xbc8c,0xd52f,0xcd0e,0xbc6c,0xbc8c,0xc4ad,0xb46b,0xb44b,0xb42b,0xbc6c,0xbc8c,0xc4cd,
  0xbcac,0xc4cd,0xbccd,0xc4ce,0xc4ee,0xac2b,0x7a84,0x6a03,0x7aa5,0x7a65,0x7265,0x69c3,0x5962,0x71e4,0x61a2,0x7204,
  0x69a2,0x69a2,0x7203,0x7204,0x61c2,0x69c3,0x6a04,0x69e4,0x5962,0x5122,0x48e1,0x40c1,0x38e1,0x28a0,0x1020,0x2040,
  0x30c1,0x5985,0x5985,0x4903,0x40e2,0x4123,0x2060,0x1840,0x1000,0x1000,0x1840,0x28a2,0x28a2,0x1840,0x0800,0x2060,
  0x4143,0x38e2,0x30a0,0x40e1,0x4901,0x5963,0x7245,0x82c7,0x8ae7,0x82a6,0x7224,0x7a66,0x4983,0x1820,0x1840,0x1820,
  0x28c2,0x4985,0x4121,0x59a3,0x5141,0x5962,0x7a65,0x8b08,0x9329,0x61c4,0x38e0,0x4942,0x38c0,0x38c0,0x38e1,0x38c1,
  0x4102,0x40e2,0x38c1,0x38c2,0x2840,0x1020,0x1040,0x2880,0x40e2,0x5944,0x3060,0x1000,0x0800,0x4144,0x5984,0x5102,
  0x4101,0x4921,0x38a0,0x61c4,0x9328,0x9328,0x9327,0xa369,0x9b69,0xa3cb,0x82c7,0x40c0,0x4922,0x4922,0x5163,0x40a0,
  0x40c0,0x48e1,0x2040,0x4123,0x51a4,0x5963,0x4901,0x1800,0x1000,0x2081,0x3102,0x4142,0x2880,0x1820,0x2040,0x5184,
  0x6226,0x3080,0x2020,0x4102,0x2880,0x38e2,0x2060,0x2880,0x30a0,0x3060,0x5183,0x9349,0x9349,0x9b49,0x6a04,0x5142,
  0x4922,0x38c0,0x6a45,0x82e7,0x8ae6,0x8ac7,0x9329,0x7266,0x2820,0x30e2,0x20a0,0x1840,0x28c2,0x2082,0x1020,0x1000,
  0x30c1,0x7246,0x82c6,0x9307,0x9328,0x9b8a,0x6a25,0x40c1,0x40e1,0x40e1,0x38c0,0x40e1,0x4102,0x38e1,0x30a1,0x4103,
  0x38e1,0x2020,0x3081,0x4942,0x5162,0x5962,0x4900,0x6183,0xb552,0xbdd4,0xce35,0xce35,0xce35,0xc5d4,0xcdf4,0xc5d3,
  0xbd72,0xde76,0xde55,0xcdf4,0xcdd4,0xcdd3,0xd5d4,0xcd92,0xd5d3,0xbd70,0xbd71,0x942c,0x3922,0x51a4,0xac4d,0xac2b,
  0xa3a8,0xa3c8,0xc4cd,0xbcce,0xc4ef,0xc50f,0xcd0f,0xd570,0xccce,0x8ac6,0x7a45,0x8ac8,0x9309,0x61c4,0x2800,0x69e3,
  0x92e7,0x9b06,0x9ae6,0x9ae4,0xa305,0xa305,0xa306,0x9ae6,0xa2e6,0x9ac5,0xa306,0x9ae5,0x9ae5,0x9ae5,0x9ae6,0x9ae6,
  0x9ae7,0x8286,0x5163,0x2020,0x5964,0x5163,0x3020,0x5123,0x5963,0x5922,0x5942,0x5121,0x5922,0x6183,0x69c4,0x6183,
  0x61a3,0x5142,0x4922,0x2820,0x61e6,0xc510,0xbccf,0xc50f,0xddb2,0xddd3,0xddb3,0xd571,0xd591,0xd550,0xd570,0xd570,
  0xd591,0xcd50,0xcd70,0xd5b1,0xe614,0xe5f3,0xddd3,0xd591,0xd571,0xd592,0xac4d,0x7aa6,0x7266,0x82c8,0x5983,0x5163,
  0x6a06,0x5163,0x3060,0x2020,0x38c1,0x4102,0x4122,0x38e1,0x38c1,0x30a0,0x4122,0x4102,0x4943,0x4103,0x30a1,0x2020,
  0x59a4,0x7225,0x71e3,0x7224,0x5962,0x9369,0xac0c,0xb44c,0xc48d,0xbc4b,0xc4ce,0xc4ee,0xc4ae,0xb44d,0x82a7,0x82c7,
  0x7a67,0x5163,0x40c1,0x38a0,0x40e2,0x3902,0x3903,0x2880,0x1000,0x1000,0x38c2,0x6a47,0x5963,0x61c4,0x61c3,0x61c3,
  0x9bab,0xcd10,0xcd30,0xac0b,0xc48d,0xc48d,0xc4ad,0xbc6d,0xb42c,0xabca,0xabea,0xb44c,0xcd0f,0xd52f,0xc4ad,0xb46c,
  0xc4cd,0xbcad,0xbc6c,0xb44b,0xb42b,0xb44b,0xc4ad,0xc4ad,0xc4ce,0xc4ee,0xc4ee,0xbccd,0xb44c,0x82c6,0x7a85,0x82a6,
  0x7a65,0x7a65,0x7224,0x6182,0x61a3,0x69e4,0x69c3,0x69e3,0x69c3,0x61a2,0x7a44,0x61a2,0x69e3,0x69e3,0x69e4,0x61a3,
  0x4901,0x4902,0x40e2,0x38e2,0x2860,0x1800,0x2040,0x3901,0x51a4,0x5184,0x5144,0x40e2,0x4103,0x38e2,0x2040,0x0800,
  0x1000,0x2040,0x3903,0x3103,0x2861,0x1000,0x1820,0x30e2,0x4123,0x38c1,0x40e1,0x48e1,0x5922,0x7225,0x8ae8,0x82a6,
  0x7a66,0x7a66,0x7a87,0x59c4,0x30a1,0x1800,0x28a1,0x1820,0x30e2,0x4963,0x4942,0x5162,0x5121,0x61a2,0x82c7,0x9b6a,
  0x7a67,0x4901,0x5183,0x38c0,0x38c1,0x38e1,0x40e2,0x38e1,0x4102,0x38c1,0x38e2,0x30a1,0x2020,0x1000,0x20a0,0x30a1,
  0x5985,0x5123,0x2861,0x0800,0x2040,0x5185,0x6184,0x4902,0x4121,0x4100,0x4900,0x7265,0x9b28,0x92e7,0x9b48,0x9b69,
  0xabab,0x9349,0x5983,0x38c0,0x5184,0x5184,0x4902,0x38a0,0x48e1,0x3060,0x30a1,0x4963,0x59c5,0x4942,0x3080,0x1800,
  0x2881,0x2881,0x4123,0x4143,0x2040,0x1000,0x3903,0x6206,0x6206,0x2000,0x38c1,0x3902,0x30a1,0x2861,0x2861,0x28a1,
  0x3080,0x38c0,0x7246,0x9329,0x9b8a,0x82c7,0x4921,0x59c4,0x5143,0x4921,0x82e7,0x82e6,0x8ae7,0x82e7,0x82c8,0x4102,
  0x30a1,0x30e2,0x28a1,0x2080,0x30c2,0x2081,0x1000,0x1840,0x5143,0x8287,0x8aa6,0x8ac6,0x9b69,0x8b08,0x5163,0x4102,
  0x4903,0x40e2,0x40c1,0x38c0,0x4943,0x38c1,0x40e2,0x3902,0x3081,0x2840,0x4102,0x4902,0x61c4,0x48e0,0x5962,0x6182,
  0xa4f0,0xbdb3,0xc614,0xce35,0xc615,0xcdf4,0xcdf4,0xce14,0xcdf4,0xde76,0xde55,0xcdd4,0xcdd3,0xd5f4,0xcdb2,0xd5d3,
  0xcdd2,0xbd50,0xbd91,0x838a,0x3101,0x7b09,0xac4d,0xabea,0x9b87,0xbc6b,0xc4ed,0xcd0f,0xc4ef,0xc50f,0xcd2f,0xcd0f,
  0xabea,0x82a6,0x7a65,0x82c8,0x7246,0x3880,0x40c1,0x8aa7,0x92c6,0x9ac5,0x9ae5,0x9b05,0x9b05,0x9b26,0x9b06,0xa2e6,
  0x9ae5,0x9ae5,0x9ae5,0xa2e5,0x9ae4,0x9b05,0x92c5,0x92c7,0x8286,0x69e5,0x2880,0x38c1,0x59a4,0x3881,0x40a0,0x6163,
  0x5942,0x5922,0x5962,0x5101,0x5121,0x6163,0x5121,0x5942,0x5122,0x5184,0x2840,0x40e1,0x9bcb,0xc4ef,0xc530,0xd592,
  0xd591,0xd592,0xcd51,0xd571,0xcd70,0xd570,0xcd2f,0xd570,0xcd70,0xcd50,0xcd71,0xe5f3,0xddf3,0xd592,0xcd71,0xd572,
  0xd571,0xa3eb,0x7ac7,0x7245,0x7aa7,0x6a05,0x59a4,0x59a4,0x38c1,0x2000,0x2860,0x38c1,0x30c1,0x38e1,0x3080,0x30a0,
  0x38c0,0x4101,0x4122,0x4102,0x38c1,0x30c1,0x1800,0x3081,0x6a05,0x7225,0x6a04,0x61a2,0x7264,0xac0b,0xb40b,0xbc4c,
  0xb44c,0xbc8d,0xbcad,0xbcad,0xbcad,0x9b69,0x82c7,0x7a66,0x59a4,0x40c0,0x38c1,0x4102,0x30c1,0x30c1,0x28a1,0x1840,
  0x1000,0x1820,0x4103,0x6206,0x5982,0x69e4,0x5141,0x7a86,0xac2c,0xd551,0xb46d,0xb42b,0xbc8c,0xbc6c,0xbc4c,0xbc4c,
  0xb42b,0xabea,0xb42b,0xbc8d,0xcd0e,0xc4ee,0xb46c,0xbc8d,0xbc8c,0xbc4c,0xb44b,0xbc8d,0xb44b,0xbc6c,0xbc8c,0xc4ad,
  0xbc8c,0xc4ce,0xbcad,0xb46c,0x82e6,0x7265,0x6a03,0x82a6,0x82a6,0x69c3,0x6182,0x61a3,0x61e3,0x69c3,0x61c3,0x69c3,
  0x61a2,0x69e3,0x6a03,0x61c3,0x61a2,0x6a04,0x59a3,0x4901,0x40c0,0x40e1,0x38c2,0x30a1,0x1800,0x2020,0x38e1,0x5183,
  0x5183,0x4943,0x38e1,0x4143,0x30e2,0x1840,0x1000,0x1000,0x1820,0x30e3,0x3903,0x30c2,0x1000,0x1000,0x2860,0x4123,
  0x38c1,0x4102,0x40c0,0x4901,0x61c3,0x8ac8,0x8286,0x8286,0x6a04,0x7a66,0x6a46,0x30c1,0x1820,0x2060,0x1820,0x28a1,
  0x3902,0x4942,0x4962,0x5962,0x5162,0x69e4,0x8b08,0x9349,0x4921,0x5163,0x4101,0x3080,0x38c1,0x4102,0x30a0,0x38e2,
  0x30a0,0x38e1,0x38e1,0x3081,0x1000,0x1860,0x2080,0x5123,0x61a5,0x4923,0x2040,0x1000,0x2880,0x59a5,0x5123,0x4902,
  0x4101,0x4100,0x59a2,0x8b07,0x9307,0x9b27,0x9b48,0xa38a,0x9369,0x6a05,0x38c0,0x5164,0x40e1,0x5984,0x40a0,0x48e1,
  0x38a0,0x2820,0x4922,0x59a5,0x5184,0x40e1,0x1800,0x1820,0x2060,0x30a1,0x4123,0x4944,0x1820,0x1020,0x4143,0x6a47,
  0x4963,0x2020,0x4143,0x38e2,0x30a1,0x2020,0x2860,0x30a1,0x2040,0x4942,0x82c7,0x9b49,0x9328,0x61e4,0x4922,0x5984,
  0x4101,0x7246,0x82e7,0x82e7,0x82e6,0x8b28,0x51a4,0x2861,0x3903,0x28c1,0x2060,0x2880,0x2080,0x1820,0x0800,0x2881,
  0x61e5,0x9308,0x92c6,0x92e6,0x9b89,0x7266,0x38e1,0x4943,0x38e2,0x4102,0x38a0,0x38a0,0x4102,0x38a1,0x38e2,0x38c2,
  0x2020,0x38e2,0x4963,0x5184,0x59a3,0x48e0,0x5962,0x61a2,0xa4f0,0xbdd3,0xce55,0xce15,0xce15,0xc5d3,0xcdf4,0xb572,
  0xcdd4,0xde55,0xde76,0xcdf4,0xd5f4,0xc5b2,0xcd72,0xcdb2,0xc571,0xb50f,0xb50f,0x5a46,0x30e1,0x8b6a,0xac2d,0xa3c9,
  0xa3a8,0xc4cc,0xcd2e,0xcd30,0xcd10,0xbcce,0xd550,0xac0b,0x9b89,0x7a85,0x8286,0x6a04,0x59c4,0x3040,0x7a66,0x8ac7,
  0x9b07,0x9aa4,0xa2e5,0x9b05,0x9b26,0x9b26,0xa327,0xa2e6,0xa306,0x9ae5,0xa305,0x9ae5,0x9ae5,0x92c5,0x92a6,0x8265,
  0x71e4,0x38a1,0x2061,0x59e6,0x4902,0x2800,0x6163,0x6142,0x6142,0x6142,0x6183,0x5142,0x5963,0x5142,0x5901,0x5922,
  0x5985,0x38a1,0x3081,0x8307,0xbcce,0xc530,0xddd3,0xd5b3,0xd572,0xcd51,0xd571,0xd570,0xd570,0xcd4f,0xcd4f,0xcd4f,
  0xd591,0xd591,0xddd3,0xddd3,0xd5b2,0xcd51,0xcd51,0xc4f0,0x8b49,0x7aa6,0x7a86,0x7225,0x61a3,0x59a4,0x59a4,0x3060,
  0x2020,0x2860,0x30a1,0x3902,0x4143,0x38e2,0x3080,0x30a0,0x4101,0x4101,0x40e1,0x4103,0x38e2,0x2060,0x2040,0x5983,
  0x7a67,0x7a66,0x7245,0x59a2,0x9ba9,0xb40a,0xc42c,0xbc4c,0xbc8d,0xc4ee,0xc4ad,0xbc6d,0xb42c,0x8b07,0x9308,0x61c4,
  0x5122,0x38c0,0x40e1,0x38e2,0x4123,0x30e2,0x2080,0x1000,0x1000,0x2061,0x51a5,0x5163,0x69e4,0x6182,0x7a45,0xa3cb,
  0xc4cf,0xcd30,0xb44d,0xbc6c,0xbc4c,0xb42b,0xbc2b,0xb40b,0xbc2c,0xb40b,0xc4ad,0xc4ce,0xc4ee,0xb46c,0xbc8d,0xbc6c,
  0xb44c,0xb42b,0xbc6c,0xc48d,0xc4ad,0xc4ad,0xc4ad,0xbc8c,0xbc8d,0xbc6c,0xac0b,0x8b27,0x6a04,0x7244,0x7a86,0x7224,
  0x69c3,0x61a3,0x6183,0x61a3,0x69e4,0x61a2,0x69c3,0x6182,0x69c3,0x6a03,0x69e3,0x69c3,0x61a2,0x61e3,0x5142,0x3880,
  0x48e1,0x30c1,0x30e2,0x2040,0x2840,0x38c1,0x5984,0x5963,0x4101,0x38e0,0x4983,0x28a1,0x1840,0x1000,0x0800,0x1841,
  0x3903,0x4164,0x4124,0x2060,0x1820,0x2881,0x4143,0x4102,0x4122,0x4922,0x4901,0x61a3,0x8287,0x8ac7,0x8265,0x8265,
  0x7225,0x61e5,0x4944,0x1800,0x2061,0x2061,0x1800,0x3922,0x4122,0x4121,0x4941,0x4921,0x61c3,0x82a6,0x9329,0x69e4,
  0x40e1,0x5183,0x38a0,0x40e1,0x4122,0x3901,0x38c1,0x38c1,0x38a0,0x38e1,0x38c1,0x2040,0x1820,0x20a0,0x30a1,0x6165,
  0x61a5,0x4122,0x2040,0x1820,0x4923,0x5984,0x5123,0x4101,0x4101,0x4941,0x8286,0x9328,0x9b48,0xa368,0xa369,0x9b89,
  0x82a7,0x4942,0x4923,0x4123,0x4943,0x40c1,0x5102,0x48e1,0x3080,0x38a0,0x61a4,0x69c5,0x5143,0x2860,0x1820,0x2040,
  0x2880,0x38c1,0x5185,0x4124,0x2040,0x28c1,0x51c5,0x59e5,0x38a1,0x2860,0x5164,0x38e2,0x3081,0x2020,0x38e3,0x30a1,
  0x30a0,0x61e4,0x8ae8,0x9307,0x7245,0x4121,0x61e5,0x4902,0x5122,0x8287,0x8ac6,0x8b27,0x8b07,0x72a7,0x38e3,0x30a2,
  0x3924,0x2880,0x2880,0x28a0,0x2880,0x0800,0x2061,0x30e2,0x7a87,0x9307,0xa327,0x9b27,0x9b49,0x59a3,0x4123,0x4964,
  0x40e2,0x38e1,0x38a1,0x38a0,0x4122,0x3080,0x4123,0x2880,0x2040,0x4102,0x5164,0x59a4,0x5142,0x5142,0x61a3,0x69c3,
  0x948e,0xbdb3,0xce35,0xc614,0xc5f4,0xc5f4,0xc5d3,0xbd72,0xc5b3,0xde96,0xc5d3,0xcdf4,0xc5b3,0xcdd3,0xcdb2,0xcd92,
  0xbd30,0xbd71,0xa48e,0x51e4,0x4162,0xa40d,0xa40b,0xac0a,0xa3c8,0xc4ac,0xc50d,0xcd2f,0xc4ef,0xcd0f,0xbcad,0xa3aa,
  0x9348,0x82c6,0x7245,0x7266,0x4100,0x40c1,0x8ae7,0x8aa6,0x92a5,0xa306,0xa2e4,0x9b05,0x9b25,0xa327,0x9b26,0xa307,
  0xa2e6,0xa306,0x9ae5,0xa2e5,0x9ac4,0x92c5,0x8264,0x7204,0x5101,0x2840,0x3103,0x4123,0x2000,0x48c1,0x5921,0x6142,
  0x58e0,0x6983,0x5121,0x5983,0x5142,0x5101,0x5121,0x5943,0x4903,0x2820,0x5182,0xac4c,0xb4cd,0xd5b2,0xd5b3,0xcd72,
  0xc511,0xc510,0xcd50,0xd570,0xcd4f,0xd550,0xcd50,0xcd50,0xcd50,0xddd2,0xddf3,0xd591,0xcd51,0xd592,0xbccf,0x8b29,
  0x7265,0x8b09,0x7265,0x5962,0x5983,0x5184,0x2840,0x2000,0x2860,0x38a1,0x38c1,0x4102,0x3902,0x4122,0x30a0,0x30a0,
  0x38e0,0x40e1,0x38e1,0x38e2,0x30c2,0x1800,0x30a0,0x7246,0x7225,0x7a46,0x59c3,0x7286,0xa3ca,0xb40b,0xbc0b,0xbc4c,
  0xbcce,0xb48d,0xb46c,0xbc4c,0x9328,0x9308,0x7225,0x6183,0x40c0,0x4902,0x38c1,0x30a1,0x3902,0x28a1,0x0800,0x1000,
  0x1000,0x30c3,0x6206,0x5142,0x5962,0x69c3,0x82c7,0xb42c,0xcd10,0xb46d,0xb46d,0xbc6d,0xac0a,0xbc4c,0xb42b,0xbc2c,
  0xabca,0xbc2c,0xbcad,0xd52f,0xbc8c,0xb44b,0xb46c,0xb46c,0xac0a,0xbc4c,0xbc6c,0xbc8c,0xc4ad,0xc4ad,0xbcad,0xbc8d,
  0xbc8d,0xb44c,0x8307,0x5981,0x6a24,0x7245,0x7244,0x6a04,0x61c3,0x69c3,0x59a2,0x61c3,0x61a2,0x6182,0x5961,0x5961,
  0x69c2,0x7203,0x61a2,0x5982,0x61e3,0x59c3,0x40e0,0x40e1,0x40e1,0x3902,0x2081,0x1800,0x3080,0x5163,0x5122,0x48e1,
  0x40c0,0x38e1,0x28c0,0x1860,0x0800,0x0800,0x1020,0x30e4,0x3903,0x4144,0x2860,0x1820,0x2020,0x4123,0x4943,0x40e2,
  0x4922,0x40c1,0x5121,0x7a66,0x8aa7,0x8a66,0x8245,0x7a45,0x69e4,0x4922,0x1820,0x2060,0x20a1,0x1840,0x2060,0x4963,
  0x38e0,0x4942,0x5141,0x5982,0x59a3,0x8b09,0x7245,0x48e1,0x5983,0x5143,0x2860,0x4922,0x4122,0x38c1,0x3901,0x38c1,
  0x38c1,0x38c1,0x2020,0x1800,0x2080,0x2880,0x40e2,0x6165,0x5984,0x38e1,0x1000,0x2060,0x5984,0x6184,0x4122,0x4102,
  0x30a0,0x59a3,0x8ae7,0x9328,0xa368,0xa389,0x9307,0x9b8a,0x6205,0x38e1,0x4102,0x38c1,0x5184,0x40e1,0x40c0,0x40a0,
  0x3080,0x59a4,0x61a4,0x69c5,0x40e2,0x1000,0x1860,0x28a0,0x2840,0x4102,0x4965,0x28a2,0x1000,0x3923,0x5a26,0x59e5,
  0x2020,0x38c1,0x4123,0x4102,0x2020,0x30a1,0x30c1,0x3080,0x4102,0x7266,0x82e7,0x8ae7,0x5961,0x59c4,0x51a4,0x4902,
  0x6a05,0x8aa7,0x82e6,0x82e6,0x82e7,0x5183,0x28a1,0x3903,0x28c2,0x2080,0x2060,0x28a0,0x1820,0x1820,0x2881,0x4984,
  0x7aa7,0x9b28,0x9b06,0xa348,0x82a6,0x4101,0x4963,0x4143,0x38e2,0x38c1,0x38a0,0x40c1,0x4102,0x3081,0x4102,0x2880,
  0x2040,0x4943,0x4943,0x59c4,0x4901,0x5942,0x61c3,0x69a3,0x948f,0xbdd3,0xc615,0xc5f4,0xce15,0xc5f4,0xce14,0xbdd3,
  0xde96,0xd635,0xd614,0xcdf3,0xcdb3,0xcdf3,0xcdb2,0xcdd3,0xb510,0xbd31,0x9c0c,0x38e0,0x6a25,0xac2d,0xa40c,0xa3ea,
  0xb46c,0xbcac,0xc4ee,0xcd0f,0xccee,0xccee,0xb44c,0x9349,0x8b29,0x6a46,0x7aa7,0x7266,0x3840,0x7224,0x92a6,0x8a64,
  0x9ac6,0x9ac5,0xa306,0x9b06,0x9b06,0x9ae6,0xa306,0xa306,0xa306,0xa2e5,0xa306,0x92a4,0x9ae6,0x8a86,0x7204,0x5983,
  0x3860,0x38a1,0x59c5,0x3061,0x3860,0x5122,0x6163,0x50e1,0x69a3,0x5921,0x6183,0x5142,0x5102,0x5122,0x4902,0x4922,
  0x3040,0x40e1,0xac2d,0xb46d,0xc4ef,0xd592,0xcd51,0xd572,0xd572,0xcd50,0xd571,0xd571,0xd571,0xcd50,0xd591,0xcd71,
  0xddb2,0xddd3,0xcd30,0xd571,0xd572,0xbcae,0x8b08,0x7286,0x8309,0x7287,0x61e5,0x4942,0x4963,0x1860,0x2060,0x3080,
  0x48e1,0x48c0,0x48e1,0x4901,0x38a0,0x30a0,0x30c1,0x30c0,0x38e1,0x40e1,0x40e2,0x30c2,0x2040,0x1820,0x5183,0x7225,
  0x7a25,0x7204,0x61a2,0x8b48,0xbc6d,0xb40b,0xbc2c,0xbc4c,0xbc8d,0xb46c,0xbc6d,0x9349,0x82a7,0x8ae8,0x69e4,0x40c0,
  0x40e1,0x40e2,0x30a1,0x3902,0x28a2,0x1000,0x1020,0x1000,0x2040,0x5184,0x5164,0x5142,0x6183,0x6a04,0xa3aa,0xc4ae,
  0xc48e,0xb40c,0xbc8d,0xbc6c,0xb40b,0xb40b,0xb42b,0xabeb,0xb40b,0xbc6c,0xccee,0xc4ad,0xbc4c,0xbc4c,0xbc6c,0xabea,
  0xac0b,0xb44b,0xbc8d,0xbc8c,0xc4ce,0xbcad,0xbcad,0xbc8d,0xb42c,0x82e7,0x6a04,0x61e3,0x7aa6,0x7265,0x61e3,0x61c3,
  0x7205,0x61a3,0x5982,0x61c3,0x5962,0x61a2,0x69a2,0x6182,0x71e3,0x69c3,0x6a03,0x61e3,0x59c3,0x4121,0x38e2,0x38e2,
  0x38c2,0x2040,0x1840,0x28a1,0x4963,0x4942,0x48e0,0x4080,0x48e1,0x3902,0x1040,0x1040,0x0820,0x0800,0x30c2,0x38c3,
  0x4925,0x3903,0x1840,0x0800,0x28a1,0x4923,0x4902,0x40c1,0x48c1,0x4921,0x7225,0x82a6,0x8266,0x8225,0x7a45,0x7245,
  0x5983,0x2860,0x1840,0x28c2,0x2081,0x1840,0x4123,0x4963,0x40e0,0x5962,0x5142,0x5162,0x82c8,0x7287,0x4902,0x5163,
  0x5183,0x40e1,0x38a0,0x4122,0x4102,0x38c1,0x4102,0x38e2,0x4103,0x3902,0x1820,0x2060,0x2860,0x30a1,0x4943,0x5163,
  0x4923,0x28a1,0x1800,0x40c1,0x69c4,0x5122,0x4943,0x30a0,0x48e1,0x7a66,0x9308,0x9b28,0x9b28,0xa369,0x9b8a,0x7288,
  0x4943,0x4943,0x4923,0x4902,0x4902,0x48e1,0x4922,0x3060,0x4923,0x61e5,0x61a4,0x5184,0x2020,0x2061,0x30a1,0x2820,
  0x48c1,0x4903,0x4986,0x1861,0x1800,0x4963,0x6226,0x4984,0x2021,0x30c2,0x4102,0x30c1,0x30a0,0x3060,0x38a1,0x3080,
  0x61c5,0x82e8,0x7aa7,0x6a04,0x5141,0x6205,0x5183,0x5162,0x7a87,0x82a7,0x9309,0x82e7,0x61e4,0x38a0,0x30a1,0x28a1,
  0x2881,0x2081,0x2060,0x1861,0x1820,0x2020,0x4102,0x61c4,0x8ac7,0x9b48,0x9b49,0x9b8a,0x5183,0x4102,0x4964,0x4102,
  0x40c2,0x40c1,0x40e2,0x38c1,0x4102,0x30c1,0x4123,0x1800,0x38e2,0x4943,0x5983,0x5162,0x5101,0x5982,0x69e4,0x6183,
  0x94af,0xbdd4,0xc615,0xc615,0xc5f4,0xbdb3,0xbdb3,0xb572,0xd655,0xce34,0xce13,0xcdf3,0xc5b2,0xcdf3,0xc5b2,0xc592,
  0xb4ef,0xacaf,0x7b29,0x2840,0x72a6,0xa40c,0x9bca,0xa3ca,0xb48c,0xc4ee,0xcd4f,0xcd2f,0xccee,0xccad,0x9b48,0x82e7,
  0x6a46,0x6226,0x6a67,0x38a1,0x48c0,0x8aa6,0x92a4,0x92a5,0x92c5,0x9ae6,0x9b06,0x9b07,0x9ae6,0x9ae6,0x9ae6,0xa306,
  0x9ae5,0xa2e5,0x9ac5,0x9ae7,0x8aa6,0x7225,0x61c4,0x40c1,0x2840,0x5184,0x4903,0x2820,0x4901,0x5963,0x4901,0x5942,
  0x5121,0x5962,0x61a3,0x5142,0x4922,0x4922,0x4922,0x3080,0x2840,0x938a,0xc4f0,0xc510,0xc530,0xcd51,0xcd50,0xd592,
  0xd571,0xd571,0xcd50,0xd571,0xcd71,0xd571,0xcd50,0xd5b3,0xcd71,0xd592,0xcd71,0xcd50,0xa40b,0x7245,0x7245,0x7ac8,
  0x59e4,0x51a4,0x5a05,0x4143,0x1820,0x1840,0x2880,0x38a1,0x48e1,0x5942,0x5101,0x50e1,0x40a0,0x4101,0x3901,0x38e1,
  0x30c1,0x38e2,0x30a1,0x2060,0x0800,0x2860,0x6a46,0x7a66,0x7a44,0x69a2,0x7224,0xabeb,0xb44c,0xb44d,0xac2c,0xbc6d,
  0xbc4c,0xbc6d,0xa3aa,0x8286,0x7a86,0x7a66,0x5142,0x3060,0x38e1,0x38e2,0x30c2,0x3903,0x1840,0x1000,0x1020,0x1000,
  0x38e2,0x61e5,0x4101,0x5983,0x5162,0x8b08,0xc4ae,0xc4ae,0xb42c,0xb42c,0xbc6c,0xbc6c,0xac0a,0xb40b,0xb42b,0xabeb,
  0xb42b,0xcd0f,0xc4ad,0xb40b,0xb42b,0xbc6c,0xabea,0x9b68,0xa3a9,0xb44c,0xb42b,0xbc8d,0xbccd,0xbccd,0xb48c,0xac0b,
  0x7ac6,0x61e3,0x59a2,0x7245,0x61c3,0x59a3,0x5982,0x69e4,0x69e4,0x61a3,0x61a3,0x59a3,0x5161,0x61c2,0x6161,0x69a2,
  0x69c2,0x69a2,0x59a2,0x51a2,0x4121,0x38e1,0x3102,0x3903,0x2041,0x1800,0x2880,0x4143,0x4983,0x4921,0x38c0,0x48e1,
  0x38e1,0x2860,0x1020,0x0000,0x0840,0x20a2,0x38e2,0x5144,0x38c3,0x2882,0x1000,0x2040,0x3902,0x4923,0x40a1,0x48e1,
  0x5121,0x6a04,0x82a6,0x82a7,0x7a44,0x7a24,0x7a46,0x61e5,0x30c0,0x1800,0x28c2,0x28c2,0x1840,0x2060,0x4963,0x5142,
  0x5141,0x5142,0x4901,0x61c4,0x7ae9,0x51a4,0x3901,0x5183,0x38e1,0x38c0,0x30a0,0x4922,0x38e0,0x38e1,0x30a1,0x3902,
  0x30e2,0x2040,0x1000,0x3081,0x3060,0x40e2,0x4943,0x5184,0x30c1,0x1840,0x2020,0x5962,0x61a2,0x5941,0x4143,0x3902,
  0x6a04,0x9308,0x92e6,0xa348,0xa369,0x9b6a,0x934a,0x4123,0x30a1,0x4944,0x4102,0x4901,0x40c0,0x40c1,0x3080,0x38a1,
  0x59a4,0x69c5,0x61e5,0x30a1,0x1000,0x30c2,0x3080,0x48c1,0x5101,0x5985,0x4145,0x1841,0x1840,0x59c4,0x6226,0x3923,
  0x2060,0x38e2,0x3902,0x38c1,0x3080,0x3080,0x38a0,0x4922,0x7aa7,0x82e8,0x7266,0x4921,0x5162,0x61e4,0x4921,0x7246,
  0x82c8,0x8b08,0x8b08,0x82c8,0x4101,0x3080,0x30c1,0x2881,0x2060,0x20a1,0x20a2,0x1021,0x0800,0x2040,0x4922,0x69e4,
  0x8ac7,0x9b69,0x9349,0x82e9,0x3902,0x3902,0x4943,0x38c2,0x40c1,0x3880,0x3080,0x38c2,0x38c1,0x30a1,0x2880,0x2020,
  0x4122,0x5183,0x59a3,0x5983,0x5121,0x69c4,0x69c4,0x69c4,0x9cb0,0xad92,0xce36,0xc615,0xc614,0xbdd3,0xbdb3,0xad31,
  0xd655,0xd634,0xce14,0xcdd3,0xcdd3,0xc5b2,0xcdf3,0xb50f,0xbd31,0x9c2d,0x6a67,0x3081,0x9bcb,0xa3eb,0x9328,0x9b89,
  0xbcad,0xbccd,0xcd2f,0xbcce,0xcd0f,0xabea,0x8ac6,0x7265,0x6a46,0x72c8,0x6a26,0x2800,0x7204,0x92c6,0x9ac6,0x9aa5,
  0x9ac5,0x9ae6,0xa307,0x9ae6,0x9b06,0x9ae6,0xa306,0xa2e6,0xa2e6,0x9ae5,0x9ac6,0x92a6,0x7a24,0x69e4,0x5142,0x2820,
  0x4102,0x59a5,0x3881,0x3040,0x5143,0x5122,0x48c1,0x5942,0x5101,0x61a3,0x5942,0x5983,0x5983,0x4922,0x4923,0x1800,
  0x59a4,0xc510,0xcd31,0xd551,0xcd51,0xc510,0xd571,0xcd50,0xd571,0xcd50,0xd551,0xcd50,0xd571,0xd571,0xd592,0xddf3,
  0xd5b2,0xc510,0xcd51,0xac4d,0x61c3,0x6a65,0x7286,0x59c4,0x59e5,0x4983,0x38e1,0x1800,0x2020,0x28a0,0x40e2,0x40e1,
  0x5122,0x5122,0x50e1,0x3880,0x5102,0x4942,0x4923,0x38c2,0x3902,0x30e1,0x2860,0x1000,0x1800,0x4963,0x7aa8,0x69c3,
  0x7203,0x69e3,0x9b28,0xb42c,0xabeb,0xa3eb,0xb42c,0xb42b,0xc46c,0xb44c,0x9308,0x7245,0x82a7,0x61e4,0x40c1,0x38a0,
  0x4123,0x4103,0x4103,0x2881,0x1820,0x1820,0x1840,0x2040,0x6206,0x5183,0x5983,0x5142,0x61e4,0xabec,0xccf0,0xbc4c,
  0xb42c,0xb44c,0xc46d,0xbc4c,0xb42b,0xb42b,0xb40b,0xabeb,0xbc8d,0xccee,0xbc4c,0xabea,0xb40b,0xa3a9,0x9b27,0x9b88,
  0xb40b,0xb44b,0xbc6c,0xb44b,0xbcad,0xbccd,0xb46d,0x82e6,0x59a2,0x59a2,0x6a25,0x61e3,0x61c3,0x5161,0x61a3,0x61e4,
  0x59a2,0x5141,0x5982,0x5161,0x61c3,0x61a2,0x6161,0x6982,0x71e3,0x6182,0x5962,0x4121,0x3901,0x3901,0x38e2,0x2861,
  0x2000,0x2040,0x4102,0x4122,0x4102,0x38a0,0x40c1,0x38e1,0x30c1,0x0800,0x1020,0x0800,0x2081,0x3903,0x5144,0x5164,
  0x30a2,0x1000,0x1800,0x38e2,0x5164,0x40e2,0x40a1,0x4901,0x69e4,0x8287,0x8ac7,0x7a66,0x7a45,0x7225,0x69e5,0x4142,
  0x2860,0x28a1,0x28a2,0x1840,0x1820,0x4143,0x59c5,0x4922,0x5983,0x4901,0x5122,0x7267,0x7267,0x38c1,0x4963,0x4122,
  0x38a0,0x38a0,0x40c1,0x4101,0x38e1,0x38e1,0x38e2,0x3902,0x30a2,0x0800,0x2061,0x3060,0x40e2,0x4902,0x5184,0x5184,
  0x30c2,0x1000,0x3080,0x5982,0x5961,0x4900,0x4102,0x4943,0x8ae8,0x9b28,0x9b07,0xa348,0xa38a,0x9b8b,0x7267,0x38c1,
  0x4943,0x38c1,0x40e2,0x40c1,0x4902,0x38a0,0x3040,0x4923,0x69c5,0x69e5,0x5984,0x1800,0x2081,0x30e2,0x38c2,0x5942,
  0x50e1,0x5985,0x38e3,0x1000,0x38c2,0x61e4,0x6226,0x28a1,0x28a1,0x30c1,0x3902,0x30c0,0x3080,0x3080,0x3040,0x59c4,
  0x8b09,0x82c8,0x61c4,0x4921,0x69e4,0x5162,0x5983,0x82c7,0x8b09,0x82c8,0x82a8,0x59a4,0x4102,0x30a0,0x30a1,0x2080,
  0x28e2,0x1881,0x1861,0x0800,0x1000,0x2880,0x59a4,0x7225,0x9308,0x9b49,0x9b6a,0x6a25,0x4102,0x3902,0x4944,0x38c1,
  0x40e2,0x3060,0x38a1,0x38c1,0x38e2,0x2860,0x1800,0x2880,0x4963,0x5183,0x61c4,0x5982,0x6183,0x69e4,0x69e4,0x69e4,
  0x948f,0xb593,0xbdd4,0xc614,0xbdd3,0xce35,0xb571,0xbdb2,0xd655,0xd635,0xcdf3,0xcdd3,0xc5b2,0xc5b2,0xc591,0xacef,
  0xacae,0x93ec,0x4982,0x4942,0x9bcb,0x9bab,0x8b28,0xac0b,0xc50e,0xc50e,0xbccd,0xc4ee,0xc4ce,0x9307,0x82c6,0x6a45,
  0x7266,0x7287,0x2840,0x40c1,0x8aa6,0x92c6,0x92a5,0x9ac5,0x92a5,0x9ae6,0x92c5,0x9ae6,0x9ae6,0x9ae6,0x9ae6,0xa306,
  0x9ae6,0x9ae6,0x92c6,0x71c2,0x69a2,0x69c4,0x2820,0x3080,0x5184,0x38c2,0x2840,0x4922,0x40e1,0x40c0,0x48e0,0x5121,
  0x5942,0x6183,0x5122,0x5163,0x5984,0x5163,0x1800,0x38e1,0x938a,0xbcaf,0xcd30,0xcd51,0xc50f,0xcd30,0xcd30,0xcd50,
  0xcd30,0xcd50,0xcd30,0xcd50,0xcd50,0xd550,0xd5b2,0xcd71,0xc530,0xcd51,0x93aa,0x6204,0x6a66,0x6a66,0x59e4,0x51a4,
  0x4142,0x30c1,0x2040,0x2040,0x38c1,0x40e2,0x4102,0x4942,0x4922,0x40e0,0x3880,0x40e1,0x5143,0x5123,0x38c2,0x38e2,
  0x30e2,0x28a1,0x0800,0x1000,0x2880,0x7267,0x6a25,0x6182,0x61a2,0x8286,0xa3aa,0xac0c,0x9369,0x9b8a,0xb44c,0xb42b,
  0xbc4c,0xabeb,0x82a6,0x7a86,0x7225,0x5163,0x2860,0x4102,0x30c1,0x4144,0x2060,0x1000,0x2040,0x2061,0x1840,0x3923,
  0x59e5,0x4922,0x5162,0x5162,0x7aa7,0xbc6e,0xbc6d,0xabeb,0xb40b,0xbc4c,0xb42b,0xb42b,0xb40b,0xb42b,0xa3c9,0xb44c,
  0xc4ce,0xbc6c,0xbc4c,0xc48d,0xabc9,0x9306,0x9347,0xb42b,0xb42b,0xb42b,0xac2b,0xbcad,0xbc8d,0xb48d,0x8307,0x6203,
  0x61c3,0x6a24,0x61e3,0x5962,0x59a3,0x5982,0x59c3,0x61c3,0x5161,0x5982,0x59a2,0x5161,0x59a2,0x61a2,0x5961,0x69c3,
  0x61a2,0x5962,0x4100,0x38e0,0x3901,0x3902,0x2060,0x1800,0x2020,0x4102,0x4121,0x38a0,0x3860,0x38a1,0x30c1,0x2881,
  0x1840,0x0800,0x0800,0x28a1,0x3081,0x40e2,0x5163,0x38c1,0x1840,0x1000,0x2040,0x4944,0x4923,0x38a0,0x38e0,0x5983,
  0x7225,0x82a7,0x7a45,0x7a25,0x7225,0x6a05,0x4962,0x2880,0x1840,0x28a1,0x28c2,0x1820,0x28a0,0x51a4,0x5183,0x5142,
  0x4921,0x5142,0x5183,0x7247,0x4122,0x40e1,0x4942,0x38e1,0x3080,0x4102,0x38e1,0x40e1,0x30a0,0x4102,0x38e2,0x30c1,
  0x2040,0x1800,0x2881,0x38a1,0x5143,0x5963,0x5183,0x5164,0x28a1,0x1820,0x4122,0x69e4,0x5982,0x5121,0x40e0,0x6205,
  0x9308,0x9b08,0x9b27,0x9b48,0x9b6a,0x8b2a,0x4922,0x5142,0x5143,0x40c1,0x40e1,0x40e2,0x38c1,0x3080,0x40c0,0x61c5,
  0x61c4,0x69e5,0x2820,0x2020,0x28c1,0x30e2,0x4102,0x69c4,0x5963,0x61a5,0x3081,0x1800,0x3902,0x6a05,0x51a3,0x2061,
  0x2881,0x30a1,0x30c1,0x30a0,0x3080,0x30a0,0x38c0,0x7267,0x82e8,0x7246,0x38a0,0x59a3,0x5983,0x5141,0x6a45,0x8b29,
  0x82c8,0x8ae9,0x6a46,0x4101,0x40e1,0x38c1,0x2060,0x2061,0x20a2,0x1861,0x0000,0x1000,0x1800,0x4102,0x6205,0x7a45,
  0x8ac6,0x9b69,0x9349,0x59c4,0x38e1,0x4984,0x3902,0x4102,0x38c1,0x3880,0x38a1,0x30a1,0x30c1,0x2860,0x1800,0x38e2,
  0x4943,0x5983,0x59a3,0x5962,0x6182,0x7205,0x61c3,0x7205,0x94af,0xbdd4,0xbdd4,0xc614,0xc5d4,0xc614,0xa4cf,0xc5f4,
  0xde76,0xcdf4,0xce14,0xcdd3,0xc5b2,0xc592,0xc591,0xb530,0x9c4d,0x93cb,0x4962,0x7ac8,0x9bcc,0x9369,0x9348,0xbc8d,
  0xccef,0xbcce,0xc4ee,0xc4ee,0xa3ca,0x8ae6,0x7a45,0x6a45,0x7a87,0x59c4,0x2020,0x7266,0x92e8,0x8aa5,0x9aa5,0x9ac5,
  0x9ac5,0x9ae6,0x9ac6,0x92c5,0x9ae6,0x9ae6,0xa306,0x9b06,0xa307,0x92c6,0x8a85,0x6982,0x71e4,0x48e1,0x2000,0x5163,
  0x4964,0x2820,0x40c2,0x5163,0x40a0,0x4080,0x5102,0x5942,0x5963,0x5121,0x5963,0x4901,0x59a4,0x38a1,0x2040,0x832a,
  0xbcaf,0xbcae,0xcd51,0xcd30,0xcd30,0xcd30,0xcd50,0xcd50,0xcd50,0xcd50,0xcd50,0xcd50,0xcd50,0xcd51,0xcd10,0xd571,
  0xcd30,0x8308,0x6204,0x6a66,0x6226,0x59e5,0x51c5,0x4122,0x2860,0x2000,0x30a1,0x38e1,0x4102,0x40c2,0x5963,0x4942,
  0x4921,0x38c0,0x4121,0x59a4,0x5984,0x4903,0x40e3,0x38e2,0x28a1,0x1020,0x0800,0x1800,0x5183,0x7266,0x6a25,0x69e3,
  0x69e3,0x9328,0xac0c,0x9b8a,0x9b6a,0xac0c,0xbc8d,0xb44c,0xb3eb,0x8ae6,0x8ac7,0x7245,0x5983,0x38a0,0x3080,0x2880,
  0x38e2,0x28a2,0x1800,0x1820,0x30e3,0x2040,0x2040,0x59e6,0x5183,0x5142,0x5142,0x69e4,0xa3ab,0xc4ae,0xb42c,0xabca,
  0xb42c,0xb42b,0xb42b,0xb40b,0xbc2c,0xac0a,0xabeb,0xbc6c,0xbc6d,0xb42b,0xbc6c,0xa3a9,0x92e6,0x9b68,0xb40b,0xb44b,
  0xb42b,0xa3ea,0xbc6c,0xb46c,0xbc8d,0x8b28,0x61e3,0x59c2,0x7265,0x61e3,0x5162,0x5182,0x61c3,0x59c3,0x69e4,0x59a2,
  0x5982,0x59a2,0x59a2,0x59a2,0x69e3,0x6182,0x69c3,0x61c3,0x5962,0x4921,0x38e0,0x30e0,0x3922,0x2880,0x1800,0x2840,
  0x4103,0x4942,0x4920,0x40a0,0x48e2,0x40e3,0x30a3,0x1020,0x0820,0x0820,0x2081,0x38e2,0x4903,0x5102,0x5143,0x3080,
  0x1820,0x2060,0x40e3,0x5164,0x5102,0x38a0,0x5162,0x6a24,0x8286,0x8266,0x8246,0x7a46,0x7246,0x51a3,0x30a0,0x1840,
  0x30c2,0x30e2,0x1841,0x1820,0x4143,0x4983,0x4922,0x5182,0x5142,0x5162,0x6a26,0x51a3,0x30a0,0x4942,0x4102,0x3080,
  0x38c1,0x4943,0x4102,0x38c1,0x38c1,0x4102,0x4103,0x2040,0x1800,0x2881,0x3081,0x4923,0x5984,0x6183,0x6a06,0x4123,
  0x1820,0x2061,0x59c5,0x69e4,0x61c4,0x4900,0x4901,0x7a86,0x9b29,0x92e7,0xa348,0x9b69,0x934b,0x51a4,0x4923,0x4922,
  0x48c1,0x5101,0x4922,0x4102,0x3081,0x3080,0x5963,0x69c4,0x6a06,0x40c2,0x2000,0x30a1,0x30e2,0x4123,0x5164,0x5163,
  0x69a5,0x5164,0x3081,0x1820,0x4943,0x7286,0x4143,0x1840,0x2881,0x30c1,0x3902,0x2880,0x38a1,0x3080,0x4943,0x7aa8,
  0x82e9,0x5183,0x4922,0x59c4,0x5983,0x5121,0x7aa7,0x8b09,0x8ae8,0x82a8,0x5183,0x38c0,0x38c1,0x30c1,0x2881,0x1860,
  0x1861,0x1040,0x1040,0x0800,0x2840,0x4963,0x7a87,0x7a66,0x8ac7,0xa38a,0x8b08,0x4922,0x4923,0x4964,0x4102,0x40e2,
  0x48e2,0x3060,0x38c2,0x2881,0x30c2,0x2020,0x2040,0x3902,0x5184,0x59a4,0x6183,0x5121,0x69c4,0x7205,0x69e4,0x6a05,
  0x844d,0xb5b3,0xb5b3,0xc614,0xbdd3,0xc5f4,0x9caf,0xce14,0xce34,0xc5d3,0xc5d3,0xcdd3,0xc592,0xc5b2,0xb510,0xa4ae,
  0x838a,0x8349,0x4121,0x9bec,0x93aa,0x8b28,0x9368,0xc4ee,0xb48c,0xbcad,0xc4ee,0xb48d,0x82e7,0x9b49,0x69e3,0x7266,
  0x6204,0x3080,0x40c1,0x82a7,0x8ac6,0x92a5,0x9285,0x9ac6,0x92a5,0x9ae6,0x92c5,0x9ac6,0x92c5,0x9ac5,0x9ae6,0xa307,
  0x92a5,0x8285,0x71e3,0x71e4,0x61a3,0x3040,0x3880,0x59a5,0x2860,0x3081,0x4922,0x48e1,0x40c0,0x48e1,0x4901,0x6183,
  0x4901,0x4901,0x40c0,0x5163,0x4101,0x2000,0x6a47,0xb48f,0xac6d,0xcd50,0xc52f,0xcd50,0xc52f,0xcd2f,0xc52f,0xcd50,
  0xcd2f,0xcd50,0xcd50,0xcd50,0xcd30,0xcd30,0xcd30,0xc4cf,0x8b29,0x51a3,0x6a46,0x6205,0x4983,0x49a4,0x3902,0x2040,
  0x1000,0x2840,0x3902,0x4102,0x38c1,0x48e2,0x5963,0x4922,0x30a0,0x38e1,0x4942,0x5184,0x4123,0x40e2,0x30a2,0x2881,
  0x1000,0x0000,0x0820,0x2880,0x6a45,0x7225,0x69e3,0x61a3,0x7244,0xac0c,0xa3aa,0x8b08,0x9b8a,0xbc6d,0xac2c,0xb40c,
  0x8ac6,0x7224,0x7a86,0x61c4,0x4101,0x38a0,0x3902,0x28a1,0x3123,0x1000,0x1000,0x30c2,0x28a1,0x1800,0x2881,0x6206,
  0x51a3,0x59a3,0x61c3,0x82a7,0xac2c,0xbc6d,0xa3ca,0xb40c,0xb40b,0xabea,0xabca,0xb40b,0xb42b,0xac0b,0xb44c,0xbc6c,
  0xabea,0xb42b,0xa3ca,0x7a85,0x8284,0xabea,0xb42b,0xabea,0xac0a,0xbc6c,0xac0b,0xa3ea,0x8307,0x59c3,0x61e3,0x61c3,
  0x5161,0x5162,0x5162,0x5182,0x5161,0x59a3,0x5982,0x5962,0x5161,0x5982,0x5140,0x69c3,0x61e3,0x61a2,0x61c4,0x5983,
  0x40e0,0x38e1,0x30c1,0x3902,0x28c0,0x1820,0x2020,0x38e2,0x40e2,0x38c0,0x38a0,0x40c1,0x40e2,0x38a3,0x1800,0x0800,
  0x0000,0x1040,0x30e2,0x40e2,0x5123,0x5943,0x38a0,0x3080,0x1000,0x3102,0x4943,0x5143,0x48e1,0x5121,0x61e3,0x7265,
  0x7265,0x7a66,0x7a25,0x7a46,0x59a4,0x3901,0x1840,0x2081,0x28e2,0x28a2,0x1000,0x2880,0x4983,0x4942,0x4962,0x5983,
  0x4941,0x4962,0x59c4,0x4142,0x3921,0x4942,0x38a0,0x3880,0x38e1,0x4923,0x38c1,0x38c1,0x38e2,0x4123,0x38c1,0x2040,
  0x1820,0x38e2,0x30c2,0x5164,0x5122,0x69a3,0x6a05,0x30c2,0x1000,0x4102,0x61e5,0x61e4,0x5183,0x4921,0x61a2,0x92e8,
  0x9328,0x9b28,0x9b27,0xa38a,0x61e5,0x38c1,0x4943,0x5943,0x4080,0x50e1,0x48e1,0x40e1,0x2840,0x40e2,0x61c4,0x61c4,
  0x4943,0x1800,0x2860,0x30c1,0x30e2,0x51a5,0x4984,0x5163,0x61e5,0x5164,0x2840,0x2040,0x4963,0x6a46,0x28a1,0x1820,
  0x2080,0x30e2,0x30c1,0x2880,0x2880,0x38c0,0x5183,0x7ac8,0x6205,0x5142,0x5183,0x5163,0x5141,0x69e4,0x82a7,0x8b09,
  0x82c8,0x61e5,0x38a0,0x38c1,0x30e2,0x28a1,0x1840,0x1861,0x0820,0x0841,0x0800,0x1000,0x2880,0x61e5,0x7a87,0x8286,
  0x8ac7,0x9b6a,0x6a25,0x40e1,0x4122,0x4102,0x38c1,0x40c1,0x40e2,0x3060,0x38e2,0x38e2,0x2880,0x1820,0x2040,0x38e2,
  0x5183,0x61c4,0x5142,0x5942,0x69e4,0x7205,0x69e4,0x69e5,0x948f,0xad72,0xc5f4,0xbdd3,0xc614,0xb592,0xad51,0xce14,
  0xce14,0xcdf3,0xcdf3,0xc5d2,0xcdd3,0xbd91,0xbd51,0x942c,0x8369,0x6aa7,0x3901,0xa40c,0x938a,0x82e7,0xac0b,0xc4ee,
  0xc4ce,0xbcce,0xc4cf,0xa40b,0x8b07,0x7a86,0x61a3,0x59c3,0x5182,0x2820,0x6a05,0x82a7,0x8aa6,0x92c6,0x9ac6,0x9ac5,
  0x9ac5,0x92c5,0x9ae6,0x9ac6,0x9ac6,0x92a5,0x9ae7,0x9ac6,0x8a86,0x69c2,0x69c3,0x69c4,0x40a0,0x3060,0x59c5,0x4122,
  0x2840,0x4102,0x5943,0x40c0,0x5122,0x4901,0x5963,0x5162,0x4922,0x4901,0x4901,0x4922,0x2820,0x4922,0xac2e,0xb4af,
  0xbccf,0xc52f,0xd571,0xcd2f,0xcd50,0xcd2f,0xcd50,0xcd4f,0xcd50,0xc52f,0xcd50,0xcd50,0xcd30,0xcd30,0xc4cf,0x7aa7,
  0x59a3,0x72a7,0x7288,0x4984,0x49a4,0x30e1,0x1820,0x1800,0x2860,0x30c1,0x4123,0x4102,0x4922,0x5122,0x5122,0x38a0,
  0x40c0,0x4942,0x4943,0x4943,0x4103,0x30a2,0x2061,0x1000,0x1000,0x1020,0x2060,0x4942,0x7a45,0x7224,0x61a3,0x61a2,
  0x8b08,0xac0b,0x82a7,0x82c7,0xbc6d,0xac0c,0xb42c,0xa38a,0x7a44,0x7a85,0x7225,0x5162,0x38c0,0x38c1,0x38e3,0x3903,
  0x28a2,0x1000,0x28c3,0x3923,0x2040,0x1820,0x4964,0x51a4,0x61a3,0x61c3,0x7225,0x9b69,0xb42c,0xac0b,0xac0b,0xb42c,
  0xb40b,0xabca,0xabca,0xabea,0xb42b,0xb44c,0xc4ce,0xb44c,0xac0b,0xb42b,0x9307,0x82a5,0xa3a9,0xabea,0xabea,0xb40b,
  0xb44c,0xac2b,0xa3ca,0x7ac6,0x61e3,0x59a3,0x61e4,0x59a3,0x5162,0x5162,0x59a3,0x5182,0x59a3,0x5182,0x5141,0x5161,
  0x59a2,0x5982,0x61c3,0x61e3,0x61c3,0x61c3,0x61e5,0x4101,0x38c0,0x38e1,0x4123,0x28a1,0x1820,0x2060,0x4102,0x3902,
  0x38c1,0x30a0,0x40e0,0x40e1,0x38c2,0x1820,0x1000,0x1021,0x2082,0x2081,0x38e2,0x5143,0x5123,0x40c1,0x38a1,0x2020,
  0x2880,0x4984,0x5984,0x40a0,0x48e1,0x61a3,0x7a86,0x7244,0x7225,0x7245,0x7a47,0x61e5,0x4943,0x2060,0x30e2,0x3123,
  0x28c2,0x1020,0x2040,0x4122,0x5183,0x4121,0x59a3,0x5162,0x5162,0x59e4,0x4122,0x3901,0x4943,0x38c0,0x38c1,0x40c1,
  0x4943,0x38e1,0x38c1,0x38c1,0x4123,0x38e2,0x2840,0x2020,0x3081,0x30a1,0x4944,0x5964,0x5962,0x8245,0x69e5,0x2020,
  0x2061,0x4963,0x59a4,0x61c4,0x4942,0x5183,0x92c7,0x9b07,0xa369,0x9b28,0xa38a,0x8287,0x4922,0x4963,0x5163,0x5122,
  0x48e1,0x48c0,0x5122,0x38a0,0x38a0,0x5163,0x61c5,0x59a4,0x2860,0x1820,0x30c2,0x3923,0x51e6,0x49a5,0x4964,0x4963,
  0x59a4,0x3902,0x1800,0x3081,0x6226,0x4963,0x2040,0x1820,0x28c1,0x30e2,0x2880,0x30a0,0x30a0,0x38e1,0x7287,0x7267,
  0x5163,0x4942,0x59a4,0x5142,0x5162,0x7aa6,0x8ae8,0x82e8,0x7266,0x4121,0x40e2,0x3902,0x38e2,0x2060,0x2061,0x1881,
  0x0800,0x0820,0x0820,0x1000,0x4943,0x7267,0x8287,0x7a66,0x9308,0x8ae8,0x5963,0x4921,0x4922,0x4102,0x38a1,0x4102,
  0x40c1,0x3080,0x3903,0x30c2,0x1820,0x2040,0x3903,0x4943,0x59a4,0x61c4,0x5942,0x5921,0x7205,0x69e4,0x69e5,0x61a4,
  0x8c6e,0xad73,0xbdd3,0xbdd3,0xc614,0xad51,0xb571,0xce35,0xc5f3,0xcdf4,0xc5d3,0xcdd3,0xc592,0xc571,0xacef,0x8beb,
  0x93eb,0x5a25,0x4982,0x9bcb,0x8b69,0x8b28,0xb46c,0xc4ce,0xbcad,0xc4ee,0xac4c,0x9369,0x9349,0x7246,0x59a3,0x6a25,
  0x40c1,0x40a1,0x7a45,0x8aa6,0x8a85,0x92c6,0x92a5,0x9ac5,0x92a5,0x9ac6,0x92c5,0x9ae6,0x92a5,0x9ac6,0x92c6,0x92c6,
  0x7204,0x69c3,0x69e4,0x5122,0x2000,0x4922,0x59c5,0x2840,0x2881,0x4923,0x40c0,0x40c0,0x48e0,0x4902,0x5142,0x40c1,
  0x4922,0x4922,0x4102,0x2840,0x38a1,0x8309,0xac6e,0xb4af,0xbcee,0xc50e,0xd570,0xcd70,0xc50f,0xcd2f,0xc52f,0xc52f,
  0xc50f,0xcd50,0xc52f,0xcd30,0xc50f,0xac4c,0x6a45,0x6a05,0x7266,0x6a46,0x72a8,0x59e6,0x2880,0x2040,0x1820,0x2881,
  0x3922,0x4943,0x30a0,0x3080,0x4922,0x4922,0x3080,0x40c0,0x40c0,0x40e1,0x4122,0x4123,0x30e2,0x2081,0x0800,0x1020,
  0x1020,0x1840,0x30c1,0x6a05,0x69c2,0x7204,0x61a2,0x61a2,0xac0c,0x8ae7,0x6a24,0xa3aa,0xbc6d,0xabec,0xac0b,0x9308,
  0x7a65,0x8ae8,0x69e4,0x4901,0x2860,0x38e2,0x3102,0x2081,0x1000,0x20a2,0x3103,0x30c2,0x1800,0x38e2,0x59e5,0x4942,
  0x61e3,0x61a2,0x82c7,0xb42c,0xac0c,0xabeb,0xb42b,0xabea,0xabea,0xabca,0xa3c9,0xabea,0xabea,0xbc6c,0xb44c,0xb42b,
  0xb42b,0x7a85,0x7264,0xa389,0xa3c9,0xabea,0xa3ca,0xac0b,0xb42c,0x9b89,0x8b48,0x61e3,0x61e3,0x6204,0x5183,0x4942,
  0x5162,0x59a3,0x5182,0x59a3,0x5182,0x5982,0x4941,0x5161,0x59a2,0x61a3,0x61e3,0x59c3,0x59a3,0x59a3,0x4942,0x38c0,
  0x30a0,0x3902,0x28a1,0x1820,0x1820,0x38c2,0x3902,0x30a1,0x3080,0x38e1,0x3901,0x30e1,0x1820,0x1000,0x0800,0x2040,
  0x30e2,0x38c1,0x4121,0x5162,0x4101,0x30a0,0x1820,0x1800,0x4123,0x5184,0x4101,0x38a0,0x5142,0x7a45,0x7a45,0x69e3,
  0x69e4,0x7a67,0x6205,0x5183,0x2840,0x2861,0x28e2,0x28e3,0x20a1,0x1820,0x2880,0x4963,0x4962,0x5182,0x5182,0x4101,
  0x5183,0x51a3,0x38e0,0x30c0,0x38e1,0x3880,0x40e1,0x4102,0x40e1,0x38c1,0x38e2,0x38a1,0x4123,0x2860,0x2020,0x2861,
  0x3080,0x3081,0x4964,0x5123,0x7225,0x8286,0x5122,0x1800,0x28a1,0x5184,0x5162,0x59a3,0x4922,0x6a25,0x92e7,0xa328,
  0x9b28,0x9b49,0x9349,0x61c4,0x5142,0x61c5,0x5163,0x40c1,0x40c0,0x4902,0x48e1,0x3860,0x4901,0x59a4,0x59c5,0x3902,
  0x1000,0x28a2,0x20a1,0x28a1,0x30e2,0x2881,0x2060,0x2040,0x1840,0x1820,0x1820,0x3902,0x6a67,0x4103,0x1800,0x2060,
  0x30c2,0x30c1,0x2060,0x30a1,0x2880,0x51a4,0x6a46,0x5163,0x5162,0x59a4,0x59c4,0x4101,0x61e4,0x82c8,0x7aa7,0x82c8,
  0x4942,0x38a0,0x30c0,0x30e2,0x2881,0x2081,0x2081,0x1861,0x0000,0x0800,0x0000,0x2860,0x5983,0x7a87,0x7a86,0x7a66,
  0x8b08,0x7225,0x4901,0x5143,0x4102,0x4102,0x30a1,0x4123,0x38c1,0x30a1,0x30c2,0x2881,0x1000,0x2040,0x3922,0x5184,
  0x59c4,0x61c4,0x48c0,0x6183,0x7205,0x69e5,0x6a05,0x5142,0x8c4e,0xad72,0xbdd4,0xbdd3,0xc635,0xad31,0xbdd3,0xce55,
  0xcdd3,0xc5d3,0xcdd3,0xc5b2,0xc592,0xbd51,0x9c2c,0x838a,0x8bcb,0x4161,0x72a7,0x9c0c,0x938a,0x9389,0xc4ce,0xbccd,
  0xbcad,0xc4ce,0xa3eb,0x82c7,0x82c8,0x59c4,0x6a25,0x5162,0x3040,0x6183,0x8aa7,0x8ac6,0x92c6,0x92a5,0x9ac6,0x92c5,
  0x9ac6,0x9ac6,0x9ae6,0x92c5,0x9ac6,0x92c6,0x92c6,0x7a24,0x69e4,0x69c4,0x69e4,0x3060,0x3081,0x5184,0x4102,0x2840,
  0x4923,0x40e1,0x40a0,0x48e1,0x48e1,0x5122,0x5983,0x40e1,0x5143,0x4922,0x3060,0x2000,0x6a25,0xa42d,0xc4f0,0xbccf,
  0xc50f,0xcd2f,0xd570,0xcd4f,0xcd2f,0xcd2f,0xcd50,0xcd4f,0xcd50,0xc50f,0xc4ef,0xc50f,0xac0c,0x61e3,0x61e4,0x6a66,
  0x6206,0x59c4,0x59e5,0x30c1,0x1800,0x2020,0x2881,0x30e1,0x4964,0x38e2,0x38c1,0x4942,0x59a4,0x4101,0x38c0,0x40c1,
  0x40c1,0x38a0,0x4103,0x38e2,0x2081,0x0820,0x1040,0x1060,0x1820,0x2861,0x61e6,0x7245,0x71e3,0x7204,0x6182,0x82a6,
  0xa3ab,0x61a3,0x8ae7,0xabeb,0xb40c,0xabeb,0xa3cb,0x7a45,0x8ac7,0x7a86,0x59a3,0x30a0,0x3080,0x38e2,0x30c2,0x1000,
  0x2041,0x30e3,0x3903,0x2861,0x2000,0x59a5,0x6206,0x5983,0x61a3,0x69e3,0xabcb,0xbc6d,0xb40c,0xabeb,0xbc2c,0xac0b,
  0xb3eb,0xa3aa,0xabea,0xac0b,0xabeb,0xb42b,0xbc6d,0xac0b,0x82a6,0x69e2,0x9348,0xabea,0xabea,0xa3aa,0xb42c,0xac0b,
  0xa3aa,0x9348,0x59a2,0x59c2,0x5982,0x59c4,0x61e4,0x4101,0x4901,0x5182,0x5983,0x4941,0x5142,0x5161,0x59a3,0x5182,
  0x61a3,0x59c3,0x61e4,0x5162,0x5162,0x4101,0x38c0,0x30c1,0x3902,0x28c1,0x2020,0x2020,0x30c2,0x38e2,0x30c1,0x2880,
  0x38c1,0x3902,0x30e2,0x1840,0x0800,0x0800,0x2061,0x2860,0x40c1,0x40c0,0x5162,0x4121,0x38e1,0x2080,0x1840,0x3903,
  0x59a5,0x4922,0x40e1,0x4941,0x7225,0x8266,0x7a05,0x71e4,0x7a46,0x6a05,0x5183,0x2880,0x2841,0x4103,0x4144,0x2903,
  0x2060,0x1840,0x4122,0x5183,0x5983,0x5162,0x5182,0x4921,0x5183,0x38e0,0x4942,0x4142,0x4122,0x40e1,0x4922,0x38a0,
  0x4102,0x4102,0x4103,0x40e2,0x38e3,0x1000,0x3061,0x38c1,0x40e2,0x5164,0x59a4,0x5122,0x8aa8,0x8266,0x40c1,0x1820,
  0x4963,0x61e5,0x6a05,0x4942,0x5983,0x82e8,0x9b07,0xa307,0xa36a,0x9b6a,0x6a26,0x40c0,0x5963,0x5963,0x48e1,0x4102,
  0x4923,0x4922,0x40a1,0x4080,0x69e4,0x61c4,0x5184,0x1020,0x1000,0x1020,0x1020,0x1000,0x1800,0x1000,0x2040,0x1860,
  0x2061,0x1840,0x2061,0x51c5,0x5a06,0x30c2,0x2040,0x20a1,0x30c2,0x2060,0x2860,0x2860,0x40e2,0x6a46,0x59a4,0x4101,
  0x59a4,0x61c4,0x5162,0x4921,0x7a87,0x82c7,0x8b09,0x6204,0x40e1,0x30a0,0x30a1,0x2060,0x2881,0x20a2,0x2082,0x0800,
  0x0800,0x0000,0x0800,0x38e1,0x7205,0x82c7,0x8ae8,0x82c7,0x8ae8,0x5142,0x4922,0x4922,0x4923,0x38e1,0x38c1,0x4102,
  0x40e2,0x2880,0x30c2,0x1840,0x1820,0x2860,0x3902,0x5184,0x61c5,0x5983,0x48c0,0x61c3,0x7205,0x61e5,0x6a06,0x38a0,
  0x844d,0xad72,0xb5b3,0xbdd4,0xb5d3,0xad51,0xc5f4,0xce35,0xc5b2,0xc5b3,0xc5b2,0xc592,0xbd91,0xbd30,0x8bcb,0x83aa,
  0x6ae7,0x28c0,0x7ae8,0x9bec,0x8348,0xa3ea,0xbcad,0xbccd,0xb48c,0xbcae,0x8307,0x82c7,0x61e4,0x59c4,0x6204,0x38c1,
  0x3040,0x7a65,0x9308,0x92a6,0x92a5,0x9ac6,0x92a5,0x9ac6,0x92c5,0x92c5,0x92a5,0x9285,0x92e6,0x8a85,0x7a44,0x69a3,
  0x61c3,0x61c4,0x40e1,0x2800,0x4943,0x4123,0x2020,0x38e2,0x4143,0x38a0,0x40c0,0x5122,0x4902,0x4922,0x4942,0x4942,
  0x4942,0x4922,0x2020,0x4922,0x8329,0xc4cf,0xcd10,0xcd10,0xc52f,0xcd4f,0xcd4f,0xcd2f,0xc52f,0xd570,0xcd2f,0xcd50,
  0xc4ef,0xbcae,0xbccf,0x9bab,0x5182,0x59c4,0x6225,0x59e5,0x4983,0x4143,0x2040,0x1000,0x2020,0x3902,0x4143,0x4964,
  0x4122,0x38a0,0x4922,0x61e5,0x4962,0x3901,0x4101,0x38a1,0x40a1,0x48e2,0x30a1,0x28a1,0x1020,0x0000,0x1081,0x1861,
  0x0800,0x4123,0x7a67,0x69a3,0x61a2,0x6a03,0x69e3,0xa3cb,0x7265,0x7245,0xa3aa,0xabaa,0xabcb,0xabeb,0x82c6,0x7a66,
  0x7265,0x6a05,0x4101,0x3060,0x30c1,0x30c2,0x1800,0x1000,0x28a2,0x3924,0x38e2,0x2041,0x2860,0x61e5,0x5163,0x5963,
  0x4920,0x8ae7,0xb42c,0xb44c,0xa3aa,0xb40b,0xb42b,0xbc4c,0xabea,0xa3ca,0xa3ca,0xabeb,0xabeb,0xb42c,0xabeb,0x9348,
  0x5140,0x8ae6,0xabea,0xa3a9,0xabea,0xabeb,0xa3ca,0xac0c,0x82e7,0x69e4,0x4941,0x5141,0x5162,0x5163,0x4921,0x4921,
  0x4962,0x5162,0x4921,0x5182,0x5182,0x4962,0x59a3,0x61e4,0x5182,0x59a3,0x59a3,0x5162,0x38e1,0x38c0,0x30a0,0x30e1,
  0x20a0,0x1820,0x1840,0x38e2,0x3902,0x30c2,0x2880,0x38c2,0x38e2,0x3902,0x1860,0x0800,0x0820,0x1040,0x30c1,0x40e2,
  0x48c1,0x5963,0x4901,0x3900,0x2080,0x1020,0x2081,0x5185,0x5983,0x5121,0x4941,0x61e4,0x7245,0x7a45,0x71c4,0x7a26,
  0x69e4,0x59a4,0x30a0,0x2040,0x3902,0x5185,0x4985,0x3103,0x1000,0x30c1,0x4142,0x59a3,0x4941,0x5162,0x4942,0x4942,
  0x4101,0x38e1,0x4122,0x4142,0x30c0,0x5143,0x40e1,0x3080,0x4102,0x4103,0x4102,0x4944,0x2020,0x2860,0x4102,0x4923,
  0x4902,0x59a4,0x5142,0x7a46,0x8ac8,0x7205,0x2000,0x3081,0x59e5,0x6a05,0x59a3,0x4901,0x6204,0x9349,0x9b07,0x9ae7,
  0x9b8a,0x82c8,0x40e1,0x40c0,0x5962,0x5101,0x3860,0x4943,0x4102,0x38c1,0x3040,0x5962,0x7245,0x6a05,0x2860,0x1000,
  0x1040,0x1020,0x1000,0x2061,0x2060,0x2040,0x28c2,0x28e3,0x1880,0x1840,0x2060,0x6a46,0x4143,0x2040,0x1840,0x30c2,
  0x2060,0x2040,0x2040,0x2860,0x59c4,0x6a46,0x4121,0x5142,0x5983,0x61a4,0x40e0,0x69e4,0x7ac7,0x82c8,0x6a46,0x40e1,
  0x38c0,0x30a1,0x2080,0x2881,0x1840,0x28a2,0x1020,0x0800,0x0800,0x0800,0x1020,0x5163,0x7a86,0x8b08,0x8ae8,0x934a,
  0x6205,0x38c0,0x4922,0x4922,0x4101,0x38c1,0x30a1,0x4102,0x30c1,0x30a1,0x2080,0x1000,0x1820,0x3902,0x4123,0x59c5,
  0x61c4,0x5121,0x48e1,0x69e4,0x69e4,0x6a06,0x5183,0x2820,0x8c6e,0xa552,0xb5d3,0xb5d3,0xb592,0xad31,0xce14,0xc5f4,
  0xc5d3,0xc592,0xcdb3,0xbd71,0xc592,0xacae,0x940c,0x8bca,0x7b08,0x4141,0x8329,0x93ab,0x8b49,0xac2c,0xbc8d,0xb46c,
  0xcd0f,0x9bca,0x82a7,0x7aa6,0x59c4,0x6a67,0x59c4,0x2800,0x5984,0x9307,0x8a86,0x92c6,0x9ac6,0x92a6,0x9ac6,0x9ac6,
  0x9ac6,0x92a5,0x9ac6,0x92c6,0x9b07,0x7a44,0x69c3,0x61c3,0x61a4,0x5162,0x2020,0x30a1,0x51a4,0x2840,0x3081,0x4122,
  0x4102,0x40e1,0x5122,0x5143,0x5143,0x40e1,0x40e1,0x5163,0x5183,0x3080,0x38c1,0x7286,0x9bab,0xb46e,0xccf0,0xcd30,
  0xcd30,0xc50e,0xcd50,0xcd2f,0xcd2f,0xcd50,0xcd50,0xc50f,0xcd51,0xb48e,0x8308,0x59c3,0x6a05,0x6205,0x6206,0x51a4,
  0x4943,0x2860,0x2000,0x2860,0x38c1,0x38c1,0x51a4,0x51a4,0x38c1,0x5163,0x7246,0x5983,0x4122,0x3922,0x3902,0x38a1,
  0x4903,0x4902,0x3061,0x1000,0x1020,0x1040,0x20c2,0x1020,0x2040,0x59a4,0x7a27,0x6183,0x7204,0x61a2,0x9349,0x82e8,
  0x69e4,0x8b08,0xabeb,0xabaa,0xb3eb,0x9328,0x7a45,0x8ae8,0x61e4,0x5183,0x38e1,0x30c1,0x4123,0x2880,0x1800,0x2061,
  0x3904,0x4123,0x30a2,0x1800,0x5164,0x5184,0x5984,0x5962,0x6a04,0xa3aa,0xbc4d,0xabca,0xabeb,0xb40b,0xb40c,0xb40b,
  0xabeb,0xabeb,0xabcb,0x9b8a,0xabeb,0xabeb,0x9308,0x7224,0x7a65,0x9b89,0xabcb,0xa3aa,0xa3aa,0xac0c,0xa3aa,0x8b08,
  0x6a04,0x59a2,0x59c3,0x5162,0x59a3,0x4121,0x40e1,0x4921,0x59a3,0x4941,0x4921,0x59a3,0x59a3,0x4962,0x59c3,0x59c3,
  0x5182,0x59c3,0x59a4,0x4942,0x3902,0x3901,0x4143,0x28a1,0x1000,0x1820,0x30e2,0x3903,0x38e2,0x2881,0x38e2,0x4123,
  0x3902,0x2080,0x1020,0x0820,0x1880,0x2080,0x4123,0x5143,0x5943,0x5101,0x4901,0x28c0,0x2080,0x1880,0x4144,0x59c5,
  0x5942,0x5942,0x61e4,0x6a45,0x7246,0x69e5,0x7a06,0x71e5,0x6163,0x40e1,0x2020,0x3902,0x4964,0x5165,0x4144,0x1820,
  0x2080,0x4122,0x59a4,0x4942,0x5162,0x5162,0x5143,0x38a0,0x4102,0x4142,0x4102,0x3080,0x38a0,0x4922,0x40e1,0x38c1,
  0x38c1,0x3902,0x51a5,0x2881,0x1800,0x38e2,0x4102,0x4902,0x5963,0x4922,0x69c4,0x92e9,0x82a7,0x5143,0x2000,0x4922,
  0x6a26,0x61c3,0x5121,0x5142,0x8ae8,0x9328,0x9b28,0x9b28,0x8ae8,0x5163,0x4943,0x5163,0x5962,0x40c0,0x48e1,0x38c1,
  0x38e2,0x3060,0x4902,0x7205,0x69c4,0x4101,0x1000,0x1040,0x1040,0x1861,0x2082,0x2061,0x3081,0x2880,0x2881,0x20c2,
  0x1040,0x1020,0x4963,0x59e5,0x4944,0x1000,0x2881,0x2880,0x2881,0x2040,0x30a1,0x30a1,0x7287,0x5183,0x40e1,0x4922,
  0x59a3,0x5983,0x5962,0x7266,0x8ae8,0x7aa7,0x5142,0x38e1,0x4102,0x28a0,0x30e2,0x2081,0x2061,0x2081,0x1000,0x1020,
  0x1840,0x0800,0x30a2,0x6a05,0x8ac7,0x8ae8,0x8b09,0x8b09,0x5163,0x38a0,0x4923,0x4102,0x4103,0x30a1,0x30a1,0x38e2,
  0x38c2,0x30c1,0x1840,0x1820,0x28a1,0x4143,0x59a5,0x59a4,0x61c4,0x40a0,0x5942,0x6a05,0x69e5,0x6a46,0x4964,0x1800,
  0x846e,0xad72,0xb5d3,0xbdf4,0xad51,0xb572,0xce34,0xc5f4,0xbdb2,0xc592,0xc5b2,0xc571,0xbd50,0x9c4d,0x83aa,0x838a,
  0x6ac7,0x51e4,0x8baa,0x9bcb,0x8b48,0xb46d,0xbcad,0xb46c,0xc4ce,0x8307,0x7aa6,0x61c3,0x6225,0x6a87,0x2860,0x38a1,
  0x7a86,0x8aa6,0x8a85,0x92a5,0x92a5,0x9aa6,0x92c5,0x9ac6,0x92a6,0x9ac6,0x92a5,0x9b07,0x8aa6,0x71e3,0x6182,0x69e5,
  0x5983,0x3881,0x2020,0x5184,0x3902,0x2020,0x4123,0x4122,0x38c0,0x40c1,0x4901,0x5143,0x4902,0x4102,0x4122,0x5163,
  0x38c1,0x2000,0x59c3,0x9bcc,0xa3cb,0xb44d,0xc4ef,0xd530,0xcd0f,0xc4ef,0xc50e,0xcd30,0xc50f,0xcd30,0xcd50,0xcd51,
  0xbcae,0x7aa7,0x4921,0x7266,0x6a25,0x5984,0x5a05,0x5a06,0x28a1,0x1000,0x2040,0x38e1,0x4122,0x51a4,0x59c4,0x5183,
  0x4922,0x6a26,0x61e4,0x40e1,0x38c1,0x38e1,0x28a0,0x3902,0x3902,0x30a1,0x1820,0x0800,0x1020,0x28e2,0x1040,0x1000,
  0x4102,0x7a67,0x69c4,0x7204,0x61c3,0x5982,0x8308,0x6a04,0x6a24,0xa3aa,0xa369,0xabaa,0xa389,0x7a45,0x82c7,0x7a87,
  0x59a4,0x38e1,0x30c1,0x38e2,0x2880,0x1800,0x2020,0x4123,0x4985,0x59c6,0x2861,0x3081,0x59c5,0x4102,0x4922,0x5142,
  0x8ac7,0xb40c,0xac0b,0xa3aa,0xabeb,0xb40c,0xabea,0xabca,0xabca,0xabeb,0xa3aa,0xa3aa,0xa3ca,0x8b08,0x6a24,0x6a03,
  0x9b89,0xa3ca,0xa3aa,0xac0b,0xa3ca,0xa38a,0x9348,0x61c3,0x5983,0x61c4,0x59c3,0x5162,0x4101,0x4922,0x4942,0x4942,
  0x4100,0x4941,0x4961,0x4941,0x5182,0x5183,0x59a3,0x5182,0x4941,0x59a4,0x4942,0x38e1,0x30c1,0x3102,0x28c1,0x1840,
  0x1020,0x30e2,0x38e2,0x30a2,0x3081,0x38c2,0x3902,0x30e2,0x1860,0x1000,0x0800,0x2080,0x28a1,0x4102,0x4942,0x5122,
  0x5143,0x4922,0x38e1,0x2880,0x1820,0x3902,0x51c4,0x59c4,0x5141,0x69c4,0x7225,0x7246,0x6a25,0x7205,0x7225,0x61c5,
  0x48e2,0x2000,0x2860,0x4943,0x4923,0x5164,0x2060,0x1000,0x30e1,0x51a4,0x59a3,0x5162,0x4962,0x4922,0x38e1,0x3080,
  0x4102,0x4943,0x38c1,0x3080,0x4101,0x4102,0x38c0,0x40e2,0x2860,0x4123,0x3903,0x1800,0x2860,0x38e2,0x3060,0x4922,
  0x5983,0x5963,0x7a66,0x9309,0x69e5,0x38c2,0x2860,0x6205,0x6a04,0x6a04,0x4100,0x6a05,0x9328,0x9b48,0x9b48,0x9328,
  0x5162,0x4101,0x59a4,0x5163,0x40e1,0x40c1,0x40e1,0x40e1,0x38c1,0x3881,0x61e5,0x6a26,0x5163,0x2000,0x1840,0x2081,
  0x1861,0x20a2,0x2081,0x2840,0x2800,0x2840,0x1820,0x1040,0x0000,0x1840,0x59e4,0x59c4,0x38c1,0x1820,0x2081,0x2880,
  0x2060,0x2880,0x2860,0x5184,0x6a46,0x38a0,0x38c0,0x5162,0x5162,0x4921,0x6a05,0x82c8,0x82e8,0x61e4,0x4101,0x38e1,
  0x28a0,0x3903,0x3102,0x2081,0x1860,0x1820,0x0800,0x2081,0x1840,0x1000,0x4143,0x7a87,0x8286,0x8ae8,0x8b09,0x7a87,
  0x4101,0x4923,0x38e1,0x38e2,0x3902,0x38a1,0x2880,0x30c1,0x30a1,0x2881,0x1000,0x2060,0x30c1,0x4964,0x4963,0x61c5,
  0x5122,0x4080,0x5942,0x69e5,0x61c4,0x6a27,0x3902,0x2020,0x8c4e,0xad72,0xbdf4,0xbdf4,0xad52,0xbdb3,0xd655,0xc5f3,
  0xc5b3,0xc592,0xcdb3,0xbd71,0xb4ef,0x8bcb,0x8baa,0x83ca,0x51c3,0x4982,0x93cb,0x8b49,0x9389,0xb48d,0xbc8d,0xc4ce,
  0xa3ca,0x8b28,0x7aa6,0x59a2,0x7287,0x49a4,0x2040,0x4922,0x8ae8,0x8ac6,0x92a6,0x92c6,0x9aa6,0x92a5,0x9aa6,0x92a5,
  0x9ac6,0x92c6,0x9ae6,0x92c6,0x8245,0x6182,0x61c3,0x5983,0x5163,0x2000,0x3903,0x4964,0x3081,0x3080,0x4923,0x38e1,
  0x40e1,0x3880,0x4902,0x4922,0x40e1,0x40e1,0x5184,0x30a0,0x2000,0x4942,0x936b,0xbcaf,0xbc8e,0xc4cf,0xd530,0xc4ee,
  0xd550,0xc4ee,0xc50f,0xcd2f,0xcd30,0xc4ef,0xc50f,0xa40c,0x7286,0x40e0,0x6a26,0x6205,0x5143,0x5163,0x3902,0x1840,
  0x1820,0x2040,0x38c1,0x3080,0x5163,0x7aa8,0x7266,0x61c4,0x82a8,0x7246,0x5121,0x4901,0x4942,0x30a0,0x30c1,0x3922,
  0x30e2,0x1000,0x1020,0x1860,0x28e3,0x3103,0x1820,0x2020,0x69e5,0x8287,0x71e4,0x69e4,0x61c4,0x7266,0x6a25,0x61e4,
  0x82a7,0xabcb,0xabaa,0xabaa,0x8a85,0x8a86,0x9308,0x61e4,0x5184,0x30c1,0x38e2,0x28a1,0x2000,0x1800,0x38e3,0x59e6,
  0x59c6,0x40e2,0x2000,0x4902,0x5163,0x4922,0x5163,0x7245,0x9b29,0xb40b,0xb42c,0xabeb,0xb40b,0xabeb,0xabeb,0xabea,
  0xb3ec,0xabeb,0xabeb,0xa3cb,0x9b49,0x6a04,0x69e3,0x82a6,0xabcb,0xa3cb,0xa3aa,0xa3aa,0xb40c,0x8b08,0x61c3,0x5982,
  0x5162,0x59a3,0x5983,0x38c0,0x40e1,0x4101,0x4101,0x4101,0x4101,0x4100,0x5182,0x4962,0x5162,0x59a3,0x61c4,0x5162,
  0x5142,0x5142,0x40e1,0x30c1,0x30e2,0x2080,0x1020,0x1020,0x28c1,0x30e2,0x30a1,0x2860,0x40c2,0x40e3,0x38c2,0x1840,
  0x1000,0x0800,0x1840,0x30c1,0x40e2,0x5943,0x6184,0x4902,0x5164,0x51a5,0x30c1,0x1000,0x2861,0x5183,0x59c4,0x4100,
  0x69c4,0x7204,0x7a46,0x7a46,0x7a67,0x7226,0x61e5,0x4922,0x2800,0x3080,0x5144,0x5164,0x5985,0x40e2,0x2040,0x28a0,
  0x4122,0x51a4,0x5983,0x5182,0x4921,0x38c0,0x38e1,0x4122,0x4944,0x38c1,0x38a1,0x40c0,0x5163,0x40e1,0x40e2,0x38c1,
  0x38e2,0x3902,0x2020,0x2020,0x5164,0x38e2,0x4943,0x5983,0x5942,0x7205,0x8ac8,0x9b4a,0x69e5,0x2020,0x38e2,0x7266,
  0x7225,0x61a2,0x59a3,0x82e8,0x9b49,0xa368,0xa369,0x7a65,0x40c0,0x4922,0x59a4,0x5163,0x40c2,0x38a0,0x40e2,0x4902,
  0x3060,0x4902,0x6a26,0x59a5,0x38c2,0x1800,0x2061,0x1020,0x1820,0x1000,0x1800,0x1800,0x2820,0x3040,0x38e2,0x1040,
  0x1040,0x28c1,0x6205,0x6a04,0x2840,0x2062,0x30c2,0x28a1,0x2040,0x30a1,0x3080,0x6205,0x59a4,0x38c0,0x5983,0x59a3,
  0x5983,0x5121,0x7a87,0x82c8,0x7a87,0x4122,0x4101,0x2880,0x30c2,0x3903,0x1840,0x2081,0x2061,0x1000,0x2061,0x28c1,
  0x1840,0x1840,0x59e5,0x82a7,0x8aa6,0x9329,0x934a,0x61e5,0x4923,0x4943,0x38c1,0x38e2,0x4123,0x30a1,0x38e2,0x30e2,
  0x30a2,0x2040,0x2061,0x28a0,0x4143,0x5184,0x4943,0x6a05,0x48e1,0x48e0,0x69c4,0x69e5,0x6a06,0x59c5,0x30c2,0x2081,
  0x842d,0xad72,0xb5b3,0xb5b3,0x9cf0,0xbdd3,0xc614,0xce14,0xbd71,0xbd51,0xbd71,0xc571,0x9c6d,0x838a,0x8baa,0x940c,
  0x3101,0x5a25,0x8b8a,0x8328,0xa42b,0xbc8d,0xb46c,0xbcad,0x8b47,0x8b27,0x6a24,0x61e4,0x6a46,0x4143,0x2040,0x7246,
  0x82a6,0x8ac6,0x92c6,0x92a5,0x92a5,0x92a5,0x9285,0x92a5,0x92a5,0x92c6,0x92c6,0x8245,0x6161,0x69c4,0x6183,0x4922,
  0x2860,0x2860,0x4964,0x30a1,0x2020,0x30c1,0x38c1,0x38a1,0x38c0,0x40e1,0x4902,0x48e2,0x38a0,0x40e2,0x4102,0x2020,
  0x3080,0x7ac8,0xb48f,0xc4f0,0xc4ef,0xccef,0xc4ee,0xc4ae,0xc4ee,0xc50f,0xc50f,0xc510,0xc50f,0xbcce,0x9baa,0x61e4,
  0x4921,0x6205,0x5183,0x5164,0x4943,0x38c1,0x2040,0x1840,0x1840,0x2880,0x38e1,0x6226,0x8b4a,0x82e8,0x61a3,0x7a86,
  0x7aa7,0x61c4,0x40e0,0x5142,0x4921,0x38c1,0x38e2,0x2881,0x1040,0x0820,0x0800,0x2903,0x3103,0x2882,0x1800,0x40c2,
  0x7246,0x8266,0x7204,0x69e4,0x59a3,0x8b09,0x59c3,0x61e4,0x8b28,0xa389,0xa389,0xa328,0x7a23,0x92e7,0x7225,0x59a4,
  0x30a0,0x30c1,0x30c2,0x2041,0x1000,0x38c2,0x5184,0x6207,0x5184,0x3040,0x2840,0x59a4,0x40e1,0x5143,0x4922,0x7a87,
  0x9328,0xabeb,0xb40c,0xb40c,0xabca,0xabeb,0xa3aa,0xabcb,0xabeb,0xac0c,0xabcb,0x9349,0x6a04,0x5982,0x7224,0x9328,
  0x9b69,0xa3aa,0x9b89,0x9b8a,0x8b08,0x69e4,0x61a3,0x61a3,0x5162,0x5162,0x4901,0x4101,0x4121,0x4101,0x30a0,0x4101,
  0x4100,0x4100,0x4962,0x59a3,0x4921,0x5182,0x5162,0x4942,0x4121,0x4101,0x38c0,0x38e2,0x2080,0x1020,0x1840,0x28c1,
  0x28e1,0x2880,0x2880,0x38c2,0x38e2,0x38a2,0x2020,0x1000,0x0800,0x1860,0x28c0,0x4102,0x5122,0x5902,0x5922,0x5964,
  0x49a4,0x28c2,0x1000,0x1820,0x4964,0x6a05,0x5162,0x5961,0x69e3,0x7a04,0x7a05,0x8246,0x7a46,0x61e5,0x4963,0x30a1,
  0x2040,0x5144,0x5144,0x5124,0x4923,0x3081,0x2020,0x3901,0x4162,0x5183,0x5162,0x5162,0x38e0,0x38a0,0x30c1,0x4944,
  0x30c2,0x40e2,0x38a0,0x40c0,0x4901,0x40e1,0x30a0,0x30a1,0x4143,0x2060,0x2020,0x3903,0x3902,0x4102,0x5163,0x61c4,
  0x61c3,0x92e8,0x8ac7,0x7a05,0x40e1,0x1840,0x4985,0x7225,0x7204,0x5120,0x6a25,0x936a,0x9b69,0xa389,0x9308,0x5962,
  0x4101,0x5163,0x5162,0x5143,0x2860,0x38c2,0x38e2,0x3860,0x40a0,0x61a4,0x59c5,0x4103,0x1000,0x1000,0x1820,0x1800,
  0x1820,0x2881,0x30c2,0x40a1,0x5101,0x69e5,0x6206,0x28e2,0x1060,0x4163,0x6a45,0x69e4,0x2000,0x30a2,0x28a2,0x30a1,
  0x2040,0x30a0,0x4122,0x59c5,0x38e0,0x5983,0x59c3,0x5983,0x48e0,0x69e4,0x7a86,0x82a7,0x5162,0x4121,0x30a0,0x2880,
  0x28c1,0x2080,0x1820,0x1861,0x0800,0x1000,0x28c2,0x28a1,0x1000,0x38e2,0x6a67,0x82a7,0x8286,0x9349,0x8ae8,0x5183,
  0x4122,0x4102,0x30c1,0x38c2,0x30c1,0x30a1,0x38e2,0x3903,0x2060,0x1840,0x1840,0x30c1,0x4984,0x5184,0x5183,0x61a4,
  0x40c0,0x5921,0x69c4,0x69e5,0x6205,0x5185,0x2060,0x28a2,0x8c6f,0xad72,0xbdd4,0xb593,0xa511,0xbdf3,0xce35,0xc5d3,
  0xbd92,0xbd92,0xc572,0xb530,0x8bcb,0x838a,0x93ec,0x8bcb,0x3101,0x7b08,0x8b8a,0x7ae7,0xbccf,0xb46c,0xbcad,0xac0b,
  0x9b69,0x7265,0x6a25,0x6204,0x51a4,0x30a1,0x4902,0x82a7,0x8ac7,0x8aa6,0x92c6,0x92a5,0x92a5,0x92a5,0x92a6,0x92a6,
  0x92a6,0x8aa5,0x92e7,0x69e4,0x6183,0x59a3,0x5963,0x38a0,0x2020,0x4103,0x4123,0x2020,0x30a1,0x38a1,0x40e2,0x40c1,
  0x40e1,0x5163,0x4922,0x38a0,0x4102,0x4101,0x38a1,0x2860,0x59c4,0x9bcc,0xc4d0,0xbccf,0xc4cf,0xc4ae,0xccce,0xccee,
  0xc4ee,0xc50f,0xd530,0xc510,0xcd31,0x9bec,0x6a25,0x59c3,0x6a25,0x5963,0x59a5,0x59a5,0x4103,0x1000,0x1820,0x2860,
  0x30c0,0x4122,0x6a46,0x938b,0x8b08,0x5982,0x6a04,0x82c7,0x6a25,0x4942,0x4901,0x38a0,0x38c1,0x3903,0x30e3,0x1020,
  0x1020,0x0800,0x28a2,0x4164,0x30e3,0x1000,0x3041,0x61a3,0x8286,0x7205,0x7a46,0x5163,0x59c4,0x6a46,0x5983,0x82a7,
  0xabcb,0xa389,0xab89,0x8264,0x8aa6,0x7a86,0x6a05,0x4963,0x2880,0x30c2,0x30a2,0x1800,0x2020,0x5184,0x61c6,0x61e5,
  0x4923,0x2000,0x4903,0x59a5,0x4923,0x4922,0x61a4,0x8ae8,0x9b69,0xabca,0xbc2c,0xb40b,0xb3eb,0xabcb,0xabab,0xa38a,
  0xabeb,0xabeb,0xabcb,0x82a6,0x61a3,0x6a04,0x8ae8,0x9b89,0x9b89,0x9b69,0xa38a,0x9b6a,0x61a3,0x61e4,0x7226,0x61e4,
  0x5984,0x4922,0x5143,0x4942,0x4102,0x4101,0x4102,0x4101,0x4101,0x4121,0x5162,0x4921,0x5182,0x4942,0x4962,0x4122,
  0x3901,0x38e1,0x4123,0x30c2,0x1840,0x1020,0x28a1,0x30e2,0x28a1,0x2060,0x30c1,0x3903,0x30a2,0x2040,0x1800,0x1000,
  0x2040,0x28a1,0x4123,0x5163,0x5963,0x48e0,0x5922,0x61e5,0x4984,0x1820,0x2020,0x38e2,0x6a27,0x61c4,0x6182,0x69c2,
  0x7204,0x71e3,0x8226,0x8247,0x71e6,0x59c5,0x38e2,0x2020,0x4942,0x5964,0x5103,0x48e2,0x4102,0x1840,0x30a1,0x5162,
  0x59c4,0x5182,0x61e4,0x4101,0x4101,0x38e1,0x40e2,0x38c2,0x40e2,0x40e1,0x40c1,0x40e0,0x40c0,0x3880,0x40e2,0x4143,
  0x3923,0x1020,0x4123,0x5185,0x4123,0x51a4,0x5164,0x4142,0x5164,0x59a4,0x5123,0x3020,0x2000,0x2881,0x59e6,0x7226,
  0x61a3,0x6182,0x8b09,0x9329,0xa38a,0xa369,0x7a25,0x5141,0x5963,0x5983,0x61a4,0x38c1,0x2840,0x40e3,0x3061,0x3040,
  0x6183,0x61c4,0x4143,0x1840,0x1820,0x1800,0x4903,0x48e2,0x4923,0x5164,0x5985,0x5943,0x71c4,0x7a46,0x61e5,0x28e2,
  0x1840,0x59c4,0x7a86,0x4902,0x2020,0x28a2,0x30c3,0x28a1,0x30c1,0x2860,0x59c5,0x4942,0x5142,0x5983,0x69c4,0x4901,
  0x4901,0x7266,0x82e9,0x59c4,0x40e1,0x38e1,0x30c1,0x30c1,0x28a1,0x1860,0x28a2,0x1000,0x1000,0x2081,0x3924,0x2061,
  0x1000,0x5183,0x82c7,0x7a86,0x8ac7,0x9349,0x7a67,0x4901,0x4943,0x38c1,0x38a1,0x3081,0x30a1,0x2880,0x3903,0x30e2,
  0x1820,0x1840,0x2060,0x38e1,0x59a4,0x4963,0x61e6,0x5142,0x48e1,0x5921,0x69c4,0x61c4,0x6206,0x38e2,0x2860,0x38e2,
  0x844e,0xad72,0xb5d4,0xb5b3,0xa551,0xbdf4,0xbdf3,0xbd92,0xb591,0xc5b2,0xb551,0xacf0,0x7328,0x83aa,0x940c,0x7b49,
  0x3100,0x7b49,0x7b49,0x8328,0xbccf,0xb46d,0xbcad,0xa3aa,0x82a6,0x7265,0x6a45,0x6a45,0x4122,0x2000,0x59a2,0x8ac7,
  0x82a6,0x8a85,0x92c6,0x9285,0x8a64,0x92a5,0x8a85,0x92c6,0x8a85,0x8aa6,0x7225,0x61c4,0x61e5,0x4922,0x4102,0x2840,
  0x30c1,0x5184,0x2860,0x2860,0x4102,0x40c1,0x38a0,0x38c1,0x40e1,0x5143,0x38c0,0x40e1,0x4922,0x38c1,0x2040,0x4963,
  0x7ae8,0xac6e,0xb4ae,0xc4ef,0xbcae,0xc4cf,0xc4ef,0xccee,0xccee,0xccee,0xc4cf,0xcd10,0x9bec,0x51a4,0x4983,0x7287,
  0x51a3,0x4902,0x5164,0x4944,0x1000,0x1041,0x28a1,0x5162,0x6a25,0x82c7,0x9b89,0x9349,0x7244,0x7224,0x7ac6,0x6a25,
  0x5182,0x4942,0x4122,0x38c1,0x30c1,0x30e3,0x1041,0x0800,0x0800,0x2040,0x5184,0x4944,0x28a2,0x1000,0x38c0,0x7245,
  0x7a24,0x69c4,0x59a4,0x4923,0x6a46,0x61c4,0x5982,0xabca,0xa368,0xabaa,0x92e6,0x7a44,0x7265,0x7266,0x6226,0x38e2,
  0x30e2,0x30a2,0x1800,0x2020,0x38c1,0x61e5,0x69e5,0x61e5,0x3880,0x3040,0x5184,0x5164,0x4102,0x4902,0x7a87,0x9329,
  0x9b69,0xa3aa,0xabea,0xb40c,0xb3eb,0xb3cb,0xabcb,0xabcb,0xabcb,0xa3ab,0x8b08,0x7a45,0x7244,0x8b08,0x9368,0xa389,
  0x9b69,0x9b8a,0x82e8,0x61e4,0x4901,0x6a26,0x59c5,0x5984,0x4943,0x5143,0x4942,0x40e1,0x40e1,0x4942,0x4121,0x4121,
  0x4121,0x5162,0x4941,0x4921,0x4962,0x4942,0x4142,0x3902,0x28a0,0x30e2,0x28e2,0x1020,0x1020,0x28a1,0x2060,0x2880,
  0x2040,0x30c1,0x30e2,0x28a1,0x2061,0x1820,0x1800,0x2040,0x2860,0x4924,0x4943,0x5123,0x40c0,0x5142,0x6204,0x59c4,
  0x30a0,0x2820,0x30a1,0x59a6,0x61c5,0x5963,0x69e3,0x7204,0x7203,0x8245,0x7a25,0x71e5,0x5964,0x4923,0x2840,0x4102,
  0x5163,0x6183,0x5142,0x5122,0x28a1,0x1040,0x4142,0x69e4,0x61a3,0x5983,0x5183,0x38e1,0x30c0,0x4102,0x40e2,0x40c1,
  0x4902,0x38c0,0x30c0,0x3901,0x3880,0x48a2,0x40e2,0x3903,0x1840,0x28c1,0x49a4,0x51a5,0x38c1,0x38e3,0x20a1,0x1840,
  0x0800,0x1000,0x2020,0x2020,0x1000,0x30c2,0x51a4,0x6a26,0x5122,0x7a46,0x9329,0x9b49,0x9b29,0x8286,0x5121,0x6183,
  0x5962,0x5983,0x59a3,0x40c1,0x38a1,0x40c3,0x3020,0x5123,0x59a4,0x5183,0x1840,0x1840,0x3922,0x4903,0x6163,0x7184,
  0x71c4,0x69a4,0x5964,0x6983,0x8a24,0x8246,0x5184,0x2041,0x2061,0x7267,0x6a25,0x3060,0x1840,0x30e3,0x28e2,0x28a1,
  0x30e2,0x30c1,0x4963,0x4921,0x61c3,0x5962,0x61a3,0x48e0,0x69e4,0x82c8,0x6a46,0x3080,0x30a0,0x3081,0x30a0,0x30c1,
  0x2080,0x20e2,0x1040,0x1000,0x2820,0x4103,0x28a3,0x1020,0x1840,0x6a25,0x82c6,0x82c7,0x82e8,0x8b29,0x5983,0x5122,
  0x5143,0x38a1,0x2860,0x28a1,0x28a1,0x28c2,0x28c2,0x1861,0x1000,0x2061,0x2880,0x4922,0x5962,0x5983,0x59c4,0x4943,
  0x40c0,0x6162,0x6183,0x69e5,0x59c5,0x2061,0x2860,0x4922,0x846e,0xad93,0xbdf4,0xadb3,0xad72,0xb592,0xb592,0xbdb2,
  0xb572,0xb551,0xbd51,0xa4ae,0x838a,0x7b6a,0x940c,0x49e3,0x4982,0x7b49,0x7b28,0x9c0c,0xbcae,0xbcce,0xbc8d,0x82c6,
  0x7a86,0x7286,0x6204,0x51a3,0x38c1,0x3880,0x7265,0x7a86,0x8a86,0x8aa6,0x8a85,0x92a5,0x92a5,0x8a84,0x9ae6,0x8aa5,
  0x92c7,0x7a45,0x6182,0x59a4,0x5163,0x5163,0x38c1,0x2840,0x5184,0x38e2,0x2840,0x38e2,0x4923,0x38c1,0x3080,0x3060,
  0x4922,0x4102,0x40e2,0x4922,0x40e1,0x2820,0x38a1,0x7ac8,0xac4e,0xac2d,0xbcaf,0xc4ef,0xcd10,0xcd0f,0xcd0f,0xc4ce,
  0xccef,0xc4ae,0xbcae,0x9bcb,0x5183,0x4942,0x61e5,0x5184,0x4923,0x38e2,0x30c1,0x1820,0x1820,0x30e3,0x5184,0x7aa7,
  0xabec,0xb42c,0xabeb,0x82c6,0x7224,0x82c6,0x82a7,0x59a3,0x5163,0x4121,0x4122,0x3902,0x30a2,0x2062,0x1021,0x0800,
  0x1840,0x4143,0x59c6,0x38c2,0x2841,0x1800,0x5183,0x7a86,0x7203,0x61c4,0x5964,0x5184,0x6a46,0x5183,0x8286,0xa389,
  0xab89,0xa389,0x8265,0x7a85,0x7246,0x59c4,0x4943,0x30a1,0x30a1,0x1800,0x1800,0x38c2,0x61c6,0x61e5,0x7247,0x5163,
  0x2800,0x38c2,0x59c5,0x4102,0x38a1,0x61c4,0x9b4a,0x9b29,0xa369,0xa389,0xabcb,0xabcb,0xabcb,0xabab,0xabcb,0xabcb,
  0xabab,0x82a7,0x61c3,0x6a04,0x8ae7,0x9369,0xa38a,0x9328,0x9b69,0x9349,0x5962,0x5142,0x5984,0x5183,0x5163,0x4922,
  0x4943,0x5183,0x38c1,0x38a0,0x4922,0x4101,0x4943,0x4962,0x5163,0x4962,0x5163,0x4942,0x4942,0x38e1,0x30e1,0x30c1,
  0x30e2,0x28a1,0x1840,0x1000,0x2061,0x28a1,0x2880,0x2860,0x38e1,0x38e1,0x3903,0x1840,0x1841,0x0800,0x2861,0x30a1,
  0x4924,0x61a5,0x6164,0x48e1,0x5102,0x6a05,0x6a46,0x4122,0x2820,0x2860,0x5985,0x7227,0x69a5,0x6183,0x7a04,0x8265,
  0x8245,0x7a25,0x7205,0x5983,0x40c2,0x2000,0x4102,0x59a4,0x6184,0x4902,0x5963,0x4102,0x1800,0x30e2,0x5184,0x61c4,
  0x61a4,0x5162,0x30c0,0x3901,0x38c1,0x38a1,0x40a1,0x40c1,0x3860,0x38a0,0x4101,0x30c0,0x40e1,0x40c2,0x40c2,0x1820,
  0x1860,0x28c1,0x30e2,0x2040,0x2000,0x2040,0x2081,0x1840,0x2081,0x28a2,0x28a2,0x1800,0x2000,0x4944,0x6206,0x5143,
  0x5983,0x8aa8,0x9309,0xa38b,0x8aa7,0x5121,0x6162,0x5121,0x5962,0x5963,0x4942,0x3880,0x5123,0x3860,0x40a2,0x5985,
  0x59a5,0x2880,0x1820,0x2080,0x4964,0x61c5,0x71a4,0x79c5,0x79e5,0x69a3,0x69c5,0x7a25,0xa2e7,0x8aa7,0x4922,0x1000,
  0x4124,0x7267,0x5963,0x1800,0x2860,0x1881,0x2081,0x2060,0x30c1,0x4122,0x4122,0x4941,0x5942,0x69c3,0x5141,0x4921,
  0x82a8,0x7ae9,0x4102,0x38c1,0x30a1,0x38c2,0x3902,0x2080,0x20a1,0x20a1,0x1820,0x2040,0x38c2,0x4103,0x2862,0x0800,
  0x4165,0x7aa7,0x92e7,0x8b28,0x8b29,0x6a25,0x4901,0x5163,0x4923,0x38a1,0x38c1,0x30c1,0x28a1,0x30e2,0x28a2,0x1000,
  0x1820,0x2061,0x38c2,0x5142,0x69a4,0x61a4,0x61c5,0x4102,0x5122,0x69a3,0x69c4,0x61c5,0x5185,0x2041,0x2861,0x38c1,
  0x7c4e,0xad93,0xb5d4,0xad72,0x9d10,0xb592,0xb572,0xb592,0xb571,0xbd92,0xb571,0x942c,0x7349,0x8bab,0x940c,0x3922,
  0x5a45,0x836a,0x72c7,0xbd10,0xb4ad,0xcd30,0x9baa,0x7265,0x7aa6,0x72a7,0x5a04,0x3902,0x1800,0x5162,0x7aa6,0x7a65,
  0x8264,0x92a6,0x8264,0x92a5,0x8a85,0x92a5,0x8aa6,0x92c7,0x8285,0x5941,0x5962,0x59a4,0x4101,0x4963,0x2020,0x38e2,
  0x4983,0x2060,0x2020,0x4122,0x30c1,0x3080,0x3080,0x38a1,0x40e1,0x38a1,0x4102,0x4122,0x2860,0x2020,0x6205,0x9bab,
  0xa42c,0xb46d,0xbc8e,0xc4cf,0xc4ce,0xc4ef,0xc4ef,0xcd10,0xc4ce,0xc510,0x9bca,0x59e3,0x6204,0x6205,0x4922,0x5144,
  0x4103,0x28a1,0x0800,0x1000,0x4122,0x61e5,0x7ac8,0xa3ab,0xa3eb,0xb42c,0x9b89,0x7a65,0x7265,0x82a6,0x61c3,0x61e4,
  0x4963,0x4102,0x38e1,0x3923,0x1860,0x1000,0x0800,0x1820,0x2880,0x51c5,0x49a5,0x2881,0x1000,0x2860,0x6a46,0x7245,
  0x69e4,0x61c4,0x4943,0x5163,0x5183,0x5162,0x8ae7,0xa389,0xa389,0x8ac6,0x7224,0x82a6,0x6204,0x4942,0x3902,0x38e2,
  0x1000,0x1800,0x2860,0x5185,0x6206,0x61a5,0x69e5,0x40c1,0x2820,0x59c5,0x4964,0x38a1,0x38a0,0x7246,0xa36b,0xa36a,
  0xa389,0xabaa,0xabaa,0xabcb,0xa3aa,0xabcb,0xa3aa,0xa3ab,0x8b08,0x61a3,0x5141,0x82a6,0x9369,0x9b69,0x9b69,0x9b49,
  0x9b8a,0x61a3,0x4901,0x61e5,0x5163,0x5163,0x40e1,0x4922,0x4943,0x4101,0x3080,0x40e1,0x30a0,0x4101,0x4942,0x5183,
  0x4962,0x4962,0x4121,0x4102,0x3922,0x28a0,0x2080,0x30c1,0x2080,0x1840,0x1000,0x28a2,0x2881,0x2020,0x2860,0x3080,
  0x30c1,0x38e2,0x1820,0x1840,0x0800,0x2081,0x2860,0x40e2,0x59a4,0x5943,0x5902,0x5923,0x61c4,0x82c9,0x4942,0x3080,
  0x1800,0x5164,0x61c6,0x69c6,0x6183,0x7a05,0x8225,0x8245,0x7a45,0x69e4,0x59a3,0x4943,0x1800,0x4102,0x5164,0x5964,
  0x5143,0x5984,0x4102,0x2020,0x2860,0x4123,0x51a4,0x59a3,0x4121,0x4121,0x30c0,0x3901,0x30c0,0x38a0,0x3880,0x48c2,
  0x3020,0x38a1,0x40c1,0x30c1,0x38e1,0x38e3,0x2861,0x1000,0x0800,0x1020,0x1820,0x30a2,0x2881,0x30a2,0x30e2,0x30c2,
  0x28e2,0x3103,0x1840,0x1000,0x2040,0x59e6,0x5163,0x4902,0x59a3,0x9b6a,0x9b6a,0x92e8,0x6162,0x5942,0x5962,0x6163,
  0x5142,0x5142,0x38c1,0x3880,0x40c0,0x3880,0x4923,0x61e6,0x3903,0x1000,0x2880,0x4122,0x4901,0x69e5,0x6143,0x6984,
  0x6983,0x6162,0x7a04,0x9ac7,0x9ae7,0x7a66,0x40e1,0x1800,0x51c5,0x7aa8,0x38c1,0x2020,0x28c1,0x2081,0x2081,0x2880,
  0x30e1,0x4102,0x40e1,0x4921,0x5162,0x61a3,0x40c0,0x7225,0x82e8,0x6206,0x30a0,0x30c1,0x28a0,0x3902,0x30c1,0x2060,
  0x20a1,0x1040,0x1000,0x30c2,0x38e2,0x38e3,0x1820,0x1841,0x6247,0x82e8,0x8ae6,0x8b08,0x7ae8,0x5183,0x4921,0x5163,
  0x40e1,0x38a1,0x30c1,0x30c2,0x2081,0x30e2,0x1840,0x1000,0x2060,0x28a2,0x3902,0x5963,0x61a3,0x69e5,0x5163,0x40e1,
  0x5163,0x69e4,0x61a3,0x61e5,0x3902,0x1820,0x2860,0x38c1,0x844e,0xa572,0xbdf4,0xa531,0x9cd0,0xb5b2,0xb592,0xb592,
  0xbdb2,0xbd92,0xb551,0x83cb,0x83ab,0x8bcb,0x93ec,0x3122,0x72c8,0x838a,0x7ae8,0xbcef,0xbcce,0xc50f,0x9369,0x6a65,
  0x7aa7,0x6a66,0x6206,0x2880,0x2840,0x6a04,0x8286,0x8285,0x8285,0x8a85,0x8a85,0x8a85,0x92a5,0x8aa5,0x92c6,0x92e7,
  0x7204,0x4900,0x5983,0x5142,0x4942,0x3080,0x3060,0x5184,0x3902,0x2020,0x38e2,0x38e1,0x30a0,0x3080,0x38c1,0x40e1,
  0x40c1,0x38c1,0x38c1,0x38c1,0x2020,0x4102,0x8b09,0xb46e,0xac0c,0xb44c,0xc4cf,0xc50f,0xc50f,0xbcce,0xc4ef,0xc4cf,
  0xc4f0,0x9bcb,0x7265,0x6204,0x7ac7,0x5163,0x5123,0x59c6,0x30a2,0x0800,0x1020,0x30e1,0x7266,0x9349,0xabeb,0xac0b,
  0xb42c,0xa3ca,0x8286,0x7224,0x8286,0x7245,0x61a4,0x5983,0x40e1,0x4122,0x4143,0x28c1,0x1840,0x0800,0x1800,0x3080,
  0x4102,0x51c5,0x3923,0x1820,0x1800,0x4963,0x7a87,0x61a3,0x69e4,0x5162,0x4922,0x5163,0x5142,0x61e4,0x9b49,0xa369,
  0xab89,0x7a24,0x7a65,0x7266,0x59e4,0x3902,0x4143,0x28a1,0x1800,0x2840,0x48e2,0x6a06,0x7227,0x6a06,0x61a4,0x2820,
  0x38c1,0x5a06,0x4103,0x38a1,0x5163,0x8ac8,0xa36a,0xa369,0xab69,0xab89,0xabab,0xabab,0xabeb,0xabcb,0xabcb,0x9329,
  0x7a66,0x5982,0x7225,0x9349,0x9b6a,0x9328,0x9349,0x9b6a,0x61c4,0x5142,0x5984,0x61c5,0x5143,0x4922,0x5163,0x5184,
  0x4102,0x38e1,0x4922,0x38c0,0x40e1,0x4942,0x4942,0x4942,0x4922,0x4101,0x4122,0x3902,0x30c1,0x28c1,0x30e2,0x2080,
  0x1020,0x1000,0x30c2,0x30a2,0x2861,0x2840,0x38c2,0x2860,0x3081,0x30a1,0x1820,0x1000,0x2861,0x30e2,0x38a1,0x59a4,
  0x5984,0x5942,0x6102,0x6963,0x7a27,0x59a4,0x4102,0x1800,0x4924,0x61c6,0x71e7,0x69a4,0x71c5,0x8225,0x8a46,0x8225,
  0x7226,0x6205,0x4122,0x1800,0x4102,0x59a4,0x5944,0x5964,0x5144,0x51c5,0x4103,0x1800,0x40e2,0x5143,0x61e5,0x4942,
  0x4142,0x30e0,0x4122,0x30c0,0x30a0,0x38a0,0x40c2,0x4080,0x3881,0x38a1,0x40c2,0x38c2,0x3903,0x2041,0x1000,0x2061,
  0x28a2,0x20a1,0x30c2,0x30c2,0x30a2,0x3903,0x4104,0x2881,0x30e3,0x28c2,0x1041,0x0800,0x4943,0x59c5,0x5984,0x5143,
  0x8287,0x9b49,0xabab,0x7a25,0x5921,0x69c3,0x5922,0x5962,0x5963,0x5143,0x40e2,0x4901,0x3880,0x40c0,0x69c5,0x4943,
  0x1820,0x2020,0x38a1,0x5122,0x69c4,0x71e4,0x6143,0x6184,0x6142,0x6982,0x9286,0xa308,0x92e8,0x61e4,0x3081,0x2860,
  0x6a47,0x6a67,0x3080,0x2860,0x3923,0x28c2,0x28a1,0x2880,0x4102,0x38e0,0x5142,0x5142,0x61c4,0x5121,0x5142,0x82c8,
  0x7267,0x38e1,0x38c1,0x2860,0x3081,0x38c1,0x30a2,0x1861,0x1861,0x0800,0x2881,0x3902,0x3903,0x2881,0x1800,0x38e3,
  0x82e9,0x82c7,0x9308,0x8b08,0x6a66,0x4121,0x61a4,0x4923,0x40e2,0x38a1,0x38c2,0x30c1,0x28a1,0x20a1,0x1820,0x1000,
  0x30c2,0x30c2,0x4943,0x5984,0x6183,0x69e5,0x4901,0x40c1,0x5983,0x69e4,0x69e5,0x59c4,0x30a1,0x1820,0x30a1,0x38c1,
  0x7c4e,0xa572,0xb5f4,0xa551,0x9cef,0xbdd3,0xad71,0xb571,0xb592,0xbdb2,0xa4cf,0x7b69,0x83aa,0x8bcc,0x7b6a,0x49c4,
  0x72e8,0x8baa,0x8baa,0xb4ad,0xbcee,0xac4c,0x8307,0x6a65,0x5a04,0x6a67,0x4983,0x1800,0x40e1,0x7a66,0x7a64,0x8aa6,
  0x8285,0x8a85,0x8a84,0x8aa5,0x8aa5,0x8a85,0x8ac6,0x8286,0x5162,0x61c4,0x4101,0x4101,0x38e1,0x1800,0x3902,0x4963,
  0x1800,0x30a1,0x4143,0x2880,0x30a0,0x38e1,0x38c0,0x4101,0x38c0,0x4943,0x3902,0x2000,0x38c1,0x6a05,0xa40c,0xbc6d,
  0xb46d,0xbc8d,0xc4ee,0xc50f,0xbcce,0xc4ef,0xbcee,0xbccf,0x8b8a,0x59c3,0x6204,0x6a45,0x4921,0x5963,0x5184,0x3082,
  0x1800,0x2061,0x3943,0x6a87,0x9369,0xb42b,0xac0b,0xb42c,0xac0b,0x8ac7,0x61c2,0x8286,0x7a86,0x61c4,0x5162,0x4102,
  0x38e1,0x4985,0x28e2,0x1000,0x0800,0x1020,0x1820,0x40c1,0x5143,0x5185,0x2060,0x0800,0x2880,0x7267,0x69e5,0x61a4,
  0x5983,0x4943,0x4942,0x59a3,0x5161,0x82a6,0x9b69,0x9b48,0x8ac6,0x7a45,0x7245,0x6a45,0x4963,0x4122,0x30e2,0x1000,
  0x1820,0x38e2,0x5984,0x7247,0x6a06,0x6a06,0x40c1,0x2000,0x4102,0x4964,0x38c1,0x4923,0x6a05,0xa36a,0xa349,0xa349,
  0xa349,0xab8a,0xa38a,0xabaa,0xa3aa,0xa38a,0x8b28,0x6a24,0x5982,0x7224,0x8b08,0x9b6a,0x9329,0x9b6a,0x8b29,0x6a25,
  0x40e1,0x5163,0x5163,0x4922,0x4922,0x4943,0x4142,0x4102,0x38e1,0x38e1,0x4121,0x38e1,0x38e0,0x4101,0x4100,0x4922,
  0x4102,0x3902,0x30c1,0x30c1,0x28a1,0x3103,0x2080,0x1000,0x1000,0x2060,0x2081,0x2041,0x2861,0x38c2,0x38c2,0x30a1,
  0x2860,0x1820,0x1000,0x2861,0x30c1,0x4103,0x4102,0x59a4,0x5142,0x6122,0x7183,0x8226,0x69c5,0x38a1,0x1800,0x3081,
  0x59c6,0x69c6,0x69a4,0x71c5,0x8205,0x8a26,0x7a04,0x79e5,0x61c5,0x4943,0x1820,0x30a1,0x6205,0x5963,0x5964,0x5965,
  0x5165,0x4144,0x2080,0x30a1,0x4923,0x69a5,0x5183,0x3902,0x3922,0x38e1,0x30a0,0x30c0,0x3080,0x40e1,0x40a1,0x3860,
  0x40a1,0x40a2,0x30a2,0x38e3,0x28c2,0x1862,0x1841,0x30c3,0x30a2,0x30c2,0x3923,0x28a1,0x30c2,0x38c2,0x3061,0x2861,
  0x2040,0x1020,0x0800,0x2040,0x61e5,0x59a4,0x4901,0x6a05,0x8ae8,0x9b4a,0x7a25,0x5941,0x5942,0x6983,0x5121,0x6163,
  0x5942,0x5143,0x3080,0x3080,0x40a0,0x5963,0x5183,0x2020,0x1800,0x38c2,0x4922,0x6142,0x71a3,0x6983,0x69c4,0x69c5,
  0x5921,0x7a04,0x9aa5,0xa308,0x8ae8,0x61e5,0x2020,0x59a4,0x7ac8,0x59e5,0x1820,0x30a0,0x28a1,0x28a1,0x1840,0x30c1,
  0x38e1,0x4922,0x4942,0x5983,0x5162,0x4901,0x6a25,0x7246,0x4942,0x38a1,0x2040,0x2060,0x2060,0x30a1,0x28c1,0x1881,
  0x0800,0x1861,0x3902,0x4123,0x38e2,0x2861,0x1800,0x61e5,0x82c8,0x8ae7,0x8b28,0x8b49,0x5163,0x40e1,0x5183,0x5143,
  0x40e2,0x38c2,0x2880,0x30c2,0x2060,0x1840,0x0800,0x1840,0x28a1,0x4123,0x5184,0x61a4,0x6183,0x61c4,0x3880,0x40e1,
  0x5983,0x69c4,0x61e4,0x5184,0x2040,0x2061,0x28a0,0x30c1,0x844e,0xad93,0xb5d4,0x9d10,0xb5b3,0xb5b3,0xb592,0xad51,
  0xbd92,0xbd92,0x9c6d,0x6b08,0x8bcb,0x83ab,0x6aa8,0x6287,0x8b8b,0x7b08,0xa42c,0xb4ce,0xbcee,0x8b68,0x72a6,0x6a45,
  0x6225,0x6226,0x30c1,0x2040,0x59a4,0x7a45,0x8aa6,0x8ac5,0x8aa5,0x8a85,0x92c5,0x8aa5,0x92c6,0x8aa5,0x8286,0x61c3,
  0x59a3,0x59c4,0x4101,0x3901,0x2860,0x2860,0x4984,0x30a1,0x2020,0x3902,0x4102,0x2880,0x38c1,0x38e1,0x38c1,0x38e1,
  0x4102,0x4122,0x38c1,0x3080,0x5183,0x936a,0xb42d,0xbcae,0xc48d,0xc4ce,0xccef,0xc4ce,0xc4cf,0xc4ef,0xb48e,0x8b69,
  0x5a25,0x5a04,0x61c4,0x5963,0x5963,0x5163,0x38e2,0x1000,0x2881,0x4985,0x7288,0x9b8a,0xb44c,0xb42a,0xb42b,0xb42b,
  0x9328,0x69c3,0x7a45,0x8ac7,0x7a46,0x5942,0x48e1,0x38c1,0x4984,0x4143,0x1860,0x0800,0x1840,0x1020,0x38c1,0x5943,
  0x61a5,0x4102,0x2040,0x1020,0x4963,0x7266,0x69c5,0x61c5,0x5164,0x4942,0x59c3,0x5142,0x61c3,0x9348,0xa369,0x9307,
  0x7a24,0x7a65,0x7245,0x6205,0x4143,0x38e2,0x2060,0x1820,0x30c2,0x5164,0x7206,0x7205,0x7247,0x5122,0x2820,0x2020,
  0x5184,0x3902,0x4102,0x5984,0x8ae9,0x9308,0xa36a,0xab69,0xb38a,0xab8a,0xab8a,0xa38a,0xa3aa,0x8b08,0x7245,0x59a2,
  0x61c3,0x82c7,0xa38b,0x9b6a,0x9b6a,0x9308,0x7246,0x4922,0x5143,0x5163,0x40e2,0x4923,0x4923,0x4943,0x4103,0x30a0,
  0x4102,0x38c1,0x4101,0x4121,0x38c0,0x38c0,0x4101,0x4122,0x4122,0x30c1,0x28a1,0x20a1,0x3103,0x20a1,0x1000,0x1000,
  0x2881,0x2060,0x2040,0x2881,0x30a2,0x30c2,0x30a2,0x2881,0x2040,0x1800,0x2881,0x4123,0x40e3,0x5164,0x5963,0x5922,
  0x6142,0x6962,0x8a67,0x8247,0x5944,0x3060,0x2020,0x59a5,0x69c6,0x71c5,0x6983,0x79e4,0x8a46,0x8226,0x7a06,0x69c5,
  0x5964,0x2820,0x30a1,0x59c4,0x5984,0x5963,0x69c5,0x5985,0x61e7,0x28a2,0x1820,0x4123,0x5123,0x5943,0x40e1,0x3902,
  0x38e2,0x30c0,0x38c1,0x30a0,0x40c1,0x4101,0x40c1,0x38a1,0x40c2,0x38a2,0x38c2,0x2881,0x1841,0x0820,0x28c3,0x3904,
  0x4904,0x38c2,0x38e3,0x2880,0x2000,0x2840,0x2820,0x3081,0x5165,0x3103,0x1040,0x38e1,0x6a26,0x5163,0x5122,0x8287,
  0x9309,0x8aa7,0x6142,0x50e0,0x6163,0x5922,0x69a4,0x6163,0x5963,0x48e2,0x38a1,0x3080,0x59a4,0x61e4,0x38c1,0x1800,
  0x4102,0x40c1,0x69c5,0x79e5,0x79a4,0x71a3,0x7a05,0x5963,0x7a26,0x92c7,0xab06,0xa307,0x7a67,0x4101,0x3060,0x6205,
  0x82e8,0x3902,0x2040,0x30e1,0x30a1,0x2881,0x2860,0x38c0,0x4943,0x4942,0x5162,0x5982,0x5142,0x5983,0x7a87,0x5183,
  0x38e1,0x30a0,0x2040,0x2880,0x28a1,0x3081,0x28a2,0x1041,0x1020,0x3903,0x4943,0x4143,0x30e2,0x2020,0x2881,0x7a87,
  0x8ac7,0x8ae7,0x9329,0x7aa7,0x4922,0x40e1,0x5164,0x4943,0x4923,0x30a1,0x30c2,0x2881,0x2040,0x1000,0x1820,0x2060,
  0x38c2,0x5164,0x61c6,0x59a4,0x69e5,0x5963,0x3880,0x4922,0x6a06,0x61c4,0x6a05,0x4922,0x2020,0x2081,0x30c1,0x2880,
  0x7c2d,0xad93,0xa552,0x94af,0xb5d3,0xb592,0xad71,0xb5b2,0xb571,0xb531,0x7b8a,0x7b6a,0x8c0c,0x83ab,0x49c4,0x72c9,
  0x8bcb,0x6a86,0x9beb,0xc50f,0xa42b,0x8307,0x6a85,0x6a66,0x6245,0x49a4,0x1800,0x3902,0x61e5,0x7224,0x8ac6,0x8ac6,
  0x8284,0x8aa5,0x8aa5,0x8aa5,0x8285,0x8ae7,0x61e3,0x5962,0x59c3,0x4121,0x4122,0x4122,0x1820,0x51a4,0x4963,0x2840,
  0x28a1,0x4143,0x2880,0x30c1,0x2880,0x30a0,0x30a0,0x4102,0x4142,0x2860,0x1800,0x4942,0x7ac8,0x9b8a,0xac2c,0xbc8d,
  0xbc8d,0xc4ad,0xc4ee,0xccef,0xc4ef,0xbcef,0x7b08,0x51c3,0x6a86,0x59e4,0x59a4,0x61a5,0x61e5,0x38e2,0x1000,0x2061,
  0x4964,0x6a47,0x8b09,0xabcb,0xabea,0xb44b,0xb46c,0xa3ea,0x7a65,0x7204,0x8ae8,0x8287,0x5963,0x5143,0x38a1,0x40e2,
  0x4143,0x2060,0x1000,0x1860,0x1040,0x1820,0x4923,0x69c5,0x6184,0x38a1,0x1820,0x2080,0x59e4,0x6a45,0x69c4,0x61c5,
  0x4923,0x4942,0x5182,0x4900,0x7204,0xa3aa,0x9328,0x8286,0x69e3,0x7a66,0x6205,0x51a4,0x30e1,0x2880,0x1800,0x4103,
  0x4144,0x61e5,0x6183,0x69c4,0x7226,0x40c1,0x1800,0x38c1,0x4984,0x4123,0x4101,0x69e5,0x9329,0x8aa7,0x9b28,0xb3aa,
  0xa369,0xab8a,0xa36a,0xabaa,0x9b69,0x82c7,0x61c3,0x69e4,0x7286,0x936a,0x9b8b,0x9b4a,0x9329,0x7205,0x4922,0x4923,
  0x4922,0x4943,0x4923,0x40e2,0x5184,0x4102,0x4102,0x4102,0x3080,0x4102,0x4101,0x38e1,0x38c0,0x4921,0x4121,0x4101,
  0x30a0,0x2881,0x28c1,0x3103,0x20a1,0x1040,0x0800,0x2061,0x2080,0x1840,0x28c1,0x30e2,0x28a1,0x30c2,0x2040,0x1800,
  0x0800,0x30c2,0x3903,0x40e2,0x5143,0x69c5,0x5922,0x6142,0x6142,0x8a87,0x8287,0x61a5,0x38a1,0x2000,0x59c6,0x69e6,
  0x7205,0x71a3,0x71a3,0x8a25,0x7a05,0x71e5,0x69e6,0x5985,0x3060,0x3061,0x5984,0x5122,0x5962,0x69a4,0x5122,0x59a5,
  0x4123,0x1800,0x2881,0x5164,0x5142,0x5962,0x40e1,0x4122,0x2880,0x38c1,0x38c1,0x3060,0x40e0,0x40e1,0x38a1,0x4902,
  0x38c1,0x30a2,0x2881,0x1820,0x0800,0x1881,0x2061,0x2841,0x2820,0x2800,0x1800,0x2820,0x3081,0x5984,0x7a68,0xa3ad,
  0x7aa9,0x2061,0x1840,0x4122,0x61e4,0x5121,0x69c4,0x8ae9,0x9309,0x6183,0x6142,0x6163,0x5921,0x50e1,0x6184,0x5943,
  0x5943,0x3860,0x3880,0x5143,0x59c4,0x4122,0x1800,0x3080,0x4102,0x5984,0x6143,0x7184,0x71a4,0x79e4,0x71c4,0x69a4,
  0x8287,0x92a6,0xa2a4,0x9ae7,0x59e4,0x2860,0x4101,0x7a87,0x7aa7,0x30c1,0x2080,0x38e2,0x2880,0x2040,0x2860,0x38c0,
  0x4942,0x5142,0x5142,0x5162,0x4941,0x7246,0x6205,0x4122,0x30a0,0x2880,0x2880,0x28a1,0x28a1,0x2860,0x1820,0x0800,
  0x2081,0x4144,0x40e2,0x4964,0x28a1,0x1800,0x38e2,0x8ae8,0x8aa6,0x8ae7,0x8b08,0x59c4,0x38e1,0x4923,0x4964,0x4103,
  0x4103,0x30a1,0x30c2,0x2881,0x1000,0x1000,0x2040,0x3081,0x38e2,0x59a5,0x59a4,0x5964,0x61c4,0x4901,0x3880,0x5143,
  0x6205,0x61e5,0x61e5,0x38e2,0x1800,0x2881,0x28a1,0x2080,0x846e,0xa592,0xadb3,0x94af,0xa552,0xb5b2,0xb592,0xb592,
  0xbdb2,0xb551,0x62c7,0x8bec,0x8bcb,0x8bcc,0x6287,0x6ac8,0x8bab,0x7b28,0xa42c,0xbcce,0xa40b,0x72a6,0x7286,0x6246,
  0x59e5,0x30e1,0x2000,0x4123,0x6a05,0x8285,0x92c6,0x8aa5,0x8a85,0x8aa5,0x92c6,0x8285,0x8aa6,0x7a65,0x5962,0x59c3,
  0x4942,0x4122,0x4943,0x1800,0x3902,0x4963,0x30c1,0x2040,0x4123,0x30a1,0x30a1,0x30a1,0x38e2,0x30a0,0x38e1,0x4142,
  0x3901,0x2060,0x30a1,0x6a46,0x938b,0xa3cb,0xb42c,0xc4ce,0xc4ad,0xc4ce,0xc4ce,0xc4ef,0xcd30,0x8b69,0x5183,0x6a86,
  0x6a66,0x51a3,0x4943,0x59c5,0x38e2,0x1000,0x2060,0x4163,0x8309,0x9b6a,0xb3eb,0xaba9,0xb40b,0xac4b,0xb44c,0x7a85,
  0x6a03,0x7aa6,0x82a7,0x61c4,0x5143,0x4902,0x40e2,0x4943,0x30c1,0x1820,0x1840,0x1880,0x1020,0x3923,0x5984,0x69c5,
  0x5943,0x3060,0x1820,0x30e2,0x6a46,0x6a04,0x69c5,0x5164,0x4923,0x59c4,0x5162,0x69e3,0x9308,0x9b69,0x8ac7,0x61a2,
  0x7225,0x6a04,0x6a05,0x5184,0x38c1,0x1800,0x2020,0x4103,0x59c6,0x61a4,0x71c5,0x7a46,0x5963,0x3040,0x2020,0x5185,
  0x4943,0x38e1,0x40c1,0x82a8,0x8ac8,0x9b28,0xab6a,0xab69,0xab6a,0xab8a,0xa36a,0xa38a,0x8286,0x61a3,0x61a3,0x6a04,
  0x8b29,0x934a,0x932a,0x9329,0x8267,0x5122,0x5143,0x5164,0x5164,0x4943,0x5144,0x4943,0x40e2,0x38c1,0x40e2,0x38a1,
  0x40e2,0x3901,0x38e1,0x38e0,0x4101,0x4122,0x4122,0x30a0,0x30a0,0x30e2,0x3103,0x2081,0x1000,0x1840,0x2882,0x2081,
  0x2060,0x2881,0x30c2,0x30c2,0x30e2,0x2060,0x1000,0x1820,0x30a2,0x2881,0x3882,0x4903,0x5944,0x6143,0x6102,0x6102,
  0x9267,0x8a88,0x69e6,0x4923,0x2820,0x38c1,0x69e6,0x7206,0x79e4,0x79c3,0x8a24,0x8224,0x7a05,0x6a05,0x5185,0x2040,
  0x2841,0x5964,0x6965,0x6143,0x71a4,0x5922,0x5963,0x59c5,0x30c2,0x2020,0x4943,0x51a4,0x61a4,0x40e0,0x40e1,0x3081,
  0x38c1,0x40e1,0x3040,0x3880,0x4902,0x3880,0x38a1,0x4102,0x4123,0x30c1,0x2861,0x1820,0x1820,0x1020,0x2040,0x2800,
  0x3820,0x48c1,0x5902,0x7205,0x9b4a,0xa3ac,0xa34b,0x9b2b,0x69e6,0x2020,0x30e2,0x61e5,0x5122,0x5122,0x7a26,0x8ae8,
  0x7a46,0x5941,0x6163,0x5942,0x6142,0x5922,0x6164,0x5943,0x48e2,0x3860,0x40c1,0x59c5,0x51a4,0x1800,0x2861,0x40e1,
  0x5122,0x69c4,0x71a4,0x6963,0x79e6,0x71a4,0x6962,0x8225,0x92e8,0x9ac7,0xa2e6,0x8a65,0x59a4,0x30a0,0x5184,0x82c7,
  0x6204,0x1840,0x30e3,0x2080,0x30a1,0x2840,0x38c1,0x4901,0x5142,0x5162,0x5963,0x4101,0x5983,0x7267,0x5183,0x38c0,
  0x38e1,0x2880,0x38e2,0x30e2,0x30c2,0x2040,0x1000,0x1841,0x3924,0x38e2,0x5164,0x4123,0x30c2,0x1800,0x6205,0x8ae8,
  0x8aa6,0x8ae8,0x7aa8,0x4942,0x40e2,0x4963,0x4943,0x38c2,0x38c2,0x30c2,0x30e3,0x2060,0x1000,0x1840,0x2860,0x3080,
  0x4944,0x5984,0x5984,0x61a5,0x61c5,0x40c0,0x5122,0x5984,0x61c5,0x61e5,0x59a4,0x2020,0x2860,0x2060,0x28a1,0x28c2,
  0x7c4d,0xad93,0xadb2,0x9d11,0xad92,0xb5b3,0xad72,0xb592,0xad51,0x9c8e,0x7369,0x8c0c,0x7b8a,0x6ae8,0x5225,0x732a,
  0x836a,0x8349,0xb4ad,0xb48d,0x8328,0x6224,0x6a86,0x5a05,0x51c4,0x2060,0x2040,0x51a4,0x7245,0x8aa6,0x82a5,0x8ac5,
  0x8aa5,0x8a85,0x8285,0x8aa6,0x8285,0x6182,0x5182,0x59a3,0x38e1,0x4122,0x28a0,0x2040,0x4123,0x4123,0x2040,0x30a1,
  0x38e2,0x38c1,0x38c1,0x30a1,0x38e1,0x38e2,0x38e1,0x38e1,0x2880,0x2020,0x61e4,0x8309,0xa3ec,0xb44d,0xb46d,0xccee,
  0xc4ce,0xccef,0xc4ce,0xbc8e,0x93aa,0x51a3,0x5a04,0x6a46,0x51a3,0x4101,0x51c4,0x30e2,0x1000,0x1820,0x4143,0x7ae9,
  0x9bab,0xbc4c,0xb42b,0xb3ea,0xb44b,0xb46c,0x7ac6,0x7244,0x7224,0x82a7,0x7266,0x5143,0x38a0,0x3081,0x4143,0x3081,
  0x1800,0x1800,0x1000,0x1840,0x28a0,0x4964,0x59c4,0x61a4,0x4902,0x2820,0x1800,0x59e5,0x6a25,0x5983,0x5983,0x4943,
  0x4943,0x40e1,0x4100,0x7a66,0x9328,0x92e8,0x69e3,0x7224,0x69e4,0x61c4,0x4983,0x4143,0x2060,0x1800,0x30a1,0x59a5,
  0x61e5,0x61c5,0x7225,0x7a67,0x40e1,0x2000,0x38e2,0x4984,0x38e1,0x38c1,0x59c4,0x8b09,0x9308,0xa329,0xa369,0xa369,
  0xa36a,0xabab,0x9b49,0x7a66,0x61c3,0x6182,0x5162,0x82e8,0x8b29,0x932a,0x8b29,0x7a87,0x5122,0x48c1,0x4102,0x4102,
  0x38c1,0x4923,0x4923,0x40e2,0x3060,0x3080,0x38e1,0x4102,0x38c1,0x38e1,0x38e1,0x4122,0x3901,0x38e1,0x2880,0x30c1,
  0x3102,0x30c1,0x1840,0x1000,0x1820,0x2081,0x2081,0x2081,0x2881,0x30a2,0x2060,0x2080,0x2080,0x1820,0x1000,0x28a2,
  0x38e2,0x40e3,0x4923,0x61a5,0x50e2,0x5902,0x6942,0x9288,0x9287,0x71e6,0x4102,0x2020,0x38c2,0x5984,0x6184,0x7a25,
  0x7a04,0x8a24,0x8224,0x7a04,0x69e4,0x5984,0x30a1,0x2020,0x5165,0x69c6,0x6123,0x79c6,0x58c1,0x5943,0x6a26,0x4963,
  0x1000,0x4102,0x4943,0x61e5,0x5162,0x4100,0x30a0,0x38a1,0x40a1,0x3860,0x3880,0x48e1,0x40a0,0x38a0,0x38c1,0x40e2,
  0x3902,0x2881,0x1000,0x1000,0x1800,0x2020,0x38a0,0x6164,0x79e5,0x8226,0xa34a,0xb3cc,0xa36a,0xa36a,0xa36a,0x92e9,
  0x48e1,0x2000,0x4142,0x7246,0x48e1,0x61a4,0x7a86,0x82a7,0x50e0,0x6142,0x5921,0x5101,0x5101,0x5102,0x48e1,0x6184,
  0x3840,0x3020,0x5983,0x59c5,0x2040,0x1820,0x38c1,0x5121,0x71c3,0x79c4,0x71a3,0x79e5,0x71c5,0x6983,0x79c3,0x9aa6,
  0x9ae8,0xa308,0x9ac6,0x8286,0x38e1,0x2880,0x6204,0x82c7,0x4941,0x2040,0x28c2,0x2060,0x2860,0x3080,0x38c0,0x4901,
  0x5162,0x5142,0x4921,0x4922,0x6a26,0x59a4,0x38e1,0x30c1,0x2880,0x28a0,0x30e2,0x3923,0x2880,0x2020,0x1000,0x3924,
  0x3903,0x40e2,0x4943,0x38e2,0x1800,0x3081,0x7aa7,0x82a7,0x9308,0x9329,0x4942,0x4963,0x3901,0x4102,0x38e2,0x38c2,
  0x28a1,0x30a2,0x20a1,0x1820,0x1820,0x2060,0x2880,0x4102,0x5143,0x61a4,0x5983,0x61e5,0x5984,0x40c1,0x5122,0x61a4,
  0x61c4,0x61e6,0x4122,0x2020,0x2040,0x2880,0x2080,0x28c2,0x846f,0xa572,0xad93,0xa551,0xb5b3,0xad72,0xb572,0xb592,
  0xb572,0x7b8a,0x7b6a,0x944d,0x8bec,0x6ac8,0x49e5,0x7b4a,0x834a,0x93cb,0xb4ae,0xac2c,0x7265,0x7286,0x72a8,0x51e5,
  0x4143,0x1800,0x38e1,0x6205,0x82a7,0x8aa6,0x8aa5,0x8aa5,0x92c6,0x8aa5,0x8aa6,0x8ac6,0x7225,0x5141,0x61c4,0x4942,
  0x4102,0x3902,0x2020,0x30c2,0x51c5,0x30c1,0x2040,0x38e2,0x4102,0x38c1,0x4102,0x30a1,0x3081,0x4102,0x4122,0x38e1,
  0x2860,0x4962,0x7aa7,0xa3eb,0xac2c,0xac2c,0xbc8e,0xc4ee,0xccef,0xbc8e,0xccef,0x9baa,0x5983,0x6a46,0x6a26,0x51a4,
  0x59a4,0x5163,0x30e2,0x1020,0x1000,0x28a1,0x7a88,0x9b4a,0xabca,0xb42b,0xb42b,0xac0a,0xbc4d,0xa3cb,0x7224,0x7245,
  0x82a7,0x7266,0x61c4,0x4943,0x3081,0x30c2,0x4103,0x1820,0x1800,0x2040,0x2040,0x2040,0x4943,0x5163,0x61a5,0x5143,
  0x40e2,0x2020,0x38a1,0x6a25,0x6a05,0x5983,0x5984,0x4102,0x5164,0x38e0,0x5162,0x82c7,0x9b29,0x8266,0x69c3,0x6a04,
  0x69e4,0x59a4,0x5184,0x38e1,0x1800,0x2860,0x5164,0x59a4,0x6184,0x7205,0x7a67,0x61e5,0x3880,0x2020,0x5185,0x38e2,
  0x38c1,0x4101,0x82c8,0x9349,0xa349,0xa369,0xabab,0xa369,0xa34a,0x9b6a,0x8ae8,0x6182,0x7226,0x5982,0x8287,0x934a,
  0x934a,0x8b29,0x82c8,0x5163,0x3880,0x40c1,0x4902,0x38c1,0x4103,0x4923,0x4102,0x3080,0x3080,0x38a1,0x40e1,0x38e1,
  0x40e2,0x4102,0x4963,0x4122,0x38e1,0x2880,0x2880,0x30e1,0x3902,0x2040,0x1000,0x1000,0x28a1,0x2040,0x2881,0x28a2,
  0x30a2,0x2881,0x38e2,0x28c1,0x2060,0x1020,0x3903,0x28a1,0x38c2,0x5185,0x5964,0x6163,0x6984,0x6122,0x8226,0x8a67,
  0x8a68,0x5123,0x2840,0x2040,0x5985,0x69e5,0x7a05,0x79e4,0x8225,0x8224,0x79e4,0x6182,0x61a4,0x38c1,0x2040,0x3903,
  0x61c6,0x69c6,0x79c6,0x7184,0x6102,0x69e5,0x6225,0x2880,0x2040,0x5184,0x61c5,0x5163,0x4101,0x3900,0x38e0,0x40c1,
  0x40a1,0x3840,0x50e2,0x48c1,0x40a1,0x40e1,0x4922,0x4122,0x30a1,0x1800,0x2040,0x38c2,0x5143,0x5983,0x7a26,0x8aa7,
  0x9288,0x8a25,0xab6a,0xab8a,0xb3ab,0xa36a,0xab8b,0x7205,0x3020,0x3040,0x6a06,0x61a4,0x71e5,0x69c4,0x8287,0x5942,
  0x5922,0x6142,0x50e1,0x5921,0x50e1,0x48c1,0x6163,0x48c1,0x3820,0x48e2,0x69e5,0x2860,0x1800,0x38c2,0x48e2,0x69c4,
  0x71a3,0x6941,0x71a4,0x71c4,0x6163,0x71a4,0x9ac7,0xab07,0xab08,0xa308,0x92c7,0x7204,0x3081,0x30c1,0x7266,0x7ac7,
  0x30a0,0x2060,0x28a2,0x28a1,0x3080,0x38a0,0x48e1,0x5141,0x5162,0x5162,0x4922,0x59a4,0x61e5,0x40e1,0x4102,0x30e1,
  0x30a1,0x30c1,0x3923,0x30e2,0x2040,0x1800,0x38e3,0x4143,0x4103,0x4903,0x5164,0x30a1,0x1800,0x4962,0x8b29,0x8ae7,
  0x9308,0x7a67,0x4943,0x4122,0x38e2,0x38e2,0x4103,0x38c2,0x30a2,0x28a2,0x2081,0x0800,0x2081,0x2880,0x30a1,0x4922,
  0x5984,0x61a4,0x61a4,0x61e5,0x4943,0x40c1,0x5983,0x61a3,0x61e5,0x59c5,0x30a2,0x1800,0x30a1,0x30a1,0x28a2,0x3103,
  0x848e,0xa572,0x9d31,0xa552,0xb5d3,0xad92,0xad71,0xb592,0xb571,0x7bab,0x7b8a,0x8bec,0x7b8b,0x734a,0x5225,0x7b6a,
  0x7308,0xac6d,0xac6d,0x9bca,0x6204,0x8309,0x6aa8,0x51c5,0x2880,0x2020,0x4942,0x6a25,0x7aa5,0x8aa5,0x8aa5,0x92c6,
  0x8ac6,0x8ac6,0x82a6,0x8265,0x61c3,0x61a3,0x5183,0x4122,0x4142,0x30a1,0x1820,0x4984,0x4163,0x2860,0x2860,0x38c2,
  0x30a1,0x30a1,0x30a1,0x3080,0x30a0,0x38e1,0x4943,0x2860,0x28a0,0x6a46,0x82e7,0xb42c,0xa3eb,0xac0b,0xbc8d,0xccef,
  0xc4cf,0xc4ef,0x9369,0x7246,0x7aa7,0x6a26,0x59e4,0x59a4,0x59a5,0x4123,0x1000,0x0800,0x1840,0x6a87,0x934a,0x9b49,
  0xabca,0xabea,0xac0a,0xb44c,0xa3ea,0x82a6,0x7225,0x7a66,0x7ac7,0x5183,0x4122,0x4102,0x30e2,0x3923,0x2060,0x1800,
  0x2060,0x2880,0x2040,0x30a1,0x5163,0x5142,0x5984,0x5185,0x2860,0x2000,0x5163,0x7a66,0x5983,0x61c4,0x5163,0x4122,
  0x4121,0x4921,0x69e4,0x9308,0x8286,0x7225,0x69e4,0x69e4,0x61c4,0x59a4,0x4122,0x2020,0x2860,0x4102,0x5163,0x6184,
  0x69a4,0x69a4,0x6a06,0x40e1,0x2000,0x4103,0x4964,0x30a1,0x38c1,0x5983,0x8b08,0x9308,0x9b28,0xa349,0xa369,0xa38a,
  0x9b6a,0x9349,0x5983,0x69e4,0x61e4,0x61a4,0x9329,0x9b4a,0x8b29,0x7a67,0x4942,0x4922,0x4943,0x38c1,0x38a1,0x4923,
  0x4143,0x4123,0x3080,0x3080,0x38c1,0x4102,0x38c1,0x40c1,0x38e1,0x4122,0x3901,0x30a0,0x2040,0x28a1,0x30e2,0x30e2,
  0x1840,0x1000,0x1820,0x2880,0x2060,0x2880,0x2881,0x30a1,0x28a1,0x30c2,0x30c2,0x2881,0x0800,0x30e2,0x30c1,0x30a1,
  0x4923,0x5984,0x5963,0x5922,0x5921,0x71c4,0x8267,0x8aa8,0x6184,0x3881,0x1800,0x5163,0x5963,0x7205,0x7a05,0x8205,
  0x7a25,0x7a25,0x5962,0x5963,0x3080,0x2820,0x4103,0x59a5,0x5984,0x6184,0x69c5,0x6144,0x61a5,0x4923,0x2860,0x1800,
  0x4142,0x59a4,0x5984,0x4902,0x3080,0x38e0,0x4101,0x40c1,0x3060,0x48c1,0x48e2,0x40a1,0x40c1,0x4102,0x38e1,0x4102,
  0x2020,0x2020,0x4922,0x7227,0x7226,0x8287,0x8266,0x79e5,0x81e4,0xa2c7,0xb369,0xbb8a,0xab69,0xab8a,0x9329,0x5122,
  0x2800,0x5964,0x7206,0x69a4,0x7205,0x7206,0x6163,0x5101,0x5921,0x5922,0x5101,0x5922,0x48c1,0x50e1,0x5964,0x3020,
  0x40a1,0x6a06,0x40e1,0x2000,0x3080,0x4903,0x5964,0x71c4,0x5900,0x6962,0x71c4,0x6983,0x6142,0x8a66,0xab08,0xab07,
  0xa2e7,0xa308,0x7a67,0x5143,0x2840,0x4942,0x7287,0x6205,0x2040,0x28c1,0x28a1,0x30c2,0x30a0,0x40a0,0x48e0,0x5963,
  0x4921,0x5142,0x4921,0x59c4,0x4101,0x38c0,0x30c0,0x30a1,0x2880,0x3922,0x30e1,0x2880,0x1000,0x30a1,0x59c5,0x48e2,
  0x40e1,0x5164,0x4123,0x2840,0x1800,0x7287,0x82e7,0x8ae7,0x7a87,0x61c5,0x4944,0x40e2,0x30c1,0x4123,0x38e2,0x3903,
  0x28a1,0x2881,0x1020,0x1820,0x2060,0x28a0,0x30a0,0x5142,0x5983,0x6183,0x61c4,0x61c5,0x38c1,0x40e1,0x5983,0x69c4,
  0x59c4,0x5184,0x2020,0x2020,0x3080,0x38a1,0x2881,0x3103,0x848f,0x9d31,0x94d0,0x9d31,0xbdf4,0xad92,0xb592,0xb572,
  0x948e,0x7baa,0x8bec,0x7b6a,0x7b4a,0x6ae8,0x6ac8,0x7349,0x72e7,0xb4ae,0xbcae,0x82e7,0x7266,0x7aa8,0x72a8,0x4963,
  0x2020,0x30c0,0x6204,0x7a85,0x8ac6,0x8285,0x92e7,0x8ac6,0x8ac6,0x8aa6,0x8266,0x69c3,0x61a3,0x5983,0x4101,0x38e1,
  0x3902,0x1000,0x38e3,0x51a5,0x30c1,0x2020,0x38e2,0x3080,0x30a1,0x3081,0x3080,0x30a1,0x40e2,0x38e1,0x38a1,0x2860,
  0x59e5,0x7ac7,0xac0b,0xb44c,0xb44c,0xac4c,0xb44d,0xbc8e,0xc4cf,0x938a,0x59c4,0x6a46,0x7aa8,0x59c5,0x5164,0x59c6,
  0x4104,0x1820,0x1000,0x1000,0x51a3,0x938a,0xa3aa,0x9b69,0xbc4c,0xac0b,0xbc6d,0xb44c,0x9b49,0x69e4,0x7205,0x82a7,
  0x61c4,0x4942,0x38e1,0x30e2,0x3103,0x28c2,0x1000,0x1800,0x30c2,0x2840,0x3080,0x4943,0x69e5,0x69a4,0x5984,0x3903,
  0x2040,0x38c1,0x7a46,0x71c4,0x6183,0x5163,0x4963,0x4142,0x38c0,0x4921,0x8287,0x92e8,0x7225,0x61c3,0x7a66,0x69e5,
  0x61e5,0x4122,0x2861,0x2020,0x4103,0x5164,0x69e6,0x71e5,0x7a05,0x7226,0x61c5,0x3060,0x2000,0x4985,0x4144,0x30a1,
  0x4922,0x7225,0x9308,0x92e7,0xa349,0x9b28,0xa34a,0xa36a,0xa3ab,0x6a45,0x61a3,0x6a05,0x61c4,0x8287,0x9b4a,0x932a,
  0x7a67,0x5142,0x40e2,0x4102,0x4943,0x30c1,0x4103,0x4964,0x4123,0x38a1,0x38a1,0x38c1,0x40e2,0x40e1,0x40e2,0x40e1,
  0x4922,0x38e1,0x3080,0x2860,0x30c1,0x3103,0x3924,0x2060,0x1000,0x1820,0x30a1,0x2881,0x2860,0x2880,0x38c2,0x38c2,
  0x38e2,0x2881,0x2020,0x2000,0x38c1,0x30a1,0x38a1,0x5164,0x5164,0x5943,0x6163,0x6142,0x71a3,0x8246,0x92c9,0x7a67,
  0x38a1,0x1800,0x4943,0x61e5,0x7a06,0x79e5,0x8a26,0x79e5,0x8246,0x69e5,0x5984,0x3081,0x2820,0x4102,0x69e6,0x61a5,
  0x69c5,0x6a06,0x61c6,0x40e2,0x38c2,0x2020,0x1800,0x30a1,0x6a47,0x5183,0x4922,0x4102,0x40e2,0x30a0,0x40e2,0x38a0,
  0x40c1,0x4902,0x48c1,0x40a1,0x48e2,0x4122,0x4943,0x2860,0x2820,0x40e1,0x7206,0x8247,0x7a06,0x79e4,0x9286,0x8a45,
  0x9286,0xb389,0xbb6a,0xbb8a,0xbbaa,0xabcb,0x8286,0x3060,0x40a1,0x7206,0x6985,0x7206,0x71e5,0x69c4,0x5902,0x50e1,
  0x5922,0x5101,0x5922,0x48c1,0x48c1,0x5963,0x48a1,0x40a1,0x61a5,0x5184,0x2020,0x2860,0x5123,0x5964,0x79c6,0x6963,
  0x71a4,0x71e4,0x71e4,0x69a2,0x8245,0xa308,0xab09,0xab08,0xaae7,0x9b28,0x7247,0x2860,0x3081,0x6204,0x82e8,0x38c1,
  0x2860,0x30e2,0x38e2,0x2860,0x40e2,0x40c0,0x5122,0x5142,0x5983,0x4101,0x5142,0x4922,0x38e1,0x3901,0x30a0,0x2880,
  0x38e2,0x3943,0x28a1,0x1800,0x2040,0x4984,0x5163,0x50e1,0x6163,0x5984,0x4124,0x1000,0x4122,0x8308,0x8ac7,0x8b08,
  0x7a87,0x4922,0x4923,0x4102,0x4123,0x3902,0x30c1,0x38e2,0x30e2,0x1020,0x1020,0x2080,0x28a1,0x30c1,0x4101,0x5142,
  0x69c4,0x5983,0x6a05,0x5183,0x38c1,0x4122,0x61c4,0x69e4,0x61c5,0x4123,0x2020,0x2040,0x30a0,0x30a0,0x28a1,0x28a2,
  0x7c2d,0x9d31,0x848e,0x9d10,0xb5b3,0xad92,0xad72,0xad51,0x6b69,0x62e8,0x83ec,0x7b8b,0x734a,0x62a8,0x6ae8,0x6b08,
  0x7b28,0xb4ae,0xa42c,0x7265,0x7266,0x7267,0x6227,0x38e2,0x2020,0x4963,0x7265,0x8ae6,0x8ae6,0x8aa6,0x8ac6,0x8ac6,
  0x8aa6,0x8286,0x69e3,0x5982,0x5983,0x5162,0x4101,0x4943,0x2880,0x2881,0x49a5,0x4143,0x1820,0x2881,0x30c1,0x30a1,
  0x3080,0x3081,0x3060,0x40e2,0x30a1,0x38c1,0x1800,0x5184,0x7b09,0x938a,0xb42b,0xbc6c,0xbc8d,0xc4ce,0xbcae,0xbccf,
  0x9bcb,0x61e4,0x59e4,0x6205,0x5163,0x59a4,0x59c4,0x38c2,0x1000,0x1021,0x1000,0x30a1,0x82e7,0x9b89,0xa3c9,0xa3e9,
  0xac0a,0xb44c,0xb44c,0xa3aa,0x7245,0x69e4,0x69e4,0x6a05,0x4922,0x38c1,0x38e2,0x30c2,0x28e2,0x1000,0x0800,0x2061,
  0x2040,0x2840,0x38c1,0x69e5,0x69e5,0x69a4,0x5984,0x28e3,0x1000,0x4123,0x7a45,0x79e4,0x6183,0x4101,0x4142,0x4142,
  0x30a0,0x5982,0x8287,0x8266,0x69c4,0x69c4,0x7225,0x6a05,0x5163,0x3080,0x1800,0x4103,0x4103,0x69e6,0x7a47,0x7a26,
  0x71a3,0x8288,0x4943,0x2860,0x2881,0x4965,0x3902,0x30c1,0x4942,0x82a7,0x92e7,0xa348,0xa348,0xa349,0x9b49,0x9309,
  0x6a25,0x4921,0x61c4,0x5983,0x7225,0x930a,0x8ae8,0x82a8,0x5122,0x40c1,0x4943,0x40e2,0x2860,0x4123,0x4143,0x4102,
  0x30a1,0x3081,0x38a0,0x40e2,0x38c1,0x40c1,0x38c1,0x40e2,0x38c1,0x38a0,0x2880,0x38e2,0x4143,0x3103,0x2081,0x1000,
  0x1000,0x2860,0x28a0,0x30a1,0x30a0,0x3060,0x30a1,0x4123,0x30a1,0x2020,0x2020,0x40e2,0x38a1,0x3881,0x61c6,0x4923,
  0x5943,0x6184,0x5921,0x69a3,0x8a86,0x8ac8,0x7246,0x4102,0x1820,0x30a1,0x6a25,0x7226,0x7a25,0x8a46,0x79c4,0x7a06,
  0x61a5,0x5164,0x4123,0x1820,0x3902,0x7227,0x6983,0x71c4,0x7206,0x61a4,0x2860,0x2061,0x28e2,0x28a2,0x1800,0x5184,
  0x59e5,0x4922,0x38e0,0x4122,0x38c1,0x3881,0x30a0,0x38a0,0x40e1,0x48e1,0x3860,0x48e2,0x4902,0x4102,0x30a0,0x1800,
  0x3060,0x69c5,0x7a06,0x8a47,0x9267,0x8a25,0x79e3,0x8a25,0xa2e7,0xc3cb,0xbb69,0xbb8a,0xbbcb,0xab8a,0x5162,0x2860,
  0x5163,0x7207,0x6144,0x71c5,0x7206,0x50e1,0x50e1,0x5102,0x5922,0x50e1,0x48c1,0x48c0,0x48c0,0x5122,0x3040,0x5963,
  0x5984,0x2840,0x2061,0x30a1,0x5943,0x8a47,0x6923,0x79e5,0x7a06,0x69c4,0x5981,0x7a44,0x9b07,0xab28,0xab08,0xb329,
  0xb328,0xa349,0x51c6,0x2040,0x4922,0x82a7,0x7286,0x1840,0x28c1,0x30e1,0x30c1,0x2840,0x40c1,0x48e1,0x5121,0x5121,
  0x5162,0x4101,0x4101,0x38c0,0x38c1,0x4102,0x30a0,0x30c1,0x38e2,0x30e2,0x1820,0x1820,0x3923,0x51c5,0x48e1,0x5921,
  0x6983,0x5964,0x3081,0x2040,0x6a67,0x82e8,0x82e7,0x8b29,0x59c4,0x38a1,0x38c1,0x38e2,0x3902,0x38e2,0x2860,0x30a1,
  0x2060,0x1000,0x1020,0x20a0,0x28a0,0x3902,0x4121,0x5983,0x61a3,0x61a3,0x61c3,0x4102,0x30a0,0x5163,0x61c4,0x69e4,
  0x5183,0x30c2,0x1000,0x2881,0x3080,0x38a0,0x28a1,0x28a2,0x844e,0xa552,0x94d0,0x9d10,0xb5d4,0xad72,0xb593,0xa531,
  0x7bcb,0x6308,0x8c2d,0x7b6a,0x7b6b,0x6ae8,0x6ae8,0x62a7,0x9c2c,0xb4ae,0x9369,0x7286,0x7246,0x7ac8,0x51e5,0x2060,
  0x3081,0x5163,0x7a86,0x8b07,0x92e6,0x92c6,0x8ac6,0x8ac6,0x92e7,0x7a65,0x69e4,0x5962,0x5142,0x40e1,0x5163,0x4122,
  0x1800,0x4964,0x51a5,0x2881,0x2020,0x38e2,0x30c1,0x30c1,0x2860,0x2860,0x38a1,0x3060,0x4103,0x2820,0x38c1,0x6a46,
  0x8329,0xa3ca,0xac0b,0xbcad,0xc4ad,0xbc6d,0xc4ae,0x9baa,0x6204,0x6205,0x7267,0x5183,0x59a5,0x59c5,0x4103,0x1000,
  0x1041,0x1021,0x2020,0x59a4,0x9308,0xabc9,0xa3c9,0xa3e9,0xa3ca,0xb44d,0xbc4d,0x82a7,0x6183,0x6a04,0x6a05,0x5163,
  0x4902,0x30a0,0x30a1,0x3923,0x2061,0x0800,0x20a1,0x3103,0x2020,0x2860,0x5143,0x69e5,0x71e5,0x69a4,0x59a5,0x1860,
  0x2060,0x61e5,0x7a45,0x71c3,0x69c4,0x38a0,0x49a4,0x3101,0x4101,0x6a25,0x8aa7,0x61a2,0x69e4,0x7225,0x6a06,0x61e5,
  0x40e2,0x1800,0x2861,0x38c1,0x61c6,0x61c5,0x69c5,0x71e5,0x8226,0x5122,0x38c2,0x1000,0x4144,0x4964,0x4103,0x38e1,
  0x61c4,0x82a6,0x9308,0xa369,0xa369,0x9b28,0x9b4a,0x7a66,0x40e1,0x61e4,0x61c4,0x61e5,0x8ac9,0x930a,0x8288,0x5963,
  0x4902,0x4102,0x40e2,0x30c1,0x4123,0x4144,0x38e2,0x2880,0x3080,0x38c1,0x4102,0x40c1,0x40e2,0x40e2,0x40e2,0x38e1,
  0x30a1,0x2860,0x38c1,0x38e2,0x3903,0x2081,0x1000,0x1000,0x2061,0x2860,0x3081,0x30a1,0x38a1,0x38e2,0x4102,0x3080,
  0x2020,0x2840,0x4123,0x3880,0x48c1,0x5123,0x5124,0x61c5,0x5944,0x50e2,0x8246,0x7a04,0x8246,0x82a7,0x5183,0x2020,
  0x2861,0x6205,0x7205,0x7a04,0x8a25,0x81e5,0x8246,0x71e5,0x69c5,0x4123,0x2000,0x4123,0x6a28,0x69c5,0x69c4,0x6183,
  0x5122,0x2840,0x30e2,0x3964,0x2903,0x1000,0x30a2,0x61e6,0x5143,0x38c0,0x4922,0x38c1,0x3061,0x38a2,0x38a0,0x38c0,
  0x40e1,0x38a0,0x38a0,0x40e2,0x5164,0x4102,0x2820,0x2840,0x61a4,0x8267,0x81e5,0x81c4,0x9a87,0x9a66,0x8a04,0x9ac7,
  0xbbaa,0xb349,0xbb8a,0xbb8a,0xbbec,0x9308,0x38a0,0x3080,0x61e5,0x69a6,0x71c6,0x7a26,0x5922,0x50e1,0x50e1,0x6163,
  0x50e2,0x50e1,0x50e1,0x48c1,0x5102,0x3040,0x5123,0x5984,0x40c2,0x1800,0x3902,0x5163,0x69a5,0x79e5,0x79c5,0x7a06,
  0x6984,0x6183,0x69a3,0x92c6,0xab48,0xa307,0xb36a,0xab28,0xbb49,0x92e8,0x3924,0x2020,0x69c4,0x8ae8,0x59a3,0x1820,
  0x3944,0x28a0,0x2880,0x30c1,0x40e2,0x48e1,0x5121,0x5162,0x4901,0x4922,0x4102,0x38e1,0x38e1,0x2880,0x30e1,0x28c1,
  0x30c1,0x2040,0x1800,0x30a0,0x6206,0x4943,0x5983,0x6141,0x5922,0x5964,0x1820,0x3903,0x8309,0x8b08,0x9b69,0x6a45,
  0x38c1,0x38e2,0x30a1,0x2860,0x30c1,0x38e2,0x2881,0x2060,0x1820,0x1000,0x2081,0x1860,0x30c1,0x4101,0x5163,0x61c4,
  0x61a3,0x61c3,0x61a4,0x30a0,0x38a1,0x5984,0x61e4,0x61c4,0x4943,0x1840,0x1820,0x2881,0x3080,0x3080,0x30e2,0x28a2,
  0x7c4d,0x94d0,0x94d0,0xad93,0xadb2,0xb5b2,0xad92,0xa510,0x7baa,0x8c2d,0x738a,0x62e8,0x7bab,0x62a7,0x6ae8,0x6aa7,
  0x9c2c,0xac8e,0x7ae7,0x7ac7,0x72c7,0x6267,0x3942,0x2080,0x30c1,0x61e5,0x7aa7,0x8ac7,0x8ae6,0x92c6,0x8aa5,0x92e7,
  0x82c6,0x6a04,0x5162,0x5163,0x4122,0x4102,0x4963,0x2881,0x2040,0x59e6,0x4143,0x2000,0x30a1,0x30c1,0x38e1,0x2880,
  0x2060,0x30c1,0x2881,0x38e3,0x2840,0x3060,0x59c4,0x7aa6,0x9bc9,0xa40a,0xac4b,0xbc8d,0xc48d,0xc48e,0x9b69,0x6a04,
  0x6224,0x7287,0x59a4,0x5985,0x4964,0x38e3,0x1820,0x1020,0x1840,0x1000,0x30a1,0x82c8,0x9349,0xabca,0xa3a9,0xabca,
  0xa3ca,0xb42c,0x9b69,0x69c4,0x61e4,0x6a05,0x4942,0x4963,0x30c0,0x30c1,0x38e2,0x2881,0x1000,0x1820,0x3103,0x2882,
  0x1800,0x4923,0x61c4,0x61a4,0x7205,0x7206,0x4943,0x1860,0x30c1,0x7a67,0x69c3,0x69c3,0x4900,0x40e1,0x4123,0x3902,
  0x3941,0x6a25,0x8245,0x6161,0x6182,0x7246,0x7267,0x4964,0x1800,0x2860,0x38a1,0x5122,0x69e5,0x71e5,0x69e4,0x71e5,
  0x7205,0x5184,0x2080,0x2881,0x4163,0x4123,0x38a0,0x5962,0x7245,0x8ae7,0x9308,0xa369,0x9b69,0x9b6a,0x82a7,0x5122,
  0x61a3,0x61c4,0x61c4,0x8b09,0x8309,0x7267,0x5183,0x4102,0x3901,0x38c1,0x30a1,0x4103,0x4123,0x38e2,0x2880,0x30c1,
  0x30c0,0x40e1,0x40c2,0x48e2,0x40c2,0x38c2,0x3080,0x2881,0x2060,0x30c2,0x3903,0x30c2,0x1820,0x1800,0x1800,0x2840,
  0x2060,0x30a1,0x30a1,0x30c2,0x38e2,0x38e2,0x2860,0x2000,0x2860,0x4103,0x38c1,0x48c1,0x5942,0x5143,0x5984,0x5143,
  0x48e2,0x8a48,0x8227,0x8a46,0x8aa7,0x61c3,0x2020,0x3060,0x51a4,0x7225,0x7a04,0x8a45,0x8225,0x8225,0x69e4,0x5983,
  0x4942,0x2840,0x40a1,0x7207,0x7a47,0x6185,0x4102,0x30a0,0x2040,0x4123,0x4984,0x38e3,0x2040,0x2020,0x4964,0x61e6,
  0x38a0,0x38c1,0x4101,0x38a0,0x40e1,0x40c1,0x3880,0x40c0,0x3060,0x40c1,0x4902,0x4903,0x48e2,0x3040,0x2800,0x5102,
  0x7205,0x79e5,0x79c4,0x81e4,0x9245,0x81e4,0x9286,0xbb8a,0xb369,0xbb89,0xb369,0xbbcb,0xabab,0x69e5,0x2000,0x5143,
  0x59c5,0x5963,0x69c5,0x6163,0x5101,0x6163,0x5901,0x6963,0x48a0,0x5902,0x48c1,0x40e1,0x3080,0x4122,0x4964,0x40e2,
  0x1800,0x3881,0x5101,0x7a26,0x69c4,0x69a4,0x79e5,0x6983,0x6142,0x6962,0x92a7,0xab28,0xa328,0xab49,0xab28,0xab4a,
  0x9b08,0x7246,0x2881,0x30a1,0x82a6,0x7a45,0x38c0,0x28a1,0x28e2,0x30c1,0x2860,0x38e1,0x4922,0x5121,0x5121,0x5141,
  0x38c0,0x30a1,0x30a1,0x38c2,0x38e1,0x2880,0x2080,0x28e2,0x28e2,0x1000,0x3080,0x7206,0x5942,0x5984,0x6184,0x6162,
  0x5142,0x40e2,0x1800,0x6227,0x8b09,0x9308,0x8b28,0x59e5,0x2080,0x3902,0x2860,0x3080,0x30c0,0x3922,0x2060,0x1020,
  0x0800,0x1840,0x2060,0x28a1,0x3080,0x5143,0x5963,0x69a4,0x6162,0x6a05,0x4122,0x3060,0x4901,0x6183,0x61a3,0x59c4,
  0x30e1,0x0800,0x1840,0x30a2,0x2861,0x3081,0x2860,0x30e2,0x7c2d,0x848f,0x9d11,0xb5d3,0xad72,0xad92,0xb5b3,0x9d10,
  0x73aa,0x83eb,0x734a,0x6b09,0x8bec,0x62c7,0x62a7,0x7b09,0xa44d,0x9bec,0x6a66,0x7b08,0x72a7,0x6246,0x30e2,0x1840,
  0x4163,0x6205,0x8b29,0x8ae7,0x92e7,0x92e6,0x92c6,0x8ae7,0x7a45,0x5982,0x5163,0x4102,0x40e1,0x4984,0x38c2,0x2020,
  0x4964,0x4964,0x38c2,0x3081,0x38c2,0x30c1,0x38e1,0x28a0,0x28a0,0x28a0,0x38e2,0x38c2,0x2020,0x4923,0x6a25,0x9368,
  0xb44b,0xac4b,0xb48d,0xc4ce,0xc4ae,0xabeb,0x7a25,0x61c3,0x7246,0x59c4,0x51a4,0x51c5,0x4123,0x1820,0x1000,0x28c2,
  0x2061,0x1000,0x59c4,0x936a,0x9b8a,0xabeb,0xb3eb,0xabaa,0xabeb,0x9b8a,0x7246,0x7266,0x6a05,0x5142,0x4963,0x30e1,
  0x38e2,0x28a0,0x38e2,0x1800,0x1800,0x3903,0x4124,0x1800,0x30a1,0x61e5,0x61a4,0x69c4,0x7a46,0x5984,0x38c1,0x1840,
  0x5163,0x7226,0x69c4,0x5141,0x4901,0x51a4,0x40e2,0x3902,0x51c4,0x82a7,0x71c3,0x6961,0x7a04,0x6a05,0x5184,0x2881,
  0x2040,0x38c2,0x5164,0x61a4,0x71e4,0x71e4,0x71e5,0x7205,0x6a05,0x4943,0x1820,0x3103,0x4964,0x38a0,0x5142,0x61a3,
  0x8ac7,0x8ac7,0xabaa,0x9308,0x9b49,0x9349,0x69c4,0x5962,0x61a4,0x5963,0x8ac8,0x8b09,0x7ac8,0x51a4,0x4942,0x4122,
  0x38e1,0x30a0,0x4103,0x4103,0x40e2,0x3081,0x30a1,0x30c1,0x4102,0x4102,0x4102,0x40c2,0x38a2,0x3081,0x3081,0x2060,
  0x2881,0x30c2,0x30c2,0x1840,0x1800,0x2020,0x3081,0x3081,0x2881,0x2881,0x38c2,0x38e2,0x38e2,0x30a1,0x1800,0x2861,
  0x4102,0x30a1,0x40c2,0x5122,0x6183,0x7226,0x6164,0x5923,0x8a89,0x8a68,0x8a48,0x8a87,0x7a25,0x3060,0x3040,0x5142,
  0x7226,0x7225,0x8224,0x7a04,0x7a25,0x69c4,0x61a4,0x4943,0x2000,0x40c2,0x8288,0x7a47,0x61a5,0x4102,0x2060,0x28c2,
  0x4164,0x4123,0x4103,0x30a1,0x1800,0x38e2,0x6206,0x4102,0x40e2,0x4102,0x40e2,0x3880,0x3880,0x3080,0x3880,0x40c1,
  0x48e1,0x40a0,0x48e2,0x4903,0x3861,0x2800,0x50c2,0x7a27,0x8a47,0x79c4,0x79c4,0x9a87,0x8204,0x81e4,0xb36a,0xb36a,
  0xc3ca,0xb369,0xbbcb,0xb3cb,0x9b4a,0x3040,0x3881,0x61c5,0x61a5,0x5984,0x5943,0x48c0,0x6183,0x6163,0x6122,0x6102,
  0x5902,0x50e1,0x5122,0x40c1,0x3901,0x59e5,0x4943,0x2020,0x3881,0x5963,0x71a4,0x8246,0x71c4,0x69c4,0x7a05,0x6983,
  0x8225,0x8224,0xab08,0xab28,0xab28,0xab48,0xab49,0xab6a,0x9b29,0x5163,0x30a1,0x5984,0x8aa7,0x71e3,0x2840,0x3103,
  0x3103,0x28a0,0x38a0,0x38c1,0x4101,0x5162,0x5162,0x4100,0x38a0,0x30c1,0x38c2,0x30a1,0x3081,0x2880,0x28c1,0x1860,
  0x1860,0x2040,0x61e6,0x7a06,0x5902,0x6184,0x5122,0x61a3,0x69e5,0x2860,0x2860,0x7ac9,0x9349,0x82c7,0x8ae8,0x4122,
  0x3923,0x3902,0x30a1,0x30a0,0x38e2,0x3102,0x2081,0x1000,0x1020,0x1860,0x28a2,0x2880,0x4102,0x5183,0x69c4,0x69c4,
  0x69a3,0x6205,0x3902,0x3080,0x5122,0x5962,0x61c4,0x4983,0x28c0,0x1000,0x28c2,0x30a2,0x3082,0x3081,0x30a1,0x30e2,
  0x7c2d,0x846e,0x94f0,0xb5d4,0xa551,0xad92,0xad92,0x948e,0x73aa,0x8c0c,0x6b29,0x738a,0x7b8a,0x5a87,0x62a7,0x838b,
  0xa46e,0x8b8a,0x6a66,0x72e8,0x6a67,0x51e5,0x1020,0x28a1,0x59e5,0x6205,0x82c7,0x92e7,0x9307,0x9307,0x82a5,0x8ae7,
  0x61a2,0x5141,0x4942,0x4101,0x38e1,0x4123,0x2060,0x2881,0x51a5,0x4964,0x2020,0x38c1,0x30a1,0x38c1,0x2880,0x2880,
  0x2880,0x30c1,0x38e1,0x1800,0x38c1,0x61e5,0x82c7,0xb46d,0xb42b,0xbc8d,0xb46c,0xbcad,0xac4c,0x7a86,0x69e3,0x71e4,
  0x69c4,0x5984,0x51a4,0x3963,0x1040,0x1840,0x28a1,0x30c2,0x1800,0x2860,0x72c8,0xa3cb,0xa3aa,0xb42b,0xb3ea,0xabca,
  0xabeb,0x82a7,0x61c4,0x7246,0x5142,0x4922,0x4101,0x28a0,0x28a1,0x38e2,0x1820,0x1800,0x2881,0x4965,0x1820,0x2861,
  0x4943,0x5984,0x5162,0x69c4,0x69e5,0x5184,0x2040,0x2040,0x59c4,0x69e5,0x61c4,0x4901,0x40e0,0x5163,0x3080,0x4122,
  0x6246,0x82a7,0x6161,0x69c3,0x7a65,0x59a4,0x30a0,0x2020,0x2881,0x4923,0x59a4,0x7205,0x69c4,0x7a05,0x6183,0x7206,
  0x61e5,0x38a1,0x1820,0x4123,0x3902,0x40e1,0x4101,0x82a7,0x8ae7,0x9308,0x9308,0x9328,0x9b6a,0x7a66,0x4921,0x61a4,
  0x5142,0x69e5,0x7aa8,0x7aa8,0x5183,0x4122,0x38e1,0x38e1,0x30c0,0x38e2,0x3902,0x38e2,0x3080,0x30a1,0x30a1,0x40e1,
  0x4102,0x4122,0x30e2,0x30e1,0x2880,0x30a1,0x30a1,0x38a2,0x38c2,0x30a2,0x1820,0x1000,0x1020,0x2861,0x2040,0x30a1,
  0x30c2,0x30c2,0x30a1,0x3902,0x2860,0x1800,0x2880,0x5163,0x40e2,0x40c2,0x5143,0x6184,0x71e5,0x6963,0x6143,0x8227,
  0x92c9,0x8a68,0x8247,0x7a47,0x48c1,0x2800,0x4921,0x7226,0x6a05,0x7205,0x7204,0x7a66,0x6a05,0x6184,0x4101,0x2820,
  0x40e1,0x7a88,0x7247,0x5984,0x2820,0x2020,0x30a1,0x4964,0x4124,0x30c2,0x2060,0x2020,0x2860,0x59e6,0x5164,0x38a1,
  0x4102,0x40e1,0x3060,0x38a1,0x3060,0x3880,0x40a0,0x4080,0x40c1,0x4902,0x4122,0x4101,0x2000,0x3861,0x71c5,0x81e6,
  0x8a46,0x79a4,0x79c3,0x9286,0x81e4,0xa2e8,0xc3eb,0xbbaa,0xbbaa,0xb38a,0xab89,0xabcb,0x6a05,0x2000,0x40c1,0x5184,
  0x5963,0x6184,0x40a0,0x50e0,0x6183,0x6142,0x6122,0x50c1,0x50e1,0x5902,0x3880,0x3080,0x5184,0x59a4,0x2860,0x2840,
  0x5163,0x6184,0x71c4,0x8226,0x69a4,0x7a05,0x69c4,0x6983,0x8a65,0xa2e8,0xa308,0xab28,0xab08,0xab49,0xab48,0xab6a,
  0x8ae8,0x5163,0x30a0,0x7246,0x82a7,0x61a3,0x30a0,0x3902,0x28c2,0x28a1,0x2880,0x38c1,0x40e1,0x5162,0x4101,0x38c0,
  0x3080,0x38e1,0x30c1,0x30c1,0x1820,0x28a1,0x3102,0x2061,0x1000,0x5164,0x6a05,0x5122,0x6163,0x5122,0x5122,0x61c5,
  0x4942,0x1820,0x4123,0x8309,0x8b29,0x8ae8,0x6a25,0x4101,0x3902,0x3903,0x30c1,0x30c1,0x30e1,0x28a1,0x1020,0x1000,
  0x1020,0x2060,0x28a1,0x30a1,0x4963,0x59a3,0x61c3,0x61c4,0x61a3,0x59c4,0x30c0,0x38c1,0x5963,0x6183,0x61a4,0x4122,
  0x1840,0x1860,0x28c2,0x2881,0x2861,0x3061,0x30a1,0x30c1,0x846f,0x8caf,0x94f0,0xadb3,0xb5b3,0xad71,0xb5b3,0x738a,
  0x7bab,0x840c,0x6b29,0x83ec,0x6b09,0x5a66,0x7b49,0x8bab,0xac8f,0x7ae8,0x7b09,0x6246,0x6247,0x3903,0x1800,0x3902,
  0x6206,0x6a66,0x8ae7,0x8ae6,0x92e7,0x92e7,0x8ae7,0x7a45,0x61c3,0x5162,0x5163,0x4101,0x4102,0x30a1,0x2020,0x4143,
  0x59e6,0x30c2,0x2840,0x30c1,0x38e2,0x30c1,0x2881,0x2860,0x30c1,0x38e2,0x2881,0x2040,0x61e5,0x7286,0x9bab,0xb44c,
  0xbc4c,0xb44c,0xbc8d,0xac4c,0x7aa6,0x7265,0x7266,0x69c4,0x6184,0x59a4,0x38e2,0x1840,0x1020,0x28c2,0x38e3,0x2820,
  0x2000,0x4963,0x938b,0x9b8a,0xabcb,0xabea,0xb40b,0xb40b,0x9b69,0x59a2,0x7246,0x59a4,0x4922,0x4902,0x38c1,0x28a0,
  0x38e2,0x2860,0x1800,0x2880,0x4985,0x3903,0x1800,0x4123,0x61e6,0x59a4,0x69e5,0x69c4,0x69e5,0x4963,0x2020,0x3081,
  0x6a26,0x61a4,0x61e5,0x4901,0x4922,0x38c1,0x4101,0x5183,0x82a8,0x61c3,0x61a3,0x7245,0x7225,0x4922,0x2820,0x30a1,
  0x38e2,0x61c5,0x61a4,0x7205,0x71e5,0x69a3,0x6183,0x69e5,0x61c5,0x2840,0x38e2,0x4143,0x4102,0x40e1,0x5142,0x9309,
  0x92e8,0x9308,0x9308,0x9b8a,0x82c8,0x5983,0x59a3,0x5162,0x61c5,0x7287,0x7ac8,0x5183,0x5183,0x3901,0x4122,0x30c0,
  0x3902,0x4122,0x38e2,0x2880,0x3081,0x38a1,0x40c2,0x40e2,0x4923,0x38e2,0x30e1,0x28c1,0x30a1,0x30a1,0x4103,0x40e3,
  0x40c2,0x2040,0x1000,0x1020,0x2881,0x2881,0x30c2,0x30a1,0x30c2,0x38e2,0x38c2,0x2040,0x1800,0x38e1,0x4943,0x38c1,
  0x4902,0x5984,0x61c5,0x61a4,0x6184,0x6963,0x89e5,0x9a67,0x8a26,0x8a67,0x8288,0x5142,0x2800,0x40a1,0x7226,0x7a46,
  0x7205,0x69e5,0x7a67,0x6a05,0x61e5,0x4943,0x3040,0x4902,0x7227,0x7a68,0x5164,0x2040,0x30c1,0x4123,0x40c2,0x3882,
  0x3081,0x2881,0x2860,0x1800,0x5164,0x59a5,0x40e2,0x4102,0x48e2,0x3060,0x3860,0x40a0,0x40c1,0x40c1,0x48e2,0x3860,
  0x48e2,0x5143,0x4102,0x2860,0x3060,0x6984,0x8a47,0x81c5,0x9226,0x89e5,0x9aa7,0x8245,0xa328,0xb369,0xbbaa,0xbbca,
  0xc3cb,0xbbcb,0xb3cb,0xa38b,0x48e2,0x2820,0x5143,0x61e5,0x61a4,0x48a0,0x50e1,0x6162,0x6962,0x5901,0x6142,0x50c1,
  0x58e2,0x48c1,0x40a1,0x4943,0x6206,0x40e2,0x2820,0x5163,0x7206,0x6163,0x7a05,0x71e4,0x71e5,0x71e4,0x71a4,0x7a04,
  0xa2e8,0xab28,0xab28,0xab28,0xab28,0xab28,0xb369,0xa369,0x7205,0x40c1,0x38a1,0x7a87,0x9329,0x40e2,0x3081,0x30c1,
  0x3902,0x30e2,0x30c1,0x3901,0x59a4,0x4921,0x38c1,0x30a0,0x40e1,0x38a0,0x38e2,0x30c1,0x2061,0x28e2,0x28c2,0x1800,
  0x48e1,0x7225,0x61a4,0x5122,0x69c5,0x5943,0x61c5,0x61c5,0x38c1,0x2020,0x6a47,0x8b4a,0x8b29,0x82e8,0x5142,0x4101,
  0x30a1,0x30c1,0x30e2,0x28c1,0x30e2,0x1840,0x1020,0x0800,0x2061,0x2061,0x30c1,0x4102,0x59a4,0x5983,0x69e5,0x61c4,
  0x69c4,0x4901,0x30a0,0x4101,0x6184,0x5963,0x59a4,0x30a0,0x1820,0x28c1,0x28c2,0x2061,0x30a2,0x2861,0x30c1,0x30a1,
  0x7c2d,0x9d11,0x9510,0xadb3,0xadb2,0xad72,0xad92,0x6b6a,0x73aa,0x738a,0x62e8,0x8c2d,0x5a87,0x5246,0x7349,0x8bec,
  0x940c,0x6aa7,0x7309,0x6a67,0x51c5,0x2861,0x2060,0x4984,0x59c4,0x7ac7,0x8b07,0x9307,0x82a5,0x8ae7,0x82a6,0x61c3,
  0x59c3,0x5983,0x4101,0x4122,0x30e1,0x2040,0x2881,0x59e6,0x4163,0x2020,0x30a1,0x3902,0x38e1,0x2880,0x2860,0x30a1,
  0x30c2,0x30c1,0x1800,0x4963,0x6a85,0x8b28,0x9bca,0xac0c,0xbc6d,0xbc6d,0xac2c,0x7aa6,0x6203,0x7266,0x6a25,0x5984,
  0x59a5,0x4923,0x1820,0x1820,0x28c1,0x4164,0x30c1,0x2000,0x2860,0x7ac7,0x9bab,0x9b49,0xa3aa,0xabaa,0xabca,0xabeb,
  0x61c3,0x59a3,0x59c4,0x5163,0x4922,0x38c1,0x3080,0x30e2,0x2880,0x1000,0x2020,0x4144,0x4985,0x2040,0x2840,0x4943,
  0x61e6,0x69e5,0x61c4,0x6183,0x61e5,0x30a1,0x1800,0x5123,0x7246,0x61c4,0x5163,0x40e1,0x4122,0x4101,0x4921,0x6a05,
  0x7205,0x5962,0x61e4,0x7267,0x59c4,0x2840,0x2860,0x38e2,0x5184,0x6a06,0x69e5,0x71e5,0x69c3,0x5942,0x61a4,0x61e5,
  0x4102,0x2040,0x4123,0x4943,0x38e1,0x40c0,0x7225,0x8ae8,0x8ae8,0x9308,0x9349,0x9329,0x59a3,0x5163,0x59a4,0x4942,
  0x6205,0x7aa8,0x4942,0x4963,0x38e1,0x30a0,0x30e0,0x4122,0x30e1,0x30c1,0x30a0,0x30a0,0x2860,0x38a1,0x38c1,0x40c2,
  0x38c1,0x30a1,0x2080,0x28a1,0x28a0,0x30e2,0x38e2,0x3081,0x2000,0x1800,0x1800,0x2061,0x2081,0x30c2,0x3903,0x3903,
  0x2880,0x2881,0x2040,0x1800,0x3081,0x4923,0x38a0,0x40c1,0x5163,0x5963,0x69c5,0x5964,0x5943,0x8a06,0x9a67,0x9a26,
  0x9266,0x8a87,0x5983,0x2840,0x2840,0x61a5,0x7206,0x71e5,0x7204,0x6a05,0x59c4,0x6226,0x4122,0x1800,0x40e2,0x7a48,
  0x82a9,0x4903,0x1800,0x3963,0x3942,0x2040,0x2820,0x3020,0x38a2,0x38e3,0x1800,0x3081,0x5184,0x40e2,0x40c1,0x5123,
  0x3860,0x3880,0x38a0,0x3860,0x3880,0x48e2,0x4081,0x40a2,0x5144,0x4102,0x1820,0x2000,0x5121,0x8267,0x79a4,0x9a26,
  0x81a3,0x9a66,0x9286,0x9ae7,0xb3ca,0xc3eb,0xbbaa,0xc3cb,0xbbca,0xb3cb,0xb3cb,0x69e5,0x1800,0x4922,0x59a5,0x5964,
  0x5122,0x50e1,0x58e1,0x6962,0x5921,0x6142,0x58e1,0x5902,0x5122,0x3880,0x5123,0x61c5,0x38a1,0x2000,0x40c0,0x7a47,
  0x7205,0x69c4,0x7a04,0x71c4,0x71e4,0x71e4,0x7a04,0xa329,0xab49,0xb349,0xab48,0xb349,0xab28,0xab48,0xab48,0xa349,
  0x6205,0x2820,0x5121,0x82c8,0x7287,0x30a1,0x30a0,0x30a0,0x30a1,0x28a1,0x28c1,0x38e1,0x4122,0x30a0,0x2880,0x30a1,
  0x38e1,0x3080,0x30c0,0x30e1,0x2081,0x2081,0x1000,0x38a1,0x71e4,0x69c4,0x6162,0x7205,0x5142,0x61a4,0x61e5,0x4943,
  0x2020,0x40e2,0x7ac8,0x8b09,0x8309,0x6a26,0x40e0,0x40c1,0x38a0,0x30a1,0x2881,0x28c2,0x2081,0x1020,0x0800,0x1020,
  0x2081,0x28a1,0x3080,0x5143,0x5983,0x5983,0x61c4,0x69e5,0x59c4,0x38c0,0x38c0,0x5143,0x5984,0x5984,0x5163,0x2860,
  0x1840,0x3102,0x2081,0x2061,0x30c2,0x3081,0x2880,0x30c1,0x740d,0x9510,0xad93,0xadb3,0xadb3,0xad92,0x9cf0,0x7beb,
  0x840c,0x6b29,0x7349,0x8c2d,0x62a7,0x4a25,0x7b6a,0x942c,0x836a,0x6aa7,0x72e9,0x6aa9,0x4964,0x1800,0x38e3,0x5a06,
  0x7267,0x82c7,0x8ae7,0x8b06,0x9307,0x82c7,0x7225,0x5162,0x5983,0x5162,0x38c1,0x4122,0x38c1,0x1800,0x51a5,0x59e6,
  0x2861,0x2860,0x38e2,0x38e1,0x30c0,0x2040,0x3061,0x30a2,0x38c2,0x2840,0x3061,0x6204,0x8b49,0x9ba9,0xa3eb,0xbcae,
  0xbc6e,0xbc8e,0x82c7,0x5181,0x7aa7,0x6a25,0x5183,0x59c5,0x4123,0x2020,0x2840,0x2881,0x4144,0x4964,0x2881,0x1800,
  0x5183,0x938a,0xa3cb,0x9b68,0xabca,0xaba9,0xabaa,0x8286,0x5142,0x6a05,0x5163,0x4102,0x4102,0x3080,0x38c2,0x30c1,
  0x1820,0x1840,0x38c2,0x51a5,0x38e2,0x1800,0x4903,0x69e6,0x7227,0x61a4,0x69c5,0x69e5,0x61c5,0x1000,0x2841,0x69c4,
  0x7246,0x59c3,0x4102,0x38a1,0x38c2,0x4102,0x5162,0x69e4,0x6183,0x61c4,0x6a46,0x6206,0x4102,0x2020,0x38a1,0x4923,
  0x69e6,0x69e5,0x7a26,0x69a3,0x6183,0x5942,0x7206,0x5984,0x2820,0x2060,0x51a4,0x40e1,0x40e1,0x5142,0x82a8,0x9329,
  0x9349,0x9349,0x9329,0x6a05,0x61c4,0x5163,0x5163,0x59e5,0x6a46,0x51a4,0x4102,0x3901,0x38e2,0x2880,0x30c1,0x4143,
  0x38e1,0x2880,0x30c1,0x38c1,0x30a1,0x3080,0x38a1,0x30a1,0x30a1,0x2860,0x2880,0x2880,0x30a1,0x28c1,0x28a1,0x1800,
  0x1000,0x1800,0x2861,0x3061,0x3082,0x30a1,0x30a2,0x38e2,0x38c2,0x1800,0x2020,0x38c1,0x4923,0x38a1,0x4902,0x5943,
  0x69c5,0x7206,0x69a4,0x5122,0x8ac9,0x81e5,0xa287,0xa2a7,0x9aa7,0x69e3,0x3060,0x2860,0x5184,0x6a47,0x7206,0x69c5,
  0x71e4,0x61a3,0x61e6,0x4143,0x1800,0x3903,0x7a89,0x7248,0x5103,0x2800,0x38e2,0x3902,0x2880,0x30c2,0x6186,0x5985,
  0x5165,0x30a1,0x1800,0x4903,0x5144,0x3880,0x40c2,0x40c1,0x3860,0x40a1,0x48e2,0x3840,0x4080,0x40c1,0x4081,0x48e3,
  0x5164,0x3060,0x2000,0x38a1,0x7a25,0x79e5,0x8a05,0x9a26,0x9a05,0x9a86,0x9266,0xbbeb,0xbbcb,0xc3ca,0xcbeb,0xbbaa,
  0xc40c,0xb3ec,0xa38b,0x3880,0x2840,0x4923,0x5144,0x48e2,0x48a0,0x58e1,0x6963,0x6121,0x6942,0x6142,0x5901,0x5922,
  0x5923,0x40a1,0x61c6,0x5163,0x2800,0x40a0,0x7a67,0x8aa7,0x8a87,0x8245,0x79e4,0x71e4,0x7a25,0x8246,0x9ae8,0xab6a,
  0xb369,0xb369,0xbb89,0xbb69,0xb369,0xab49,0xab49,0x8ac7,0x4943,0x2820,0x8aa6,0x8b09,0x4984,0x2040,0x30a1,0x38c1,
  0x38c1,0x28a1,0x3103,0x30e1,0x38c1,0x3060,0x3081,0x3081,0x38c2,0x28a0,0x30c0,0x20a0,0x28a1,0x1000,0x3061,0x7226,
  0x7a25,0x6142,0x6962,0x69e4,0x5983,0x61a3,0x6a47,0x30c1,0x2040,0x6a46,0x9b6a,0x82c8,0x82e9,0x4943,0x4922,0x3880,
  0x4902,0x38e2,0x30c2,0x1881,0x1841,0x0800,0x0800,0x1840,0x28a2,0x30c1,0x38a0,0x5142,0x5983,0x59a3,0x61c4,0x59c4,
  0x5163,0x3080,0x40e1,0x5143,0x5984,0x5163,0x38c1,0x1800,0x2060,0x28c1,0x2881,0x2061,0x30a2,0x28a1,0x2881,0x30a1,
  0x740c,0x8c8f,0xa592,0xadb3,0xa592,0xbdf4,0x6baa,0x73aa,0x738a,0x6b29,0x7baa,0x83ec,0x5aa7,0x5225,0x83aa,0x9c8d,
  0x6286,0x6aa8,0x6ac8,0x6247,0x30c2,0x2041,0x4123,0x59c5,0x72a7,0x8ae8,0x8b07,0x9306,0x8b06,0x82a7,0x5982,0x4941,
  0x4942,0x4101,0x30c0,0x4122,0x2040,0x30c2,0x5a27,0x4964,0x1800,0x3082,0x30c1,0x38e1,0x2040,0x30a1,0x30a1,0x38c2,
  0x3061,0x2840,0x5183,0x7286,0x9368,0xa3ea,0xa40a,0xb44d,0xbc6e,0x8b08,0x59c2,0x7245,0x6a05,0x61e5,0x49a4,0x3922,
  0x1840,0x1800,0x2040,0x4923,0x61e7,0x5164,0x1000,0x2880,0x6a45,0x9b8a,0x9b89,0xa3a9,0xa389,0xabaa,0x9328,0x61c3,
  0x6a25,0x5142,0x4922,0x4943,0x30a1,0x3081,0x3902,0x2060,0x1000,0x30c1,0x4985,0x4144,0x2000,0x3061,0x5984,0x6a06,
  0x7206,0x6a05,0x61c4,0x7226,0x4943,0x1820,0x2881,0x7226,0x61c4,0x5183,0x30a0,0x40e2,0x38e2,0x4922,0x51a2,0x69c3,
  0x6121,0x69e5,0x6226,0x51a5,0x1800,0x38a1,0x38e2,0x61c6,0x6a06,0x6163,0x69c4,0x71c4,0x6182,0x71e5,0x7226,0x4964,
  0x1000,0x38e2,0x5183,0x40c1,0x38a0,0x61a4,0x82c7,0x9b4a,0x9349,0x9349,0x7a86,0x5162,0x4922,0x4943,0x4142,0x6226,
  0x5a06,0x4122,0x4142,0x30c0,0x28a0,0x4122,0x3901,0x30c1,0x30c1,0x30c1,0x2880,0x30c1,0x38e1,0x38c1,0x2880,0x2880,
  0x2880,0x3081,0x2880,0x3081,0x28a1,0x2881,0x1000,0x0800,0x1020,0x2881,0x2840,0x3061,0x3081,0x2881,0x30c2,0x2881,
  0x1800,0x2820,0x38c1,0x4923,0x4902,0x5143,0x5963,0x69a4,0x69c4,0x69a4,0x69a3,0x8247,0x8246,0x9288,0x9267,0x9aa8,
  0x7a04,0x4080,0x2840,0x51a4,0x6246,0x61e5,0x61c5,0x69e5,0x6183,0x61a4,0x4122,0x2860,0x38e2,0x6a48,0x6a68,0x4903,
  0x2000,0x3880,0x3060,0x40e1,0x5184,0x7268,0x7248,0x5965,0x38a2,0x2000,0x4923,0x5164,0x3881,0x40c1,0x40e2,0x40a1,
  0x3880,0x40c1,0x40a0,0x40a0,0x40a1,0x48c2,0x3881,0x4903,0x3881,0x2800,0x40c1,0x7a26,0x8266,0x8205,0x89e4,0x91e4,
  0xa2a7,0x9225,0xa2e7,0xbbcb,0xbbea,0xc3ca,0xbbc9,0xc3eb,0xb3cb,0xbc0d,0x7246,0x2000,0x3880,0x61c6,0x40c1,0x40a0,
  0x5942,0x58e1,0x6101,0x6121,0x6141,0x6121,0x5921,0x5942,0x4080,0x61a5,0x5984,0x2820,0x3860,0x69c4,0x9309,0x7a05,
  0x7a04,0x8225,0x7a25,0x8246,0x6983,0x8a66,0xa349,0xb38a,0xab69,0xbb89,0xb348,0xb369,0xab48,0xb38a,0xa349,0x7a66,
  0x2840,0x4102,0x82a5,0x82a7,0x30e2,0x2081,0x28a0,0x40e1,0x30a0,0x30c2,0x28c2,0x4123,0x2880,0x3080,0x2880,0x30a2,
  0x2860,0x3902,0x2080,0x2080,0x1840,0x2020,0x5163,0x7a47,0x71a4,0x6962,0x6982,0x61a3,0x61e4,0x61e4,0x51a4,0x2060,
  0x3902,0x8b29,0x8ae8,0x8ae8,0x6206,0x4123,0x4122,0x40c1,0x3060,0x4123,0x3103,0x1861,0x0820,0x1020,0x0800,0x2081,
  0x28c1,0x38c1,0x38c0,0x5162,0x5983,0x69e5,0x59a3,0x59a4,0x38e1,0x30a0,0x38c0,0x59a4,0x59a4,0x5163,0x2020,0x1800,
  0x28a1,0x2080,0x2080,0x2881,0x2060,0x30c2,0x2880,0x30c1,0x740d,0x848f,0xa572,0xad92,0xb5b3,0xad92,0x73cb,0x7beb,
  0x738a,0x6b29,0x83ec,0x7bab,0x62e8,0x5aa7,0x8bec,0x7328,0x5a25,0x6ac8,0x6ae9,0x4184,0x28a1,0x2860,0x5184,0x6206,
  0x7aa7,0x82a6,0x8b07,0x8ae6,0x9327,0x7266,0x4921,0x5183,0x4963,0x38e1,0x4963,0x38e1,0x2000,0x51c5,0x59e6,0x2881,
  0x2040,0x2881,0x3902,0x38e1,0x3080,0x30a1,0x40e3,0x38c3,0x2000,0x4922,0x61c4,0x82e7,0xac0b,0xa3ca,0xac2c,0xb44c,
  0x934a,0x69e4,0x82a7,0x7266,0x61c4,0x6226,0x51c5,0x1040,0x1820,0x2860,0x5145,0x69a6,0x69a6,0x38a1,0x1800,0x41a2,
  0x8b28,0x9b69,0xa389,0x9b68,0xa369,0xa389,0x8265,0x7225,0x6a05,0x4922,0x4964,0x3080,0x38c2,0x4102,0x2861,0x1800,
  0x2860,0x4144,0x59e7,0x38c2,0x2820,0x5123,0x61a5,0x69c4,0x69a4,0x69e5,0x7206,0x7a88,0x38c1,0x1820,0x4943,0x69e5,
  0x61a4,0x38e1,0x38c1,0x38c1,0x4944,0x40e1,0x61c4,0x5941,0x6101,0x7226,0x6206,0x2040,0x3061,0x40e2,0x59a5,0x5984,
  0x7206,0x5942,0x7a05,0x5901,0x69a4,0x7a46,0x7a68,0x38e2,0x2041,0x51a5,0x4922,0x3060,0x4901,0x7225,0x8ae8,0x9349,
  0x9b4a,0x82c8,0x5983,0x4921,0x5163,0x4963,0x59e5,0x51c5,0x4123,0x4143,0x3902,0x30c1,0x3922,0x3922,0x30e1,0x28c0,
  0x30c1,0x28a0,0x30c1,0x38e1,0x38e2,0x30a0,0x28a1,0x2880,0x30a1,0x30a1,0x38c2,0x3902,0x30a2,0x1000,0x1020,0x1840,
  0x2081,0x2881,0x3081,0x3861,0x3861,0x3081,0x2880,0x1800,0x3081,0x4923,0x5164,0x5964,0x5123,0x5963,0x69a4,0x71e5,
  0x6963,0x6983,0x8226,0x8a46,0x9287,0x8a87,0x92c9,0x7a67,0x40a1,0x2800,0x59a3,0x6a66,0x6a46,0x6225,0x61c4,0x59a3,
  0x69c5,0x4902,0x2800,0x38c1,0x7288,0x7aa9,0x4102,0x1800,0x2800,0x4902,0x7206,0x69c5,0x7a27,0x7a88,0x61c5,0x4102,
  0x2000,0x3081,0x5985,0x4102,0x40e2,0x4902,0x40c1,0x3880,0x48a1,0x40c1,0x40a1,0x40a1,0x48e2,0x40a1,0x4944,0x38c1,
  0x2000,0x3860,0x69a5,0x92a8,0x9246,0x8a04,0x9225,0x9265,0x9225,0x9245,0xc3cb,0xbbaa,0xd42c,0xc3ca,0xcc0b,0xbbca,
  0xbbec,0xb40d,0x48e2,0x2000,0x5164,0x5164,0x48e2,0x5102,0x6143,0x6122,0x6122,0x6941,0x7183,0x5901,0x5922,0x40a0,
  0x6184,0x69e5,0x3040,0x2820,0x69a4,0x92e9,0x7a25,0x6982,0x8a45,0x8224,0x8225,0x71a3,0x8225,0xa329,0xb3ab,0xb369,
  0xb369,0xb368,0xbb69,0xab28,0xb38a,0xab6a,0xa349,0x6a05,0x2860,0x6a46,0x9307,0x61e4,0x2061,0x28a2,0x3903,0x38c0,
  0x38a0,0x3102,0x30e2,0x2880,0x38c1,0x2860,0x2860,0x30a1,0x30c2,0x28a1,0x3102,0x1840,0x1800,0x4901,0x7a26,0x71e5,
  0x71c5,0x6163,0x6162,0x6a04,0x7266,0x59c4,0x38c1,0x1820,0x6a47,0x8b29,0x8ac8,0x7a66,0x4963,0x4123,0x4123,0x38a0,
  0x3880,0x38e2,0x3104,0x1020,0x1020,0x1020,0x1020,0x20a1,0x30e2,0x38c1,0x4942,0x5962,0x69e4,0x61e4,0x61e5,0x4922,
  0x38c1,0x38c1,0x5163,0x5984,0x59c5,0x4943,0x1820,0x2040,0x28a1,0x2060,0x28c2,0x28a1,0x2881,0x2860,0x2880,0x30c1,
  0x7c2d,0x94d0,0xa592,0xadb3,0xa571,0xa531,0x6349,0x840c,0x73aa,0x7bcb,0x7bcb,0x736a,0x4a45,0x62c8,0x83cb,0x6ac7,
  0x5a86,0x6ae9,0x5a47,0x41a5,0x1000,0x30e2,0x51c5,0x6a47,0x7aa7,0x82e7,0x82c6,0x8b07,0x7264,0x59a3,0x4142,0x5183,
  0x4942,0x4122,0x4983,0x1820,0x30c1,0x6227,0x3902,0x2860,0x2040,0x30c2,0x30e2,0x30a0,0x30e1,0x30a1,0x4103,0x2861,
  0x2881,0x7246,0x6a25,0x9349,0xa40a,0xb42b,0xa3ca,0x9b8a,0x61a3,0x7a46,0x7205,0x61c5,0x59e5,0x49c4,0x1880,0x0800,
  0x28c1,0x4944,0x61a6,0x71e7,0x5944,0x3040,0x2080,0x6286,0x8b68,0x9b69,0x9b48,0xa389,0xa389,0x9307,0x61c3,0x7225,
  0x5183,0x4123,0x4123,0x3081,0x30a1,0x38e2,0x1800,0x2020,0x3922,0x51c6,0x4144,0x2820,0x38c1,0x61c5,0x69c4,0x6163,
  0x71e4,0x7226,0x7247,0x59a5,0x2040,0x1840,0x51a4,0x7226,0x59a3,0x30a0,0x2880,0x30a1,0x4102,0x5163,0x5182,0x5121,
  0x69a3,0x7247,0x3902,0x2020,0x2840,0x59a5,0x61a5,0x7226,0x61a3,0x7a05,0x7a05,0x6983,0x7205,0x8b09,0x61e5,0x2040,
  0x3902,0x4984,0x38a0,0x4922,0x5162,0x6a25,0x9349,0x9329,0x82e8,0x6a04,0x4901,0x5162,0x4942,0x4963,0x59e5,0x4143,
  0x30e1,0x3902,0x30e1,0x3922,0x3102,0x30c1,0x28c1,0x28a0,0x2080,0x30a0,0x30c1,0x30c1,0x2880,0x2880,0x2060,0x28a1,
  0x2880,0x28a1,0x30e2,0x2861,0x1000,0x1840,0x1820,0x2060,0x2081,0x30a2,0x3081,0x3882,0x38a1,0x38a1,0x1800,0x38a2,
  0x4943,0x5144,0x4902,0x5943,0x5122,0x69a4,0x71c5,0x6142,0x6983,0x92a8,0x8246,0x8a46,0x8225,0x8ac8,0x7aa8,0x4923,
  0x1800,0x4943,0x6a05,0x7246,0x6204,0x4141,0x51c3,0x7266,0x5122,0x3000,0x40c1,0x7a47,0x7aa8,0x40c1,0x1800,0x38e1,
  0x7267,0x7a87,0x8a87,0x8206,0x8206,0x8268,0x5163,0x2880,0x2000,0x4903,0x40e2,0x40a1,0x40e2,0x3860,0x3860,0x40a1,
  0x40a0,0x40a1,0x4080,0x40a1,0x40c1,0x4902,0x40e2,0x1820,0x2820,0x6985,0x8a68,0x9a47,0x81a4,0x9225,0x8204,0x8a65,
  0x9285,0xb389,0xc3cb,0xd40c,0xc3ca,0xc3ea,0xbba9,0xbc0c,0xbc2d,0x8287,0x2000,0x40c1,0x5984,0x4902,0x5102,0x5942,
  0x5922,0x6101,0x5901,0x6122,0x5921,0x5922,0x48e1,0x5943,0x59a4,0x38a1,0x2000,0x5943,0x8ae9,0x8226,0x71a3,0x8224,
  0x8224,0x8a45,0x71c3,0x7a05,0x92c7,0xab8a,0xb38a,0xb369,0xb369,0xbb89,0xb368,0xb389,0xab89,0xabaa,0x8ac7,0x5122,
  0x2860,0x7aa7,0x8ac7,0x5983,0x1840,0x28c2,0x28a1,0x30a0,0x30a0,0x30c2,0x2081,0x2880,0x2880,0x2880,0x3060,0x38a1,
  0x30c2,0x3103,0x1020,0x1800,0x38e1,0x8266,0x8246,0x6984,0x6143,0x69a4,0x61a4,0x7a45,0x59a2,0x5183,0x2040,0x28a2,
  0x72a8,0x82e9,0x82c7,0x61c4,0x38e1,0x3903,0x30c2,0x38a1,0x40e1,0x38e2,0x2061,0x1000,0x1041,0x1020,0x1020,0x28a1,
  0x30c1,0x38e1,0x5162,0x61a3,0x61a3,0x59a3,0x5183,0x4101,0x30a0,0x40e1,0x5963,0x5984,0x4963,0x30c2,0x1000,0x2040,
  0x2060,0x2881,0x28a1,0x28a1,0x28a0,0x2880,0x2880,0x38c2,0x740d,0x848f,0xadb3,0xadb3,0xad93,0x9d30,0x73cb,0x7beb,
  0x73aa,0x83ec,0x83cc,0x736a,0x5a87,0x738a,0x8bcb,0x6ac7,0x6ae8,0x62c8,0x5227,0x3103,0x1820,0x4143,0x6a47,0x7267,
  0x8b09,0x8b28,0x8b07,0x82c6,0x6204,0x5183,0x4963,0x4142,0x4122,0x4142,0x4102,0x1800,0x5a06,0x5a06,0x2881,0x2040,
  0x30c1,0x30e2,0x38c2,0x2880,0x30a1,0x4943,0x38c2,0x2820,0x61c5,0x7aa7,0x9b8a,0xa3eb,0xabeb,0xac2b,0xabeb,0x7a66,
  0x69e5,0x7205,0x69c5,0x5184,0x51e5,0x1860,0x1020,0x28a0,0x40e2,0x69c6,0x71e7,0x69e6,0x5143,0x2000,0x4963,0x8329,
  0x9baa,0x9b69,0xa369,0xabaa,0x9b49,0x69e3,0x61c4,0x61e5,0x5164,0x4123,0x30c2,0x30a1,0x30c1,0x2020,0x2000,0x3080,
  0x59a5,0x59e6,0x30a2,0x2820,0x59a5,0x69e5,0x71e5,0x71e5,0x79e5,0x7205,0x7a88,0x4923,0x2020,0x30a1,0x6206,0x61e5,
  0x4922,0x30a0,0x30a1,0x38c1,0x4102,0x59a4,0x4901,0x5942,0x8267,0x59a5,0x2020,0x2840,0x5144,0x7247,0x6164,0x7205,
  0x69a4,0x7a46,0x71c4,0x71e4,0x82a8,0x8b2a,0x40e2,0x1820,0x49a5,0x38e2,0x48e1,0x48e1,0x61e4,0x82c8,0x8ae9,0x8b09,
  0x7a67,0x5182,0x5983,0x4942,0x51a4,0x51c4,0x4143,0x3922,0x30e1,0x28a0,0x30e1,0x3102,0x30c1,0x2880,0x30c1,0x2880,
  0x30a1,0x30e1,0x38e2,0x28a0,0x2860,0x2860,0x30a1,0x2881,0x30c2,0x28e2,0x2081,0x1000,0x1820,0x1840,0x2881,0x3081,
  0x30a1,0x3081,0x3081,0x30a1,0x38c2,0x1800,0x3061,0x5984,0x5964,0x48e1,0x6185,0x5943,0x6163,0x69a4,0x6963,0x6942,
  0x8a87,0x8226,0x9287,0x9ac8,0x8a67,0x7246,0x5184,0x1820,0x4143,0x6a26,0x61c5,0x69e4,0x6204,0x59c3,0x6a66,0x4943,
  0x2800,0x48c1,0x7a26,0x8288,0x5922,0x4080,0x59a4,0x7aa7,0x7aa7,0x8287,0x79e5,0x81c5,0x8a47,0x69a4,0x4102,0x1800,
  0x38e2,0x4102,0x5144,0x40c2,0x3881,0x3040,0x4080,0x40a1,0x48a1,0x4080,0x4081,0x48e2,0x5123,0x40c1,0x2820,0x2820,
  0x69c5,0x8a47,0xb30a,0x9206,0x9a66,0x9245,0x9aa6,0x8a64,0xab69,0xc40b,0xc3ec,0xd42c,0xcbeb,0xcc4c,0xc40c,0xbc0c,
  0xabab,0x40c1,0x2000,0x61c5,0x5143,0x48e1,0x5922,0x5922,0x6963,0x6121,0x6122,0x6163,0x5922,0x5101,0x5122,0x61c4,
  0x4902,0x2000,0x5944,0x92e9,0xa32a,0x8226,0x8a66,0x8245,0x8204,0x8245,0x8225,0x9ae8,0xb3ab,0xb3ab,0xbbab,0xbbca,
  0xc3eb,0xbba9,0xbbaa,0xbbaa,0xb3cb,0x9b6a,0x7a67,0x3040,0x4922,0x82e8,0x7a66,0x30a1,0x2061,0x28a1,0x2060,0x3080,
  0x38e1,0x2880,0x2860,0x2881,0x2860,0x2880,0x38c2,0x2840,0x30e3,0x2081,0x1840,0x30a0,0x7225,0x8a86,0x8205,0x69a4,
  0x69a4,0x5984,0x8287,0x7204,0x69c3,0x38c0,0x1800,0x4984,0x8309,0x82e8,0x7a67,0x4921,0x40e2,0x38e2,0x30c2,0x38e2,
  0x4943,0x2880,0x1000,0x1861,0x3104,0x1020,0x2061,0x28a1,0x3902,0x4942,0x59a3,0x61a3,0x61a3,0x5982,0x5142,0x38e1,
  0x38c1,0x4122,0x61a5,0x5184,0x4143,0x1820,0x1020,0x1820,0x2881,0x2061,0x30a1,0x2080,0x28c1,0x28a0,0x30a1,0x30a1,
  0x740d,0x8cd0,0xa592,0xadd3,0xa572,0x8c6e,0x73aa,0x7c0c,0x73cb,0x738a,0x7beb,0x7b8b,0x5aa7,0x7bab,0x6b08,0x72e8,
  0x6ac8,0x6288,0x4a06,0x1020,0x28a1,0x4984,0x6226,0x7a87,0x8b08,0x9328,0x82e7,0x7245,0x59a3,0x59c4,0x3901,0x4122,
  0x4122,0x4942,0x1800,0x4964,0x6aa8,0x4984,0x1800,0x2881,0x3902,0x3081,0x2860,0x30a1,0x3902,0x4102,0x3080,0x4101,
  0x7287,0x82c8,0x9369,0xac0b,0xac0b,0xabeb,0x6a24,0x6a04,0x7266,0x7206,0x69e6,0x59c5,0x28a0,0x1000,0x2080,0x4103,
  0x5164,0x69a5,0x69c6,0x61c5,0x3080,0x3060,0x6225,0x936a,0x9b69,0xa389,0xa389,0xa369,0x7224,0x5962,0x61e4,0x59a4,
  0x4122,0x3903,0x2040,0x30a1,0x28a1,0x2000,0x2020,0x4923,0x59c5,0x5164,0x1800,0x40e2,0x61e5,0x7205,0x71c3,0x8a66,
  0x7a05,0x7206,0x7247,0x38e2,0x1800,0x4942,0x61e5,0x4943,0x30a0,0x30c1,0x30a1,0x40e2,0x4922,0x4901,0x40c0,0x61e5,
  0x61c5,0x3061,0x2000,0x38a1,0x6a06,0x7206,0x69a4,0x6163,0x71c4,0x7a05,0x6162,0x7a26,0x932a,0x7267,0x2000,0x30c1,
  0x3923,0x30a0,0x40e1,0x40c0,0x6a25,0x9329,0x82e8,0x82e8,0x61e4,0x59a3,0x4962,0x4963,0x51c4,0x4963,0x30c0,0x3922,
  0x28a0,0x28a1,0x30c1,0x30c1,0x2880,0x30c1,0x2880,0x30c1,0x30c1,0x30c2,0x28a0,0x2880,0x2060,0x2881,0x30a1,0x30a2,
  0x28a1,0x20a1,0x0800,0x1020,0x1840,0x2040,0x2861,0x3881,0x3061,0x38a2,0x30a1,0x2860,0x1800,0x3040,0x48e1,0x69c5,
  0x5122,0x5923,0x69a4,0x6963,0x6984,0x6983,0x6983,0x8a47,0x92a8,0x79e5,0x92a7,0x8a87,0x8ac8,0x61c5,0x1000,0x38e2,
  0x59c6,0x59a5,0x5163,0x5983,0x59a2,0x6204,0x38c0,0x2800,0x5943,0x8267,0x8287,0x6983,0x69a4,0x7a26,0x7a66,0x7266,
  0x7266,0x7a46,0x7a05,0x9267,0x7a06,0x5102,0x2020,0x2060,0x38e2,0x40c2,0x40e2,0x3880,0x3040,0x3860,0x3880,0x40c1,
  0x40a0,0x40a1,0x40a1,0x5123,0x48e2,0x3020,0x2000,0x5984,0x7a26,0x9268,0x81c5,0x9a26,0x9205,0x9a87,0x9285,0x9ae7,
  0xb3ca,0xbbeb,0xc40b,0xcc0c,0xcc0c,0xcc0c,0xbc2c,0xc44d,0x9309,0x3061,0x3060,0x61c5,0x4902,0x50e1,0x5921,0x6142,
  0x6142,0x6142,0x5921,0x6163,0x5101,0x50e1,0x5983,0x4902,0x2800,0x40a1,0x8b09,0xa36b,0x8226,0x9ac8,0x9286,0x8225,
  0x8245,0x79e3,0x8a65,0xab49,0xb3aa,0xb38a,0xab69,0xb3aa,0xbba9,0xc3ca,0xb3a9,0xab69,0xb3ec,0x8ac8,0x5163,0x2820,
  0x6a05,0x8b09,0x59c4,0x2020,0x2060,0x30c2,0x2881,0x30c1,0x30c1,0x3081,0x2860,0x2860,0x2040,0x2881,0x30a1,0x38e2,
  0x2060,0x1800,0x2040,0x7226,0x7a45,0x7a04,0x71e3,0x71c4,0x69c4,0x61a5,0x7226,0x7205,0x61c3,0x2020,0x2060,0x6a67,
  0x82c8,0x8b09,0x5983,0x4921,0x4102,0x4103,0x30c2,0x3903,0x3902,0x2020,0x1000,0x28c2,0x3103,0x1000,0x1840,0x30c1,
  0x3901,0x59a4,0x5182,0x59a3,0x5982,0x59a3,0x4101,0x3901,0x30c1,0x5163,0x61a4,0x59c5,0x30e2,0x0800,0x0800,0x1840,
  0x2061,0x2861,0x2080,0x2060,0x2080,0x30a1,0x30a1,0x38c2,0x7c2e,0x9510,0xa572,0xadb3,0xad72,0x6baa,0x7bec,0x73aa,
  0x7bcb,0x6328,0x8c2d,0x736a,0x62e8,0x7b8b,0x6ac8,0x7309,0x6ac8,0x5a67,0x41a5,0x0800,0x3902,0x51c5,0x6a26,0x82c7,
  0x9329,0x8b08,0x82e7,0x59c3,0x51a3,0x4963,0x3901,0x3901,0x51a4,0x38e1,0x1820,0x6a88,0x72a8,0x30c1,0x2020,0x30c1,
  0x4103,0x2840,0x2881,0x38e2,0x4944,0x30c1,0x3060,0x6204,0x82c7,0x9328,0xb40c,0xa3cb,0xabec,0x7245,0x69e4,0x7225,
  0x69e4,0x61e5,0x61e6,0x3902,0x1800,0x2880,0x38e2,0x5123,0x8268,0x6164,0x6a06,0x4943,0x2820,0x4942,0x8ae9,0x9329,
  0x9b49,0x9b89,0xa38a,0x9308,0x61a3,0x61a3,0x69e5,0x4963,0x30a1,0x30a1,0x28a1,0x28a1,0x2040,0x2040,0x4902,0x59c5,
  0x6a07,0x3081,0x2020,0x5164,0x7227,0x7a26,0x7a05,0x7a05,0x8a87,0x8288,0x6a27,0x2040,0x2820,0x5983,0x6a05,0x4122,
  0x38c2,0x30a1,0x38e1,0x38e1,0x5143,0x3880,0x5143,0x61c5,0x38c2,0x1800,0x40c2,0x61e5,0x69c5,0x69c5,0x8267,0x69a3,
  0x71c4,0x71e4,0x7a05,0x8ae8,0xa3ac,0x5143,0x2020,0x4143,0x38e2,0x30c1,0x38a0,0x61e4,0x8ae9,0x7aa7,0x934a,0x61e4,
  0x59a3,0x4942,0x4101,0x59c4,0x4983,0x30a0,0x3922,0x2880,0x30e1,0x30a1,0x38e1,0x30c1,0x30a0,0x30c1,0x38e2,0x30e1,
  0x30c1,0x2860,0x2860,0x2880,0x30c1,0x28a1,0x28a2,0x28a2,0x2040,0x0800,0x1840,0x1020,0x1840,0x2881,0x3061,0x3061,
  0x40a2,0x38a1,0x3081,0x1820,0x2861,0x6184,0x69a5,0x6184,0x71c5,0x71a5,0x6964,0x6142,0x71a5,0x6963,0x8a47,0x9287,
  0x8205,0x9287,0x8246,0x82a8,0x61e5,0x2820,0x3080,0x59a5,0x61c6,0x5123,0x5143,0x5163,0x7226,0x38a1,0x3061,0x69e5,
  0x8247,0x92c8,0x92a7,0x8a66,0x8a87,0x8267,0x7a46,0x7a46,0x7a46,0x69a4,0x8267,0x7a05,0x6163,0x3060,0x2020,0x3902,
  0x40e2,0x4923,0x38a1,0x3040,0x48e2,0x3880,0x48e2,0x48e1,0x40a1,0x40c1,0x5143,0x40c1,0x3040,0x2800,0x5943,0x7a05,
  0x92a8,0x9267,0x9226,0x9205,0x9a46,0xa2c8,0x8a45,0xab89,0xc42c,0xbbeb,0xcc2c,0xcbeb,0xd42d,0xc42c,0xbc0c,0xabcb,
  0x69e5,0x2800,0x5144,0x61a4,0x6163,0x5942,0x6162,0x6141,0x6142,0x5921,0x6142,0x5102,0x48c1,0x5143,0x5142,0x2020,
  0x3040,0x7226,0xa38c,0x92c8,0x8226,0x8226,0x8225,0x8a86,0x92a6,0x8245,0xab49,0xb3aa,0xbbcb,0xb38a,0xbbaa,0xbbaa,
  0xbbaa,0xbba9,0xbbaa,0xab8a,0xabab,0x7a67,0x2860,0x3080,0x8ac8,0x82c8,0x4943,0x2060,0x38e2,0x30c2,0x38e3,0x30c2,
  0x2860,0x3080,0x3080,0x2020,0x2881,0x2881,0x30e2,0x30e2,0x2020,0x1800,0x5143,0x7a47,0x92c8,0x8245,0x7a05,0x6182,
  0x69a4,0x7a67,0x69c5,0x7a46,0x4902,0x1800,0x4963,0x82e9,0x8b29,0x7266,0x4922,0x40e1,0x4102,0x40e2,0x3903,0x30e2,
  0x28a2,0x1800,0x30c1,0x30e2,0x28a1,0x1000,0x2880,0x38e2,0x4123,0x51a4,0x5183,0x59a3,0x61a3,0x5162,0x4100,0x38c0,
  0x4102,0x5184,0x61a4,0x51a4,0x28c1,0x0800,0x0820,0x2061,0x2882,0x2840,0x2881,0x2060,0x2880,0x30a1,0x38c2,0x40c2,
  0x6bec,0x9d31,0x9d72,0xadd3,0x9d31,0x73cb,0x7c0c,0x73ab,0x73aa,0x738a,0x842c,0x734a,0x62e8,0x736a,0x62a7,0x72e9,
  0x6ac8,0x5a67,0x20c1,0x1880,0x3101,0x5a05,0x6a45,0x9349,0x8b49,0x9329,0x7266,0x59c4,0x4983,0x4122,0x3901,0x3902,
  0x4142,0x2880,0x4963,0x830a,0x5a05,0x2840,0x3080,0x38e2,0x30c1,0x2860,0x30c1,0x38e3,0x3923,0x3080,0x4121,0x7aa6,
  0x82e6,0xb42c,0xb44c,0xb42d,0x8ac8,0x69c4,0x7a87,0x69e4,0x5982,0x51c4,0x3102,0x1800,0x2820,0x3881,0x5944,0x7207,
  0x69e5,0x61e5,0x51a3,0x3081,0x2020,0x6a05,0x8b0a,0x9309,0x9349,0xa389,0x9349,0x8ac7,0x69e4,0x7225,0x5183,0x4943,
  0x2060,0x28a1,0x30c2,0x2880,0x1000,0x28a1,0x6205,0x6a06,0x4943,0x1800,0x38c2,0x6a06,0x7206,0x7a26,0x8246,0x8a46,
  0x71e4,0x7a67,0x5184,0x2841,0x3080,0x7205,0x59a3,0x3902,0x2881,0x3081,0x38e1,0x4922,0x4901,0x48e1,0x5984,0x4923,
  0x1000,0x2861,0x5984,0x7a68,0x6183,0x7a26,0x79e5,0x79e5,0x71a3,0x71c4,0x8267,0xa3ac,0x82c9,0x3080,0x2040,0x3902,
  0x30c1,0x38c1,0x38a0,0x7a67,0x934a,0x82c8,0x61e4,0x5121,0x4121,0x4121,0x4962,0x4983,0x3921,0x30e1,0x30c0,0x2880,
  0x30c0,0x2880,0x2880,0x30c1,0x2880,0x2880,0x30c1,0x38e2,0x2880,0x2860,0x2040,0x30a1,0x30c1,0x30c1,0x28c1,0x1860,
  0x0800,0x1840,0x1820,0x2060,0x2881,0x3081,0x3081,0x38a2,0x30a1,0x2020,0x1000,0x30a1,0x5184,0x69a5,0x8247,0x71c5,
  0x6984,0x71a4,0x6963,0x7184,0x79e5,0x8226,0x8a67,0x92a8,0x7a25,0x8a67,0x8246,0x6a26,0x30a0,0x3040,0x5123,0x69c5,
  0x5963,0x5143,0x5164,0x5984,0x38a1,0x3041,0x69c4,0x8aa8,0x8267,0x9b09,0x9ae8,0x9ae8,0x8266,0x8a87,0x8aa8,0x8246,
  0x6983,0x71e4,0x7205,0x5142,0x3060,0x2020,0x2861,0x4944,0x4923,0x40e2,0x38a1,0x3860,0x3880,0x40a1,0x3880,0x48c1,
  0x3880,0x48c1,0x4902,0x3040,0x2000,0x5123,0x7a05,0x9267,0x9286,0x9267,0x9aa7,0x9246,0xa2c8,0x9aa7,0xab49,0xc42d,
  0xc40c,0xc42c,0xc3eb,0xd44d,0xc40c,0xc42c,0xc44d,0x8ac8,0x3040,0x3881,0x61c5,0x5943,0x5922,0x6142,0x6121,0x6142,
  0x5921,0x6142,0x6163,0x5123,0x40a1,0x5143,0x2840,0x2820,0x59a3,0x9b8b,0xa36b,0x9288,0x9267,0x8205,0x8225,0x8a86,
  0x8286,0xab69,0xb3aa,0xbbcb,0xb38a,0xb3aa,0xbbca,0xc3ca,0xbba9,0xbbaa,0xb3a9,0xbc0c,0x8b08,0x6a25,0x1820,0x5184,
  0x8ae8,0x7a67,0x30a1,0x30c2,0x30a0,0x3081,0x2860,0x2882,0x2040,0x3080,0x3060,0x2840,0x2881,0x28a2,0x20a1,0x2060,
  0x1000,0x4902,0x8267,0x8246,0x8246,0x8246,0x69c4,0x7205,0x7204,0x7a66,0x69e5,0x69c5,0x3081,0x2881,0x6247,0x8ae9,
  0x8ae8,0x5962,0x40e1,0x38c1,0x38a0,0x40e2,0x30a1,0x2061,0x1020,0x2060,0x4143,0x4102,0x1800,0x2040,0x30e1,0x4143,
  0x4163,0x51a4,0x5183,0x61c4,0x5162,0x4900,0x30a0,0x30a0,0x4121,0x59a4,0x5163,0x4122,0x1860,0x0820,0x0000,0x2082,
  0x2061,0x2860,0x2880,0x2060,0x2060,0x30a1,0x3081,0x40a2,0x6bcc,0x9531,0xadd4,0xa593,0x94f0,0x7c2c,0x7c0c,0x7bec,
  0x738a,0x7bcb,0x83ec,0x736a,0x6b29,0x6b29,0x6287,0x6aa7,0x7309,0x49e5,0x1880,0x28e1,0x49a4,0x51c3,0x72a7,0x936a,
  0x9349,0x9369,0x61e4,0x5183,0x5184,0x3901,0x38e1,0x51c5,0x38e2,0x2880,0x7ac9,0x8309,0x4943,0x2000,0x4102,0x4102,
  0x30a1,0x2880,0x38e2,0x3903,0x30c2,0x2020,0x7286,0x7ac6,0xabea,0xbc6c,0xbc6d,0x9329,0x7a26,0x8287,0x7a67,0x61e4,
  0x61c3,0x3921,0x1041,0x1800,0x40c2,0x5903,0x79a6,0x71e6,0x69c5,0x6a46,0x4963,0x1800,0x4102,0x82c8,0x9b2b,0x930a,
  0x9b49,0x9b49,0x9b6a,0x69e4,0x7a46,0x61c4,0x5964,0x38e2,0x30a1,0x30c2,0x2061,0x1000,0x2860,0x4963,0x7267,0x59a4,
  0x3880,0x2840,0x4924,0x69e6,0x71e6,0x71e5,0x8a87,0x8245,0x8a67,0x7a47,0x40e3,0x1820,0x51a5,0x7a25,0x5122,0x28a0,
  0x30e2,0x38c2,0x4943,0x4101,0x4922,0x5983,0x61a5,0x3081,0x1000,0x4103,0x6a07,0x61a5,0x71c4,0x71a4,0x7183,0x79e4,
  0x79c4,0x71c4,0xa34b,0xa3ac,0x61c5,0x2000,0x30a1,0x30c1,0x38e2,0x30a0,0x5163,0x7a87,0x8b2a,0x7aa8,0x5963,0x5983,
  0x4921,0x4942,0x59a4,0x4122,0x4122,0x30e1,0x2880,0x30e1,0x2880,0x30c0,0x30a0,0x2860,0x30c1,0x30a1,0x38c2,0x2880,
  0x2881,0x2880,0x2881,0x28a1,0x28a1,0x2080,0x1861,0x0840,0x1860,0x1840,0x2861,0x30a2,0x38a2,0x2840,0x3082,0x30a1,
  0x2020,0x1800,0x38e2,0x5185,0x6185,0x69c5,0x79e5,0x6984,0x71a4,0x7184,0x7163,0x8a26,0x9267,0x8a46,0x9a88,0x8a46,
  0x8a67,0x8a67,0x8267,0x30a1,0x2040,0x4102,0x69c5,0x5902,0x5923,0x59a4,0x5164,0x2000,0x3882,0x7206,0x79e6,0x8a87,
  0xa329,0x9ae8,0xa309,0x8a87,0x92c8,0x8aa8,0x8a67,0x81e5,0x8a47,0x7a25,0x61c4,0x4121,0x1820,0x1820,0x4904,0x5165,
  0x5144,0x3880,0x3860,0x3860,0x40c1,0x3860,0x4081,0x3880,0x48e1,0x40c1,0x3840,0x2800,0x48c2,0x7a47,0x9267,0x9266,
  0x9a66,0xa2c7,0x9a67,0x9aa7,0xa2a8,0x9a87,0xcc2d,0xcc0d,0xcc2d,0xcc2c,0xcc2d,0xcc2c,0xcc4d,0xbc2c,0xb3ec,0x69c4,
  0x2800,0x5984,0x6184,0x40a0,0x5901,0x6142,0x6100,0x6941,0x58e0,0x5921,0x6163,0x48e2,0x4903,0x2840,0x3040,0x5183,
  0x934b,0xa3ab,0x92a8,0x9287,0x9ac8,0x9aa7,0x9aa7,0x92a7,0xa349,0xb3ab,0xbbab,0xb3aa,0xb3aa,0xb3aa,0xbbcb,0xbbca,
  0xc3ea,0xbbca,0xb3aa,0xabcb,0x8ae8,0x38e2,0x30c2,0x6226,0x8ae8,0x7246,0x2061,0x30c2,0x38a1,0x30a0,0x3081,0x1840,
  0x28a2,0x3060,0x3040,0x2860,0x3082,0x28c2,0x2061,0x1020,0x38e2,0x7a66,0x9287,0x9287,0x8246,0x6162,0x69a4,0x7a66,
  0x8286,0x7204,0x7a26,0x5123,0x2840,0x3943,0x7ae9,0x8b08,0x7a46,0x40e0,0x5143,0x38c1,0x40e1,0x4122,0x30c2,0x1000,
  0x1020,0x28c1,0x4143,0x4102,0x2000,0x2040,0x4943,0x38e1,0x51a4,0x51a4,0x61c4,0x59a3,0x5142,0x38a0,0x40c0,0x38c0,
  0x4962,0x5183,0x5984,0x28a1,0x1020,0x0820,0x0840,0x2082,0x2882,0x2861,0x30a1,0x2060,0x2880,0x30a1,0x3881,0x3040,
  0x636a,0x8cd0,0xa592,0xa592,0x7c4d,0x7c4d,0x6bcb,0x6b8a,0x5b08,0x7bcc,0x6329,0x7bcc,0x736a,0x6b09,0x6ae8,0x6ac8,
  0x6ae9,0x3963,0x1020,0x3142,0x4183,0x59e4,0x7286,0x9349,0x8b28,0x82c7,0x4962,0x51a4,0x4143,0x4122,0x3902,0x49a5,
  0x2040,0x4943,0x8329,0x6a46,0x2880,0x30c1,0x38e1,0x4942,0x30a0,0x30a1,0x28a1,0x3923,0x1000,0x5183,0x7a86,0x9348,
  0xb44b,0xbc6c,0x9ba9,0x7266,0x69e5,0x7a68,0x7267,0x6a26,0x4942,0x2020,0x1000,0x30a1,0x5984,0x61a5,0x6184,0x69a4,
  0x7a27,0x7246,0x3081,0x1820,0x51a3,0x8b09,0x9328,0x9b29,0x9328,0x9329,0x7a25,0x69c4,0x7226,0x61a4,0x4922,0x38c1,
  0x30c2,0x28a2,0x1020,0x1000,0x40e1,0x7a26,0x5983,0x5164,0x2840,0x4922,0x61a4,0x69e5,0x71e5,0x8246,0x7a25,0x7a05,
  0x8287,0x7a67,0x3060,0x1800,0x6a47,0x69e5,0x40e0,0x2860,0x38c1,0x5185,0x38c1,0x38e1,0x40e1,0x61e5,0x4903,0x2840,
  0x2860,0x5964,0x7247,0x61c5,0x69e5,0x71c4,0x71c3,0x7a04,0x7183,0x8a87,0xa3ac,0x9b8c,0x40e2,0x1800,0x4143,0x4123,
  0x30a0,0x40e1,0x61c4,0x82c8,0x82e8,0x59c4,0x5183,0x4942,0x4942,0x5184,0x3902,0x4963,0x3902,0x30a1,0x30c1,0x30c1,
  0x28a0,0x28a0,0x28a0,0x28a0,0x28c0,0x30e1,0x2060,0x2880,0x28a0,0x2880,0x20a1,0x28a1,0x2081,0x1020,0x1020,0x1860,
  0x1840,0x2040,0x2881,0x2881,0x2840,0x3081,0x2860,0x2020,0x2000,0x40c2,0x61c5,0x61a5,0x6184,0x7a06,0x5922,0x79c5,
  0x81e5,0x7122,0x81e4,0x9a87,0x89e5,0x9246,0x8a67,0x79e5,0x7a47,0x8288,0x40e2,0x2020,0x30c1,0x5185,0x5964,0x6164,
  0x5943,0x5102,0x2820,0x4903,0x8268,0x8a67,0x8a67,0x9287,0x9286,0xa308,0x8a86,0x9b09,0x92a8,0x8226,0x8246,0x8a46,
  0x79e4,0x7a26,0x5142,0x2880,0x1020,0x28a2,0x59a5,0x5944,0x4081,0x4081,0x3860,0x48e2,0x40c1,0x4081,0x3860,0x38a1,
  0x38e1,0x3080,0x1800,0x2820,0x69c4,0x9aa9,0x9a87,0xaaa7,0xa287,0x9a66,0xab08,0xa2c7,0x9245,0xb38a,0xbbcb,0xcc0c,
  0xcc2c,0xcc0c,0xcc6d,0xcc2c,0xcc4d,0xcc4e,0x9309,0x4102,0x38a1,0x6a06,0x5102,0x6122,0x6122,0x6962,0x5920,0x6121,
  0x50e1,0x5943,0x4902,0x4923,0x2860,0x2020,0x59c4,0x8b2a,0xa3ac,0x92e9,0x7a05,0x9ac9,0x9ac8,0x92a7,0x8245,0xa349,
  0xb3eb,0xab8a,0xb3aa,0xbbca,0xbbaa,0xbbaa,0xb3aa,0xbbcb,0xbbca,0xbbcb,0xb3cb,0x934a,0x6226,0x2021,0x38e1,0x82c8,
  0x82c8,0x38e2,0x2060,0x38c2,0x38a0,0x38c1,0x3080,0x2881,0x28c1,0x2860,0x1820,0x2861,0x2040,0x2041,0x1000,0x28c1,
  0x6204,0x8287,0x8245,0x9287,0x7a05,0x6162,0x69e4,0x8266,0x7a05,0x71c5,0x71e5,0x4923,0x2020,0x6a46,0x7ac7,0x7a86,
  0x5962,0x48e1,0x4102,0x4123,0x4123,0x4122,0x1840,0x0800,0x2060,0x5184,0x4122,0x30a1,0x1000,0x38e2,0x38e1,0x4922,
  0x5162,0x59a4,0x61e4,0x5983,0x4101,0x38c0,0x38c0,0x38a0,0x5163,0x59c5,0x3922,0x1820,0x0820,0x1040,0x0820,0x28c2,
  0x2060,0x30a1,0x28a1,0x2060,0x28a1,0x38c1,0x30a1,0x3081,0x6b8b,0x94f0,0xb5d4,0xadb3,0x844e,0x638a,0x73ec,0x73cb,
  0x7bec,0x840c,0x738b,0x7bcc,0x734a,0x5267,0x6b09,0x62c8,0x5a88,0x20c1,0x1860,0x3963,0x49a4,0x6a45,0x8b28,0x8b28,
  0x8b08,0x61e4,0x51a3,0x4163,0x4964,0x4123,0x4985,0x20c2,0x2060,0x6a47,0x8b09,0x5162,0x2020,0x3902,0x4123,0x38c1,
  0x38a0,0x30e1,0x3103,0x2080,0x30c1,0x7a87,0x8ac7,0xabca,0xbc2b,0xb42b,0x82e6,0x6a45,0x7267,0x6a27,0x7aa9,0x5164,
  0x2040,0x2820,0x3861,0x5123,0x61c5,0x5122,0x69c5,0x7a26,0x7a47,0x6184,0x2820,0x2880,0x6a46,0x8308,0x9b29,0x9b07,
  0x9b69,0x8ae7,0x6143,0x8268,0x61c5,0x5984,0x40e1,0x3080,0x38e2,0x1841,0x1020,0x2080,0x61a4,0x81e4,0x61a4,0x38e2,
  0x2840,0x5163,0x7a26,0x7a46,0x7a25,0x7a26,0x8a88,0x7205,0x8ac9,0x6a26,0x3060,0x38c1,0x7267,0x5984,0x40c1,0x3080,
  0x40e2,0x4123,0x4103,0x38e2,0x4964,0x4943,0x2820,0x3040,0x6164,0x7206,0x7206,0x6a06,0x6a06,0x7225,0x7a05,0x8204,
  0x8205,0xab6b,0xb42e,0x6a27,0x2020,0x2040,0x4123,0x3902,0x38a0,0x40c0,0x6a25,0x8b29,0x7a87,0x5163,0x4942,0x4101,
  0x5184,0x4143,0x38e2,0x4123,0x38e2,0x2880,0x3903,0x28c1,0x30c1,0x28a0,0x28a0,0x30e1,0x30e2,0x2060,0x28a1,0x28c1,
  0x28a1,0x2080,0x28e2,0x1880,0x1840,0x1020,0x2060,0x2060,0x2881,0x2881,0x2881,0x2040,0x3082,0x2861,0x2000,0x2000,
  0x3861,0x5944,0x7206,0x69a4,0x71c5,0x71c5,0x6984,0x7184,0x81c5,0x81c4,0x9a66,0x9a46,0x9225,0x9a67,0x8a47,0x7a26,
  0x82a9,0x4103,0x2040,0x30a1,0x5185,0x4964,0x4923,0x5143,0x5102,0x3000,0x48a1,0x8a87,0x9288,0x8205,0x9aa7,0x92a7,
  0x9aa7,0x92a7,0xa328,0x8a66,0x92a8,0x71c5,0x8267,0x8266,0x7a25,0x7a26,0x48e2,0x2020,0x2061,0x3903,0x6185,0x50c2,
  0x4881,0x4060,0x50e2,0x48e2,0x48c2,0x40a2,0x38a2,0x38e2,0x30a1,0x1800,0x2860,0x5942,0x9267,0x9a46,0xa246,0xa266,
  0xb2c8,0x9a66,0xb329,0x9a65,0xab28,0xc3eb,0xbbcb,0xc42c,0xd46d,0xcc2c,0xd48e,0xcc4c,0xcc4e,0xbbed,0x6a05,0x2840,
  0x59c5,0x69e6,0x6123,0x60e1,0x7163,0x6962,0x6121,0x50e0,0x5943,0x5144,0x4103,0x2861,0x2000,0x4102,0x932a,0xabcd,
  0xa34b,0x8226,0x8a47,0x92c8,0xa2e9,0x8a66,0x92c7,0xab8a,0xbbec,0xb3cb,0xbbaa,0xbbca,0xc3cb,0xb3aa,0xb3cb,0xb3ca,
  0xbbeb,0xbbca,0xb3ec,0x7ac9,0x3944,0x2060,0x6183,0x8ae7,0x6a67,0x1800,0x38c1,0x38a1,0x38a1,0x3060,0x3080,0x2880,
  0x28a1,0x2060,0x2060,0x2060,0x2040,0x1800,0x2040,0x4982,0x82a7,0x8266,0x92a7,0x7a25,0x69c3,0x69c3,0x7a45,0x7a26,
  0x8247,0x7a06,0x5923,0x2840,0x4101,0x82e7,0x8b07,0x61c3,0x5123,0x4923,0x4103,0x38e2,0x4984,0x3102,0x1000,0x2060,
  0x4123,0x4923,0x4944,0x1840,0x1840,0x3902,0x4102,0x5162,0x5963,0x6183,0x61c4,0x5163,0x40e2,0x38c1,0x40e1,0x4922,
  0x61a4,0x51a4,0x28e2,0x0800,0x1840,0x1000,0x28a2,0x28c2,0x2881,0x30a1,0x2881,0x2040,0x38e2,0x3081,0x30a1,0x38c1,
  0x638b,0x9511,0xadd3,0xad93,0x846e,0x6349,0x6bab,0x7bec,0x7c0d,0x6b6a,0x7bec,0x736a,0x6308,0x5266,0x62a8,0x6ae9,
  0x49e5,0x1880,0x20e1,0x4184,0x5205,0x72a7,0x8308,0x9328,0x7265,0x6204,0x4962,0x4122,0x3922,0x4143,0x4143,0x1841,
  0x3923,0x8b4a,0x7287,0x3080,0x2040,0x3902,0x4142,0x3080,0x3080,0x4122,0x30c1,0x1820,0x59e4,0x7aa7,0x9328,0xb40b,
  0xabea,0x8b07,0x7a65,0x7245,0x6a66,0x7ac9,0x59e6,0x2860,0x1800,0x3880,0x5123,0x61a5,0x5142,0x5121,0x69e5,0x7a27,
  0x61a4,0x48e2,0x2000,0x4943,0x7ae8,0x9349,0x9b28,0xa328,0x9307,0x69c3,0x61c4,0x8288,0x5143,0x4902,0x3060,0x40e2,
  0x30e2,0x1820,0x2060,0x4964,0x61a4,0x6942,0x61a4,0x2861,0x30a1,0x69e5,0x7205,0x7a25,0x7a25,0x7a25,0x8267,0x7a67,
  0x934a,0x59a4,0x2000,0x59a4,0x6a67,0x4943,0x3060,0x38e1,0x3902,0x38e2,0x3902,0x3903,0x4964,0x2840,0x2000,0x4902,
  0x69e6,0x7a47,0x6184,0x6184,0x5143,0x69a4,0x71c4,0x8a45,0x92c7,0xbc2e,0xa3cd,0x4903,0x1000,0x3903,0x30c2,0x38c1,
  0x38e1,0x4922,0x7245,0x8b29,0x59a3,0x5162,0x4101,0x4963,0x4163,0x4123,0x30e1,0x38e2,0x2880,0x2880,0x30c1,0x38e2,
  0x28a0,0x28c1,0x28c1,0x30c1,0x2080,0x2080,0x28a1,0x2880,0x28a1,0x28c2,0x1860,0x1000,0x1020,0x1840,0x1820,0x2881,
  0x28c1,0x2881,0x2060,0x30a2,0x2061,0x1800,0x2020,0x38a1,0x5123,0x69a5,0x69a5,0x71a4,0x6163,0x69a4,0x6963,0x71a4,
  0x81e5,0x9a87,0x9a66,0x9226,0x9a66,0x9267,0x8a67,0x8aa9,0x48e2,0x2820,0x4943,0x5185,0x4963,0x5164,0x5143,0x40a1,
  0x2800,0x5122,0x7a46,0x8247,0x8225,0x9287,0x92a7,0x92a7,0x9286,0x92a7,0x8a86,0x92a7,0x7a25,0x8226,0x8a87,0x8247,
  0x7a67,0x59a4,0x2040,0x2020,0x38e1,0x5164,0x4903,0x4081,0x40c1,0x40c1,0x5102,0x48a2,0x48c2,0x38a1,0x38c1,0x3081,
  0x2000,0x3040,0x5922,0x9267,0x9226,0xa267,0xa266,0xaac8,0xa2a7,0xab09,0x9aa6,0xab29,0xbbcb,0xc3ec,0xc42c,0xc42c,
  0xc40c,0xc42d,0xc42c,0xc40c,0xbc2d,0x9b4a,0x3881,0x3861,0x6a06,0x6184,0x6143,0x58e1,0x6141,0x6141,0x6101,0x50c0,
  0x50e1,0x5164,0x3081,0x2000,0x3880,0x82a8,0xa3ac,0xa38b,0x8a87,0x8226,0x8a66,0x9aa7,0x8a66,0x9ac7,0xb3aa,0xb3cb,
  0xab89,0xbbcb,0xb3aa,0xc3cb,0xbbca,0xbbcb,0xb3ca,0xbbeb,0xbbea,0xbbeb,0xa3ab,0x6a67,0x2040,0x4102,0x82a7,0x8ac7,
  0x4942,0x2060,0x30c1,0x38c1,0x2860,0x2860,0x28a0,0x30c1,0x1860,0x1880,0x20a1,0x1840,0x1000,0x2881,0x5183,0x7a66,
  0x8287,0x92a7,0x8226,0x71a3,0x6182,0x7225,0x7a86,0x7a67,0x7246,0x6a06,0x2840,0x1800,0x51e4,0x8b28,0x82c7,0x5183,
  0x4101,0x4923,0x30a1,0x3903,0x4164,0x2060,0x1840,0x3923,0x4122,0x40e2,0x4102,0x1820,0x2080,0x30c1,0x4942,0x5142,
  0x5982,0x61c4,0x5983,0x5163,0x38c1,0x40e1,0x40e1,0x61c5,0x5162,0x4122,0x1040,0x1020,0x1860,0x0800,0x30e2,0x2081,
  0x2881,0x2881,0x2040,0x30a1,0x30c1,0x2860,0x2880,0x38e2,0x740d,0x8ccf,0xb5f4,0x9d31,0x7c2d,0x73ec,0x73cc,0x73ab,
  0x7c0d,0x6b6a,0x8c2e,0x736a,0x6309,0x5ac8,0x6ae9,0x6ae9,0x3984,0x1880,0x3984,0x49c5,0x6226,0x72a7,0x8308,0x82e7,
  0x61e4,0x61e4,0x5163,0x4142,0x4123,0x49a4,0x38e3,0x1820,0x6a67,0x8b4b,0x59c4,0x1800,0x4102,0x4122,0x38e2,0x3080,
  0x4102,0x30e1,0x2020,0x38c1,0x7266,0x7ac7,0x9baa,0xa3ea,0x9b68,0x7203,0x7a86,0x7a87,0x72a8,0x7ae9,0x30a1,0x1800,
  0x3880,0x40e1,0x61a5,0x6184,0x5963,0x5963,0x69c5,0x69e5,0x61a5,0x3060,0x2840,0x61e5,0x8b2a,0x8b08,0x9b49,0xa348,
  0x8aa6,0x5141,0x82a8,0x69e5,0x5964,0x3881,0x40a2,0x4123,0x2060,0x1800,0x4923,0x61e6,0x69e5,0x69c4,0x40e2,0x2020,
  0x59c5,0x7a67,0x7a46,0x71a4,0x8a66,0x8a87,0x7a06,0x8ae9,0x82c9,0x4922,0x2840,0x59c5,0x6a26,0x40e1,0x38c1,0x40e1,
  0x4923,0x4123,0x2860,0x4103,0x38c2,0x1800,0x48e2,0x69c5,0x7a47,0x71e6,0x6163,0x6184,0x69a5,0x69a4,0x7a05,0x8a66,
  0xb3cc,0xc46f,0x82c9,0x2840,0x2881,0x4124,0x4123,0x38c2,0x40e1,0x61c4,0x82a8,0x6a05,0x5983,0x40e0,0x5163,0x5184,
  0x3902,0x4963,0x3902,0x30a1,0x30a1,0x28a0,0x30c1,0x30e1,0x3902,0x28a1,0x30c1,0x2060,0x2880,0x30e2,0x2060,0x2060,
  0x30c2,0x2081,0x1800,0x1800,0x2881,0x1820,0x2881,0x2881,0x2860,0x2881,0x30a2,0x2861,0x2000,0x2020,0x4903,0x5964,
  0x69c5,0x69a4,0x6984,0x71a4,0x6963,0x6122,0x71a4,0x9247,0x9267,0x9a87,0x9a67,0x9246,0x9a87,0x8a66,0x92c9,0x5964,
  0x3040,0x59a5,0x59c6,0x4944,0x5984,0x5164,0x4081,0x3000,0x5943,0x8267,0x8247,0x79e5,0x9287,0x9ac7,0x9267,0x8a46,
  0x9ac7,0x9287,0x8a87,0x9b28,0x7a04,0x9ae8,0x92a8,0x8247,0x6a07,0x28a1,0x2020,0x3080,0x5143,0x5923,0x40a2,0x38a1,
  0x38c0,0x5163,0x5102,0x50e2,0x5103,0x40e2,0x3061,0x1800,0x2820,0x6963,0x8a06,0x89c5,0x9a06,0x9a66,0xa287,0xab2a,
  0x9aa8,0xab09,0x9a87,0xbbec,0xc40d,0xc40c,0xc40c,0xbc0c,0xc42d,0xc44d,0xbc0d,0xb3cb,0xb40d,0x6205,0x3840,0x71a5,
  0x7a06,0x6163,0x5963,0x5962,0x6142,0x6163,0x6102,0x50e1,0x5923,0x40e1,0x2000,0x40c1,0x8ac8,0xab8b,0xab8b,0x9b09,
  0x8205,0x9286,0xa2e8,0x8a45,0x9266,0xab48,0xbbcb,0xbbeb,0xbbca,0xb389,0xc3ca,0xbbca,0xbbeb,0xbbeb,0xbbeb,0xbbea,
  0xc3eb,0xb3eb,0x9b6b,0x61c5,0x2840,0x59a4,0x9309,0x8286,0x38a0,0x30e2,0x38e2,0x30a1,0x3081,0x30a1,0x38e3,0x3103,
  0x20a1,0x20a1,0x20a1,0x0800,0x1841,0x51a5,0x7a68,0x8267,0x8a47,0x9287,0x81e5,0x7183,0x71c4,0x8267,0x8287,0x7246,
  0x6a06,0x4943,0x2020,0x3102,0x7b2a,0x8308,0x7246,0x4942,0x4122,0x38e2,0x30c2,0x3923,0x28a2,0x1000,0x30a1,0x4123,
  0x4143,0x4984,0x38e2,0x1000,0x30e2,0x38e1,0x5183,0x4942,0x61a4,0x61c4,0x61a4,0x4102,0x4102,0x4122,0x4923,0x59a4,
  0x5143,0x30c1,0x0800,0x20a2,0x1861,0x0800,0x2881,0x2060,0x28a1,0x2060,0x30a1,0x30a1,0x3081,0x2860,0x38c1,0x30a1,
  0x73ec,0x94f0,0xb614,0x9510,0x6bab,0x6bab,0x740c,0x73cc,0x6b8b,0x7bec,0x842d,0x734a,0x5266,0x5266,0x5aa7,0x62c9,
  0x18a0,0x20a0,0x3963,0x5206,0x5a46,0x7ac8,0x8b49,0x6a45,0x5182,0x5162,0x4142,0x4122,0x4164,0x49a5,0x1840,0x4143,
  0x7b09,0x7ae9,0x30a0,0x2840,0x4122,0x4101,0x2840,0x4122,0x4143,0x2861,0x2020,0x61e4,0x7a87,0x9baa,0x9bca,0x9389,
  0x7244,0x7225,0x7a87,0x7246,0x72c8,0x3943,0x1000,0x2820,0x40c1,0x5943,0x5983,0x6183,0x5922,0x6184,0x6184,0x6a06,
  0x5184,0x2000,0x3080,0x7247,0x8ae9,0x8ae8,0x9b28,0x9b28,0x71e4,0x7a45,0x6a66,0x59a4,0x38a1,0x3882,0x40e3,0x28a1,
  0x1000,0x38c0,0x61c4,0x71e6,0x6a06,0x61c5,0x2020,0x38a1,0x61c4,0x8287,0x7205,0x79e4,0x8246,0x92a8,0x7a46,0x9b4a,
  0x7246,0x38a1,0x30c0,0x6226,0x5183,0x40e1,0x30c0,0x40e2,0x4123,0x38e2,0x2880,0x4102,0x2020,0x2000,0x5164,0x7247,
  0x7a47,0x7a06,0x5102,0x71c5,0x71e5,0x71c5,0x69a3,0x92c8,0xbc0d,0xb40d,0x61e5,0x1800,0x28a1,0x4123,0x3903,0x4923,
  0x4902,0x61c5,0x7246,0x5142,0x4942,0x4902,0x51a4,0x4943,0x30c1,0x4963,0x30e1,0x28a0,0x28a1,0x30e2,0x28a0,0x30c1,
  0x30e1,0x3902,0x2040,0x2880,0x30e2,0x2881,0x2040,0x30a2,0x1820,0x1800,0x1840,0x2061,0x1820,0x2861,0x28a1,0x2881,
  0x2060,0x30a1,0x2040,0x1000,0x2820,0x40e3,0x4923,0x5964,0x6184,0x6964,0x6142,0x81e5,0x6942,0x6922,0x9287,0x9246,
  0x8a26,0xa2c8,0x8a05,0x9267,0x8a67,0x8a87,0x5923,0x3020,0x5143,0x6a07,0x4102,0x5123,0x5122,0x3020,0x3020,0x71e5,
  0x8267,0x8247,0x7a05,0x8a66,0x9ac8,0x8a66,0x8a45,0x9ac7,0x9286,0x9ac8,0xa36a,0x7a25,0x8245,0x9b08,0x7a25,0x8268,
  0x4103,0x1000,0x28a0,0x5163,0x48e1,0x4880,0x3040,0x4103,0x38a0,0x4942,0x48e1,0x5963,0x5122,0x38a1,0x2000,0x3860,
  0x48a0,0x8a07,0x91e5,0x89a4,0xa267,0x9226,0x9ac8,0x92c8,0x92a8,0xa2e9,0xbbed,0xcc4e,0xc40d,0xbbec,0xbbec,0xb3cc,
  0xa38a,0xab8b,0x9b4a,0x9b6a,0x8ae8,0x30a1,0x40c1,0x8a68,0x6943,0x6122,0x5162,0x61a3,0x5942,0x6984,0x50a1,0x5102,
  0x4901,0x2820,0x3060,0x8246,0xa349,0xab8a,0xa308,0x79e4,0x92a6,0xa308,0x8224,0x8a24,0xa307,0xbbca,0xb389,0xb389,
  0xbbca,0xbbca,0xbba9,0xbbeb,0xb3eb,0xbbeb,0xbbca,0xbbca,0xbbca,0xb3cb,0x82c8,0x40e1,0x3060,0x7246,0x82a7,0x61a3,
  0x2840,0x4924,0x3081,0x2841,0x2840,0x38a2,0x28a2,0x2881,0x2060,0x2081,0x1820,0x1820,0x4123,0x7248,0x7a26,0x8205,
  0x8a67,0x8226,0x79e5,0x6983,0x7a26,0x8246,0x61c4,0x61e5,0x59e5,0x30e1,0x1820,0x49c5,0x836b,0x7a87,0x59c4,0x4963,
  0x4143,0x3923,0x3123,0x28a2,0x1000,0x2881,0x30c1,0x38e2,0x4984,0x4984,0x2060,0x1820,0x30e2,0x4943,0x4942,0x5142,
  0x59a3,0x61c4,0x5163,0x40e1,0x4122,0x40e2,0x4143,0x51a5,0x4122,0x2040,0x0800,0x20c2,0x1040,0x1000,0x1840,0x28a1,
  0x2881,0x2881,0x2880,0x38c1,0x2860,0x30a1,0x38c1,0x30a0,0x7c2d,0x9d31,0xad93,0x8caf,0x7c0d,0x5b29,0x73cc,0x7c0c,
  0x738b,0x7c0d,0x7bcc,0x6309,0x5267,0x62c8,0x6b0a,0x5247,0x1061,0x28e2,0x3964,0x5226,0x6a87,0x8309,0x8b29,0x6205,
  0x59a3,0x5183,0x4943,0x3922,0x4984,0x3902,0x2880,0x72a7,0x830a,0x5a26,0x2060,0x3902,0x4922,0x38c1,0x30a1,0x4143,
  0x38e2,0x2020,0x4922,0x7246,0xa38a,0xa40c,0x9beb,0x6a65,0x61e4,0x7225,0x7247,0x7288,0x4964,0x1800,0x28a0,0x4922,
  0x5944,0x5943,0x6183,0x69c4,0x71a4,0x69a5,0x69c5,0x59c5,0x38a2,0x1800,0x5163,0x82a8,0x930a,0x9b29,0xa369,0x8ac6,
  0x6983,0x7a66,0x59c4,0x4102,0x3061,0x3082,0x38c3,0x1800,0x2860,0x61c4,0x7205,0x71e5,0x7a27,0x4103,0x2820,0x5143,
  0x7226,0x8aa8,0x71e4,0x8225,0x92a8,0x8aa7,0x8aa8,0x9b6b,0x7247,0x2000,0x38e2,0x6a47,0x4963,0x38e1,0x30a1,0x38e2,
  0x4944,0x2840,0x4964,0x30a1,0x2800,0x40c1,0x61c5,0x7226,0x7a47,0x7a06,0x6964,0x6143,0x6163,0x8226,0x8247,0xabcc,
  0xbc2e,0x8ae9,0x38c1,0x2020,0x38e3,0x38e2,0x4944,0x40e2,0x5964,0x7206,0x5984,0x5143,0x4902,0x5184,0x4963,0x38e1,
  0x4123,0x30c1,0x30a1,0x2880,0x38e2,0x3902,0x30e1,0x30c1,0x30e2,0x2880,0x30c1,0x30e2,0x2881,0x2040,0x28a2,0x2040,
  0x1800,0x1820,0x2040,0x2861,0x2861,0x30a2,0x2881,0x30a1,0x38e2,0x2020,0x2000,0x38a1,0x5144,0x5964,0x61a5,0x6184,
  0x71a5,0x6963,0x6963,0x79a4,0x7984,0x9225,0x9a66,0x9a66,0x9a88,0x9a88,0x9288,0x92a8,0x92c9,0x6144,0x3020,0x5122,
  0x61a4,0x4902,0x5984,0x5122,0x4040,0x4060,0x79e5,0x8aa8,0x8a47,0x8a67,0x9aa8,0x92a7,0x9aa7,0x92a7,0x9aa7,0x9286,
  0xa308,0xab6a,0x8246,0x71e3,0x9ae8,0x8a87,0x8aa8,0x5985,0x2000,0x2881,0x4123,0x4922,0x50e1,0x4080,0x3860,0x38a1,
  0x5102,0x40a0,0x5122,0x4902,0x40c1,0x2800,0x3020,0x6143,0x8207,0x9227,0x9a47,0x9a87,0x9a87,0xa309,0xab6b,0xabac,
  0xa34b,0xab6b,0xbbcd,0x92c8,0x9288,0x79e5,0x8205,0x7a05,0x8246,0x7a66,0x82a8,0x7a66,0x5142,0x2840,0x5984,0x71c5,
  0x6943,0x5901,0x61a3,0x5962,0x6143,0x50c2,0x69a5,0x5122,0x2020,0x3880,0x8226,0xa329,0xb34a,0xab49,0x9266,0x9286,
  0x9ae7,0x9ac7,0x8a85,0x9b07,0xbbcb,0xb3aa,0xc40c,0xbbaa,0xbbaa,0xbbca,0xbbca,0xb3cb,0xb3ec,0xb3ec,0xbbeb,0xbbca,
  0xbbeb,0xa36a,0x6a05,0x2800,0x5123,0x82a7,0x82a7,0x40a0,0x3880,0x40e2,0x3061,0x2000,0x2861,0x2882,0x28a2,0x2061,
  0x28a1,0x1820,0x1000,0x38c1,0x7a88,0x7a88,0x8247,0x8246,0x8246,0x71e5,0x69a3,0x71e4,0x8a67,0x7a06,0x71c5,0x6a26,
  0x4963,0x1800,0x30e2,0x72a9,0x82ea,0x6a05,0x5984,0x4142,0x3943,0x4184,0x3123,0x1000,0x2861,0x38a1,0x5144,0x4923,
  0x4964,0x4143,0x1840,0x2080,0x3902,0x4963,0x4942,0x5142,0x5983,0x5162,0x4922,0x38c1,0x4123,0x30a1,0x51a5,0x51c5,
  0x38c2,0x1000,0x20a1,0x1860,0x1020,0x1820,0x30c2,0x28a1,0x28a1,0x30c2,0x30a1,0x30c1,0x38c1,0x38c1,0x38c1,0x38e1,
  0x740c,0xa572,0x9d51,0x73ec,0x638a,0x6bab,0x5b4a,0x7c0d,0x73ec,0x842d,0x7bcc,0x6309,0x5286,0x6b2a,0x62e9,0x39a5,
  0x0820,0x3963,0x41a4,0x6267,0x6aa8,0x834a,0x6a66,0x61e5,0x51a3,0x5184,0x4143,0x4102,0x4163,0x2040,0x4963,0x8b29,
  0x7ae8,0x4143,0x28a1,0x4143,0x4922,0x38c0,0x4101,0x4123,0x2060,0x3080,0x6205,0x8ac8,0xabca,0xa3eb,0x7ae7,0x6a25,
  0x6225,0x59a4,0x7aa8,0x61e6,0x1000,0x2880,0x3902,0x61c5,0x61c4,0x5922,0x5962,0x71c4,0x71a4,0x7a06,0x69c5,0x59a5,
  0x1000,0x30c1,0x6a47,0x92ea,0x92c8,0xa34a,0x9b28,0x69c2,0x69e4,0x6a05,0x5162,0x38c1,0x30c2,0x38e3,0x2021,0x1800,
  0x38e1,0x7205,0x71c3,0x8246,0x6a27,0x2861,0x4102,0x7206,0x8287,0x8246,0x7a05,0x8a66,0x92e8,0x8ac8,0x82a8,0x930a,
  0x5163,0x2020,0x4984,0x59c5,0x4142,0x2880,0x3080,0x4122,0x3902,0x38c2,0x4102,0x2020,0x2840,0x61a5,0x69c5,0x7206,
  0x7226,0x7a06,0x71c5,0x6943,0x6163,0x8a88,0xa36b,0xc48f,0xa3ec,0x61e5,0x1800,0x30a1,0x3923,0x4144,0x40e2,0x4902,
  0x6184,0x7227,0x40e1,0x4922,0x4943,0x5184,0x38c1,0x4102,0x38e1,0x30a1,0x2880,0x30c1,0x30e1,0x30e1,0x30c1,0x30c1,
  0x2060,0x2081,0x28c2,0x28a2,0x1840,0x2081,0x1820,0x1800,0x1820,0x2881,0x2040,0x30c2,0x30c2,0x30a1,0x3081,0x38a1,
  0x2040,0x2000,0x3881,0x59a5,0x5985,0x61a5,0x6164,0x6163,0x69a4,0x6963,0x7163,0x81c4,0x81e4,0xa287,0x9205,0x9a87,
  0xa2e9,0x9288,0x9288,0xa32b,0x5943,0x3000,0x5102,0x5963,0x5142,0x5143,0x5123,0x3800,0x50c0,0x7a05,0x8226,0x8205,
  0x8245,0x92a7,0x9ac8,0x9287,0x8a45,0xa308,0x8a66,0x9287,0xb3ab,0x9b08,0x69c4,0x9287,0x8a66,0x8267,0x6a06,0x2860,
  0x2040,0x4964,0x5164,0x40e2,0x40e1,0x40c0,0x4080,0x4060,0x50a1,0x50a1,0x48e1,0x38a1,0x2000,0x3040,0x6163,0x81e6,
  0x9247,0x9268,0x9ac8,0x9b09,0x9b28,0xabab,0x9b29,0x8aa9,0x69a5,0x5923,0x5922,0x7184,0x6122,0x79c5,0x9ae8,0xa32a,
  0xabec,0xb42e,0xb44e,0x934a,0x30a0,0x38c1,0x6a06,0x5102,0x5101,0x6162,0x6162,0x5901,0x5902,0x5103,0x5164,0x3081,
  0x2860,0x7a46,0xab4a,0xb34a,0xab29,0xab29,0x92a7,0xa308,0x92c7,0x92c7,0x9b28,0xb3cb,0xb3ca,0xb3cb,0xbbcb,0xbbec,
  0xb3aa,0xbbca,0xbbca,0xb3ec,0xa3cc,0xabec,0xb3cb,0xbbeb,0xb3cb,0x8b09,0x4102,0x3081,0x7225,0x82a7,0x7226,0x3080,
  0x3080,0x2860,0x2040,0x2060,0x2881,0x2061,0x28a2,0x28c2,0x1840,0x1800,0x38c1,0x7226,0x82a8,0x8aa8,0x8aa8,0x8a87,
  0x7225,0x7225,0x61c3,0x8266,0x7a26,0x7a05,0x7a26,0x6a05,0x2860,0x2020,0x6206,0x8b0b,0x7227,0x61a4,0x5163,0x3902,
  0x3943,0x3943,0x1040,0x1840,0x38c1,0x40e2,0x5144,0x5124,0x4943,0x4143,0x0800,0x38e2,0x4101,0x4963,0x4942,0x59a4,
  0x5183,0x4922,0x38a0,0x4102,0x30a0,0x4123,0x51c5,0x4123,0x1820,0x1000,0x20a1,0x2081,0x0800,0x2060,0x28c2,0x30c2,
  0x2060,0x30a1,0x30c1,0x30a1,0x2880,0x3902,0x30c1,0x4102,0x73ec,0xa592,0xad93,0x6bab,0x5b09,0x73cc,0x73cc,0x73cc,
  0x7bec,0x7bec,0x7bcc,0x6309,0x5287,0x4a25,0x5a88,0x20e2,0x1060,0x3964,0x51e6,0x6267,0x7ae9,0x8329,0x6226,0x4983,
  0x4963,0x4142,0x4984,0x4143,0x4184,0x1840,0x6a87,0x8b29,0x72a7,0x2880,0x3103,0x3923,0x4922,0x3080,0x4943,0x38e2,
  0x2861,0x5164,0x82a8,0x9b69,0xabcb,0x9b8a,0x6a04,0x7286,0x6205,0x59e5,0x6a48,0x2041,0x2000,0x38c1,0x5143,0x61a4,
  0x69e5,0x5963,0x6163,0x6983,0x7185,0x79e6,0x7207,0x4123,0x1800,0x4142,0x82c9,0x92e9,0x92a8,0xa349,0x8a85,0x61a2,
  0x7a87,0x61c4,0x5163,0x38a1,0x38e3,0x30e3,0x1800,0x2881,0x69e5,0x8245,0x7a04,0x8a87,0x5985,0x1800,0x59a6,0x8267,
  0x8a87,0x71c4,0x92c8,0x8a66,0x92a8,0x8287,0x9b2a,0x7a88,0x3881,0x3060,0x6226,0x4943,0x38c1,0x2860,0x3902,0x3902,
  0x38e2,0x4943,0x2840,0x2000,0x4923,0x69e5,0x69e6,0x7206,0x8267,0x71e5,0x71a5,0x6963,0x8226,0x92a8,0xbc0d,0xbc4e,
  0x936b,0x38e1,0x2020,0x3903,0x4123,0x5185,0x38a2,0x5144,0x7227,0x5984,0x4902,0x4102,0x59a5,0x4122,0x38c1,0x3902,
  0x30a1,0x2880,0x38e2,0x3902,0x30e2,0x30c1,0x30c1,0x2880,0x2081,0x28e2,0x28a2,0x1860,0x2081,0x1840,0x1820,0x2081,
  0x1840,0x2060,0x30c2,0x30c2,0x30a2,0x3081,0x38a2,0x2820,0x2020,0x40c1,0x61a6,0x5144,0x6184,0x69a4,0x6143,0x6163,
  0x7184,0x6942,0x81e5,0x8a05,0x9a46,0x9a66,0x9a46,0x9a87,0xa2c9,0x9288,0x9ae9,0x69c6,0x3000,0x48e2,0x5123,0x5943,
  0x5123,0x5123,0x3040,0x50a1,0x81e5,0x8a46,0x8a26,0x8205,0x9267,0x92a7,0x9ac8,0x9266,0x92a7,0x9286,0x9286,0xab6a,
  0xb3ab,0x7a04,0x9b29,0x92a8,0x8a67,0x7a67,0x38a1,0x1000,0x4123,0x5185,0x5144,0x40e2,0x4102,0x3080,0x4060,0x50c1,
  0x58c2,0x50c2,0x48e2,0x2020,0x2020,0x5984,0x8a48,0x8a28,0x8a07,0x9ac9,0xa309,0x7a25,0x8287,0x69e4,0x6163,0x4060,
  0x50e2,0x6144,0x9b09,0xcc6e,0xd48f,0xc42d,0xc40d,0xc42d,0xc44e,0xb42e,0xabed,0x7226,0x2000,0x5964,0x69e6,0x4901,
  0x5963,0x69a3,0x6101,0x5902,0x5903,0x5984,0x2041,0x2040,0x7267,0x9b4a,0xb36a,0xab09,0xab4a,0x9287,0xa329,0x9b08,
  0x8a86,0x9308,0xabcb,0xa3ab,0xb3ec,0xabcb,0xa36a,0xb3cb,0xbc2d,0xbc0c,0xc42c,0xb42d,0xb44e,0xb44e,0xbc0c,0xbc0c,
  0xa3ab,0x6a47,0x2841,0x4923,0x8ac8,0x7a67,0x5164,0x2860,0x28a1,0x1840,0x1840,0x20a1,0x28e2,0x1860,0x28c2,0x20a1,
  0x1820,0x1820,0x4922,0x61c4,0x6183,0x69a3,0x71c4,0x6142,0x6183,0x59a2,0x6a04,0x7205,0x7a05,0x79e5,0x8247,0x5122,
  0x2000,0x4122,0x82c9,0x8289,0x69a5,0x61a4,0x5163,0x30a0,0x4184,0x20a1,0x1000,0x30c1,0x4102,0x5944,0x5944,0x5123,
  0x59a5,0x30c1,0x2040,0x3902,0x4943,0x4121,0x5183,0x59a4,0x5143,0x38c0,0x38a1,0x40e2,0x38c2,0x49a5,0x59e6,0x28a2,
  0x1000,0x1840,0x2081,0x20a1,0x1000,0x2061,0x28a1,0x2881,0x2881,0x2860,0x4103,0x30a1,0x2860,0x30c1,0x38e2,0x3902,
  0x740c,0xa572,0x9d31,0x6bab,0x636a,0x5b4a,0x740c,0x7c2d,0x73cc,0x840d,0x6b8a,0x6309,0x5287,0x4a05,0x5287,0x18a1,
  0x1881,0x3984,0x5205,0x6aa7,0x72c8,0x72c8,0x59e5,0x51a4,0x3902,0x5184,0x4163,0x49a5,0x2060,0x3922,0x7b08,0x8b49,
  0x4983,0x2040,0x3103,0x4144,0x30a0,0x38c1,0x4122,0x30a1,0x28a0,0x7267,0x9349,0xa3aa,0xa3ca,0x7225,0x6a25,0x6205,
  0x51c5,0x5a06,0x2060,0x1820,0x38a0,0x4902,0x5143,0x61a4,0x61c4,0x69c4,0x5962,0x69a4,0x71c5,0x71c5,0x61a5,0x2000,
  0x2020,0x51a4,0x82e8,0x9b09,0x92c8,0x9b08,0x61a2,0x7a86,0x7246,0x5143,0x40c1,0x3060,0x28c1,0x1861,0x1000,0x4923,
  0x7a47,0x8225,0x7a04,0x8286,0x3080,0x38e3,0x6206,0x8287,0x8266,0x8246,0x8a86,0x8a86,0x8245,0x8266,0x9b4a,0x8b09,
  0x2860,0x3081,0x4984,0x4963,0x2040,0x2880,0x3922,0x3903,0x30c1,0x38a1,0x2000,0x38a1,0x69e6,0x69e6,0x7226,0x7a47,
  0x71c5,0x71e5,0x5922,0x6984,0x8246,0xab6b,0xbc4e,0xb42e,0x7267,0x2881,0x1840,0x4164,0x30a1,0x38e2,0x38c2,0x5123,
  0x69e6,0x48e2,0x4122,0x4943,0x38e2,0x38c1,0x38e1,0x38e2,0x30a1,0x2880,0x30c1,0x38e2,0x30e1,0x30c1,0x28a0,0x28c1,
  0x28e2,0x20a1,0x1860,0x1840,0x1020,0x1840,0x1860,0x1860,0x1860,0x28a2,0x28a1,0x30a1,0x2880,0x2861,0x1800,0x3861,
  0x5143,0x5964,0x61a5,0x61a4,0x5943,0x6143,0x69a4,0x79e5,0x71a4,0x81c5,0x9266,0x8a05,0x9246,0x9205,0x9245,0x9aa8,
  0x9267,0x9288,0x5944,0x3000,0x5123,0x61a5,0x5984,0x61a4,0x48a0,0x4060,0x6162,0x8a46,0x8225,0x8a46,0x8225,0x9286,
  0x9aa6,0x9ac7,0x92a7,0x9ac7,0x9286,0x9aa7,0xab49,0xbbeb,0x8a86,0x8246,0x92e8,0x8267,0x7a27,0x5164,0x1800,0x30a1,
  0x5184,0x5964,0x3881,0x3081,0x38e2,0x38c1,0x3880,0x5902,0x58e2,0x48c2,0x3040,0x2041,0x5184,0x7a88,0x8a88,0x9248,
  0x81c5,0x79a5,0x48c1,0x5922,0x40a0,0x48c0,0x61a3,0x92e8,0xbc0c,0xd4cf,0xcc6e,0xc40c,0xc40c,0xcc4e,0xbc0c,0xc42d,
  0xbc2e,0xc48f,0x934a,0x40c1,0x3881,0x7a28,0x4902,0x4942,0x5983,0x6162,0x50c0,0x6123,0x5984,0x3081,0x1800,0x59c5,
  0x8b09,0xa36b,0xa349,0xa309,0x8a87,0x92a8,0x8aa8,0x8ac8,0x8ac8,0xa3ac,0xa3ec,0xac0c,0xac0d,0xb44e,0xb42d,0xabec,
  0x9b6b,0xa36a,0x9b28,0x9329,0x830a,0x82c8,0x7205,0x7205,0x5142,0x30a1,0x2000,0x61c5,0x82a8,0x61c4,0x2020,0x1820,
  0x1860,0x20a0,0x1860,0x20c1,0x1880,0x1881,0x1880,0x1000,0x2060,0x4122,0x5142,0x5942,0x6162,0x69a3,0x6142,0x6142,
  0x5142,0x5983,0x59a3,0x69e4,0x7a05,0x8267,0x71e4,0x3880,0x2020,0x6226,0x82e8,0x7226,0x5122,0x61a4,0x4122,0x3902,
  0x30e1,0x1020,0x1840,0x30c1,0x4943,0x5943,0x5943,0x5964,0x5143,0x2040,0x2060,0x3901,0x4101,0x4922,0x59c4,0x4942,
  0x38e1,0x38a1,0x38a1,0x38c1,0x4123,0x4985,0x4144,0x2061,0x0800,0x2081,0x1881,0x2081,0x1000,0x28a2,0x2081,0x2881,
  0x30a1,0x30a1,0x30c1,0x2880,0x2040,0x30a1,0x30c1,0x3902,0x740d,0x9d52,0x94f0,0x5b29,0x73ec,0x5b4a,0x73cc,0x7bec,
  0x7bed,0x8c6e,0x73ab,0x4225,0x5267,0x5287,0x4206,0x18a1,0x3123,0x41a4,0x5a46,0x6ac8,0x830a,0x6246,0x5a05,0x4984,
  0x4964,0x4964,0x4984,0x3902,0x2020,0x5a25,0x8b6a,0x82e8,0x38c2,0x2060,0x4164,0x3123,0x3060,0x4922,0x4102,0x1800,
  0x51a4,0x8b29,0xac0c,0xa3eb,0x7a86,0x61a3,0x7226,0x61e6,0x59c5,0x28a1,0x1800,0x38e1,0x5123,0x5923,0x6964,0x69e5,
  0x61a4,0x61c4,0x7205,0x69c4,0x8268,0x69c5,0x5123,0x2000,0x38e1,0x6225,0x936a,0x9329,0xa329,0x8245,0x7224,0x7a86,
  0x6206,0x38a1,0x3860,0x38a1,0x30c1,0x1000,0x2881,0x6a07,0x8a67,0x8a45,0x8a86,0x7225,0x2820,0x5185,0x7a68,0x8aa7,
  0x8266,0x8aa7,0x8245,0x9ae8,0x92c7,0x9309,0x9b6b,0x7aa8,0x2020,0x4964,0x51a4,0x4123,0x2880,0x2880,0x4123,0x38e2,
  0x3081,0x1800,0x3081,0x59a4,0x7247,0x7a47,0x7a47,0x7a26,0x71e5,0x71c4,0x71c4,0x8a67,0x92a8,0xbc0d,0xc4b0,0xa3ed,
  0x5184,0x2020,0x30c2,0x3943,0x38e3,0x38e2,0x4103,0x59a5,0x5984,0x4943,0x4944,0x38e2,0x38a1,0x30a1,0x4123,0x38e2,
  0x30a1,0x38e2,0x30c1,0x28a0,0x30a1,0x2880,0x28a1,0x28c1,0x2061,0x1860,0x1040,0x0800,0x1861,0x1881,0x1020,0x1860,
  0x28a2,0x28c2,0x30c2,0x2860,0x2860,0x2000,0x3040,0x5123,0x69c5,0x69e6,0x69c5,0x6984,0x6123,0x6963,0x7184,0x79a4,
  0x8205,0x9266,0x9226,0x9225,0x9a67,0x8a05,0x9a88,0x9267,0x8226,0x50e2,0x4061,0x5102,0x69e6,0x69c5,0x5943,0x3861,
  0x50e1,0x7a05,0x92a8,0x8a46,0x9a87,0x9246,0x9aa7,0xa2e8,0x9a86,0x9ac7,0xab08,0x9265,0xa309,0xb3ab,0xc40d,0xa329,
  0x7a05,0x92a7,0x8a67,0x7246,0x5144,0x2040,0x3081,0x5183,0x5984,0x48e1,0x38a1,0x3081,0x38a1,0x38c1,0x5101,0x4901,
  0x40a1,0x3060,0x2000,0x4923,0x7a88,0x7a88,0x69a5,0x4061,0x4820,0x7984,0x7185,0x79a4,0x92a8,0x8267,0xab8b,0xbc4d,
  0xc44e,0xc44d,0xcc4d,0xcc6e,0xdcaf,0xdccf,0xcc6e,0xcc8e,0xccaf,0xb42d,0x8ae9,0x3040,0x7226,0x69c6,0x5123,0x4901,
  0x6163,0x6142,0x6984,0x5122,0x4102,0x1000,0x4943,0x8aea,0xa32b,0xb3ec,0xabcb,0x92c8,0x9b2a,0x9b2a,0x9b2a,0x9b8b,
  0xb40e,0xa3ec,0x934a,0x7aa7,0x7246,0x6a05,0x61c5,0x5122,0x48e1,0x40a0,0x4080,0x5122,0x6a06,0x61e5,0x7246,0x5983,
  0x4923,0x1800,0x4944,0x7aa8,0x8ae9,0x40e2,0x2861,0x2081,0x2040,0x1820,0x20a1,0x1040,0x1840,0x28c1,0x2060,0x2020,
  0x5164,0x7a68,0x8aa9,0x8a87,0x9aa8,0x9ac8,0x8a26,0x79c5,0x7a06,0x7226,0x7246,0x7225,0x7a46,0x7a46,0x5943,0x1800,
  0x5184,0x7ae8,0x72a8,0x5163,0x5984,0x40e1,0x4964,0x4143,0x1840,0x1000,0x30c1,0x4102,0x5143,0x5102,0x5102,0x5984,
  0x4902,0x2020,0x2880,0x4101,0x4101,0x4942,0x6205,0x4122,0x38e2,0x38e1,0x38c1,0x30a1,0x4964,0x4984,0x30e2,0x1000,
  0x1841,0x20a1,0x2081,0x1840,0x1820,0x28e2,0x28a1,0x2880,0x30a1,0x30c1,0x30c1,0x2860,0x3080,0x30c1,0x4102,0x3902,
  0x6bec,0x9d31,0x7c4e,0x5b29,0x7c2d,0x6bab,0x7c2d,0x73ec,0x7c0d,0x7c0d,0x634a,0x4a46,0x5aa8,0x6309,0x2923,0x18a1,
  0x4206,0x41a4,0x5a26,0x6a87,0x72e8,0x5a05,0x51e5,0x3922,0x4184,0x4984,0x49a4,0x28a0,0x30e1,0x8329,0x8b6a,0x6225,
  0x2040,0x3923,0x3943,0x2060,0x28a1,0x4102,0x2040,0x2861,0x6a86,0x9bcb,0xac0c,0x9348,0x61e3,0x7a46,0x7226,0x6a07,
  0x38e2,0x1000,0x2880,0x4123,0x5943,0x58e2,0x71a4,0x71e5,0x61a3,0x6183,0x69a4,0x7206,0x7247,0x7227,0x40e1,0x3040,
  0x4101,0x82a7,0x9349,0x9b69,0x8ac7,0x69c3,0x7a65,0x7a87,0x4963,0x3081,0x3881,0x38a1,0x1820,0x1820,0x49a4,0x8288,
  0x71e5,0x8246,0x8ac7,0x5984,0x2840,0x61e6,0x8288,0x92e8,0x8265,0x92e8,0x7a24,0xa329,0x8aa7,0xa38b,0x9b8b,0x5984,
  0x1800,0x6227,0x4984,0x30c1,0x2880,0x3903,0x38e2,0x2840,0x1800,0x2840,0x5164,0x7227,0x5984,0x7226,0x61a4,0x7206,
  0x7205,0x69a4,0x7a05,0x8a87,0xa36a,0xccb0,0xbc8f,0x9bac,0x30c1,0x2860,0x3923,0x4964,0x3923,0x4143,0x38c1,0x59a5,
  0x40c1,0x5164,0x3902,0x3081,0x30c1,0x4123,0x38e2,0x30c1,0x30c1,0x3902,0x30e2,0x2880,0x1840,0x30c1,0x30e2,0x28a1,
  0x1020,0x1040,0x1040,0x1840,0x1020,0x1860,0x1881,0x28c2,0x28e2,0x2881,0x2060,0x2840,0x1800,0x3081,0x5122,0x69a5,
  0x71e5,0x71e5,0x6984,0x71a4,0x6983,0x7163,0x79e5,0x9247,0x8a26,0x9a67,0x81a3,0xa2a7,0x9246,0x9267,0x9288,0x79e6,
  0x4060,0x3820,0x5122,0x61a5,0x5984,0x5122,0x2800,0x4060,0x8246,0x8226,0x8a46,0x8a25,0x8a65,0xa2e8,0x9aa7,0x9245,
  0x9aa6,0xa308,0x9ac7,0x9ac7,0xbbeb,0xcc4d,0xab8a,0x8225,0x7a25,0x8a67,0x8a87,0x7226,0x28a1,0x1800,0x4102,0x6184,
  0x40a0,0x38a0,0x3080,0x38c2,0x38a1,0x40c2,0x48e1,0x4901,0x2060,0x2020,0x38a1,0x6a06,0x5963,0x3860,0x3020,0x5943,
  0x8227,0xa2e9,0xaaea,0x9a47,0x9267,0x92c8,0xab8b,0xb3ab,0xbc0c,0xcc6d,0xcc8d,0xd4ae,0xcc8e,0xcc8e,0xccae,0xd4d0,
  0xc48f,0xa38b,0x5963,0x4902,0x7aa8,0x5943,0x5102,0x5964,0x6183,0x6163,0x5943,0x40e2,0x1000,0x4964,0x82ea,0xabad,
  0xab6b,0xabcc,0x9349,0x932a,0x8ac8,0x69e5,0x5143,0x5103,0x4922,0x40e2,0x3081,0x3040,0x2000,0x2000,0x4101,0x7227,
  0x7247,0x7206,0x69e5,0x82a8,0x9b6b,0x9b8c,0x9bac,0x7288,0x4984,0x2880,0x59e6,0x7aa8,0x6a26,0x3881,0x2040,0x2061,
  0x2860,0x2861,0x2040,0x2861,0x30c2,0x2881,0x1000,0x5964,0x7a69,0x92ca,0x8a68,0x9248,0x9267,0x8a47,0x79c5,0x71c6,
  0x71e5,0x7226,0x7206,0x6a06,0x6a05,0x6a25,0x38a1,0x2020,0x6266,0x7b09,0x51c4,0x4122,0x4983,0x4123,0x51a5,0x28a1,
  0x1000,0x30e2,0x3922,0x4943,0x4102,0x5123,0x5143,0x61c5,0x3080,0x2000,0x38e1,0x38e1,0x4941,0x5163,0x4963,0x4123,
  0x2840,0x30c1,0x30a1,0x38c1,0x4984,0x4143,0x1820,0x1000,0x1861,0x2081,0x1840,0x1820,0x1000,0x28c2,0x2060,0x2881,
  0x2060,0x38e2,0x30c1,0x38c1,0x2880,0x30a0,0x30c1,0x4102,0x740d,0x9d52,0x6bcc,0x5309,0x73ec,0x6bab,0x846e,0x7c2d,
  0x844e,0x6bab,0x5ae9,0x5ac8,0x5aa8,0x5aa8,0x20e2,0x1080,0x4a06,0x41c4,0x6267,0x72c8,0x72c8,0x5a25,0x51c5,0x4163,
  0x49a5,0x49a4,0x51c5,0x28a0,0x6205,0x7ac7,0x8b4a,0x4143,0x2860,0x4163,0x38e2,0x2040,0x3923,0x30c1,0x2840,0x5183,
  0x8b29,0xa3ec,0xa3cb,0x6a04,0x7266,0x7246,0x7a88,0x4103,0x1820,0x2040,0x4123,0x5163,0x6184,0x6983,0x6963,0x69a4,
  0x7205,0x61a4,0x6163,0x69e5,0x7227,0x7267,0x3881,0x38a0,0x61a3,0x8ae8,0x9b29,0xa3aa,0x7a65,0x61c3,0x7a87,0x61e5,
  0x4923,0x38c2,0x4923,0x2860,0x1000,0x30c1,0x7246,0x8287,0x79e5,0x8247,0x7a47,0x3020,0x4902,0x7267,0x8ae9,0x8ac7,
  0x92c7,0x9b08,0x92e8,0x9b08,0x8286,0x8b09,0xa3cd,0x4922,0x30a1,0x51c5,0x5164,0x30a0,0x2880,0x4123,0x38e2,0x2020,
  0x2020,0x5184,0x6a27,0x69e5,0x6184,0x5984,0x7a26,0x7a46,0x69c4,0x7a46,0x7a25,0x8a87,0xbc4d,0xccf0,0xbc90,0x7267,
  0x2860,0x28a1,0x4965,0x4123,0x4143,0x30c1,0x5164,0x4943,0x4923,0x38e2,0x30a1,0x2860,0x3902,0x4122,0x30a1,0x2880,
  0x4102,0x38e2,0x30a1,0x28a1,0x30c2,0x30c2,0x28c2,0x28a1,0x1840,0x1020,0x2061,0x2081,0x1861,0x1861,0x3103,0x28a2,
  0x30c2,0x28a1,0x2820,0x2020,0x40c1,0x5163,0x69c5,0x71e5,0x7a06,0x6983,0x6964,0x7184,0x79c5,0x79a4,0x9a88,0x9a87,
  0xa2a8,0x9a87,0x9246,0x9a67,0x8a26,0x9ae9,0x8247,0x4881,0x3800,0x5943,0x6184,0x61a4,0x5102,0x2800,0x6163,0x8246,
  0x8a67,0x9266,0x8a05,0x9266,0x9aa7,0xa308,0x9aa7,0x9285,0xab28,0xa328,0xab28,0xc40c,0xbbeb,0xbbeb,0x8a87,0x8226,
  0x9ae9,0x8a87,0x8a68,0x4902,0x2040,0x30e2,0x5985,0x48e1,0x40a0,0x40c0,0x40c1,0x40c1,0x48e3,0x5103,0x5123,0x38e0,
  0x2040,0x2040,0x4902,0x4080,0x5102,0x7a46,0x7a26,0x92e8,0xa32a,0x9246,0xa2a8,0xa288,0xa2e9,0xb38b,0xbbcc,0xc40c,
  0xcc4d,0xcc6d,0xd48e,0xcc8d,0xcc8d,0xccae,0xd4ef,0xbc4d,0xb42d,0x7a67,0x4080,0x61c5,0x7226,0x5943,0x6184,0x6184,
  0x6185,0x5944,0x40a1,0x2840,0x38e2,0x6a67,0x8288,0x8267,0x79e5,0x5122,0x40c1,0x40a1,0x40a1,0x3860,0x48c1,0x40c1,
  0x4901,0x48e1,0x5122,0x61c5,0x82c9,0x82c8,0x8ae9,0x9b8b,0xa3cc,0xa3ac,0xabcc,0xa38b,0xa36a,0x9b8b,0x82ea,0x59e6,
  0x30c2,0x38c1,0x7a88,0x82c8,0x61c5,0x3080,0x2061,0x2061,0x2841,0x2820,0x2841,0x2020,0x2861,0x1800,0x38c3,0x7a49,
  0x8aaa,0x8a89,0x928a,0x9269,0x9289,0x7a07,0x8248,0x8269,0x8269,0x7a68,0x7a48,0x6a06,0x6a67,0x51c4,0x2840,0x51a4,
  0x72e8,0x6246,0x4142,0x4183,0x49a4,0x3964,0x3924,0x1000,0x30c2,0x4164,0x4944,0x4123,0x5184,0x5163,0x5984,0x5163,
  0x3081,0x2040,0x38c2,0x4101,0x5142,0x59a4,0x4964,0x30a1,0x30c2,0x38e2,0x30a1,0x38e2,0x5184,0x30c1,0x1000,0x1020,
  0x20c3,0x1860,0x28a1,0x2060,0x2060,0x28a1,0x2881,0x30c2,0x30a1,0x38e2,0x30a1,0x30a1,0x38e1,0x38e1,0x38e1,0x2880,
  0x6bec,0x9d52,0x6bcb,0x6bab,0x638b,0x638b,0x636a,0x7c0d,0x844e,0x7c0d,0x31c4,0x52a8,0x6309,0x4205,0x10a0,0x18e2,
  0x2922,0x49e5,0x5a46,0x8329,0x5a04,0x6266,0x4183,0x4163,0x49a5,0x6268,0x30c1,0x30e1,0x7ae8,0x8b29,0x72a7,0x30c1,
  0x30c1,0x4984,0x2040,0x2881,0x3923,0x2061,0x2860,0x6a66,0xa3ca,0xac0c,0x7a86,0x6a04,0x6a45,0x6226,0x51c5,0x1000,
  0x1820,0x38e2,0x5184,0x61a4,0x5942,0x7205,0x5942,0x69c4,0x69c4,0x71e5,0x6163,0x61c5,0x6a47,0x59c5,0x2000,0x48e1,
  0x8287,0x9308,0x9328,0xa3aa,0x6a03,0x6204,0x6205,0x4902,0x38c2,0x30c2,0x28a1,0x1800,0x2060,0x6205,0x7a45,0x7a25,
  0x8246,0x92c9,0x5984,0x2000,0x61c4,0x8ae8,0x9329,0x92e8,0x92e7,0x92e7,0x9b48,0xa369,0x9b49,0x9b8b,0x9bab,0x38c1,
  0x4143,0x51a5,0x4123,0x3080,0x2880,0x30c2,0x2881,0x2020,0x3081,0x6206,0x6a26,0x61c5,0x5984,0x69e5,0x7a46,0x7a46,
  0x69c4,0x8267,0x7a45,0xabab,0xc48d,0xccf0,0xac4e,0x38c1,0x2020,0x30e2,0x30e2,0x30c2,0x38e2,0x38c2,0x4943,0x4102,
  0x4963,0x38c1,0x2880,0x38e2,0x30c1,0x30c1,0x2880,0x38c1,0x38e1,0x30a1,0x2880,0x2881,0x28a1,0x28a2,0x2081,0x2060,
  0x1840,0x2061,0x1820,0x1860,0x20a2,0x30e3,0x20a1,0x2061,0x2861,0x2000,0x2000,0x40e1,0x5142,0x69c5,0x7205,0x6983,
  0x6963,0x71a4,0x79c4,0x7183,0x79c4,0x9246,0x9246,0x9246,0x9a87,0x9226,0x9a87,0x9226,0x9aa8,0x8248,0x3840,0x3861,
  0x5964,0x5964,0x5983,0x3860,0x3020,0x69c5,0x7a25,0x8226,0x9266,0x9225,0x9246,0xa2e8,0xab28,0xa2c7,0xa2e7,0xa307,
  0xa307,0xab48,0xbbca,0xbbeb,0xbc0b,0x9ae8,0x8245,0x8a87,0x8267,0x930a,0x5144,0x2800,0x30a1,0x59e5,0x4942,0x3040,
  0x3880,0x38a0,0x40e1,0x48c1,0x48e2,0x5943,0x3080,0x1000,0x1800,0x4902,0x61c4,0x7a06,0x92a8,0x8a67,0x92c8,0xa349,
  0x9b29,0x9287,0x9ac7,0xab29,0xbbcc,0xd44e,0xbbcb,0xc40c,0xc42c,0xcc4d,0xc44c,0xcc8d,0xccad,0xccce,0xbc8d,0xccf0,
  0x934a,0x40a0,0x40e1,0x7247,0x5943,0x6143,0x6163,0x5944,0x5964,0x4903,0x1800,0x1000,0x2840,0x3880,0x3860,0x3840,
  0x3860,0x5142,0x61c4,0x5963,0x61c4,0x7246,0x7a87,0x82c8,0x8b09,0x934a,0x9329,0x934a,0x9329,0x9b6a,0x9b6a,0x9b6a,
  0x9329,0x930a,0x932a,0x9b29,0xa329,0xab8b,0x6a46,0x4144,0x2040,0x5984,0x7a87,0x7a46,0x4921,0x2860,0x1840,0x2041,
  0x2862,0x2000,0x2861,0x2041,0x1000,0x30c2,0x6248,0x82ca,0x7a89,0x8269,0x7a69,0x7248,0x6a07,0x6a28,0x4964,0x4103,
  0x4104,0x4924,0x4103,0x3903,0x3943,0x28c2,0x1860,0x72c9,0x6247,0x4963,0x38e1,0x49a3,0x3963,0x3985,0x0820,0x20a2,
  0x49a6,0x3904,0x4144,0x4944,0x4122,0x4943,0x4963,0x38e1,0x2000,0x2861,0x30c1,0x4922,0x5162,0x59a4,0x38e1,0x30c2,
  0x3902,0x3903,0x30a1,0x4123,0x3902,0x2040,0x0800,0x2061,0x20a2,0x1841,0x20a1,0x2061,0x2060,0x2881,0x2881,0x30e2,
  0x30a1,0x30a1,0x2880,0x38c1,0x30c1,0x38e1,0x30c1,0x2860,0x7c2d,0x9511,0x7c2d,0x7c4e,0x73cc,0x740d,0x6b8b,0x73ec,
  0x844e,0x73cc,0x4a46,0x5287,0x7bcc,0x39c4,0x1080,0x3184,0x3143,0x5205,0x6246,0x72c7,0x51a3,0x5a05,0x4984,0x4184,
  0x51e6,0x5a26,0x2060,0x51e5,0x8b4a,0x8b49,0x59e4,0x28c1,0x51a5,0x4123,0x2840,0x30c1,0x3103,0x1840,0x4964,0x7ac7,
  0xb40b,0x8b07,0x6a04,0x7a86,0x61e5,0x6226,0x1840,0x1840,0x30c2,0x5165,0x6185,0x5102,0x71c5,0x69c4,0x7a46,0x6183,
  0x7a06,0x71c5,0x71c5,0x61e5,0x6a47,0x30a0,0x2840,0x5962,0x9b09,0x9ae7,0xa389,0x82c6,0x6a04,0x61e4,0x5163,0x38a1,
  0x38a2,0x30a2,0x1000,0x1000,0x5184,0x82a7,0x8245,0x6982,0x7a26,0x8288,0x40a2,0x40a1,0x8ac9,0x8ae8,0xa38a,0x9b49,
  0x9b28,0x9307,0xa389,0xabcb,0xbc6e,0xb44e,0x8b09,0x2860,0x4944,0x59e6,0x3902,0x2040,0x38e2,0x2881,0x2861,0x2000,
  0x5985,0x59c5,0x69e6,0x7226,0x5964,0x8288,0x7205,0x69c4,0x7a26,0x7226,0x9b4a,0xbc6d,0xccef,0xc4d0,0x8309,0x2020,
  0x2861,0x38e2,0x38e3,0x30c2,0x38c2,0x4102,0x38e1,0x38e1,0x4123,0x30c1,0x30c1,0x38e2,0x30a1,0x30a0,0x3902,0x38e1,
  0x30a1,0x2880,0x30c2,0x2880,0x2040,0x2081,0x2082,0x1820,0x2061,0x2040,0x2040,0x2061,0x30c3,0x28c2,0x2861,0x2861,
  0x2000,0x2840,0x4923,0x5123,0x61a5,0x7206,0x6984,0x6142,0x79c5,0x7184,0x79c4,0x8a46,0x9246,0x8a26,0x9a87,0x9a87,
  0xa2a8,0x9226,0xa2a8,0x9a87,0x8a27,0x3000,0x3861,0x5123,0x69c6,0x5143,0x2820,0x3860,0x69a4,0x71e5,0x92a7,0x9287,
  0x8a05,0x9aa7,0xbb6a,0xab28,0xab49,0xab48,0xa308,0xab48,0xab48,0xc3eb,0xc40c,0xc42c,0xb3ab,0x8a66,0x8a66,0x71c4,
  0x8247,0x6a07,0x38c2,0x2000,0x5123,0x4922,0x30a0,0x30a0,0x38c1,0x3860,0x50e1,0x50c1,0x5902,0x38a0,0x2000,0x30a1,
  0x8288,0x8268,0x92c9,0x92a8,0x9aa8,0x8a25,0x9246,0x9ae8,0xa349,0x8ac6,0x9b48,0xbc2c,0xd4af,0xcc2d,0xcc2d,0xcc2d,
  0xcc6d,0xcc4d,0xcc6d,0xc48d,0xc4ae,0xc4ae,0xccef,0xccf0,0x6a05,0x2000,0x61a5,0x5964,0x50e3,0x6984,0x6984,0x5943,
  0x40e2,0x1800,0x1800,0x2840,0x40a1,0x6184,0x8ae8,0x82e8,0x7a87,0x82c8,0x8aa8,0x7225,0x8ac8,0xa38b,0xa3ab,0xa38b,
  0xa36b,0xa34a,0xa36a,0x9b49,0xa34a,0xa36a,0x9b29,0x8ac7,0x8ac8,0x8ac8,0x932a,0x9b08,0xab28,0x92c8,0x5984,0x2060,
  0x30a2,0x7a87,0x8287,0x6162,0x3880,0x2880,0x2060,0x1840,0x2041,0x1041,0x1882,0x1040,0x0000,0x1060,0x18a1,0x1040,
  0x1840,0x1020,0x1020,0x0800,0x0800,0x0840,0x1040,0x0800,0x1000,0x1000,0x1000,0x0800,0x0800,0x0800,0x3984,0x6268,
  0x51a5,0x38c2,0x4103,0x4123,0x3102,0x1081,0x0000,0x1061,0x2062,0x1000,0x2841,0x2000,0x2880,0x2880,0x4143,0x2881,
  0x1800,0x2881,0x4965,0x4943,0x5163,0x4943,0x30a0,0x3923,0x3903,0x30c2,0x38e2,0x4123,0x3081,0x1800,0x1800,0x1840,
  0x20a2,0x1861,0x2081,0x1000,0x2881,0x2881,0x30a2,0x30a1,0x38e2,0x2860,0x30c1,0x38e2,0x38c1,0x3080,0x38e1,0x2860,
  0x7c4d,0x848e,0x638b,0x6bec,0x5b49,0x7c2d,0x6bec,0x7c2e,0x6bcb,0x52a8,0x632a,0x5288,0x6309,0x2943,0x0820,0x39c6,
  0x39a4,0x5a46,0x6266,0x5a25,0x51e4,0x49a4,0x4183,0x51e6,0x49e5,0x30e2,0x30c0,0x834a,0x7ae8,0x7aa7,0x4122,0x3923,
  0x51e6,0x28a1,0x2060,0x4143,0x1840,0x28a1,0x72a8,0x934a,0x9348,0x61c3,0x6a45,0x7246,0x6a46,0x3902,0x0800,0x30c2,
  0x4964,0x61c5,0x48e2,0x6184,0x69c4,0x7a66,0x7225,0x71e5,0x71c5,0x8227,0x6184,0x6a07,0x5183,0x2020,0x30a0,0x7204,
  0x8ac7,0x9308,0x9b49,0x69e3,0x6203,0x59c3,0x40e1,0x40c2,0x38c2,0x30e3,0x0800,0x2860,0x6a25,0x8286,0x71c3,0x8266,
  0x8b08,0x7a88,0x3060,0x7206,0x9309,0x8b07,0x9b49,0xa36a,0x9b28,0xab8a,0xa389,0xabeb,0xb44d,0xac0c,0x7267,0x4102,
  0x4143,0x5185,0x30a1,0x2860,0x30c1,0x28a1,0x1800,0x38c2,0x72a8,0x6a26,0x61c4,0x7a47,0x69e4,0x9309,0x7a46,0x71e5,
  0x7a46,0x8ac8,0xb42d,0xbc6e,0xcd30,0xb46e,0x4943,0x2840,0x2880,0x38e2,0x4144,0x30a2,0x30c1,0x38c2,0x30e1,0x38e2,
  0x30a0,0x30a1,0x30e2,0x30a1,0x2880,0x38e2,0x30e2,0x30a1,0x2880,0x38e2,0x28a1,0x2881,0x2060,0x2061,0x1860,0x2081,
  0x1820,0x2020,0x2061,0x2882,0x2081,0x2061,0x2040,0x1800,0x2860,0x5163,0x61c5,0x7206,0x69c5,0x71a4,0x6943,0x7163,
  0x7183,0x8205,0x79c4,0x9266,0x8a45,0x9225,0x9246,0xa2a8,0x9266,0x9a87,0x9287,0x8205,0x4040,0x3881,0x61a5,0x5944,
  0x40a1,0x3860,0x48c1,0x7a46,0x6183,0x8a66,0x8a66,0x9266,0x8a45,0xab08,0xb369,0xab69,0xa328,0xa348,0xa328,0xb389,
  0xc42c,0xcc2c,0xc40b,0xbbcb,0x8a65,0x8246,0x71c4,0x8287,0x82a8,0x4923,0x1800,0x4103,0x5984,0x3880,0x30a0,0x4102,
  0x38a0,0x48c1,0x50e1,0x50e1,0x48e0,0x2020,0x2881,0x7aaa,0x8267,0x9287,0x92a8,0x9287,0x79c3,0x9266,0xa2e8,0xa308,
  0x7a44,0x9b48,0x9ba9,0xc48d,0xc44d,0xcc6e,0xc44d,0xc44e,0xc42d,0xc44d,0xc46e,0xcccf,0xc4cf,0xbcaf,0xac4d,0x7aa7,
  0x2860,0x40e1,0x7227,0x5103,0x5923,0x71c5,0x6163,0x5963,0x2840,0x2020,0x5184,0x82ea,0x8ac9,0x9b09,0x9308,0x8b08,
  0x6a25,0x7a46,0x8267,0x92e9,0x8ae8,0x9b49,0x9308,0x92c8,0x7a66,0x8a87,0x7205,0x7a46,0x92e8,0x9b29,0x8ac8,0x8ac8,
  0x8ae8,0x82e9,0x7ac8,0x8ae9,0x92e8,0x7226,0x4123,0x2020,0x4964,0x7aa8,0x7225,0x5122,0x3040,0x3080,0x2060,0x1861,
  0x1061,0x20c3,0x0000,0x0000,0x0000,0x0020,0x0000,0x0000,0x0000,0x0800,0x0000,0x0020,0x0020,0x0020,0x0000,0x0800,
  0x0000,0x0800,0x0800,0x0820,0x0000,0x1881,0x5a67,0x59e6,0x4123,0x40c2,0x4944,0x3903,0x20a1,0x0000,0x0020,0x0820,
  0x0000,0x1821,0x2061,0x2882,0x1860,0x1840,0x28e2,0x2081,0x1820,0x38c2,0x4944,0x59a4,0x4101,0x4942,0x30a1,0x38e2,
  0x3902,0x30c1,0x30e2,0x3923,0x1800,0x1000,0x1820,0x2060,0x1860,0x20a1,0x1840,0x0800,0x2081,0x30c2,0x28c1,0x2881,
  0x30c1,0x3080,0x2880,0x30c1,0x2880,0x30c1,0x3901,0x2040,0x846f,0x742d,0x6bcc,0x7c4e,0x5b4a,0x6bab,0x7c0d,0x844e,
  0x6bab,0x5ae9,0x632a,0x632a,0x62ca,0x1880,0x20e2,0x3143,0x49c5,0x5a67,0x6246,0x49a4,0x5a26,0x4163,0x49a5,0x49c5,
  0x5206,0x1000,0x6205,0x8b49,0x936a,0x6a46,0x38c1,0x4984,0x3964,0x2080,0x3103,0x3922,0x1800,0x4942,0x9b8b,0x9b8a,
  0x7245,0x61c3,0x7246,0x6a47,0x4984,0x1800,0x2841,0x4943,0x6a27,0x5984,0x5122,0x71e5,0x7a26,0x7a26,0x7a26,0x71c5,
  0x69c5,0x61a4,0x69e5,0x7247,0x40e2,0x2820,0x5142,0x7aa6,0x9328,0x9329,0x7a66,0x61c3,0x7265,0x59a2,0x4902,0x4103,
  0x30e4,0x1000,0x2020,0x5163,0x8286,0x7a24,0x7a25,0x8266,0x934a,0x61c4,0x40e1,0x8b09,0x92e8,0x9b69,0xa38a,0x9b49,
  0x9308,0xa38a,0xa36a,0xb40c,0xc48e,0xac0d,0x7267,0x40e1,0x6206,0x5184,0x4923,0x30a0,0x30a1,0x2061,0x1000,0x6227,
  0x8b4a,0x6a04,0x82a7,0x69c3,0x7205,0x7226,0x69e5,0x69c5,0x8287,0x9329,0xc48f,0xc4f0,0xbcf0,0x8329,0x30a0,0x2040,
  0x4123,0x4964,0x4123,0x3081,0x3903,0x30c1,0x4123,0x38e2,0x38c2,0x3902,0x38e2,0x2860,0x38e2,0x38e2,0x3081,0x2860,
  0x30e2,0x28a1,0x2881,0x1840,0x2040,0x2060,0x2061,0x1820,0x2841,0x2861,0x30a2,0x2881,0x28c2,0x1840,0x1820,0x30a0,
  0x5184,0x61c4,0x69c5,0x71c4,0x7183,0x79c4,0x7984,0x7143,0x81e5,0x8a25,0x9246,0x8a45,0x9aa7,0x9a86,0x9a87,0x9286,
  0x9287,0x92c8,0x71e6,0x3820,0x4902,0x5985,0x5944,0x4080,0x4061,0x5923,0x8a46,0x8a45,0x81e4,0x9286,0x9a86,0x8a45,
  0xa328,0xab69,0xb389,0xa348,0xa348,0xa368,0xbbcb,0xcc4c,0xcc0c,0xcc0b,0xcbec,0x9ac7,0x8a66,0x8a87,0x8ac9,0x7246,
  0x69e6,0x2000,0x38c3,0x59e6,0x38a1,0x3080,0x4902,0x40c1,0x48c1,0x48e2,0x5963,0x5101,0x2800,0x3060,0x82ea,0x7227,
  0x8a46,0x9aa7,0xab29,0x9266,0x9266,0x92a6,0x9ac7,0x9b07,0x92c7,0x9b28,0xbc2d,0xbc4d,0xc46d,0xc48e,0xc46e,0xbc6f,
  0xd511,0xccd0,0xc44f,0xa3cd,0x9b8c,0x6227,0x4943,0x2880,0x2860,0x6a26,0x71e6,0x50a1,0x6164,0x6a06,0x6a06,0x3880,
  0x2800,0x5122,0x8287,0x8aa8,0x8a87,0x7a45,0x8a87,0x8ac8,0x8267,0x71e5,0x7a26,0x8286,0x8aa7,0x8aa7,0x9b29,0x9b4a,
  0x9b4a,0x9309,0x8ae9,0x8ae9,0x932a,0x82c9,0x82a9,0x7a88,0x7267,0x59e6,0x4164,0x3923,0x3103,0x2061,0x1820,0x2040,
  0x72a9,0x7aa8,0x5983,0x38a0,0x2840,0x2860,0x2882,0x1861,0x18a2,0x0820,0x0000,0x0000,0x0000,0x0000,0x0000,0x0000,
  0x0000,0x0000,0x0000,0x0000,0x0000,0x0000,0x0000,0x0820,0x0820,0x0000,0x0801,0x0000,0x0820,0x3964,0x6227,0x4984,
  0x4122,0x4122,0x4965,0x28a2,0x0820,0x0000,0x0001,0x0000,0x0800,0x0000,0x0800,0x0000,0x1021,0x1061,0x28e3,0x1841,
  0x2061,0x4122,0x5984,0x4943,0x4943,0x30a0,0x38a0,0x4122,0x4102,0x30e2,0x3944,0x2081,0x0800,0x1020,0x1820,0x28a1,
  0x2040,0x30e2,0x2061,0x1000,0x28c2,0x28a1,0x30c2,0x30c1,0x30a1,0x30a1,0x38e2,0x30a0,0x30a0,0x30c1,0x3902,0x2060,
  0x7c2e,0x846f,0x63ab,0x84af,0x63ab,0x6bcc,0x7c4d,0x7c2d,0x5b29,0x6b4b,0x4a87,0x736c,0x4226,0x0820,0x2943,0x41a5,
  0x41c5,0x6287,0x4183,0x5205,0x49c4,0x3922,0x4184,0x5206,0x3102,0x28a1,0x8b49,0x9369,0x8b49,0x51a4,0x2860,0x51e6,
  0x28e2,0x2081,0x3963,0x1860,0x30a0,0x7ac7,0xa40c,0x82e8,0x5982,0x61c4,0x6a66,0x6227,0x1840,0x2040,0x4102,0x6a26,
  0x5984,0x4901,0x6a05,0x5963,0x92e9,0x8287,0x8267,0x71e5,0x71e5,0x61a4,0x6a25,0x61c5,0x2841,0x3060,0x61e3,0x9348,
  0x9348,0x9309,0x6a05,0x6a04,0x6a04,0x4941,0x3080,0x38e3,0x2061,0x1800,0x38c1,0x7a87,0x8a86,0x7a24,0x8265,0x8ac7,
  0x9329,0x4901,0x5162,0x9349,0x9308,0xa369,0x9b89,0x9b8a,0x9308,0xa38a,0x9b69,0xc48e,0xc4ae,0xb44e,0x5184,0x2880,
  0x4984,0x4964,0x30c1,0x30a0,0x30c1,0x1800,0x30a1,0x936b,0x82e8,0x6a04,0x7a86,0x69e4,0x7205,0x69e5,0x69e4,0x6a05,
  0x7a46,0xb3ed,0xc4d0,0xc4f1,0xa44e,0x6206,0x2040,0x38e1,0x4122,0x4964,0x38e2,0x38e2,0x30a1,0x30a1,0x3902,0x38e2,
  0x4143,0x3902,0x2860,0x2881,0x28a1,0x30c2,0x2880,0x2880,0x28a1,0x2081,0x1000,0x1820,0x2081,0x2061,0x1020,0x1840,
  0x30a1,0x30a2,0x2881,0x3902,0x2040,0x1820,0x4964,0x5184,0x59c4,0x69e5,0x7205,0x6162,0x79c4,0x79c4,0x7163,0x79a4,
  0x9246,0x8a25,0x9266,0x8a04,0x9245,0x9a66,0x9a86,0x9266,0x9287,0x71c6,0x2800,0x4923,0x61e5,0x5123,0x3040,0x5102,
  0x71c4,0x8226,0x8a86,0x9266,0x9265,0x8a04,0x9285,0xa328,0xab48,0xbbca,0xa348,0xa369,0xa389,0xbc0b,0xcc6d,0xc40b,
  0xcc2c,0xcc2c,0xa2e7,0x9aa7,0x7a05,0x8aa8,0x8ac8,0x6a06,0x3081,0x38a1,0x4943,0x4102,0x3060,0x3060,0x40a1,0x48c1,
  0x40a0,0x48e2,0x48e1,0x3040,0x3060,0x7247,0x8b2a,0x9309,0xa329,0xa2e8,0xa308,0xa308,0x9aa7,0x9a87,0x9286,0x92a7,
  0x9b08,0xb3cc,0xbc4d,0xc48e,0xc4ae,0xcd10,0xd551,0xc4cf,0x9b6b,0x7a88,0x5143,0x3000,0x38a1,0x4103,0x3902,0x2860,
  0x4143,0x7ac9,0x5984,0x5902,0x71c5,0x7227,0x4943,0x2000,0x40c1,0x71e5,0x8b08,0x92e8,0x8287,0x7a26,0x7205,0x7a67,
  0x7a87,0x82a8,0x82e8,0x936b,0x934a,0x932a,0x8309,0x82e9,0x7288,0x6a27,0x51a4,0x4964,0x3903,0x28a1,0x1820,0x1800,
  0x1000,0x1000,0x0000,0x0000,0x0000,0x1000,0x0800,0x4964,0x72a9,0x6205,0x38c0,0x3060,0x2860,0x2860,0x1841,0x1841,
  0x0800,0x0800,0x0000,0x0000,0x0000,0x0000,0x0000,0x0000,0x0000,0x0000,0x0000,0x0000,0x0000,0x0000,0x0000,0x0000,
  0x0000,0x0000,0x0020,0x0000,0x20a2,0x5a27,0x4143,0x4122,0x3902,0x3902,0x28c2,0x1020,0x0000,0x0000,0x0000,0x0000,
  0x0000,0x0800,0x0000,0x0000,0x0000,0x0000,0x0800,0x1000,0x1820,0x4122,0x59a3,0x5164,0x3902,0x30a0,0x30a0,0x4101,
  0x38e1,0x3903,0x28c2,0x1040,0x0820,0x0800,0x1860,0x2080,0x2060,0x28c1,0x1020,0x1861,0x28e2,0x28c2,0x2080,0x3902,
  0x30c1,0x30a1,0x38e1,0x2880,0x30c1,0x38e2,0x28a0,0x2020,0x7c4f,0x742e,0x636b,0x7c4d,0x73ec,0x73ec,0x846e,0x7c2d,
  0x6b6b,0x6b8b,0x4a67,0x7bad,0x39a5,0x0840,0x41e6,0x41e5,0x5a67,0x5a47,0x4163,0x5205,0x51e5,0x3943,0x4184,0x41c5,
  0x28a1,0x6a87,0x8b8a,0x938a,0x8b09,0x2840,0x4123,0x49a4,0x28c2,0x3943,0x3943,0x1000,0x59e5,0x9bec,0x938a,0x6a05,
  0x59a4,0x7287,0x6a46,0x2881,0x1820,0x3902,0x61e6,0x6a46,0x4922,0x5963,0x7226,0x82a7,0x9b4a,0x8267,0x92e9,0x7205,
  0x71e5,0x69e5,0x6a26,0x5163,0x2820,0x38c0,0x82c7,0x9348,0x9b69,0x82a7,0x61c4,0x69e4,0x59a3,0x38c0,0x30a1,0x30c3,
  0x1820,0x2040,0x59c5,0x8b09,0x8286,0x7a24,0x92e8,0x9349,0x82c8,0x3060,0x7226,0x8b09,0x9b49,0xabca,0xb3eb,0x9b69,
  0xa369,0xb42c,0xbc2c,0xc48e,0xc4d0,0xc4d0,0x59a5,0x3081,0x51a4,0x4123,0x2860,0x2860,0x2880,0x1000,0x6247,0xb48f,
  0x7266,0x7a66,0x8ac7,0x7a66,0x7a46,0x7226,0x69c5,0x7246,0x932a,0xbc6e,0xd551,0xc531,0x9bed,0x38e1,0x2040,0x51a4,
  0x4944,0x38e2,0x4123,0x38e2,0x38e2,0x3902,0x3902,0x30e1,0x4964,0x2880,0x30a1,0x3902,0x30c2,0x2860,0x30a1,0x28a1,
  0x2080,0x2040,0x2061,0x2060,0x2081,0x2061,0x2061,0x2060,0x2881,0x30c2,0x30a2,0x1820,0x1800,0x5184,0x7247,0x5963,
  0x7a06,0x6183,0x69a4,0x7a05,0x79e4,0x6962,0x79a3,0x9266,0x9286,0x8a45,0x9286,0x9aa6,0x9225,0x9a46,0x9a67,0x9267,
  0x6944,0x2800,0x5163,0x6246,0x38e2,0x3860,0x48e2,0x71e5,0x8226,0x8a66,0x9287,0x9286,0x79a3,0x9245,0xab28,0xb389,
  0xb389,0xab69,0xab69,0xb3eb,0xbc2c,0xccae,0xcc8d,0xcc4c,0xcc4d,0xab49,0x8a25,0x8a86,0x8a87,0x92c9,0x8288,0x4902,
  0x2820,0x59a4,0x5163,0x3040,0x3881,0x3881,0x40a1,0x40c1,0x5103,0x4902,0x3840,0x3860,0x8aa8,0xa38b,0x8aa7,0xa38a,
  0xab8a,0xa349,0x9b08,0x92a7,0xa2c8,0xa2e9,0x9267,0x9267,0xb38c,0xbc2e,0xb42e,0xac2d,0xa40c,0x8b6a,0x82e9,0x69c5,
  0x40a0,0x3840,0x5102,0x61e6,0x8b2b,0x8b6b,0x6a47,0x3080,0x6226,0x6a27,0x5943,0x69c5,0x7a27,0x5984,0x2820,0x40c1,
  0x7226,0x932a,0x934a,0x82c8,0x932a,0x8ae8,0x8ae9,0x8b2a,0x9bac,0x938b,0x936b,0x836b,0x6a88,0x4144,0x3903,0x3923,
  0x3103,0x1820,0x0800,0x0000,0x0800,0x0000,0x0800,0x0000,0x0800,0x0800,0x1020,0x0800,0x1000,0x1000,0x2040,0x6a47,
  0x7268,0x5184,0x30a0,0x2860,0x38c2,0x2040,0x1841,0x1000,0x0800,0x0000,0x0000,0x0000,0x0800,0x0000,0x0000,0x0000,
  0x0000,0x0000,0x0000,0x0000,0x0000,0x0000,0x0020,0x0000,0x0800,0x0000,0x0800,0x1020,0x49c6,0x49a5,0x3902,0x30e1,
  0x3903,0x28c2,0x1840,0x0000,0x0800,0x0000,0x0000,0x0000,0x0800,0x0800,0x0800,0x0000,0x0820,0x0000,0x0000,0x1020,
  0x30a1,0x4943,0x61e5,0x4122,0x38e2,0x38c1,0x38e1,0x38e1,0x3902,0x3923,0x2081,0x0800,0x1882,0x0000,0x20a2,0x1860,
  0x28c1,0x28a1,0x1000,0x2081,0x3103,0x28a1,0x30a1,0x3902,0x38c1,0x30c1,0x3902,0x2880,0x4103,0x3902,0x30a0,0x1820,
  0x742e,0x6bcc,0x638b,0x638b,0x638a,0x7c2d,0x7c4d,0x73ec,0x6b8b,0x632a,0x5288,0x738c,0x2102,0x18c1,0x39c5,0x41c5,
  0x5a87,0x49e5,0x4183,0x49c4,0x3963,0x3122,0x41c5,0x3943,0x3122,0x834a,0x8b6a,0x93ab,0x6205,0x2880,0x51e5,0x30c1,
  0x28a1,0x41a4,0x1840,0x30a1,0x6a86,0x9bab,0x6a25,0x61e4,0x51a4,0x6a67,0x3902,0x1800,0x2880,0x5184,0x6a26,0x59a4,
  0x61e4,0x69e4,0x7205,0xa38b,0x8266,0x8a87,0x7205,0x7a05,0x61a3,0x61a4,0x6a26,0x4923,0x2840,0x5142,0x8b08,0x9328,
  0x9369,0x7225,0x5983,0x61c4,0x4100,0x38e1,0x30c2,0x2861,0x1000,0x4102,0x7267,0x8ac8,0x7204,0x8265,0x8ac7,0xa3ab,
  0x59a3,0x38a0,0x7aa7,0x8ae8,0xa389,0xb40b,0xabca,0x9b49,0xac0b,0xb40c,0xbc4d,0xcccf,0xbcaf,0xac0d,0x4962,0x3902,
  0x51c5,0x3902,0x2860,0x30c1,0x1800,0x30c1,0x9bcc,0xac2e,0x61c4,0x7a45,0x8286,0x7a26,0x8ac8,0x69c4,0x69e5,0x7246,
  0x8b09,0xcd10,0xcd30,0xcd53,0x72a8,0x3080,0x38e1,0x4984,0x49a4,0x38e2,0x30e2,0x38e2,0x3902,0x4123,0x30e1,0x38e2,
  0x30e1,0x28a1,0x38e2,0x38c2,0x2860,0x2881,0x30c1,0x2881,0x1000,0x2060,0x2081,0x2081,0x1020,0x1840,0x2061,0x2881,
  0x20a0,0x2080,0x1820,0x2840,0x5143,0x7227,0x69a4,0x6984,0x71c4,0x79c4,0x6962,0x71a3,0x71c3,0x79e4,0x7a04,0x9286,
  0x8224,0xa2c7,0x9225,0x9a46,0x9226,0xa2a8,0x9267,0x5902,0x3000,0x5964,0x4923,0x3040,0x38a1,0x5103,0x71e5,0x8247,
  0x8a87,0x8a66,0x9286,0x8a25,0x8224,0xb349,0xab49,0xab69,0xaba9,0xab89,0xb3ca,0xbc2c,0xc46d,0xcc6d,0xcc6d,0xd46d,
  0xc40b,0x9286,0x8204,0x92c8,0x92c8,0x8267,0x5963,0x2000,0x4922,0x5143,0x3860,0x3860,0x40c1,0x40c1,0x38a1,0x5123,
  0x4102,0x3040,0x40a1,0x8aa8,0xa36a,0x92a7,0x9ac7,0xab49,0x9b08,0x9b08,0x92e8,0x9ae9,0x8266,0x8a87,0x8267,0xab8c,
  0xb3ed,0x934a,0x61e5,0x5163,0x4101,0x4100,0x3880,0x5943,0x82a7,0xa3cb,0xac2e,0xac0d,0x9bcc,0x7ae9,0x30a0,0x4943,
  0x7267,0x40e2,0x5143,0x7247,0x5163,0x3020,0x38a1,0x7227,0x934b,0x82a8,0x82e9,0x9b8b,0x9bcc,0x936b,0x7ae9,0x7287,
  0x5a46,0x51c5,0x3122,0x2903,0x18a2,0x1040,0x0000,0x0000,0x0000,0x0800,0x0020,0x0020,0x0000,0x0000,0x0000,0x0021,
  0x0020,0x0020,0x0000,0x0800,0x0800,0x1800,0x4943,0x7aa9,0x59c5,0x40e2,0x2880,0x28a1,0x20a1,0x1861,0x1000,0x0800,
  0x0000,0x0000,0x0000,0x0820,0x0000,0x0000,0x0000,0x0000,0x0000,0x0000,0x0000,0x0000,0x0000,0x0000,0x0000,0x0821,
  0x0000,0x0820,0x0000,0x3123,0x5206,0x30c1,0x3902,0x3102,0x28c2,0x1861,0x0800,0x0800,0x0000,0x0000,0x0000,0x0000,
  0x0000,0x0000,0x0000,0x0000,0x0000,0x1021,0x0000,0x2061,0x3902,0x5183,0x5163,0x38e1,0x30c1,0x38e2,0x30e1,0x38e2,
  0x30e1,0x30e2,0x1040,0x1061,0x1060,0x0800,0x1881,0x20a1,0x28c1,0x28a1,0x0800,0x2061,0x28c1,0x2881,0x30e2,0x38e2,
  0x2880,0x38e2,0x30a1,0x38e1,0x38e1,0x38e2,0x30c1,0x1820,0x73ed,0x636b,0x844f,0x5b4a,0x5b4a,0x7c2d,0x846e,0x634a,
  0x6b8b,0x4a67,0x632a,0x5aa9,0x18a1,0x20e2,0x3985,0x5247,0x62c8,0x4a05,0x51e5,0x49a4,0x3922,0x3942,0x5206,0x28c1,
  0x5206,0x7b2a,0x93cc,0x8b49,0x3900,0x28c1,0x4164,0x30c1,0x4184,0x3942,0x2020,0x59e5,0x9bec,0x7ae8,0x7246,0x7267,
  0x7288,0x4143,0x1800,0x2040,0x5184,0x59c5,0x5163,0x6a05,0x6a05,0x69e4,0x9b29,0x92e8,0x8266,0x8287,0x7a26,0x8267,
  0x71e5,0x61e5,0x7ac8,0x40c2,0x3880,0x6a25,0x9349,0x9b69,0x9328,0x61a3,0x61a4,0x5983,0x4101,0x4122,0x38e2,0x1800,
  0x3060,0x6a05,0x9b4a,0x82a7,0x8265,0x8ae7,0x9308,0x9b8b,0x40e1,0x4942,0x8b29,0x9329,0xbc2c,0xabca,0xbc2c,0xa3aa,
  0xbc2d,0xabca,0xbc6d,0xc4ae,0xc4af,0x7aa7,0x2860,0x38e2,0x4984,0x30c1,0x30a1,0x28a1,0x2020,0x6a46,0xc4f1,0xa3ec,
  0x69e4,0x8ac8,0x8246,0x7205,0x8287,0x5122,0x82c8,0x8b29,0xb44e,0xdd92,0xd551,0xb46f,0x6206,0x2860,0x4123,0x51c5,
  0x51a5,0x3902,0x38e2,0x30c2,0x3902,0x2880,0x4123,0x30c1,0x2880,0x3922,0x38e2,0x2860,0x30a1,0x28c1,0x2060,0x1820,
  0x2081,0x20a1,0x1840,0x1000,0x1840,0x1860,0x2081,0x2881,0x2040,0x1000,0x38c1,0x61e6,0x8ac9,0x71c5,0x6943,0x7984,
  0x81c5,0x81e5,0x8204,0x71c3,0x7a04,0x7a24,0x8a65,0x8a65,0x9286,0xa2a7,0x9a46,0x9a26,0x9aa9,0x8226,0x40a2,0x3081,
  0x6a26,0x38c2,0x3020,0x6985,0x71e6,0x7a26,0x7a05,0x8226,0x9ac8,0xa308,0x8205,0x9286,0xb349,0xa328,0xb369,0xab89,
  0xab89,0xb3ca,0xbc2c,0xbc2c,0xd4ae,0xc44c,0xdccf,0xc42c,0xab49,0x92a6,0x9ae8,0x9ae9,0x92e9,0x61a4,0x3020,0x38a1,
  0x4923,0x40a0,0x4080,0x4080,0x3860,0x3880,0x5123,0x4903,0x2820,0x3860,0x8ae9,0xb3ed,0x9ae8,0x8a65,0xb369,0xbbaa,
  0xa309,0x9ae8,0xa34a,0x9b2a,0x9309,0x8b09,0x9b6b,0x82c8,0x59a4,0x3061,0x3060,0x40e1,0x61c4,0x82a8,0xabab,0xbc2d,
  0xc4af,0xbc8e,0xa3cc,0x9bcc,0xa40d,0x59e6,0x2000,0x61e6,0x5123,0x38a1,0x7268,0x5184,0x3060,0x40e2,0x7a89,0x7ac9,
  0x936c,0x9bac,0xa3cd,0x72a8,0x4963,0x3902,0x28a1,0x1820,0x1020,0x0800,0x0800,0x0000,0x0000,0x0000,0x0820,0x0020,
  0x0020,0x0000,0x0021,0x0021,0x0001,0x0000,0x0001,0x0001,0x0042,0x0021,0x0000,0x0000,0x1000,0x2000,0x6206,0x6a06,
  0x4943,0x3080,0x30a1,0x28a1,0x1881,0x1020,0x1020,0x0000,0x0800,0x0000,0x0821,0x0820,0x0820,0x0000,0x0841,0x0000,
  0x0800,0x0000,0x0000,0x0000,0x0000,0x0000,0x0000,0x0041,0x0820,0x0000,0x1860,0x4184,0x4964,0x3922,0x3923,0x28e2,
  0x1861,0x0000,0x0800,0x0000,0x0800,0x0000,0x0000,0x0000,0x0000,0x0000,0x0800,0x0800,0x0000,0x0800,0x1000,0x2061,
  0x4143,0x4963,0x4101,0x30c1,0x30e2,0x30c1,0x38e2,0x3902,0x30e2,0x1020,0x1841,0x20c2,0x1040,0x0800,0x2081,0x28c2,
  0x30e2,0x2080,0x1840,0x1860,0x28c2,0x28a1,0x4144,0x2881,0x2880,0x30c1,0x3080,0x38e2,0x38c1,0x30c1,0x4123,0x1820,
  0x6bac,0x636b,0x742e,0x63ab,0x636a,0x740d,0x7c4d,0x636a,0x636a,0x4a67,0x73cc,0x4a47,0x18a1,0x3985,0x3184,0x5267,
  0x5267,0x5226,0x49e5,0x41a4,0x3102,0x4184,0x3963,0x28a0,0x6aa8,0x93ac,0x836a,0x6a86,0x30c0,0x51e6,0x28a1,0x28c1,
  0x3922,0x2040,0x38e1,0x832a,0x834a,0x59c4,0x51a4,0x6a47,0x5a06,0x2040,0x1000,0x38e2,0x7288,0x61e5,0x5183,0x7a87,
  0x6a05,0x8ac8,0xabcc,0x8287,0x8aa7,0x7a05,0x8287,0x71e4,0x5942,0x7a67,0x6a67,0x3080,0x4902,0x82c8,0x9349,0x9b89,
  0x7a65,0x69c4,0x5182,0x4922,0x4102,0x4123,0x2040,0x1800,0x4942,0x8ae8,0xa3ab,0x8ac7,0x8ac7,0x9b49,0x9349,0x82c8,
  0x2840,0x7266,0x8b29,0xa3ab,0xbc2c,0xb3ca,0xccce,0xb44d,0xabeb,0xbc6d,0xbc8d,0xb44d,0xbc8e,0x72a8,0x1000,0x4984,
  0x3943,0x28a1,0x28c1,0x2060,0x2880,0x938b,0xc510,0x9329,0x8267,0x8a87,0x8287,0x8247,0x71e5,0x5122,0x7266,0x9b8b,
  0xcd10,0xd571,0xd571,0x93ac,0x30a1,0x38e2,0x4163,0x4985,0x4964,0x4123,0x30c1,0x3902,0x30c1,0x2060,0x30e1,0x30a1,
  0x28a0,0x3902,0x2880,0x2881,0x28a1,0x2881,0x1000,0x1860,0x28e2,0x2081,0x1000,0x1820,0x2081,0x2061,0x1840,0x2040,
  0x1000,0x30c1,0x6a46,0x7a88,0x7a26,0x7a06,0x7183,0x81e5,0x8a26,0x7162,0x7983,0x8a45,0x8204,0x8a65,0x92a6,0x8a86,
  0x9ac7,0x9246,0x9a67,0x9268,0x7a06,0x40c1,0x30c0,0x5a05,0x3902,0x3880,0x7a27,0x8a28,0x81e6,0x8226,0x71c4,0x9266,
  0xa308,0x9266,0x92a6,0xab69,0xab69,0xab69,0xbbeb,0xbc0c,0xb3ca,0xc46d,0xc48d,0xcc8d,0xcc6d,0xd48d,0xcc6d,0xb38a,
  0x8245,0xa329,0xa36a,0x92c8,0x8287,0x4080,0x3040,0x5184,0x2860,0x3880,0x3880,0x4080,0x3040,0x4902,0x4923,0x3040,
  0x3040,0x9b4b,0xabed,0xbc0d,0x8a86,0x9ac7,0xab68,0xab28,0xa329,0xab8c,0xa36b,0x9b4b,0x8b09,0x7288,0x4942,0x2840,
  0x1800,0x3060,0x61e5,0x934a,0xabcc,0xbc4e,0xbc4d,0xb3ec,0xa38a,0xac2d,0x9bec,0x9bec,0x72c8,0x38a1,0x40c2,0x7a68,
  0x48e2,0x5985,0x61e6,0x2860,0x2040,0x51a5,0x72a9,0x8b6c,0x4943,0x38c2,0x4123,0x30a1,0x2080,0x28a0,0x2080,0x20a1,
  0x18a1,0x18a1,0x0840,0x1060,0x1040,0x1060,0x0820,0x0820,0x0820,0x1061,0x0020,0x0000,0x0000,0x0000,0x0000,0x0000,
  0x0000,0x0001,0x0000,0x0000,0x1000,0x4103,0x6a05,0x5163,0x38c1,0x30c2,0x20c2,0x20c2,0x0820,0x0800,0x0000,0x0800,
  0x0800,0x0800,0x0800,0x0840,0x0820,0x0820,0x0000,0x0800,0x0000,0x0000,0x0000,0x0000,0x0000,0x0000,0x0000,0x0021,
  0x0000,0x0800,0x30e1,0x4963,0x38e1,0x49a4,0x28c1,0x18a1,0x0000,0x0000,0x0000,0x0000,0x0000,0x0000,0x0000,0x0000,
  0x0000,0x0000,0x0000,0x1041,0x1041,0x0800,0x1020,0x28c2,0x3923,0x4943,0x38c0,0x38e2,0x30c1,0x30a1,0x28c1,0x3902,
  0x2080,0x1800,0x1860,0x28c2,0x0800,0x1020,0x2081,0x28c2,0x28a1,0x1840,0x1020,0x2081,0x2081,0x30c2,0x3923,0x2860,
  0x2860,0x3081,0x2880,0x38e2,0x30a1,0x30c1,0x3902,0x1820,0x7c0e,0x5b4a,0x638b,0x6bac,0x740d,0x73ec,0x7c2d,0x636a,
  0x634a,0x4246,0x7bed,0x39c5,0x18a1,0x39a5,0x41c5,0x5246,0x5247,0x4a06,0x5247,0x3963,0x4164,0x41a4,0x3102,0x3922,
  0x836b,0x8bab,0x8b8b,0x51e4,0x3901,0x49e6,0x20a1,0x28a1,0x3902,0x2040,0x6246,0x9bec,0x7287,0x6a26,0x59e5,0x6226,
  0x30c2,0x1000,0x30a1,0x51a4,0x6a26,0x59c4,0x7226,0x61c4,0x8287,0xb3ec,0x8ac8,0x7a45,0x8266,0x8246,0x8aa8,0x69c4,
  0x7a46,0x934a,0x59c6,0x2020,0x6a26,0x8b08,0x9b8a,0x9308,0x69e3,0x6a25,0x5142,0x38a0,0x4123,0x30e2,0x1800,0x2860,
  0x69e5,0x9308,0xabaa,0x8aa6,0x9308,0x9308,0xa3ab,0x61e4,0x3060,0x8b09,0x8b29,0xa3cb,0xb40c,0xc46d,0xccef,0xac0c,
  0xb40c,0xc4ce,0xbc6d,0xb46d,0xcd11,0x830a,0x1800,0x5206,0x3923,0x1840,0x30e2,0x1820,0x4983,0xbcaf,0xcd10,0x9b49,
  0x92e9,0x8aa8,0x92c9,0x9b0a,0x7a47,0x5122,0x8b29,0xb48e,0xd551,0xd571,0xc4ef,0x6a87,0x2860,0x4143,0x4144,0x5a06,
  0x38e2,0x3081,0x4143,0x30e2,0x30c2,0x3902,0x30a1,0x28a0,0x4143,0x2880,0x30a1,0x2880,0x2020,0x1820,0x30c2,0x28c2,
  0x2061,0x1020,0x2081,0x2081,0x2881,0x2040,0x1800,0x1800,0x40e2,0x7a87,0x7a67,0x69c4,0x71c4,0x79e5,0x8a26,0x81e4,
  0x81c4,0x81c3,0x9246,0x8a45,0x9245,0x9aa6,0x9a66,0x9246,0x9267,0x9aa8,0x92c8,0x6163,0x40c0,0x38e1,0x4142,0x30c0,
  0x59c5,0x82a8,0x8206,0x89e6,0x91e6,0x8205,0x9aa7,0xab6a,0x9286,0x9265,0xb38a,0xb3aa,0xbbaa,0xc42c,0xb3eb,0xb3ca,
  0xc48d,0xc48d,0xccce,0xcc6d,0xd48d,0xcc4c,0xc42c,0x8a86,0x92a7,0xab6a,0xa34a,0x9b4a,0x5964,0x3020,0x5143,0x4103,
  0x3060,0x38a1,0x4902,0x38a0,0x40a1,0x40c1,0x3000,0x3880,0x8ac9,0xb3ed,0xb40d,0x8aa7,0x92a7,0xab8a,0x9ae7,0xab8a,
  0xab6b,0x9b2b,0x8ae9,0x61a4,0x40c1,0x2000,0x1800,0x2880,0x6206,0x9bab,0xac2d,0xabcc,0xbc2d,0xabab,0xab8b,0xabab,
  0xabcc,0xac2c,0x938a,0x8b8a,0x59c5,0x2820,0x7a67,0x6185,0x5103,0x6a27,0x38c2,0x1820,0x4144,0x51c6,0x30a2,0x2061,
  0x30c2,0x2880,0x3902,0x3923,0x3944,0x3102,0x2902,0x20e2,0x20e2,0x18a1,0x1060,0x1040,0x1040,0x1020,0x1040,0x0820,
  0x1040,0x0820,0x0840,0x0000,0x0000,0x0000,0x0000,0x0000,0x0020,0x0000,0x0001,0x0000,0x2061,0x6206,0x61c5,0x38a0,
  0x3080,0x28a1,0x20a2,0x1061,0x0820,0x0000,0x0800,0x0800,0x1041,0x0820,0x0820,0x0820,0x0820,0x0000,0x0800,0x0000,
  0x0820,0x0000,0x0020,0x0000,0x0000,0x0000,0x0021,0x0000,0x0000,0x1840,0x4963,0x4142,0x4963,0x4143,0x28e2,0x0841,
  0x0001,0x0000,0x0841,0x0000,0x0000,0x0000,0x0000,0x0000,0x0000,0x0000,0x0841,0x1081,0x3124,0x0800,0x2081,0x30e2,
  0x4123,0x3902,0x38e1,0x30c1,0x38e2,0x30c1,0x3903,0x28c1,0x1800,0x2081,0x30e3,0x2061,0x1000,0x1840,0x28a2,0x28a1,
  0x30a2,0x1000,0x1841,0x28c1,0x2081,0x30e2,0x3902,0x2040,0x30a1,0x2860,0x38e2,0x30c1,0x38e2,0x3902,0x3902,0x1820,
  0x6bed,0x5b4a,0x4ae9,0x638b,0x742d,0x7c2d,0x6bab,0x73ac,0x5308,0x52c8,0x632a,0x2102,0x18c1,0x39a5,0x41c5,0x5a87,
  0x4a26,0x5267,0x5a67,0x49e5,0x3963,0x4183,0x1000,0x6247,0x8bcc,0x834a,0x7b29,0x4142,0x49c4,0x4184,0x20a1,0x3902,
  0x2881,0x38e2,0x8b4a,0x8b4a,0x6225,0x72a8,0x5a05,0x4943,0x1000,0x2061,0x4164,0x61e6,0x59a3,0x7246,0x6a05,0x69e4,
  0xa3ab,0xabcb,0x7205,0x8a86,0x7a45,0x8246,0x7a46,0x7a05,0x82a7,0x934a,0x30c2,0x3060,0x7286,0x9349,0x9328,0x8286,
  0x61a3,0x61c4,0x4121,0x4102,0x38e2,0x2060,0x1000,0x5184,0x7a45,0x9b49,0xa369,0x92e7,0x8ae7,0x9b6a,0x9b8b,0x4901,
  0x4921,0x9bab,0x9329,0xac0c,0xb40b,0xccee,0xabca,0xb42c,0xbc6d,0xc4ce,0xbc8e,0xa3ec,0xac4d,0x6225,0x28a0,0x51e6,
  0x28c1,0x28a1,0x2060,0x1820,0x93ab,0xc4ef,0xb42c,0x92e8,0x9b29,0x8a87,0x8267,0x92c9,0x7226,0x7a66,0x9bab,0xc4f0,
  0xc531,0xcd71,0xa40c,0x30a1,0x2040,0x4144,0x4985,0x51a5,0x30e2,0x30c1,0x30e1,0x38e2,0x28a0,0x30a1,0x28c1,0x30e2,
  0x28a0,0x30a1,0x30c1,0x2040,0x1800,0x28a1,0x28a1,0x2060,0x1860,0x2060,0x2081,0x30a1,0x2881,0x1800,0x2040,0x4944,
  0x69e5,0x7a47,0x71e5,0x69a4,0x71c4,0x8226,0x71a3,0x71a3,0x8204,0x9a86,0x9225,0x9205,0x9245,0x9a87,0x9a26,0xa288,
  0x8205,0x9309,0x5184,0x2861,0x4142,0x30a0,0x4102,0x7a47,0x79e5,0x8206,0x81c4,0x81a4,0x81e4,0x9286,0xa328,0x9266,
  0x8a65,0xb38a,0xbbea,0xbc0b,0xb3ea,0xbc2b,0xbc0b,0xc46d,0xccad,0xc48d,0xc48d,0xcc8e,0xcc6d,0xc42c,0x9ae7,0x9ae8,
  0xa38a,0xab8b,0xa3ac,0x69e5,0x2800,0x4902,0x4943,0x3080,0x2860,0x4103,0x38e3,0x38c2,0x38c1,0x2800,0x4080,0x9b4a,
  0xa38b,0xb3cc,0xa349,0x8225,0x9b49,0x92e8,0xa36a,0x8ac8,0x6a26,0x4923,0x38a0,0x3040,0x2800,0x2820,0x7a67,0xa38b,
  0xac0d,0xb3ed,0xabcb,0xa36a,0xabea,0xabca,0xabab,0xabab,0xa3ab,0xa40c,0x93ab,0x5a05,0x30c0,0x5984,0x7a88,0x5944,
  0x69e7,0x40c2,0x1000,0x1840,0x1000,0x1840,0x2060,0x28c2,0x3102,0x3943,0x3123,0x3944,0x3123,0x28e2,0x20c2,0x20e3,
  0x18a2,0x1061,0x0820,0x1020,0x1020,0x1020,0x1000,0x1020,0x0800,0x0820,0x0820,0x0820,0x0800,0x0820,0x0000,0x0000,
  0x0000,0x0000,0x0000,0x0800,0x30e3,0x6206,0x4902,0x3040,0x2840,0x28c2,0x1061,0x0820,0x0000,0x0000,0x0800,0x1041,
  0x0820,0x0820,0x0800,0x0820,0x0800,0x0820,0x0000,0x0800,0x0000,0x0000,0x0000,0x0000,0x0000,0x0000,0x0000,0x0000,
  0x0820,0x3944,0x4142,0x4962,0x4142,0x2080,0x1060,0x0000,0x0000,0x0000,0x0000,0x0000,0x0000,0x0000,0x0000,0x0000,
  0x0000,0x0000,0x0000,0x0800,0x0800,0x1020,0x2081,0x4123,0x3922,0x2860,0x38e1,0x38c2,0x38e2,0x30a1,0x3903,0x1840,
  0x1840,0x38e3,0x28a2,0x2060,0x0800,0x2061,0x30e3,0x28a2,0x2881,0x1820,0x1840,0x2061,0x28c1,0x30e2,0x2080,0x2860,
  0x2040,0x2880,0x30a1,0x2860,0x30c1,0x30c1,0x30e2,0x1820,0x6bac,0x4ac9,0x52c9,0x5b4a,0x742d,0x73ec,0x5b4a,0x6bab,
  0x4266,0x5ae9,0x632a,0x20e2,0x2923,0x41e6,0x49e6,0x5a87,0x5a87,0x5246,0x49e6,0x41e5,0x5a47,0x3122,0x28c1,0x72e8,
  0x8b8b,0x93cc,0x6267,0x30e0,0x5206,0x3984,0x30e2,0x30e2,0x2020,0x6246,0x9bed,0x6205,0x6a46,0x6a46,0x59c5,0x1800,
  0x2861,0x3902,0x6207,0x61e5,0x6a05,0x7246,0x7a46,0x9329,0xbc2d,0x9b49,0x8a87,0x92e8,0x7a05,0x7204,0x7a46,0x7225,
  0xabcc,0x7a88,0x1800,0x59c4,0x8b28,0x8b08,0x9b4a,0x7245,0x7225,0x59a3,0x40e1,0x4123,0x4103,0x1800,0x38c2,0x7287,
  0x9329,0xabaa,0x9308,0x82a6,0xa3cb,0xa3eb,0x8b08,0x3080,0x7ac8,0xac2d,0xac0c,0xac0c,0xc48e,0xdd50,0xb40c,0xabeb,
  0xcd0f,0xc4ce,0xccef,0xac2c,0x93ab,0x2860,0x4964,0x4164,0x2060,0x3102,0x2040,0x3902,0xbcd0,0xcd10,0xb40c,0x71e4,
  0xa32a,0xa34a,0x92a8,0x8267,0x8287,0x9b8b,0xa3ec,0xd5b3,0xd593,0xc531,0x7287,0x1000,0x4965,0x4143,0x59e6,0x3903,
  0x30c1,0x3902,0x3902,0x30e2,0x30c1,0x28a0,0x30c1,0x30c1,0x30c1,0x28a1,0x3081,0x2020,0x2060,0x28a1,0x28a2,0x2060,
  0x2061,0x1840,0x30c2,0x30a1,0x1800,0x3080,0x61e6,0x6a06,0x7a06,0x7a05,0x8226,0x8a67,0x8225,0x71e4,0x7a04,0x9286,
  0x9286,0x9aa7,0x9266,0xa287,0x9a66,0x9a46,0x9a47,0x9a68,0x92a9,0x5122,0x2861,0x51c5,0x1840,0x5163,0x8aa9,0x79c5,
  0x89e5,0x89e5,0x81c4,0x8224,0x9ae7,0xa308,0x9aa7,0xa2e7,0xbbab,0xbc0b,0xc42c,0xc44c,0xbc2c,0xcc8d,0xd4ce,0xccae,
  0xccce,0xccce,0xccce,0xc46c,0xd4ae,0xa308,0x9ac7,0xabab,0xabab,0xa3ac,0x9309,0x3861,0x2820,0x5164,0x40e2,0x2860,
  0x38c2,0x3903,0x38e3,0x38e3,0x3040,0x2840,0x9b2a,0xc46e,0xc44d,0xbc0c,0x9b09,0xa36a,0xabab,0x8b09,0x7206,0x4902,
  0x2820,0x2020,0x3060,0x2000,0x5964,0xabcc,0xc46f,0xbc4e,0xab8b,0x92e8,0xbc2d,0xbc4d,0xb40c,0xa3aa,0xb40d,0x9b4b,
  0x936a,0x9bec,0x7ac8,0x38e0,0x38e1,0x7ac8,0x69c6,0x6185,0x48e2,0x2020,0x2840,0x28a1,0x3102,0x20a1,0x28e2,0x28e2,
  0x28e2,0x20c1,0x20a2,0x2081,0x20a1,0x20a2,0x2082,0x1040,0x1020,0x1020,0x1861,0x1020,0x1020,0x1020,0x1020,0x0800,
  0x1020,0x0800,0x1020,0x0800,0x0800,0x0800,0x0820,0x0000,0x0800,0x0000,0x0800,0x1841,0x4985,0x5184,0x40c2,0x2840,
  0x2881,0x1840,0x1021,0x0000,0x0000,0x0020,0x1021,0x1020,0x1020,0x0820,0x1020,0x0800,0x0820,0x0800,0x0800,0x0820,
  0x0820,0x0000,0x0820,0x0000,0x0000,0x0000,0x0000,0x0000,0x1881,0x3123,0x51a4,0x4142,0x30c1,0x1860,0x0800,0x0000,
  0x0001,0x0021,0x0021,0x0000,0x0000,0x0000,0x0000,0x0000,0x0000,0x0000,0x0000,0x0000,0x0800,0x1000,0x30e2,0x4143,
  0x38c2,0x30a1,0x4123,0x38e2,0x30a2,0x3903,0x38e3,0x1000,0x30a2,0x28c2,0x2882,0x2040,0x1800,0x30a2,0x38e3,0x38e3,
  0x2841,0x1820,0x1840,0x2060,0x30c2,0x28a1,0x2860,0x2040,0x2880,0x30c1,0x30c1,0x30a1,0x38e2,0x30c1,0x30e2,0x1000,
  0x638b,0x530a,0x638b,0x73ed,0x742d,0x7c2d,0x638b,0x6b8b,0x3a25,0x634b,0x3a06,0x1080,0x3184,0x41c6,0x5247,0x6b09,
  0x5267,0x62c9,0x41e5,0x3163,0x4184,0x1020,0x49c5,0x93cc,0x834a,0x93cc,0x51e5,0x3122,0x41a4,0x3123,0x30e1,0x2881,
  0x2860,0x8309,0x7ae8,0x6226,0x6a67,0x5a06,0x2881,0x1800,0x38e2,0x59c6,0x61e5,0x59c4,0x6a05,0x7205,0x7245,0xbc2d,
  0xabab,0x8aa7,0x8286,0x92e8,0x7204,0x7a25,0x7a46,0x8ac8,0xac0d,0x61c6,0x2840,0x7266,0x8b07,0x9b49,0x8286,0x61a4,
  0x5983,0x4942,0x38e1,0x4123,0x30a1,0x2820,0x6205,0x8b09,0x9328,0xb40c,0x9328,0x9308,0x9b8a,0xa3ab,0x7a86,0x4900,
  0x9bab,0xb44d,0xb42c,0xb42c,0xbc8e,0xdd72,0xccef,0xbc8e,0xc4ce,0xcd10,0xc4ce,0xb46e,0x8b6a,0x1800,0x4983,0x4143,
  0x20a0,0x30e1,0x1820,0x8b6b,0xc531,0xcd30,0xabeb,0x8266,0x9b29,0x92e9,0x92c9,0x7a46,0x7225,0x9bab,0xbccf,0xddf4,
  0xcd72,0xbcf1,0x4143,0x2860,0x4964,0x38e2,0x4143,0x4143,0x30c1,0x3923,0x3902,0x30c1,0x2880,0x2881,0x28a0,0x28a1,
  0x2880,0x2881,0x2020,0x2861,0x28a1,0x2881,0x1840,0x1840,0x1820,0x30a1,0x2040,0x2000,0x3060,0x7247,0x7a67,0x7a47,
  0x79e5,0x9ac8,0x8225,0x79e4,0x79e4,0x8a46,0x8a86,0x8a45,0x9286,0x9aa7,0x8a46,0x9246,0x9a87,0x9a47,0x9aa8,0x7a06,
  0x50e1,0x3000,0x38a0,0x38a1,0x7a67,0x92c9,0x79a4,0x81a4,0x89e5,0x9205,0x8224,0x8244,0x9ae7,0x9ac7,0x8a85,0xb38a,
  0xc44c,0xc44d,0xc44c,0xcc8d,0xcc8d,0xccae,0xccce,0xd4ef,0xccce,0xd50f,0xccce,0xd4cf,0x9ae7,0x9ae8,0xa36a,0xab8b,
  0xa3ac,0x932a,0x4902,0x2000,0x4922,0x4923,0x2860,0x40e2,0x38e2,0x38e3,0x30c2,0x2840,0x38c1,0x8ae9,0xabcc,0xc46e,
  0xc42c,0xab69,0x92e7,0xa34a,0x61a4,0x4902,0x40e2,0x38c1,0x38c1,0x3060,0x3061,0x7246,0x9b8b,0xb3ed,0xabcc,0xabab,
  0xb42d,0xbc2d,0xb40b,0xabcb,0xb40c,0x9b6a,0x934a,0xac2e,0x9bed,0x7ac8,0x3901,0x30a1,0x59c4,0x6a06,0x5163,0x40e2,
  0x3060,0x4903,0x30c2,0x3923,0x20a1,0x28c2,0x18a1,0x20a1,0x1880,0x1881,0x1860,0x1860,0x1040,0x1841,0x0800,0x1000,
  0x1020,0x1020,0x0000,0x0800,0x0800,0x0800,0x0000,0x0800,0x0000,0x0821,0x0020,0x0821,0x0000,0x0000,0x0000,0x0000,
  0x0000,0x0800,0x0800,0x3103,0x49a5,0x38c2,0x2880,0x2860,0x2040,0x1000,0x0000,0x0000,0x0820,0x1041,0x0820,0x1020,
  0x1020,0x1020,0x0820,0x0820,0x0820,0x0820,0x0020,0x0820,0x0820,0x0820,0x0000,0x0000,0x0000,0x0000,0x0000,0x0800,
  0x28e2,0x41a5,0x3943,0x3923,0x2060,0x1840,0x0820,0x0840,0x0021,0x0841,0x0000,0x0000,0x0000,0x0000,0x0000,0x0000,
  0x0000,0x0000,0x0000,0x0000,0x0800,0x2060,0x3923,0x3902,0x2040,0x30a1,0x30c1,0x3903,0x30e2,0x3924,0x1020,0x1841,
  0x3104,0x30e3,0x28a1,0x1800,0x2060,0x38e2,0x38e2,0x38c2,0x1820,0x1800,0x1820,0x2080,0x28a1,0x28a1,0x2040,0x2860,
  0x2880,0x30a1,0x2860,0x30e2,0x30c1,0x30c2,0x2080,0x1000,0x52e9,0x4ae9,0x6bcd,0x742e,0x6bcc,0x6bac,0x73ec,0x6bab,
  0x52c8,0x5ae9,0x2984,0x0840,0x3985,0x39c6,0x5a88,0x5287,0x5a88,0x5267,0x41e6,0x4206,0x3103,0x1840,0x6ac8,0x93cc,
  0x8b6b,0x838b,0x4163,0x4183,0x3964,0x28e2,0x3923,0x1000,0x4984,0x8329,0x7287,0x7ac8,0x6a68,0x4123,0x2020,0x30c1,
  0x61e6,0x61c5,0x5984,0x69e5,0x7a67,0x6a05,0xa38b,0xb42d,0xabab,0x8266,0x9b29,0x8286,0x8246,0x7205,0x7205,0xa3ab,
  0xabed,0x38a1,0x4102,0x7aa6,0x9b69,0x9b69,0x7a66,0x6a05,0x4922,0x4122,0x4963,0x30c1,0x2020,0x4103,0x82c8,0x8b08,
  0xabcb,0x9b49,0x8286,0x9329,0xabec,0xa3eb,0x5983,0x69e4,0xac0c,0xac0c,0xb42c,0xb42c,0xcccf,0xd551,0xcd10,0xc4ce,
  0xc4ae,0xc50f,0xbc6e,0xc510,0x938c,0x2040,0x5a05,0x3943,0x2880,0x28a0,0x4963,0xbcf1,0xcd31,0xcd10,0x9b69,0x9329,
  0xa34a,0x8aa8,0xa34b,0x8267,0x82a7,0x936a,0xe5f4,0xcd92,0xd5b4,0x9bed,0x2861,0x4964,0x38e2,0x4123,0x38e2,0x4143,
  0x38e2,0x3902,0x4123,0x28a1,0x2881,0x2060,0x2881,0x2080,0x2881,0x2861,0x2881,0x28a1,0x2881,0x1800,0x2040,0x2881,
  0x2860,0x1800,0x1800,0x3080,0x7206,0x8287,0x8247,0x7a46,0x8226,0x92a7,0x8205,0x79c4,0x9ac7,0x9ac7,0x8a45,0x92a6,
  0x9ac7,0x9286,0x9266,0x9267,0x9a88,0x8a47,0x71c5,0x3840,0x4080,0x5922,0x69a5,0x92a8,0x9ac9,0x8a26,0x89e5,0x8a05,
  0x9246,0x9245,0x9286,0x9ae7,0x92c6,0x8a65,0xb38a,0xbc0b,0xc44c,0xc44c,0xcc8d,0xccae,0xd4ef,0xccae,0xd50f,0xd50f,
  0xd4ce,0xd4ef,0xdd30,0xb3eb,0x9286,0x9ae8,0xabab,0xa38b,0xa3ac,0x59a4,0x2000,0x38a1,0x4944,0x3060,0x3081,0x4102,
  0x40e2,0x4102,0x2041,0x2000,0x8b0a,0xabcc,0xbc4e,0xbc2d,0xbc2c,0x8265,0x71e4,0x5121,0x5102,0x6a06,0x7288,0x38e2,
  0x4080,0x5964,0x932a,0x9b6a,0x9b4a,0xb40c,0xb44d,0xac0c,0xabec,0xabeb,0xabec,0xa38b,0xa36b,0xa3cc,0xa3ed,0x6a88,
  0x38e2,0x2880,0x2840,0x2860,0x7247,0x6a27,0x5143,0x3080,0x5185,0x38e2,0x4123,0x4124,0x28c2,0x28c2,0x20a1,0x1880,
  0x2081,0x2081,0x2081,0x1860,0x1861,0x1020,0x1020,0x0800,0x1021,0x1020,0x1020,0x0800,0x0821,0x0841,0x1041,0x0820,
  0x0821,0x0000,0x0000,0x0000,0x0821,0x0000,0x0021,0x0000,0x0801,0x0800,0x2061,0x4184,0x4124,0x2040,0x2881,0x2061,
  0x1020,0x0800,0x0820,0x0820,0x1061,0x1061,0x1861,0x1040,0x1861,0x1041,0x1041,0x1040,0x1061,0x1040,0x1041,0x0820,
  0x1041,0x0820,0x0820,0x0020,0x0821,0x0000,0x0800,0x2061,0x4185,0x49c5,0x4164,0x20a1,0x1841,0x1881,0x1882,0x0840,
  0x0841,0x0020,0x0021,0x0020,0x0821,0x0000,0x0800,0x0000,0x0001,0x0000,0x0000,0x0000,0x1000,0x30e2,0x4143,0x30a1,
  0x2880,0x30c1,0x30c2,0x30c2,0x3903,0x2081,0x0800,0x3104,0x3945,0x28c2,0x30c2,0x1800,0x38c2,0x3902,0x4944,0x2881,
  0x2882,0x1000,0x2060,0x2081,0x28a1,0x2060,0x2860,0x2880,0x38c2,0x3081,0x2860,0x30c2,0x30c2,0x30c2,0x2060,0x1000,
  0x4287,0x4ac9,0x5b6b,0x7c4e,0x63ab,0x6bab,0x6bab,0x6b8b,0x52e8,0x4226,0x18e1,0x1081,0x2943,0x41e7,0x5aa8,0x5287,
  0x5ae8,0x4206,0x3184,0x4a27,0x18a0,0x4184,0x8bab,0x8b8b,0x93ec,0x6ac7,0x28e1,0x3963,0x3122,0x4184,0x28a1,0x2061,
  0x6267,0x7ac8,0x6a87,0x6a88,0x4984,0x2040,0x2040,0x51c5,0x6206,0x5984,0x61a4,0x7a46,0x6a05,0x8ae8,0xac0c,0xb40d,
  0x82a7,0x8ac7,0x9b29,0x7a45,0x7a66,0x69e4,0x69e4,0xb44e,0x8b09,0x3040,0x5163,0x9349,0x9b89,0x82a6,0x61c3,0x5984,
  0x38c0,0x51c4,0x4163,0x2061,0x2840,0x6a27,0x8ac8,0xa369,0xabca,0x9328,0x82c7,0x9b6a,0xa3cb,0xa3eb,0x4900,0x82c7,
  0xb44c,0xbc6d,0xac0c,0xb42c,0xdd92,0xcd10,0xbc8e,0xc4ce,0xcd2f,0xcd10,0xc4cf,0xcd51,0x8309,0x30a1,0x6267,0x30e2,
  0x28c0,0x2860,0x72a8,0xcd32,0xcd31,0xc4ef,0x82a7,0x9329,0x9b2a,0xa34b,0x92e9,0x8287,0x8b08,0xb48e,0xddf3,0xddd4,
  0xd5b4,0x6a68,0x2040,0x4985,0x30c1,0x4964,0x30e1,0x30a1,0x30c1,0x38e1,0x3902,0x30c1,0x2060,0x2880,0x2060,0x2861,
  0x2040,0x2881,0x30a2,0x28a2,0x2040,0x1820,0x2881,0x30a1,0x1820,0x2000,0x38c2,0x6a06,0x8287,0x7a26,0x8a67,0x8225,
  0x8266,0x8246,0x71e4,0x9286,0xa308,0x9aa7,0x9245,0x9aa7,0x9286,0x9a87,0x8205,0xa30a,0x92a7,0x6143,0x3000,0x3040,
  0x5963,0x8a88,0x9aa8,0x9247,0x9a47,0x9247,0x8a25,0x8205,0x8245,0x92a6,0x9286,0xa308,0x8a65,0xab49,0xcc6d,0xcc6d,
  0xc46d,0xccce,0xc48d,0xd50f,0xccee,0xd50f,0xd50f,0xd4ef,0xccce,0xd4ef,0xc44d,0x9ae8,0x92c7,0xabab,0x9b29,0xabcc,
  0x7a67,0x2000,0x38c1,0x4923,0x2840,0x38c1,0x4123,0x4102,0x38c1,0x2840,0x2840,0x8b0a,0xb42d,0xb42d,0xbc6d,0xcccf,
  0x71e3,0x5900,0x5101,0x7a67,0xa3ab,0x82c9,0x40e2,0x38a2,0x7226,0xabac,0xab8b,0x9b4a,0xabeb,0xa3aa,0xa3ca,0xac0b,
  0xa3eb,0xac2d,0xac2d,0xac0e,0x934b,0x6207,0x28a2,0x1020,0x1000,0x2020,0x1800,0x5123,0x6a27,0x4923,0x4103,0x4923,
  0x3902,0x4964,0x3903,0x2861,0x30c2,0x28c2,0x2081,0x2081,0x1860,0x1861,0x1840,0x1020,0x1040,0x1861,0x1861,0x1881,
  0x1040,0x1040,0x1040,0x1061,0x0861,0x1061,0x0840,0x0841,0x0820,0x0840,0x0840,0x0841,0x0000,0x0840,0x1081,0x0841,
  0x0000,0x1020,0x3922,0x4964,0x28a1,0x2882,0x1841,0x1821,0x0800,0x1020,0x1020,0x1841,0x1040,0x1040,0x1020,0x1061,
  0x1040,0x1061,0x1040,0x1041,0x1040,0x1041,0x0820,0x1041,0x0820,0x0840,0x0820,0x0841,0x0020,0x0000,0x0800,0x4944,
  0x49c5,0x4185,0x3144,0x1041,0x0820,0x18a2,0x1061,0x0820,0x0000,0x0820,0x0000,0x0000,0x0000,0x0820,0x0000,0x0000,
  0x0000,0x0000,0x0000,0x0800,0x1040,0x4164,0x38e2,0x3080,0x30c1,0x30e2,0x28a1,0x3903,0x28c1,0x1020,0x1020,0x2904,
  0x3124,0x28e3,0x2040,0x2860,0x30a1,0x4143,0x3903,0x28a1,0x1861,0x1000,0x2081,0x28a2,0x2080,0x2060,0x2040,0x3081,
  0x30a1,0x30a1,0x2880,0x38e2,0x30c1,0x30e2,0x1840,0x1820,0x4aa8,0x530a,0x636b,0x740d,0x7c2e,0x6bcc,0x6b8b,0x52e8,
  0x52e9,0x39e5,0x0840,0x18c1,0x41c6,0x41c6,0x62c9,0x5a87,0x5287,0x4226,0x41e6,0x3184,0x20e1,0x6ae9,0x9c2e,0x8b8b,
  0x9c0d,0x3922,0x4163,0x2902,0x3123,0x49a5,0x1820,0x51a5,0x7b09,0x6246,0x6206,0x51e5,0x2881,0x2060,0x30e2,0x6247,
  0x5984,0x61a4,0x8267,0x7a46,0x82a7,0xa3cb,0xbc4e,0xa36a,0x82a7,0x9328,0x92e8,0x7a45,0x8287,0x7a46,0x9309,0xb44e,
  0x69e5,0x40e1,0x82c8,0x8b28,0x9b68,0x7a44,0x69c4,0x5143,0x5184,0x51c4,0x30e2,0x1000,0x4103,0x7a88,0x9b08,0xb3eb,
  0xbc4d,0x9349,0x9b8b,0xa3ec,0xb44d,0x9349,0x5962,0x9349,0xc4ae,0xc4ce,0xbc6d,0xbc6d,0xee35,0xbccf,0xc4cf,0xbcae,
  0xcd10,0xc4cf,0xd531,0xac4d,0x6205,0x4122,0x6226,0x2880,0x4984,0x2020,0x938b,0xd593,0xddb3,0xbcae,0x8b08,0x9b6a,
  0x9b2a,0x9b6a,0x92c8,0x8ac7,0x9329,0xd5b2,0xddd3,0xde15,0xb4b0,0x3923,0x4144,0x4123,0x3903,0x30c1,0x38c2,0x28a0,
  0x4143,0x38e1,0x38e2,0x28a1,0x2880,0x2080,0x2881,0x2061,0x2881,0x2881,0x3082,0x2881,0x2881,0x28a1,0x2881,0x1820,
  0x2000,0x5164,0x82c9,0x82c8,0x92c8,0x8a87,0x9aa7,0x92a7,0x92c8,0x9308,0x9b29,0xa329,0xa2e8,0x9a66,0x9a66,0xa287,
  0x9226,0x8a25,0xa2e9,0x7a05,0x50e2,0x2800,0x5102,0x71e5,0x9ae9,0x9267,0xa2a8,0x89e5,0x9226,0x9246,0x8a46,0x8204,
  0x92c7,0x9286,0xab49,0xa2e8,0xb38a,0xc44d,0xdcef,0xccae,0xd50f,0xd50f,0xccef,0xd530,0xdd50,0xd530,0xd4ef,0xd4ef,
  0xdd30,0xcc8d,0xa349,0xa328,0xb38b,0xb3cc,0xabac,0x7226,0x3881,0x2840,0x4923,0x3081,0x2840,0x38e2,0x4102,0x30a0,
  0x3040,0x38a1,0x9b09,0xd4cf,0xccaf,0xc48e,0xbc2d,0x8ac7,0x8286,0x82a6,0xb40d,0xb42d,0x7a46,0x40c0,0x48c2,0x8b09,
  0xb40d,0xabcb,0xbbec,0xbc0c,0xbc0b,0xb3ca,0xbc0c,0xbc4c,0xb44d,0xac2d,0x830a,0x6227,0x3904,0x0800,0x0800,0x0820,
  0x1020,0x1000,0x3061,0x61c6,0x5965,0x3060,0x38c2,0x4122,0x3902,0x38e2,0x38c2,0x2861,0x38c3,0x2861,0x2861,0x1820,
  0x1820,0x1820,0x1821,0x1020,0x1020,0x1020,0x1041,0x1060,0x2903,0x39a5,0x4a07,0x4a28,0x5a89,0x62ca,0x6b2c,0x62eb,
  0x5a89,0x4a07,0x41c6,0x3144,0x18c2,0x1081,0x20c2,0x0840,0x0000,0x20a0,0x59a3,0x4101,0x28a1,0x2081,0x1021,0x0800,
  0x0821,0x0820,0x1841,0x1840,0x1840,0x1020,0x1841,0x1041,0x1861,0x1040,0x1041,0x1040,0x1061,0x1040,0x1041,0x1061,
  0x1041,0x0820,0x0841,0x0820,0x0000,0x0000,0x30c1,0x5163,0x51a5,0x3964,0x20a3,0x1041,0x1083,0x0841,0x1061,0x0820,
  0x1020,0x0820,0x0821,0x0000,0x0820,0x0800,0x0820,0x0000,0x0000,0x0000,0x0800,0x0800,0x3103,0x4143,0x4102,0x30c1,
  0x3902,0x30c1,0x28a2,0x3102,0x1840,0x0000,0x0820,0x0800,0x1882,0x1881,0x1000,0x28a1,0x30c1,0x4143,0x30e2,0x28a1,
  0x1020,0x1820,0x28a2,0x28a1,0x2881,0x2040,0x2881,0x2881,0x30a1,0x2880,0x38e2,0x30a1,0x30c2,0x28a1,0x2040,0x1840,
  0x3a47,0x636b,0x5b6b,0x6bed,0x7c4e,0x6bcc,0x5329,0x5b09,0x3a46,0x4206,0x0020,0x2923,0x31a5,0x39c6,0x5287,0x62c8,
  0x4a06,0x4a47,0x5288,0x3184,0x20c1,0x7b6b,0x93ec,0x93cc,0x8b8b,0x3902,0x3122,0x3122,0x3964,0x3923,0x2040,0x5a05,
  0x6246,0x6a67,0x51a4,0x4143,0x1820,0x28a1,0x5a06,0x59e5,0x59a4,0x7a46,0x8ac7,0x7a66,0x9b8a,0xbc4e,0xa3cb,0x8ac8,
  0x82a7,0x9b29,0x82a7,0x8ac7,0x7a66,0x82a7,0xac0d,0xa3ec,0x4922,0x40e2,0x8b29,0x9b69,0x8ae6,0x7a45,0x59a3,0x59a5,
  0x4964,0x4984,0x2080,0x1800,0x5184,0x8ac9,0xa38a,0xc46c,0xbc4d,0x7a87,0x82e8,0xb44d,0xb46e,0x6a05,0x5982,0xac0c,
  0xc4ae,0xc4ae,0xb46d,0xcd30,0xe5f4,0xc510,0xbccf,0xcd10,0xcd10,0xc4cf,0xc4ef,0xa40c,0x38e0,0x4143,0x51c4,0x2880,
  0x30a0,0x4102,0xb48f,0xd593,0xddb3,0xbcae,0x7ac7,0xb40d,0x9b2a,0x9b2a,0xa38b,0x9308,0xac0c,0xe5f3,0xd5b3,0xd5b3,
  0x72e9,0x2861,0x3924,0x4144,0x4163,0x30a1,0x2040,0x3922,0x30c1,0x30e2,0x30e1,0x2880,0x2040,0x2860,0x2060,0x2061,
  0x2881,0x30a2,0x2060,0x2861,0x2861,0x2861,0x1000,0x2000,0x4943,0x7268,0x82a8,0x930a,0x8246,0x8a87,0x92a6,0xa349,
  0xbc4d,0xb40c,0x9b49,0xa329,0x9a86,0xa287,0x9a66,0xa267,0x9a46,0x9267,0x6942,0x4060,0x3860,0x69e5,0x8266,0x9aa8,
  0xa2c8,0xa2a8,0x81e4,0x8a05,0x9245,0x8a05,0x8a24,0x92a7,0x8a86,0x9287,0x92a7,0xbbcc,0xcc6e,0xd4cf,0xccce,0xdd30,
  0xccef,0xd50f,0xd530,0xd550,0xd530,0xd510,0xd50f,0xdd50,0xcc8e,0xab69,0x9b28,0xb3ab,0xb3cc,0x9b2a,0x8ac8,0x40a0,
  0x2840,0x4943,0x3080,0x2040,0x30c1,0x38a1,0x3080,0x2820,0x3880,0x9309,0xc44c,0xcc6d,0xccae,0xcccf,0xbc4c,0x9b49,
  0xa3ab,0xb42d,0xabec,0x7225,0x40c0,0x69e4,0x9329,0xabcc,0xabec,0xbc2d,0xb3eb,0xbc0b,0xa369,0xc42c,0xc46d,0xbc2d,
  0x8ae8,0x61e5,0x2860,0x1000,0x0000,0x0841,0x0020,0x1081,0x1000,0x1000,0x59c6,0x6a07,0x3061,0x2840,0x38e1,0x3902,
  0x28a1,0x38c2,0x30c2,0x3082,0x2861,0x2881,0x2040,0x2020,0x1000,0x1000,0x0000,0x0000,0x1881,0x5248,0x6b2b,0x6b4c,
  0x83ce,0x9cb1,0x9cd2,0x9cb1,0x9cb1,0xa4b1,0x9c90,0x942f,0x7bad,0x7b6c,0x62ca,0x5248,0x3143,0x20c2,0x1881,0x0800,
  0x1040,0x4984,0x5182,0x38e1,0x2881,0x1020,0x0800,0x0821,0x0801,0x1041,0x0820,0x1040,0x1040,0x1840,0x1020,0x1041,
  0x1040,0x1040,0x0820,0x1040,0x1040,0x1041,0x0820,0x1061,0x0840,0x0840,0x0840,0x0820,0x0000,0x1861,0x3923,0x5163,
  0x4123,0x2082,0x1061,0x10a3,0x0821,0x1062,0x0840,0x1020,0x0820,0x0800,0x0000,0x0020,0x0820,0x0800,0x0820,0x0020,
  0x0000,0x0000,0x0000,0x1041,0x4164,0x30c1,0x38e1,0x4122,0x30c1,0x30c2,0x3102,0x2081,0x1020,0x1861,0x0820,0x0820,
  0x0000,0x0820,0x0800,0x2081,0x3902,0x4143,0x30e2,0x28c2,0x0800,0x1861,0x2060,0x28a1,0x2060,0x2040,0x2880,0x30c1,
  0x2880,0x2881,0x30e2,0x2881,0x2881,0x30a2,0x1840,0x2081,0x4247,0x6bcd,0x73ed,0x5b4a,0x848f,0x6bcc,0x5b2a,0x4aa8,
  0x4a68,0x2103,0x0860,0x2102,0x39a5,0x4206,0x5ac8,0x5ae8,0x5247,0x41c6,0x41e7,0x20c1,0x3963,0x838a,0x940c,0x940c,
  0x5a26,0x49a4,0x3923,0x3123,0x49c5,0x28a1,0x4143,0x5a26,0x59e6,0x59e5,0x5a06,0x2060,0x2860,0x51a4,0x6206,0x6206,
  0x7226,0x8ae8,0x7a45,0x8b08,0xb42d,0xb42d,0x9b4a,0x8287,0x92c8,0xa34a,0x8a86,0x8ac7,0x7a66,0x9349,0xb46e,0x8b4a,
  0x40e1,0x59a3,0x9349,0xa38a,0x7a45,0x6183,0x61e6,0x4984,0x4164,0x3922,0x1800,0x30a1,0x69e5,0x8ac8,0xabeb,0xb44c,
  0xac0c,0x82c8,0xb46e,0xac0c,0xbc6e,0x5963,0x69e4,0xb44d,0xbc6e,0xbc8e,0xbc8e,0xd592,0xe5f4,0xc510,0xbc8e,0xcd10,
  0xdd72,0xcd30,0xd571,0xa42c,0x4122,0x4143,0x4164,0x3902,0x2880,0x51c5,0xbcf1,0xddd3,0xddb3,0xb44e,0x936a,0x9b6a,
  0x8ae8,0xa38a,0xabec,0x8b08,0xc4af,0xd592,0xddf4,0xbd11,0x51c5,0x2860,0x38c2,0x4964,0x4143,0x2040,0x30e2,0x3102,
  0x2081,0x28c2,0x30e2,0x1840,0x2061,0x2081,0x28a1,0x30c2,0x30c2,0x1800,0x28a2,0x28a1,0x2860,0x1800,0x1800,0x61c5,
  0x7a68,0x8267,0x8ac8,0x8246,0x9b29,0x71c4,0x9b29,0xd4f0,0xe531,0xa328,0xab29,0xa308,0xa2e8,0x9aa7,0xa2e8,0x9a87,
  0x9246,0x60c1,0x3800,0x6941,0x9ac8,0x9ac8,0x9aa7,0x9aa7,0xa2a8,0x9a66,0x89e4,0x9a87,0x9a66,0x8a04,0xa2e8,0x92c7,
  0x9ac7,0x9ae8,0xb3cb,0xccae,0xcc8e,0xccaf,0xdd30,0xd510,0xdd31,0xd530,0xd550,0xd550,0xd530,0xd550,0xd530,0xdd51,
  0xa36a,0x9b08,0xab8a,0xb3cb,0xabab,0x9309,0x5964,0x2820,0x4964,0x38e2,0x2060,0x30e2,0x38e2,0x30a1,0x2800,0x3041,
  0xa38b,0xb40c,0xc44c,0xccad,0xd4ae,0xd4ef,0xa389,0xb3eb,0xa36a,0xabab,0x7a25,0x9b28,0x92e8,0x9b29,0xb40c,0xb40c,
  0xb40d,0xabec,0xabeb,0xa3ca,0xabeb,0xc4b0,0x936c,0x40e3,0x2841,0x1800,0x1820,0x1040,0x1020,0x0800,0x1020,0x1020,
  0x1000,0x3903,0x6248,0x4123,0x1800,0x2881,0x4123,0x38e2,0x4103,0x38c2,0x38c2,0x30a1,0x3081,0x2881,0x2061,0x1820,
  0x0800,0x28e3,0x9451,0xa4d2,0xad34,0xb595,0xbdd6,0xb595,0xb575,0xad54,0xad34,0xa4f2,0xa492,0x9450,0x8c30,0x83ee,
  0x7b8d,0x734c,0x732c,0x62a9,0x5207,0x28e2,0x2061,0x0800,0x3923,0x49c5,0x3902,0x30e2,0x1840,0x0800,0x1041,0x1041,
  0x1861,0x1040,0x1040,0x1020,0x1840,0x1040,0x1841,0x1020,0x1040,0x1840,0x1040,0x0820,0x1061,0x1061,0x1061,0x0840,
  0x1061,0x1060,0x0840,0x0820,0x1860,0x3143,0x4164,0x4964,0x30a2,0x1840,0x20a2,0x1061,0x1882,0x1061,0x0861,0x0820,
  0x0820,0x0800,0x0800,0x0000,0x0800,0x0800,0x0820,0x0020,0x0000,0x0000,0x0000,0x28e3,0x3103,0x28a1,0x30c1,0x38e1,
  0x38e2,0x28c2,0x28c2,0x0800,0x28a2,0x30e2,0x4143,0x30c1,0x30c2,0x1861,0x1000,0x28c2,0x4964,0x3902,0x3902,0x1860,
  0x0800,0x1861,0x2081,0x2060,0x2881,0x2060,0x30a1,0x30c1,0x30a1,0x3080,0x38e2,0x30a1,0x38e3,0x28a1,0x1820,0x20a1,
  0x4288,0x63ac,0x63ac,0x5309,0x63ab,0x5b2a,0x5b4b,0x52ca,0x4248,0x0860,0x0020,0x2103,0x39e5,0x4a26,0x6329,0x4204,
  0x4a47,0x5248,0x3986,0x1020,0x49e5,0x8bec,0x940b,0x940d,0x5205,0x4184,0x3103,0x4164,0x3964,0x2040,0x3922,0x5a47,
  0x5206,0x51c5,0x30c1,0x1800,0x38e1,0x6226,0x6206,0x61c4,0x7a87,0x7246,0x82a7,0xac0c,0xb46c,0xbc6d,0x9329,0x92c8,
  0x9309,0x9b09,0x92e7,0x9308,0x82a6,0xb44d,0xac4d,0x7ac8,0x3080,0x7286,0x9b68,0x92e8,0x7a46,0x5102,0x5185,0x4184,
  0x28e1,0x2080,0x1800,0x5142,0x7a66,0xa3ab,0x938a,0xbcef,0x938a,0x82e8,0xac2d,0xb44e,0x934a,0x5142,0x8ae8,0xbc6e,
  0xb46e,0xc4af,0xbccf,0xe5d4,0xd592,0xc4f0,0xb46e,0xdd72,0xcd30,0xcd50,0xb4ae,0x9bec,0x4142,0x59e5,0x38e2,0x30a2,
  0x1800,0x938c,0xd593,0xddd3,0xd592,0xac0d,0x9329,0xa3ab,0x7a65,0xabca,0x9b69,0xa3aa,0xcd30,0xe615,0xddf5,0x93ac,
  0x1820,0x38e2,0x4964,0x4143,0x28a1,0x2060,0x30e2,0x30e2,0x1020,0x1860,0x1840,0x2061,0x1840,0x1820,0x2881,0x2881,
  0x2060,0x30c2,0x2881,0x2881,0x2020,0x2020,0x5143,0x8267,0x8287,0x8a67,0x8286,0x9b29,0x8266,0xa3ab,0xd531,0xe592,
  0xc40c,0xa2c7,0xab49,0x9aa7,0x9286,0x9aa7,0x92a7,0x79a4,0x58a0,0x5080,0x9266,0xa2e8,0x9265,0x9a86,0xab08,0xa2a7,
  0x9245,0xa2a7,0x9245,0xa2a7,0x9265,0x9265,0x92a6,0x9ae8,0x92a6,0xb3cb,0xd4ef,0xd510,0xccef,0xdd30,0xdd51,0xdd31,
  0xd551,0xdd71,0xd550,0xdd91,0xd591,0xd551,0xdd71,0xc48e,0x92e8,0xa349,0xab6a,0xab8b,0xa38b,0x5984,0x2800,0x4123,
  0x38e2,0x28a1,0x2881,0x38e2,0x38e2,0x3060,0x3040,0x9b4a,0xc46e,0xc48e,0xc46c,0xd4ee,0xd4ee,0xa369,0x9b48,0xb3eb,
  0xbc2c,0xa349,0x92c7,0xb3ab,0xabaa,0xbc0c,0xc46d,0xb3eb,0xa3cb,0xac0c,0xac2c,0xa3cb,0x7ae8,0x4123,0x1800,0x1800,
  0x1841,0x2061,0x1000,0x1000,0x1020,0x1840,0x1820,0x1800,0x2061,0x5a28,0x3944,0x1000,0x1820,0x30a2,0x38e3,0x30a2,
  0x3081,0x38a1,0x3080,0x2880,0x2060,0x28a2,0x28c2,0x41c6,0x9c91,0xd678,0xdeda,0xef5c,0xdefa,0xdeda,0xd699,0xce58,
  0xc5f6,0xbdb6,0xb574,0xb554,0xa4d3,0x9cb2,0x9471,0x9451,0x83ef,0x83ae,0x732c,0x732c,0x5aa9,0x49e7,0x1861,0x1820,
  0x30e2,0x3123,0x3124,0x1861,0x0000,0x1020,0x1861,0x1861,0x1040,0x1040,0x1020,0x1020,0x0820,0x1020,0x1020,0x1020,
  0x1000,0x1040,0x0820,0x1040,0x0840,0x0841,0x0840,0x1061,0x0860,0x1060,0x1040,0x1020,0x1860,0x41a4,0x49a5,0x49a6,
  0x2060,0x1820,0x1881,0x1861,0x1081,0x1061,0x0840,0x0840,0x0000,0x0800,0x0000,0x0800,0x0800,0x0800,0x0800,0x0820,
  0x0000,0x0000,0x0820,0x3124,0x28a1,0x30e2,0x38e2,0x3902,0x30e2,0x28c2,0x1841,0x1841,0x3124,0x4123,0x40e1,0x5143,
  0x38c2,0x2061,0x0800,0x30c2,0x4143,0x4102,0x30a1,0x1800,0x0820,0x20a2,0x2081,0x2061,0x2060,0x2860,0x2880,0x30a1,
  0x3080,0x38c2,0x30c1,0x30a1,0x28a1,0x2881,0x1000,0x28c2,0x3a27,0x530a,0x73ed,0x6bac,0x6bcc,0x5b0a,0x5aea,0x4aa9,
  0x3a07,0x0020,0x1081,0x39a5,0x4206,0x4226,0x6b4a,0x4225,0x4a27,0x4a07,0x3965,0x1880,0x7309,0x8beb,0x940c,0x7b6a,
  0x5206,0x3102,0x3103,0x4184,0x28a1,0x28a0,0x6247,0x5a46,0x51e5,0x49a5,0x2881,0x2860,0x5184,0x6206,0x59a4,0x6a05,
  0x7a87,0x7246,0xa3ab,0xbc8d,0xbc8e,0xb42c,0x92e8,0x9309,0x9b0a,0x8aa8,0x92e8,0x8ae7,0xa3aa,0xbc8e,0xbc8f,0x59c4,
  0x4943,0x8b29,0xa3cb,0x82a6,0x7a46,0x5143,0x5185,0x4184,0x28e1,0x1020,0x3081,0x7a87,0xa38b,0x9b6a,0xbcae,0xbcef,
  0x936a,0x938a,0xb44e,0xbcaf,0x7226,0x5121,0xac0d,0xb46e,0xc4af,0xc4d0,0xd552,0xe614,0xd572,0xbccf,0xbcaf,0xd551,
  0xcd31,0xcd50,0xbccf,0x93cb,0x4142,0x5a06,0x38e2,0x2040,0x38e3,0xbcf1,0xddd4,0xd5d3,0xddf3,0x9bab,0x9309,0xa3ab,
  0x9308,0xbc4c,0xabcb,0xac0c,0xd572,0xe615,0xddf5,0x6268,0x2881,0x49a5,0x3902,0x3902,0x4123,0x30e2,0x28c1,0x28c1,
  0x28a2,0x1861,0x2061,0x1840,0x2041,0x2081,0x30c2,0x2040,0x2881,0x3903,0x2881,0x1000,0x3081,0x4922,0x8ae9,0x8ac8,
  0x7a46,0x8ac8,0x9b09,0x9b29,0xbc4d,0xd531,0xedd3,0xcccf,0xab49,0xb369,0xab29,0x9aa7,0x9286,0x9ac7,0x7162,0x5060,
  0x79c4,0x9ac7,0xa2e8,0x9aa7,0xa2c7,0xa2c7,0xab08,0xa286,0x9a66,0x9a86,0xa2c7,0x9246,0x9a86,0x9286,0x8a45,0x92a7,
  0xbbcb,0xccae,0xdd30,0xdd51,0xe571,0xdd51,0xe572,0xdd51,0xe5b2,0xddb2,0xddb2,0xe5b2,0xedf3,0xddb2,0xbc4d,0x8aa7,
  0xabab,0xabab,0xb3cc,0xa38b,0x69c5,0x2000,0x40e2,0x5164,0x30a1,0x2881,0x30a1,0x3902,0x2020,0x38a0,0x9b4a,0xc48f,
  0xdd11,0xccce,0xd50f,0xd4ee,0xc44c,0xabaa,0xa38a,0xb3cb,0xbc0c,0xabcb,0xbc2d,0xa36a,0xb3ec,0xbc6d,0xbc2d,0xb42d,
  0xb40c,0xb42c,0x7a88,0x5164,0x2020,0x1000,0x2040,0x3101,0x4163,0x28c1,0x1841,0x1841,0x1842,0x1001,0x1000,0x1800,
  0x4986,0x3944,0x1840,0x1000,0x1820,0x28a1,0x4103,0x3081,0x2820,0x2860,0x2860,0x2860,0x28a1,0x2061,0x628a,0xce17,
  0xf75d,0xef5c,0xf77d,0xef5c,0xef7d,0xe75c,0xef3c,0xdefa,0xdeba,0xce37,0xcdf7,0xbd96,0xb555,0xa4f3,0xa4b2,0x9c71,
  0x9430,0x83ef,0x83ce,0x7bae,0x732c,0x5207,0x1840,0x3103,0x49a5,0x3923,0x30e3,0x0800,0x1020,0x1861,0x20a2,0x1861,
  0x1861,0x1040,0x1041,0x1020,0x1020,0x1020,0x1821,0x1020,0x1020,0x1020,0x1020,0x1040,0x1061,0x0820,0x1041,0x1061,
  0x1041,0x20e3,0x1861,0x1860,0x4164,0x51e6,0x51e7,0x3103,0x1861,0x1020,0x1881,0x1061,0x1061,0x0840,0x1041,0x0820,
  0x0820,0x0000,0x0820,0x0820,0x1021,0x0800,0x1041,0x0820,0x0820,0x0000,0x20a2,0x30e3,0x2881,0x30c1,0x4103,0x3903,
  0x3903,0x2081,0x1000,0x1020,0x3945,0x4144,0x4123,0x38e2,0x38c2,0x1000,0x2061,0x4144,0x4944,0x4122,0x30a1,0x1000,
  0x1861,0x20a2,0x28a2,0x2081,0x2861,0x2881,0x30a1,0x2880,0x30a1,0x38c1,0x38c2,0x2881,0x30a1,0x2060,0x1800,0x28a1,
  0x3a47,0x530a,0x638c,0x638c,0x6bac,0x73cd,0x5b2a,0x4268,0x2144,0x0840,0x0860,0x4227,0x31a4,0x4a47,0x5287,0x5ae8,
  0x3184,0x4a28,0x2903,0x20a1,0x734a,0x8bec,0x8beb,0x7b4a,0x5226,0x28e2,0x3123,0x41a5,0x1820,0x28c1,0x62a7,0x6288,
  0x51e5,0x3902,0x2040,0x30c1,0x4984,0x4943,0x59c4,0x7246,0x6a25,0x9329,0xac0c,0xbc6d,0xbcad,0x9349,0x9349,0x9b6a,
  0x9b4a,0x9b29,0x8286,0x9308,0xb44d,0xb44d,0xa40c,0x38e0,0x59c4,0x936a,0x9baa,0x8286,0x5962,0x61c5,0x4964,0x4163,
  0x28a1,0x2040,0x4983,0x8b09,0x9b6a,0x9b8b,0xd571,0xc50f,0x7aa7,0xac2d,0xb46e,0xb46e,0x61c4,0x7226,0xbc8e,0xb44d,
  0xbc8e,0xbcaf,0xd572,0xe5f4,0xcd51,0xbcaf,0xc4f0,0xd551,0xcd31,0xbccf,0xcd71,0x8349,0x30a0,0x51c5,0x3902,0x1800,
  0x72c9,0xc532,0xcd72,0xddf4,0xd5b2,0xa3ec,0x9b6a,0x8ac7,0x8ae7,0xb40c,0xac2c,0xcd31,0xddd3,0xe615,0xac8f,0x30e2,
  0x3102,0x51a5,0x28a1,0x30a1,0x30e2,0x3902,0x1020,0x2081,0x28e2,0x2041,0x1840,0x1820,0x1840,0x28a1,0x2040,0x30c2,
  0x30c1,0x2040,0x1000,0x30a1,0x5184,0x82c9,0x7246,0x82a7,0x82a7,0x7a45,0x8286,0xccf0,0xdd51,0xdd51,0xcd10,0xb3ec,
  0xb3aa,0xb36a,0x9286,0xab28,0x9ac7,0x6921,0x6941,0x9266,0x9a87,0x9aa7,0x8a45,0x9aa7,0xab08,0xaae8,0x9aa6,0xaac8,
  0x9a66,0x9a86,0x9266,0x9aa7,0x8a24,0x8a45,0x8a65,0xab8a,0xd4ef,0xdd30,0xccef,0xdd51,0xdd71,0xdd71,0xdd71,0xdd92,
  0xdd91,0xdd92,0xdd92,0xe5d3,0xe5f3,0xc4af,0x8ae7,0xa38b,0xb40c,0xb3cc,0xabab,0x82a8,0x2820,0x40e2,0x5184,0x3080,
  0x2840,0x30a1,0x30a0,0x1800,0x38c1,0x932a,0xac0c,0xcccf,0xccef,0xc4ae,0xd530,0xc4ae,0x9b69,0xbc4d,0xac0b,0xabaa,
  0x9b49,0xc46e,0x9329,0x9b49,0xb44d,0xbc6e,0xb46e,0xb44d,0x9b8a,0x4901,0x2800,0x1800,0x2020,0x5184,0x72e8,0x6ac7,
  0x3941,0x1840,0x0800,0x2082,0x1021,0x1822,0x0800,0x3924,0x41a5,0x1000,0x0800,0x2061,0x1000,0x2881,0x38e3,0x3082,
  0x2820,0x2820,0x2040,0x2881,0x2060,0x4186,0xbd75,0xf73c,0xe6db,0xe6fb,0xef3c,0xf77d,0xe73c,0xef3c,0xe71b,0xe6fb,
  0xd699,0xce38,0xbdd6,0xbd95,0xad34,0xa4b2,0x9471,0x9451,0x8c0f,0x83cf,0x7bae,0x736d,0x62a9,0x20a2,0x1020,0x41a5,
  0x3964,0x3123,0x0800,0x1000,0x1881,0x20a2,0x1060,0x1881,0x1060,0x1861,0x0820,0x0820,0x0800,0x1020,0x1000,0x1020,
  0x0820,0x1040,0x0820,0x1041,0x1040,0x0841,0x1041,0x1882,0x20e3,0x3945,0x1040,0x3923,0x51c6,0x5a07,0x3103,0x1040,
  0x1020,0x1881,0x1061,0x1061,0x0820,0x1061,0x0840,0x0820,0x0000,0x0800,0x0000,0x0820,0x0820,0x0820,0x0840,0x0841,
  0x0800,0x0800,0x20a2,0x28a2,0x2880,0x30a1,0x3902,0x4143,0x30e2,0x1841,0x0000,0x0800,0x1881,0x4165,0x51c5,0x2040,
  0x30a1,0x1000,0x28a2,0x4985,0x38e2,0x4102,0x3081,0x1800,0x1881,0x2082,0x28a1,0x28a1,0x2060,0x30a2,0x2881,0x2880,
  0x30a1,0x30a1,0x30a1,0x30c2,0x30a1,0x2881,0x1000,0x2081,0x4a88,0x52ea,0x6bac,0x6bcc,0x636c,0x6bac,0x634b,0x39e6,
  0x18c2,0x0020,0x10a2,0x39c5,0x31a5,0x52a8,0x52a8,0x4225,0x3185,0x5aa9,0x28e2,0x28e2,0x838b,0x8beb,0x8beb,0x7309,
  0x51e6,0x28c1,0x4185,0x3944,0x1840,0x49c4,0x6288,0x6267,0x51c5,0x1800,0x28a1,0x51c5,0x59c5,0x59a4,0x7287,0x7267,
  0x7246,0xa3ab,0xc48e,0xb42c,0xac0c,0x82a6,0x9b4a,0x9329,0x9b2a,0x8ac8,0x8aa7,0xa3cb,0xbc6e,0xb46e,0x936a,0x2840,
  0x6205,0x9b8b,0x9b6a,0x7225,0x6183,0x5163,0x4964,0x30e2,0x1840,0x2880,0x72a8,0x8b29,0x9309,0xbcaf,0xd592,0xb48e,
  0x8308,0xb44e,0xbc8f,0xa3cb,0x69e4,0x8b29,0xbc8f,0xb44d,0xbc8f,0xbc8f,0xe5d4,0xddb3,0xddb3,0xbcaf,0xd572,0xdd92,
  0xd572,0xac6d,0xd592,0x6a66,0x2860,0x4963,0x3923,0x1820,0x9bee,0xcd73,0xd5b4,0xddf4,0xcd52,0x9b8b,0xabec,0x9308,
  0xa38a,0xabeb,0x9b6a,0xd551,0xddb4,0xddf5,0x72c9,0x28a0,0x4143,0x30e2,0x3902,0x30c1,0x30c2,0x30c2,0x2061,0x28c2,
  0x28c2,0x1840,0x2061,0x2081,0x28c2,0x2060,0x2881,0x38e2,0x30a2,0x1800,0x4103,0x7267,0x7288,0x7ac8,0x936a,0x7266,
  0x7245,0x8b08,0xdd92,0xd530,0xd551,0xdd92,0xccd0,0x92e8,0xc3ec,0xab28,0x9ac7,0x9ac7,0x81e4,0x8204,0x9286,0x9ac7,
  0x9a86,0x8a04,0xab08,0x9aa7,0xa2c7,0x9a86,0xaae8,0xa2a7,0xaac8,0x9246,0x9aa7,0x9265,0x8a66,0x8a45,0xb3cb,0xdd10,
  0xdd10,0xdd30,0xe571,0xdd51,0xe592,0xdd92,0xe5d2,0xddb2,0xdd92,0xdd91,0xe5d3,0xe5d3,0xdd72,0x9b6a,0x9309,0xbc4d,
  0xabab,0xa38b,0x9b4a,0x40a1,0x38a1,0x59a5,0x38a1,0x3060,0x38c1,0x40e1,0x2840,0x40e2,0xabec,0xb44d,0xbc6e,0xc4ae,
  0xd4f0,0xd50f,0xd510,0xac0b,0xac0c,0x9b69,0xc48e,0xa3cb,0xabab,0xb44d,0xbc4e,0xc4af,0xc4af,0xbc8e,0xbc8e,0x5984,
  0x2800,0x2000,0x40c1,0x59c5,0x7aa8,0x9bec,0x8bab,0x49a3,0x2060,0x1000,0x1841,0x1021,0x1842,0x0800,0x2062,0x41a6,
  0x28a2,0x1000,0x1000,0x1000,0x28a2,0x28a2,0x3903,0x2861,0x3061,0x2020,0x3081,0x2060,0x30c2,0x9c50,0xef1c,0xef1b,
  0xef1c,0xef3c,0xf79e,0xef5d,0xef5d,0xe73c,0xe71b,0xdeda,0xde9a,0xc617,0xbdb6,0xb574,0xad13,0x9c71,0x9451,0x8c30,
  0x83ef,0x7b8e,0x7b8d,0x734c,0x49e7,0x0800,0x41a6,0x49e6,0x28a1,0x1840,0x0800,0x1840,0x28c2,0x1881,0x1881,0x1881,
  0x1861,0x1040,0x1041,0x0820,0x1020,0x1000,0x1020,0x1000,0x1040,0x1020,0x1040,0x1040,0x1041,0x1021,0x18a2,0x3145,
  0x49c7,0x28a2,0x28c3,0x51e7,0x4986,0x4164,0x3103,0x20e3,0x1082,0x1061,0x1881,0x1061,0x1061,0x1041,0x1061,0x1040,
  0x1021,0x0800,0x0820,0x0820,0x0821,0x0841,0x1041,0x0820,0x1020,0x1040,0x28e3,0x28a1,0x38e2,0x30c1,0x3923,0x3923,
  0x28c2,0x0800,0x0800,0x0000,0x1041,0x30e3,0x49a5,0x28a1,0x2882,0x1000,0x3903,0x4144,0x40e3,0x4102,0x3060,0x1800,
  0x28a2,0x2081,0x30c2,0x28a1,0x2881,0x30a1,0x30c2,0x3080,0x38c2,0x2880,0x30a1,0x30a1,0x30c2,0x2881,0x2020,0x2060,
  0x4aa8,0x5b2a,0x6bcd,0x7c4f,0x5b4a,0x5b2a,0x52e9,0x3185,0x0860,0x0840,0x2964,0x39e6,0x3a06,0x52a8,0x5b09,0x39c4,
  0x39e5,0x4207,0x1060,0x5a88,0x8c0c,0x8beb,0x8beb,0x5a66,0x3102,0x3944,0x5207,0x3102,0x1880,0x6267,0x6287,0x5a06,
  0x28a0,0x2040,0x4984,0x6206,0x6246,0x7288,0x7aa8,0x7a87,0x9b8a,0xb42d,0xb44d,0xc4cf,0x9389,0xa3aa,0x8b08,0x9b6a,
  0x8ac8,0x8ac8,0x9308,0xb40c,0xbc8e,0xb44d,0x7286,0x2840,0x7287,0xa3ec,0x8b28,0x69e4,0x6a05,0x4923,0x4123,0x30c1,
  0x1000,0x4963,0x8b2a,0xac0d,0xac0d,0xcd31,0xddf3,0x8b49,0x938a,0xbc8f,0xb48e,0x934a,0x7266,0xb44e,0xc4d0,0xc4cf,
  0xb48e,0xcd31,0xe614,0xe5f4,0xcd71,0xbccf,0xd551,0xd572,0xcd31,0xc4f0,0xcd92,0x6a87,0x2880,0x4143,0x2080,0x4984,
  0xacb0,0xd5f5,0xd5d4,0xe614,0xcd72,0xa3cb,0xa3cb,0xa3ab,0xabeb,0xb44d,0x9369,0xcd51,0xd5b3,0xb4d0,0x3902,0x3902,
  0x4184,0x30e2,0x30c1,0x4143,0x30c1,0x2060,0x28a1,0x28c2,0x1840,0x2061,0x2061,0x2881,0x2060,0x28a1,0x30e2,0x2020,
  0x0800,0x40e2,0x8b0a,0x8b0a,0x936b,0x934a,0x7ac7,0x7ac7,0xa42c,0xd591,0xd571,0xe5b2,0xdd92,0xe5b3,0xabec,0xabab,
  0xab69,0x9aa6,0x9ae7,0x8a65,0x9286,0xab49,0xa2e7,0x9aa7,0x9aa6,0xaae8,0xa2c7,0xa2c7,0xa2a6,0x9225,0x9a66,0xa2a7,
  0x9266,0x9aa7,0x8a45,0x9266,0x92a6,0xb3cb,0xd4cf,0xdd30,0xdd71,0xdd51,0xdd71,0xedd3,0xddb2,0xddd2,0xddd2,0xe5f3,
  0xddb2,0xe5d3,0xe5d3,0xdd52,0x9329,0xabcc,0xa3cc,0x9b4a,0xb44e,0x9b6a,0x4922,0x3881,0x4964,0x38c2,0x38c1,0x38a1,
  0x40e0,0x3040,0x48e1,0xb44d,0xccef,0xccef,0xccae,0xdd30,0xccef,0xe592,0xb44d,0xa3aa,0xb42c,0xabeb,0xa3cb,0xabcb,
  0xa3cb,0xac0c,0xc4af,0xbc8e,0xa3cb,0x7266,0x40c1,0x3861,0x5164,0x7aa8,0x8b4a,0xb48f,0xb4d0,0x93cc,0x49a4,0x1820,
  0x1000,0x1000,0x1021,0x0800,0x0820,0x1020,0x20a1,0x1881,0x0800,0x1020,0x1860,0x4165,0x4164,0x38e3,0x38c2,0x2840,
  0x2840,0x2840,0x2881,0x30a2,0x6aca,0xde9a,0xe6fb,0xf77d,0xef5c,0xe71c,0xf7be,0xf79e,0xe75c,0xe73c,0xdefb,0xdeda,
  0xce58,0xc5f7,0xb575,0xb534,0x9cb1,0x8c30,0x83ce,0x83ce,0x736d,0x6b2c,0x62eb,0x62ca,0x20e2,0x1860,0x5227,0x3964,
  0x1020,0x0800,0x1860,0x1881,0x1861,0x1861,0x1881,0x1881,0x1040,0x1061,0x1020,0x1020,0x0800,0x1020,0x1000,0x1020,
  0x0820,0x1020,0x0820,0x1041,0x0820,0x1041,0x20e3,0x4a08,0x3965,0x2082,0x41a6,0x5a28,0x4185,0x3103,0x4a28,0x4a49,
  0x18e3,0x0861,0x0861,0x1082,0x1040,0x1041,0x1041,0x1041,0x0820,0x0820,0x0000,0x0820,0x0020,0x0841,0x0820,0x1041,
  0x1040,0x20a2,0x28e2,0x30e2,0x30e1,0x30e1,0x30c1,0x28c2,0x1020,0x0000,0x0000,0x0000,0x0000,0x1020,0x1861,0x3903,
  0x1000,0x1841,0x3924,0x4965,0x4143,0x4123,0x1800,0x1800,0x2081,0x28a2,0x28a1,0x28a1,0x2880,0x30a1,0x30a1,0x30a1,
  0x30a1,0x30a1,0x2880,0x30a1,0x2080,0x2861,0x1840,0x28a1,0x52ea,0x5b4b,0x73ed,0x740e,0x6b8c,0x636b,0x52a9,0x31c6,
  0x0881,0x0860,0x3185,0x39e6,0x4a68,0x5ae9,0x5ae9,0x4206,0x4206,0x3985,0x1881,0x6ae9,0x942d,0x8beb,0x8bec,0x5a26,
  0x28c2,0x41a5,0x5207,0x1880,0x4163,0x6267,0x6288,0x4184,0x1800,0x3922,0x6227,0x6226,0x6a46,0x7ac8,0x8b09,0x7ac8,
  0xac2d,0xbc8e,0xbc8e,0xac2c,0x9b8a,0x9b8a,0x9b49,0x9329,0x9b4a,0x8ae8,0xa3ab,0xbc6e,0xc4cf,0xac0c,0x4902,0x38c0,
  0x8b29,0xa3ec,0x7aa7,0x5983,0x59c5,0x4963,0x4943,0x2040,0x2860,0x6a87,0xa3cc,0xa3ec,0xbc8f,0xd572,0xe614,0x8b49,
  0x936a,0xb48e,0xbc8f,0x7a86,0x7a66,0xcd10,0xc4d0,0xc4d0,0xbcaf,0xddd3,0xee35,0xe5f4,0xbcaf,0xac4d,0xe5d3,0xcd51,
  0xc510,0xcd31,0xddd4,0x7ae9,0x3901,0x3922,0x1820,0x6247,0xcd94,0xcd93,0xe615,0xe635,0xd572,0xa3cc,0xb42d,0xa3ab,
  0xa3cb,0xa3cb,0xcd31,0xddd4,0xddf5,0x6aa8,0x1820,0x2060,0x51c5,0x3923,0x30a1,0x3923,0x38e3,0x2040,0x30a2,0x28a1,
  0x1840,0x1840,0x2881,0x2060,0x2861,0x30a1,0x2841,0x2020,0x4964,0x7ac9,0x932a,0xabcd,0x932a,0x7266,0x938a,0xc50f,
  0xddd2,0xddd2,0xddd3,0xddd3,0xee14,0xb44d,0xa38a,0xab8a,0xab69,0x8a65,0x9286,0xa2e7,0xa2e7,0x9285,0xab29,0xa2e8,
  0xa2c7,0xaae7,0xb328,0xa286,0xa2c7,0x9a86,0xa287,0x9225,0x9aa7,0x9286,0x9266,0x8a45,0xbc0c,0xcccf,0xdd30,0xdd71,
  0xe5b2,0xdd71,0xe5b2,0xe5d3,0xe5f3,0xddf2,0xe5f3,0xe5f3,0xe5f4,0xee14,0xdd52,0x9349,0xa36b,0xb42e,0xbc2e,0xb44e,
  0x9b8b,0x5984,0x2820,0x5164,0x4965,0x2860,0x38c1,0x3080,0x2000,0x5162,0xb40c,0xc48e,0xd50f,0xd50f,0xdd50,0xdd30,
  0xedb2,0xccef,0xb42c,0xb42c,0xa3ca,0xabeb,0xabeb,0xa3aa,0xc48e,0xc4cf,0xc4af,0x8b09,0x40e2,0x3060,0x6a27,0x9bab,
  0xbcd0,0xbcf0,0xbcf0,0xc531,0xbcf0,0x5a26,0x1800,0x1801,0x1841,0x1000,0x0800,0x3985,0x1040,0x1060,0x1861,0x0800,
  0x1840,0x20a1,0x49c6,0x6aaa,0x51c6,0x30c2,0x40e3,0x3081,0x2841,0x2040,0x2881,0x3924,0xd617,0xe6fb,0xf73d,0xf75d,
  0xf79e,0xffbe,0xf79e,0xf79e,0xef7d,0xe73c,0xe6fb,0xd699,0xce58,0xbdd6,0xb575,0xad33,0xa4b2,0x8c0f,0x83ce,0x7b8d,
  0x732c,0x62ca,0x62aa,0x41c6,0x20c2,0x3965,0x3944,0x1040,0x1020,0x1040,0x20a2,0x1881,0x1841,0x1861,0x1881,0x1040,
  0x1881,0x1040,0x1841,0x1020,0x1041,0x1020,0x1020,0x1000,0x1020,0x1020,0x1841,0x1041,0x1021,0x1861,0x3965,0x41c7,
  0x20a2,0x3145,0x5229,0x41c6,0x3124,0x41e7,0x5acb,0x52cb,0x2966,0x0882,0x1082,0x1041,0x1862,0x1020,0x1861,0x1041,
  0x1041,0x0820,0x0820,0x0820,0x0841,0x0820,0x1062,0x1040,0x1861,0x28e2,0x30c2,0x30e2,0x30c1,0x30e1,0x28a2,0x1020,
  0x0800,0x0000,0x0001,0x0000,0x0000,0x0000,0x1041,0x20a1,0x1000,0x1840,0x4965,0x4144,0x4944,0x30c2,0x2000,0x1820,
  0x2881,0x2081,0x28a2,0x2060,0x28a1,0x2860,0x30a1,0x30c1,0x30a1,0x30c1,0x30a1,0x2880,0x2040,0x2060,0x2060,0x28a1,
  0x4ae9,0x638c,0x5b4b,0x6b8c,0x6bac,0x632b,0x52a9,0x2944,0x0040,0x1081,0x2964,0x39e6,0x39e6,0x52a9,0x4226,0x4227,
  0x4227,0x3985,0x2102,0x6ae9,0x83cc,0x942d,0x7329,0x41a4,0x3103,0x49c6,0x3964,0x2080,0x6287,0x6ac9,0x49c4,0x28a1,
  0x2081,0x49a4,0x6a87,0x72a8,0x6226,0x8309,0x7286,0xa3cc,0xac0d,0xbcae,0xbc8e,0x9baa,0xa3cb,0x9349,0x9b8a,0x82c7,
  0x9329,0x9b8a,0xac2d,0xbc8e,0xbc8e,0xa3ec,0x2860,0x6a05,0x938b,0x8b4a,0x6205,0x6206,0x5184,0x51c5,0x28a0,0x1800,
  0x59c5,0x832a,0x93ab,0x9bcb,0xac4d,0xe5f4,0xcd51,0x9bec,0xb46e,0xbc8e,0xac4d,0x7246,0x8b29,0xcd10,0xbcaf,0xb48e,
  0xc510,0xe5f4,0xe635,0xe635,0xbccf,0xb46e,0xddd2,0xddb2,0xc4f0,0xd592,0xcd93,0x72a8,0x30e1,0x30e1,0x2880,0x8b8c,
  0xcdb4,0xcd73,0xddf4,0xe635,0xc4f0,0x934a,0xb44d,0x9b8a,0x9b8a,0x9b8a,0xcd51,0xe615,0xbd11,0x30e2,0x1840,0x30e2,
  0x4143,0x3923,0x30c1,0x30c1,0x28a1,0x2881,0x2081,0x28a1,0x2060,0x2040,0x2040,0x28a1,0x30a1,0x2020,0x1800,0x6206,
  0x8b4b,0x8b2a,0x8ae8,0x9309,0x7246,0x934a,0xd5b2,0xddf3,0xcd71,0xd591,0xddf3,0xddd2,0xe5f3,0x9b49,0x9b69,0xab8a,
  0xa328,0xa2e7,0x9ac6,0x9aa6,0x9ac6,0x9a86,0x9aa6,0xaae8,0x9265,0xaae7,0xa2e7,0xa2a6,0xa2c7,0xa2a7,0x9266,0x9266,
  0x9aa7,0x92a7,0x8245,0xab8a,0xd4ef,0xd510,0xd530,0xe5b2,0xdd71,0xdd92,0xddb2,0xe5d2,0xddd2,0xddd2,0xd5d2,0xe5f3,
  0xddd3,0xdd72,0x9b6a,0x9329,0xccd0,0xb3ed,0xa3cc,0xabed,0x6205,0x2820,0x4922,0x4943,0x2881,0x3081,0x2860,0x2840,
  0x61c5,0xb42c,0xc4ae,0xc46d,0xd50f,0xdd30,0xccee,0xdd50,0xdd50,0xabeb,0xa3aa,0xb44c,0xa3aa,0xabeb,0xa3ca,0xb40b,
  0xd530,0xc4cf,0x82c6,0x48e0,0x5184,0xa3ec,0xd571,0xd572,0xcd51,0xcd51,0xcd71,0xcd92,0x6a87,0x2040,0x1821,0x1801,
  0x0000,0x28c2,0x5a88,0x5226,0x1020,0x1061,0x0000,0x0800,0x2903,0x5207,0x7b6c,0x72eb,0x3903,0x38e3,0x38c2,0x3082,
  0x2840,0x2841,0x1840,0x838d,0xe6ba,0xde9a,0xe73c,0xf79e,0xef7d,0xf79e,0xef5d,0xef7d,0xe73c,0xe71c,0xd6ba,0xd699,
  0xc637,0xbdb6,0xad54,0xad13,0x9c71,0x8bef,0x738d,0x734c,0x62eb,0x5a8a,0x5268,0x3165,0x3124,0x41c6,0x1020,0x0800,
  0x1840,0x2081,0x1040,0x1881,0x1840,0x1861,0x1040,0x1861,0x1040,0x1861,0x0800,0x1041,0x1020,0x1020,0x1020,0x1020,
  0x1020,0x1821,0x1000,0x1041,0x1861,0x1020,0x3165,0x2924,0x1081,0x4a48,0x3a07,0x2103,0x2965,0x52aa,0x4269,0x4acb,
  0x29c7,0x0882,0x0861,0x1061,0x1020,0x1021,0x1020,0x1841,0x1040,0x1041,0x0000,0x0820,0x0820,0x0841,0x0840,0x1061,
  0x20a1,0x28a1,0x28a1,0x30e2,0x28a1,0x28a1,0x1840,0x0800,0x0000,0x0001,0x0000,0x0000,0x0000,0x0000,0x0820,0x1020,
  0x1820,0x30c2,0x4143,0x4964,0x4103,0x30c2,0x1000,0x2020,0x2061,0x2881,0x2881,0x2881,0x2881,0x2860,0x28a1,0x30c1,
  0x30a1,0x3081,0x2060,0x2880,0x2880,0x1840,0x1840,0x30c2,0x5b2b,0x5b4b,0x6bad,0x636b,0x632b,0x5aea,0x5aea,0x18e2,
  0x0861,0x1081,0x39c6,0x3a06,0x4206,0x5b0a,0x52a8,0x4247,0x5aa9,0x2923,0x3984,0x734a,0x8bec,0x9c6d,0x7329,0x3943,
  0x4165,0x5a28,0x3103,0x2901,0x6ae9,0x62a8,0x4184,0x1000,0x4163,0x6246,0x6a67,0x6246,0x8309,0x82e9,0x936a,0xac4d,
  0xc4af,0xb44d,0xbc8e,0x9b8a,0x9b8a,0x936a,0xa3ab,0x8308,0x9329,0xac2d,0xbc8f,0xbcaf,0xbccf,0x82e8,0x3060,0x7aa7,
  0xa40d,0x7ac7,0x59a4,0x51a4,0x59e5,0x51a4,0x2860,0x30a1,0x7ac9,0x936b,0xac2d,0xb48e,0xd593,0xe614,0xbcaf,0x8b49,
  0xbcaf,0xb44e,0xac2d,0x61e4,0xac2d,0xc4f0,0xc4f0,0xb46e,0xddd3,0xe614,0xee35,0xe614,0xd572,0xbcef,0xddb2,0xd571,
  0xcd11,0xd593,0xcd73,0x51e5,0x30e2,0x28a1,0x4143,0xacd0,0xddf5,0xd5d4,0xe615,0xe635,0xcd31,0x936a,0xb42d,0xa3cb,
  0xa3ab,0xac2d,0xddd3,0xd5d4,0x8b8c,0x1840,0x28a1,0x3943,0x3944,0x30e2,0x30e2,0x2060,0x30a2,0x2881,0x2881,0x28c2,
  0x2881,0x2060,0x2881,0x2860,0x2020,0x2860,0x6226,0x93ac,0x9bcd,0x936b,0x82a7,0x7a66,0xbc6f,0xe614,0xddf4,0xd5d2,
  0xe634,0xddf3,0xddf3,0xddd2,0xccef,0x9b69,0xa36a,0x9b28,0xb36a,0xb3aa,0x92a6,0x81e3,0xa2c7,0xab08,0xa2a6,0x9a86,
  0xb329,0xa2c7,0x9a65,0xab08,0x9a86,0x89e4,0x8a25,0x92a7,0x9aa7,0x8a65,0xab6a,0xd4ef,0xe572,0xdd51,0xdd71,0xddb2,
  0xe5b2,0xddb2,0xe5d3,0xe5d3,0xe5f3,0xddd2,0xddb2,0xddd2,0xdd92,0xa3cb,0x82c8,0xbc8f,0xb3ed,0xac0d,0xabcd,0x7aa8,
  0x40e1,0x3060,0x6206,0x38e2,0x30a1,0x30a1,0x2820,0x61e5,0xc48e,0xccef,0xccce,0xd52f,0xdd30,0xdd50,0xdd70,0xe591,
  0xccee,0x9b89,0xb42c,0xabea,0xb40b,0xabeb,0xbc4c,0xccee,0xc48e,0x9b89,0x8ae7,0x9baa,0xcd10,0xd571,0xd551,0xcd71,
  0xddd3,0xd5f3,0xddf4,0x7ae8,0x2841,0x2040,0x1000,0x2881,0x5a27,0x9c4f,0x83ac,0x1880,0x1841,0x1021,0x20a2,0x3164,
  0x5a69,0x6289,0x8bae,0x6aa9,0x38c2,0x38c2,0x40c3,0x3061,0x2841,0x2020,0x30e3,0xbd95,0xe6ba,0xe6db,0xf75d,0xf79d,
  0xf79e,0xef7d,0xf77e,0xef7d,0xef5d,0xe6fb,0xdeba,0xce58,0xc5f7,0xb554,0xa4f3,0x9cb1,0x9430,0x7b8d,0x732c,0x62ca,
  0x5a8a,0x4a07,0x3165,0x3145,0x3145,0x1040,0x1020,0x1861,0x2081,0x2081,0x2081,0x1840,0x1861,0x1861,0x1040,0x1040,
  0x1861,0x1861,0x1040,0x1041,0x1841,0x1000,0x1821,0x1000,0x1821,0x1841,0x1821,0x1020,0x1841,0x1861,0x20c3,0x1081,
  0x39c7,0x4248,0x2965,0x2985,0x52ca,0x4aaa,0x4aaa,0x4aaa,0x31e8,0x0862,0x1062,0x1061,0x1041,0x1041,0x1841,0x1041,
  0x1861,0x1040,0x0820,0x0820,0x0841,0x0841,0x1020,0x1040,0x28e2,0x28a1,0x3102,0x30e1,0x28c1,0x1840,0x1020,0x0800,
  0x0000,0x0000,0x0000,0x0000,0x0821,0x0000,0x0820,0x0000,0x2061,0x4143,0x4964,0x4944,0x4123,0x28a1,0x1800,0x1820,
  0x30a2,0x2881,0x2861,0x28a1,0x30c2,0x2881,0x30c2,0x30a1,0x30c1,0x2880,0x2880,0x2880,0x30c2,0x1820,0x2040,0x30c2,
  0x4ae9,0x530a,0x638c,0x6b8c,0x4aa8,0x52a9,0x4247,0x18e3,0x0861,0x10a2,0x3a07,0x5aea,0x4aa8,0x5ae9,0x4a87,0x4a47,
  0x4a68,0x18c2,0x4a06,0x83cc,0x8c2d,0x942d,0x6ae8,0x4184,0x3964,0x5207,0x1020,0x3122,0x62a8,0x62a8,0x28a0,0x30e2,
  0x49a4,0x6246,0x6a87,0x6a46,0x8309,0x8b4a,0xb48e,0xc4cf,0xbc8e,0xbcae,0xb46d,0x9bab,0x9349,0x9baa,0x9349,0x82e8,
  0x9369,0xbcaf,0xbcaf,0xc4f0,0xbcf0,0x6205,0x38a0,0x8308,0x9389,0x82e8,0x5183,0x38c1,0x4183,0x3102,0x1820,0x59c5,
  0x7287,0x9b8b,0xb46e,0xc510,0xde14,0xde14,0x9bab,0x8b4a,0xac4d,0xc4f0,0x9bab,0x7286,0xac6d,0xcd51,0xbcf0,0xbccf,
  0xe5f4,0xee55,0xe614,0xddf4,0xc510,0xcd51,0xd5b2,0xc510,0xbd10,0xcd93,0xbd11,0x3902,0x28a1,0x30c1,0x49c5,0xc573,
  0xde15,0xde15,0xe656,0xee56,0xcd51,0xb42d,0xac0c,0xa3cb,0x936a,0xbc8f,0xe655,0xd5b4,0x49c5,0x1820,0x20a1,0x28e2,
  0x3102,0x28c1,0x2060,0x2881,0x28a1,0x2881,0x2081,0x2881,0x2060,0x30a1,0x3902,0x2040,0x1800,0x82e9,0x8309,0xac2e,
  0x9bec,0x8309,0x934a,0xcd31,0xddd3,0xe634,0xee55,0xee75,0xde34,0xe654,0xee54,0xe5f3,0x9b89,0x9308,0x92e7,0xab8a,
  0xb3aa,0x9265,0x9aa6,0xab08,0x8a45,0x9245,0xab28,0xb349,0xa2e7,0xa2a6,0x9a86,0xab08,0x8a24,0x9265,0x9286,0x8a66,
  0x8245,0x9b29,0xcccf,0xdd71,0xdd71,0xe5d2,0xdd92,0xe5d3,0xddd2,0xe5d3,0xe5d3,0xedf4,0xe5f3,0xe613,0xe613,0xdd92,
  0xb44d,0x9349,0xbc6e,0xb40d,0xb42e,0xabed,0x82e9,0x40e1,0x38c1,0x59a4,0x4122,0x38e2,0x2880,0x2820,0x6205,0xb44e,
  0xcd10,0xdd51,0xd52f,0xe591,0xe591,0xedd2,0xe5d2,0xe5b2,0xb46c,0xb42c,0xbc4c,0xb44c,0xa3ca,0xbc6c,0xcd0f,0xd52f,
  0xb46c,0xac0b,0xc4ae,0xdd91,0xd571,0xd571,0xd592,0xddb3,0xddd3,0xd5d4,0x72c8,0x2880,0x2040,0x1800,0x51e5,0x9c2d,
  0xbd52,0xacd0,0x3123,0x0800,0x0820,0x28e3,0x39a5,0x62c9,0x732b,0x6288,0x8bad,0x4964,0x30a1,0x38a2,0x40c2,0x3061,
  0x2840,0x2041,0x51e7,0xde99,0xef3b,0xef3c,0xf79d,0xffdf,0xf7be,0xf79e,0xef5d,0xef5d,0xe73c,0xdedb,0xce58,0xc5f7,
  0xb574,0xa513,0x9470,0x9450,0x7bad,0x6b0b,0x5aa9,0x5a69,0x41e7,0x3965,0x20c3,0x3145,0x18a2,0x0000,0x1881,0x20a2,
  0x1040,0x1860,0x1040,0x1840,0x0800,0x1061,0x1861,0x1861,0x1881,0x1861,0x1061,0x1040,0x1020,0x1841,0x1020,0x1020,
  0x1020,0x1841,0x1820,0x1861,0x0800,0x2082,0x1020,0x2924,0x4a68,0x2985,0x29a5,0x52eb,0x4aea,0x4aca,0x428a,0x426a,
  0x2965,0x1082,0x1061,0x1861,0x0820,0x1841,0x1040,0x1841,0x1040,0x1041,0x0820,0x0820,0x0820,0x1041,0x0800,0x1861,
  0x2081,0x3902,0x30e1,0x28c2,0x1040,0x0820,0x0000,0x0000,0x0000,0x0000,0x0000,0x0841,0x0020,0x0821,0x0820,0x0800,
  0x2080,0x59c5,0x5184,0x4943,0x3902,0x2040,0x1000,0x2061,0x2881,0x2040,0x2020,0x28a1,0x28a1,0x30a1,0x30a1,0x30c1,
  0x2880,0x2880,0x28a0,0x30a1,0x30c1,0x2040,0x1800,0x30c1,0x52ea,0x5b2b,0x6b8c,0x6bac,0x634b,0x52c9,0x31a5,0x18e3,
  0x18e3,0x2103,0x31a6,0x5aea,0x5b2a,0x4a88,0x4247,0x4a47,0x4a27,0x0860,0x5247,0x8c2d,0x9c6e,0x83ab,0x62a8,0x41a5,
  0x49c6,0x3103,0x1861,0x49e5,0x6ae9,0x41a5,0x2080,0x3942,0x51c5,0x6246,0x6a67,0x832a,0x7ac8,0x9bcb,0xbcaf,0xbccf,
  0xbc8e,0xc4ef,0xb42d,0x9bab,0xa3cb,0x938a,0x8b28,0x7ac6,0xa40c,0xbcae,0xc4f0,0xbcd0,0xbcb0,0x5182,0x61e4,0x9369,
  0x8b28,0x7ac8,0x59e5,0x3922,0x49c5,0x2080,0x38e2,0x7ac8,0x934b,0xa38b,0xbc8f,0xd592,0xddf3,0xde14,0x938b,0xa3ec,
  0xbcaf,0xbc8f,0x82c8,0x8b29,0xc4f0,0xbcf0,0xbcaf,0xc531,0xe635,0xe635,0xf676,0xd5b3,0xb48e,0xd5b2,0xe5f3,0xbccf,
  0xc531,0xddf4,0xb4b0,0x28a0,0x28c1,0x2080,0x72c9,0xd5f5,0xde15,0xde14,0xee56,0xee76,0xd593,0xb42d,0xbc6e,0x9bab,
  0xac2d,0xcd51,0xe615,0xacb0,0x28c1,0x1840,0x28a2,0x20a1,0x28c2,0x2080,0x2860,0x30c2,0x2061,0x2060,0x2061,0x1820,
  0x30a1,0x2880,0x1800,0x2860,0x832a,0x93ac,0xa3ed,0xa40d,0x7287,0x936a,0xddb3,0xee55,0xe5f4,0xe614,0xee55,0xe634,
  0xee95,0xe654,0xee34,0xbc8e,0x9b49,0xa369,0xab6a,0xab8a,0x9ac7,0xab28,0xab28,0x9286,0x9a86,0xa2c7,0xab08,0xab28,
  0xaae7,0x9265,0xb329,0xa2e7,0x9aa7,0x8a45,0x8225,0x8245,0xa329,0xcccf,0xdd71,0xdd51,0xe5b2,0xddb2,0xe5d3,0xe5f3,
  0xee14,0xe5f3,0xedf3,0xe5f3,0xee14,0xee34,0xdd92,0xc4af,0x9329,0xabec,0xbc4e,0xb44e,0xac0d,0x932a,0x40e2,0x38a1,
  0x7287,0x5184,0x30a0,0x40e1,0x2000,0x59c4,0xbcb0,0xc4f0,0xcd10,0xd550,0xdd71,0xdd71,0xee13,0xedf3,0xe5b2,0xa3aa,
  0xb44d,0xb44c,0xb44c,0xb44c,0xb44c,0xd550,0xdd91,0xd54f,0xdd91,0xdd91,0xe5d2,0xd571,0xd571,0xddb2,0xddd3,0xddf4,
  0xddd4,0x7ae9,0x2020,0x2881,0x49a4,0x93eb,0xd5d2,0xcdd2,0xcdb3,0x51e6,0x1000,0x1000,0x3104,0x5a89,0x5a68,0x5a68,
  0x62a9,0x6288,0x836c,0x38e2,0x38c2,0x3060,0x3881,0x2820,0x3061,0x2881,0x7b2c,0xef1b,0xef3c,0xe71b,0xf79e,0xffde,
  0xffde,0xf79d,0xf77d,0xef3c,0xef1c,0xde99,0xce18,0xbdb6,0xb574,0xa4d2,0x9471,0x8bef,0x7b6d,0x62ca,0x6289,0x5228,
  0x41c7,0x2904,0x3965,0x20c3,0x1020,0x1881,0x28c2,0x1861,0x1860,0x1840,0x1861,0x1861,0x1861,0x1040,0x1861,0x1040,
  0x1861,0x1061,0x2082,0x1020,0x1020,0x1040,0x1841,0x1861,0x1841,0x1820,0x2041,0x1841,0x2081,0x0800,0x28c2,0x4a27,
  0x3985,0x2124,0x52ca,0x5b0b,0x4acb,0x4aca,0x4a8a,0x39e7,0x2124,0x1061,0x1882,0x1061,0x1040,0x1040,0x1841,0x1040,
  0x1861,0x1040,0x1020,0x0820,0x1041,0x0800,0x1861,0x28a1,0x28c1,0x3102,0x28c1,0x20a1,0x1020,0x0000,0x0000,0x0000,
  0x0000,0x0000,0x0800,0x0840,0x0800,0x0820,0x1041,0x0800,0x3903,0x59c5,0x59a4,0x5163,0x4143,0x1820,0x1841,0x2081,
  0x28a2,0x2040,0x2860,0x30a1,0x30a1,0x30a1,0x30c2,0x30e2,0x30a1,0x2040,0x30a1,0x2881,0x38e2,0x2040,0x2040,0x30c2,
  0x42a9,0x5b2b,0x6bac,0x6bcd,0x5b0a,0x5b0a,0x18c1,0x10a2,0x10a2,0x39e7,0x2964,0x4248,0x4268,0x4a68,0x4267,0x52a9,
  0x39a5,0x0840,0x41e5,0x8c2d,0x944d,0x83aa,0x5246,0x41a5,0x49c6,0x20a2,0x28e2,0x6b09,0x62a8,0x2080,0x2080,0x4184,
  0x51e5,0x6a87,0x6a87,0x8309,0x8329,0xb46e,0xb48e,0xbcaf,0xbcae,0xb46d,0x9baa,0x936a,0x9b8b,0x9b8a,0x8b48,0x9389,
  0xbcce,0xbccf,0xbcf0,0xc511,0xa40d,0x40e0,0x7286,0x9baa,0x8b28,0x6a25,0x30a0,0x3922,0x3102,0x1000,0x4984,0x7ac8,
  0x9b8b,0xabcc,0xc4ef,0xe614,0xddf3,0xcd92,0x8b6a,0x9bcc,0xbccf,0xa3ec,0x7286,0x8308,0xd572,0xbccf,0xac6e,0xd5b2,
  0xe634,0xe635,0xee55,0xcd72,0xa40c,0xddb3,0xddd2,0xbccf,0xbd10,0xde15,0x93cd,0x28a1,0x28a1,0x1860,0x836b,0xde35,
  0xd5d4,0xddf4,0xe635,0xee76,0xcd51,0xac0c,0xbcae,0xb44d,0xb46e,0xddd4,0xde35,0x7b4b,0x2081,0x20a1,0x20a1,0x28e2,
  0x28c2,0x2881,0x2880,0x2060,0x1840,0x2060,0x2080,0x28a1,0x2880,0x1800,0x2060,0x8309,0x93ac,0x936b,0x93ab,0x8b4a,
  0xa3ec,0xee35,0xe614,0xddf4,0xe655,0xe655,0xde13,0xe655,0xe634,0xee34,0xddb2,0x9b8a,0xa3aa,0xb3cb,0xa349,0x9ae7,
  0xab69,0xab29,0x9286,0x9265,0x9a86,0xa2e7,0xb348,0xab28,0x9aa6,0x9a86,0x9ac6,0x9ae7,0x9286,0x8a45,0x8245,0x9b49,
  0xd4ef,0xe592,0xd550,0xe5d3,0xe5f3,0xddb2,0xddd2,0xe5f3,0xddd3,0xe5d3,0xddd3,0xedf4,0xee14,0xee14,0xc4ae,0x9329,
  0xac0c,0xb42d,0x8b09,0x9b8b,0x9b8b,0x5164,0x2840,0x6a47,0x59a5,0x4123,0x30a0,0x2840,0x6a45,0xbcaf,0xc4f0,0xc4ef,
  0xcd50,0xdd71,0xdd91,0xddb2,0xdd91,0xee13,0xc4ef,0xa3ca,0xac2c,0xbcae,0xb46d,0xb44d,0xcd0f,0xdd91,0xdd90,0xe5f2,
  0xe5d2,0xe5d2,0xd570,0xee34,0xddd3,0xd592,0xd5b3,0xc531,0x72a8,0x2860,0x4163,0x832a,0xbd10,0xde33,0xd5f2,0xd613,
  0x93ec,0x2061,0x1841,0x3945,0x730b,0x730a,0x6ae9,0x5a68,0x5227,0x7b2b,0x4984,0x5184,0x38a1,0x3881,0x3860,0x3881,
  0x3081,0x30c3,0xa4d2,0xef3c,0xe71b,0xe73c,0xef7c,0xf7be,0xf79e,0xf79e,0xef5c,0xef1c,0xe6fb,0xde79,0xc5d6,0xbd95,
  0xad13,0x9cb1,0x8c2f,0x8bee,0x7b4c,0x62aa,0x5228,0x49e7,0x3965,0x28e3,0x28e3,0x1841,0x1000,0x20a2,0x1860,0x2081,
  0x2061,0x1861,0x1860,0x1020,0x1861,0x1040,0x0800,0x1861,0x1040,0x1861,0x1881,0x1041,0x1020,0x1841,0x1000,0x1861,
  0x1841,0x1821,0x1841,0x1841,0x1820,0x1820,0x4185,0x41a5,0x18a2,0x41c6,0x52a9,0x528a,0x4a8a,0x4249,0x39c7,0x3146,
  0x1882,0x1861,0x1061,0x1061,0x1020,0x1840,0x1040,0x1040,0x1020,0x1041,0x0820,0x1020,0x1020,0x1000,0x1860,0x30e2,
  0x30e1,0x3903,0x2080,0x1840,0x0000,0x0000,0x0000,0x0000,0x0000,0x0000,0x0000,0x0820,0x0000,0x1041,0x0000,0x1020,
  0x4143,0x61e5,0x5162,0x4943,0x30e2,0x1000,0x1860,0x20a2,0x28a1,0x2860,0x2060,0x30c1,0x2880,0x30c2,0x30c1,0x30e2,
  0x2880,0x2060,0x2880,0x30a1,0x30c1,0x2040,0x2040,0x38e2,0x4248,0x6bcd,0x636c,0x6b8c,0x6b6c,0x4207,0x18c2,0x18e3,
  0x0841,0x39c7,0x39e7,0x3a07,0x4227,0x4aa9,0x5289,0x52c9,0x2944,0x0820,0x41e5,0x8c2d,0x9c8e,0x8beb,0x5226,0x3964,
  0x49a6,0x2081,0x3144,0x62c8,0x41c4,0x1860,0x49c5,0x5226,0x72c9,0x72a8,0x8b6b,0x6a66,0xb46e,0xbccf,0xc510,0xbcaf,
  0xcd10,0x938a,0x938a,0x9b8a,0xa3ab,0x9369,0x9369,0xac4c,0xc530,0xc530,0xbcf0,0xcd52,0x9bac,0x38c0,0x8b4a,0x9bcb,
  0x82e7,0x59a3,0x4102,0x4164,0x2081,0x1840,0x5a26,0x82e9,0xb40d,0xbc4e,0xddb2,0xddf3,0xee75,0xac8e,0x93ab,0x9bcc,
  0xc4f0,0xac0d,0x7aa7,0x938a,0xd572,0xc531,0xc531,0xd5d3,0xee76,0xee75,0xee55,0xc531,0xac4d,0xddb3,0xd592,0xbcef,
  0xbccf,0xcd93,0x93ad,0x2880,0x30c2,0x2081,0xa46f,0xde35,0xde15,0xde35,0xee76,0xee56,0xc4f0,0x936a,0xb42c,0xb44d,
  0xac2d,0xddd4,0xcd93,0x41a4,0x28a1,0x1881,0x20c2,0x28e2,0x30e3,0x2060,0x28a1,0x1820,0x2881,0x2060,0x3902,0x30c1,
  0x1000,0x4143,0x8b4a,0x9c0d,0xac4e,0xa40c,0x9bab,0xbccf,0xee56,0xe615,0xe635,0xe655,0xe635,0xe635,0xee76,0xe654,
  0xe635,0xee55,0xcd10,0x9b89,0xbc0c,0xb3eb,0xa349,0x9b08,0xa2e8,0x9aa6,0xa308,0xa2c7,0xa2c7,0xab08,0xab08,0x9a86,
  0x9265,0x9265,0xab28,0x8225,0x8a45,0x9ac7,0x9b29,0xc4ae,0xe5b3,0xdd71,0xe5d3,0xe5f3,0xe613,0xe613,0xe614,0xe613,
  0xe5f3,0xe5d3,0xedf4,0xee14,0xedf4,0xc4ae,0x9b29,0xa38a,0xb42d,0xa3ab,0x9b8b,0xa3ec,0x6a27,0x3040,0x5163,0x51a4,
  0x40e2,0x3080,0x2840,0x7266,0xccf0,0xdd72,0xd571,0xd591,0xe5d3,0xe5d3,0xe5d3,0xddd2,0xee14,0xcd30,0xb48e,0xac4d,
  0xbc8e,0xac0c,0xb46e,0xd571,0xe5d3,0xe5f3,0xe5d2,0xddd2,0xe5f3,0xe613,0xee34,0xddf3,0xe635,0xe635,0xbcf0,0x72a8,
  0x3902,0x72c8,0xac8f,0xde14,0xee76,0xde14,0xd5f3,0xd5b3,0x51c5,0x28a1,0x72ca,0x730b,0x730a,0x62a8,0x7b6c,0x6288,
  0x72ea,0x8bcd,0x5185,0x4923,0x40c2,0x3860,0x40c2,0x40c2,0x38a2,0x4164,0xde78,0xef7c,0xef7c,0xef5c,0xf79e,0xf7bd,
  0xffbe,0xf77d,0xef3c,0xe6db,0xe6db,0xd638,0xbd95,0xad33,0xa4d2,0x944f,0x8bce,0x838d,0x72eb,0x5a28,0x49c7,0x3965,
  0x30e3,0x20a2,0x20a2,0x1881,0x2082,0x2082,0x20a2,0x1840,0x2061,0x1841,0x1861,0x1881,0x1020,0x1040,0x3144,0x3985,
  0x2082,0x1061,0x1861,0x1041,0x1882,0x1861,0x1841,0x1861,0x2082,0x1841,0x2081,0x1840,0x1000,0x3103,0x49a5,0x2060,
  0x20a2,0x3985,0x49e7,0x4a08,0x41c8,0x3187,0x3966,0x20c3,0x2062,0x1861,0x1861,0x1040,0x1860,0x1040,0x1840,0x1040,
  0x1841,0x1041,0x1041,0x0821,0x1841,0x1020,0x2061,0x28c1,0x4143,0x3102,0x2081,0x0800,0x0000,0x0000,0x0001,0x0000,
  0x0000,0x0000,0x0800,0x0800,0x1020,0x1062,0x0800,0x1840,0x51a5,0x61e5,0x5983,0x4922,0x30a1,0x1000,0x2082,0x1881,
  0x2061,0x2060,0x2860,0x30a1,0x30c2,0x30e1,0x38e2,0x28a0,0x2880,0x28c1,0x30c1,0x30e1,0x30c1,0x2020,0x2881,0x3902,
  0x3a47,0x73ee,0x4aa9,0x634b,0x73ed,0x31a5,0x18e2,0x2924,0x0881,0x39e7,0x4a69,0x4248,0x4247,0x5b2a,0x4247,0x5289,
  0x10a1,0x1060,0x4a47,0x9c8f,0x946d,0x83cb,0x49e4,0x3964,0x3944,0x1020,0x49e6,0x62a8,0x1880,0x3102,0x6268,0x51e5,
  0x6aa8,0x7b09,0x72c8,0x9bcc,0xbccf,0xc510,0xc4f0,0xc4ef,0xbcef,0x9baa,0x9389,0x934a,0x936a,0x82e8,0x9baa,0xbcef,
  0xc52f,0xc530,0xbd10,0xcd72,0x8309,0x4942,0xa3ec,0x9baa,0x6a64,0x51a3,0x38e2,0x3943,0x0800,0x3964,0x5a25,0x936b,
  0xac0d,0xc4af,0xee14,0xe634,0xe675,0xac8e,0x8b4a,0xb48f,0xb48e,0xac2d,0x82e8,0xb4af,0xb48e,0xbccf,0xcd71,0xe635,
  0xe634,0xf696,0xee96,0xd572,0xa42d,0xddd3,0xbcef,0xbcef,0xac8e,0xcd73,0xa44f,0x2881,0x28a1,0x3103,0xb532,0xe676,
  0xde34,0xde35,0xe655,0xee56,0xb48e,0x9baa,0xa3eb,0xac2d,0xbcef,0xee56,0x836b,0x2080,0x20c1,0x20a1,0x1860,0x28c2,
  0x2081,0x2060,0x1820,0x2060,0x20a1,0x28c1,0x2080,0x2040,0x30c1,0x8b6b,0xa44e,0x9bcc,0xa42d,0xa40c,0xcd31,0xf656,
  0xf676,0xe635,0xe675,0xe696,0xde14,0xee76,0xe655,0xde14,0xf696,0xe5f4,0x9b8a,0xabcb,0xb40c,0xbc0c,0x9b08,0x92a6,
  0x8a25,0xab08,0xab28,0xb349,0xb369,0xa2e7,0x9a86,0x9245,0x9286,0xa308,0x8a65,0x8a25,0x8aa6,0x92c7,0xc48e,0xe592,
  0xe5b2,0xe5d3,0xe5f3,0xe5f3,0xddf3,0xe634,0xe614,0xee34,0xddf3,0xe5f4,0xee34,0xe5b3,0xc48e,0x8aa7,0x9b29,0xbc2d,
  0x9b49,0x9b4a,0xa3cc,0x932a,0x1800,0x4942,0x4943,0x40e1,0x30a1,0x1800,0x6a67,0xcd11,0xcd0f,0xe5b2,0xddb2,0xe5f3,
  0xe5d2,0xe5f3,0xe5f3,0xee34,0xddf3,0xa3eb,0xac2d,0xa3cb,0xbcae,0x9bcb,0xc510,0xee35,0xe5f3,0xe613,0xe5f3,0xe613,
  0xe613,0xee54,0xee55,0xe614,0xe655,0xd5b3,0x8329,0x49a3,0x9c0c,0xde34,0xe675,0xde14,0xde35,0xe636,0xe658,0x93ce,
  0x2060,0x8bac,0xa4af,0x83ac,0x5a87,0x6aca,0x730b,0x6aca,0x838c,0x7b2a,0x6207,0x4903,0x38a1,0x3881,0x3880,0x40c2,
  0x3081,0x6aca,0xde99,0xf77c,0xef7c,0xf77d,0xf79d,0xff9e,0xf77d,0xef5c,0xe6fb,0xdeba,0xd658,0xcdf7,0xb534,0xa4d2,
  0x9470,0x8bee,0x7b6c,0x732b,0x6269,0x49e7,0x3944,0x30e3,0x1881,0x2082,0x2082,0x28c3,0x2081,0x20a2,0x20a2,0x1841,
  0x1820,0x1841,0x1020,0x20a2,0x1020,0x6aeb,0x9c71,0xa4b2,0x7b6d,0x28e3,0x1061,0x1041,0x1861,0x1861,0x1861,0x2082,
  0x1861,0x1881,0x1040,0x1020,0x2081,0x4185,0x28a1,0x2040,0x2081,0x28c2,0x28e3,0x3125,0x20c4,0x28e4,0x20a3,0x2062,
  0x1841,0x2061,0x1020,0x1861,0x1060,0x1860,0x1040,0x1040,0x1060,0x1861,0x1041,0x1041,0x1020,0x2060,0x28a1,0x3903,
  0x3923,0x2080,0x1000,0x0800,0x0000,0x0000,0x0000,0x0001,0x0000,0x0000,0x0000,0x0800,0x1020,0x1061,0x0000,0x28e3,
  0x5a06,0x5983,0x5142,0x4942,0x1820,0x1020,0x18a2,0x2082,0x1000,0x2060,0x2881,0x30a1,0x30c1,0x30c1,0x30e1,0x2880,
  0x2080,0x3902,0x28a0,0x3102,0x2080,0x1800,0x30a1,0x4123,0x3a88,0x5b2b,0x4aa9,0x5b2b,0x6b6c,0x2123,0x2944,0x18e2,
  0x18c2,0x4248,0x632c,0x3a27,0x4aa9,0x5b2a,0x4268,0x52a9,0x10a1,0x18c1,0x6b0a,0x9c8f,0x944e,0x6b09,0x41c5,0x3985,
  0x3104,0x20c2,0x6aea,0x5227,0x1880,0x49c5,0x51e5,0x5a47,0x6a87,0x7b09,0x8b6a,0xbcd0,0xc510,0xc4f0,0xc510,0xc4ef,
  0xb48e,0xa40c,0xa3eb,0x8b29,0x9bab,0x7aa6,0xb48e,0xc530,0xc550,0xbd30,0xcd72,0xcd52,0x6226,0x59c4,0xac4e,0x8b29,
  0x7266,0x5183,0x3923,0x30e2,0x1020,0x6287,0x7ae9,0x9bcc,0xb42d,0xbcae,0xee35,0xe634,0xee55,0xac6e,0x8b6a,0xc4f0,
  0xb46e,0x936a,0x8b49,0xc4f0,0xbcaf,0xb48e,0xcd72,0xe675,0xe655,0xee96,0xfef8,0xd592,0xa40c,0xddd3,0xc4ef,0xbccf,
  0xc510,0xb4b0,0xbd12,0x2880,0x1841,0x49c5,0xd5f5,0xde35,0xe655,0xde34,0xee76,0xe655,0xbcaf,0xac0c,0xbc8e,0x9beb,
  0xd593,0xde35,0x51e5,0x28a1,0x30e2,0x28e2,0x28a2,0x2081,0x2881,0x1840,0x2040,0x2081,0x28a2,0x28a1,0x1000,0x28c2,
  0x8b8c,0x9c0d,0x8b4a,0x9bcc,0x93ab,0xe635,0xf697,0xe614,0xee55,0xee96,0xe676,0xe675,0xee96,0xe655,0xe655,0xf6b6,
  0xee35,0xb46d,0x9b4a,0xc48e,0xb3cb,0xa349,0x8245,0x92a6,0xb349,0xa2e8,0xbb6a,0xab29,0xab08,0xa2e7,0x9aa7,0xa2e7,
  0xab49,0x8224,0x8225,0x92e7,0x9b08,0xccae,0xedd3,0xdd92,0xee14,0xe613,0xe5d3,0xe634,0xee55,0xddf3,0xee34,0xe613,
  0xee14,0xee14,0xe5b2,0xccef,0xabaa,0xa369,0xd4cf,0xa36a,0x9b6b,0xac0d,0x934b,0x2000,0x4963,0x51a5,0x38c1,0x30a1,
  0x2860,0x6a46,0xcd11,0xcd10,0xd550,0xddb2,0xe5f3,0xddb2,0xe5f3,0xe614,0xee35,0xe614,0xb48e,0x938a,0xb46e,0xbccf,
  0xb46e,0xd571,0xe614,0xe614,0xe634,0xddf3,0xee34,0xee54,0xee54,0xe654,0xe614,0xee96,0xddf4,0x93ec,0x8b6a,0xa46e,
  0xeeb6,0xde34,0xee75,0xee76,0xe636,0xe657,0xcd94,0x5a06,0x6267,0xd615,0xa48f,0x7309,0x83ac,0x838d,0x732b,0x730b,
  0x836c,0x6a68,0x59e6,0x5184,0x40c2,0x40a1,0x40c2,0x40e2,0x30a2,0xa470,0xeedb,0xf77d,0xf79d,0xef7c,0xf79d,0xf77d,
  0xf77d,0xef3c,0xe6fb,0xd699,0xce38,0xbd96,0xad13,0x9cb1,0x9450,0x83cd,0x7b4c,0x72eb,0x6248,0x4185,0x3103,0x28c2,
  0x28a2,0x20a2,0x28a2,0x20a2,0x28a2,0x2081,0x2081,0x2081,0x2061,0x1840,0x2061,0x1840,0x28c2,0x8c2f,0xad13,0xa4d2,
  0x9450,0x41c6,0x20a2,0x1041,0x1861,0x1841,0x2082,0x2061,0x1861,0x1881,0x1020,0x1841,0x4185,0x30e2,0x2061,0x2061,
  0x30c2,0x2061,0x2082,0x20a2,0x20a3,0x1861,0x1842,0x2061,0x2082,0x2061,0x2061,0x1860,0x1860,0x1040,0x1860,0x1040,
  0x1881,0x1861,0x1861,0x1020,0x1840,0x2081,0x3902,0x4164,0x3923,0x1000,0x0800,0x0800,0x0000,0x0000,0x0001,0x0000,
  0x0000,0x0000,0x0820,0x0800,0x0820,0x0800,0x1000,0x4943,0x7247,0x5163,0x5184,0x4123,0x1820,0x1020,0x28c3,0x20a1,
  0x1840,0x2080,0x30c2,0x2881,0x30c1,0x28a1,0x30e2,0x28a1,0x30c1,0x30c1,0x30c1,0x38e2,0x2081,0x1000,0x38e2,0x4123,
  0x3247,0x5b6c,0x63ac,0x73ce,0x52a9,0x10a2,0x2985,0x2964,0x18e2,0x31c6,0x4aa9,0x29a5,0x52c9,0x632b,0x4a88,0x5b2b,
  0x10a1,0x2102,0x736b,0x9cb0,0x8c2e,0x5aa8,0x3163,0x39c5,0x18a1,0x3965,0x5268,0x20c2,0x28e2,0x6247,0x5a05,0x6226,
  0x7b29,0x93cc,0xa44d,0xb4cf,0xbcef,0xbcf0,0xc530,0xc510,0xac2c,0xa3ec,0x9baa,0x9baa,0x938a,0x8308,0xb4ae,0xc510,
  0xbd0f,0xcd71,0xc571,0xb4cf,0x30c0,0x7287,0xac4e,0x7ac7,0x6205,0x5184,0x49c5,0x2061,0x3902,0x6246,0x72a6,0xa40c,
  0xb48e,0xddd3,0xe614,0xe655,0xddd4,0x9bcc,0x938a,0xc511,0xc510,0x8b49,0x8308,0xcd31,0xc530,0xc4f0,0xcdb2,0xe675,
  0xe675,0xee96,0xf6d7,0xd5b2,0xa42c,0xddb3,0xc510,0xc4f0,0xcd72,0xa42d,0xbd31,0x2080,0x1840,0x836b,0xde35,0xde15,
  0xe655,0xe655,0xe675,0xe635,0xb4ae,0x9bca,0xbcae,0x9c0c,0xcd93,0xac90,0x28c1,0x2081,0x28c1,0x3903,0x28a1,0x30e2,
  0x28a1,0x2040,0x2060,0x2060,0x1820,0x1820,0x30c1,0x7b0a,0xa46f,0x8309,0x8349,0xbcd0,0xe635,0xee56,0xde34,0xe656,
  0xe655,0xee76,0xde55,0xde55,0xe675,0xe655,0xde34,0xee76,0xcd51,0x9b8b,0x9baa,0xabeb,0xa349,0xa329,0x9b07,0xab49,
  0xab28,0xb349,0xb369,0xbb8a,0x9ac7,0x9ac7,0x9ae7,0x9ae7,0x8245,0x8265,0x8aa6,0x9308,0xcccf,0xdd71,0xd571,0xddd3,
  0xe5f4,0xe5f4,0xddf3,0xe634,0xde14,0xe634,0xde13,0xe613,0xe613,0xedf3,0xc4ae,0x9b49,0xb40b,0xd4ce,0xabaa,0xabcb,
  0xb44e,0x9bad,0x30c1,0x30e2,0x49a5,0x4144,0x1840,0x2020,0x6a46,0xc4cf,0xcd30,0xcd50,0xcd70,0xe5f3,0xd5b2,0xe614,
  0xe634,0xee34,0xe634,0xc4f0,0x8b49,0xa3eb,0xc50f,0xac2c,0xc50f,0xddf2,0xe613,0xee34,0xe613,0xe614,0xe613,0xe634,
  0xe634,0xee55,0xe675,0xee75,0xcd92,0xb4af,0xbd30,0xeeb6,0xe635,0xe655,0xde34,0xe635,0xddf4,0xd5f4,0x72c8,0x6a87,
  0xcd93,0xde56,0x9c6f,0x838c,0x7b8c,0x734b,0x734b,0x8bed,0x836c,0x72c9,0x6206,0x5164,0x3860,0x48c2,0x3881,0x40e3,
  0x2861,0xbd34,0xef1b,0xf77d,0xef5c,0xf75d,0xef5c,0xef5c,0xef3c,0xe71b,0xd699,0xce58,0xc5f7,0xb575,0xa4d2,0x9c71,
  0x8c0f,0x838d,0x6b0a,0x62a9,0x49e6,0x3103,0x2081,0x2081,0x2081,0x2881,0x2081,0x2081,0x2081,0x28a1,0x2081,0x2061,
  0x1840,0x1840,0x1820,0x2061,0x28c2,0x9c50,0xa4d2,0xa4d2,0x9490,0x3965,0x1060,0x1841,0x1861,0x1861,0x2061,0x2082,
  0x1881,0x1061,0x1041,0x2904,0x28e3,0x1820,0x1840,0x2061,0x2882,0x2882,0x2081,0x28a2,0x1840,0x3124,0x28e3,0x2061,
  0x2061,0x2061,0x1860,0x1861,0x1040,0x1840,0x1060,0x1860,0x1881,0x1881,0x0840,0x0820,0x1040,0x30c2,0x3903,0x3943,
  0x2081,0x1000,0x0000,0x0820,0x0000,0x0000,0x0000,0x0000,0x0000,0x0000,0x0020,0x0041,0x0021,0x0800,0x2020,0x69c4,
  0x69c4,0x59a4,0x51a5,0x3903,0x1000,0x2040,0x28c1,0x28a1,0x1860,0x20a1,0x20a0,0x2881,0x3081,0x38c2,0x28a1,0x28e1,
  0x28c1,0x3081,0x30a1,0x38e2,0x2060,0x1840,0x3902,0x4923,0x3a68,0x534b,0x7c2f,0x740e,0x4228,0x1903,0x3a07,0x2144,
  0x2964,0x31c5,0x4aa9,0x31e6,0x5b0a,0x52a9,0x4a89,0x52ea,0x18e2,0x18e1,0x7bcd,0x948f,0x8c2e,0x5267,0x39a5,0x39a4,
  0x20e2,0x3164,0x41e6,0x20a1,0x5a27,0x51c5,0x6aa8,0x72e8,0x832a,0x8b8a,0xb4cf,0xc531,0xc510,0xc531,0xc510,0xbcef,
  0xac4d,0x9bcb,0x9bcb,0x938a,0x8b08,0xac2c,0xc4ef,0xc510,0xcd72,0xcd92,0xd5d3,0xb4cf,0x5183,0x8309,0xac4e,0x7286,
  0x5183,0x4963,0x51e6,0x2040,0x5a06,0x7ac8,0x8308,0xac4d,0xd571,0xe614,0xe615,0xee76,0xddf4,0xb48f,0xb46e,0xbcf0,
  0xcd10,0x9baa,0x938a,0xbcaf,0xbcaf,0xac6e,0xd5d3,0xe675,0xeeb7,0xeeb6,0xf6d7,0xd5d3,0xbccf,0xd571,0xd531,0xc4ef,
  0xc511,0xbcf0,0xc553,0x2080,0x49c5,0xbd52,0xde15,0xe656,0xee96,0xe655,0xee76,0xde34,0xbcef,0xac4d,0xb48e,0x9c0c,
  0xcd94,0x6288,0x1840,0x20a1,0x3923,0x2881,0x30c2,0x28a1,0x2881,0x2060,0x28a1,0x1820,0x1820,0x38e2,0x7aea,0xb4b0,
  0x8b6b,0x9bec,0xd592,0xe614,0xee76,0xee76,0xee76,0xee96,0xee76,0xe655,0xee96,0xe675,0xe655,0xe655,0xf6b7,0xddf4,
  0xb48e,0xa3ec,0xa38b,0x9308,0xb3cb,0xab69,0xbbeb,0xa328,0xb38a,0xb369,0xb349,0xa2e7,0xab49,0xa328,0x9ae8,0x8245,
  0x8a86,0x9b08,0x9b28,0xccef,0xedf3,0xe5d3,0xe5f3,0xe614,0xee35,0xee34,0xee55,0xe654,0xee55,0xe634,0xe634,0xe613,
  0xe5d3,0xd551,0x82a6,0xa3aa,0xbc0c,0xabcb,0xa38a,0xbc8e,0xcd11,0x4123,0x2881,0x4164,0x28a1,0x2061,0x2020,0x6a66,
  0xc4f0,0xcd50,0xddb2,0xd591,0xee34,0xe634,0xee34,0xe613,0xee35,0xf676,0xcd51,0xa3ec,0xac2d,0xcd30,0xb48e,0xc50f,
  0xe5f3,0xee34,0xee34,0xee54,0xee54,0xe634,0xee55,0xee75,0xee75,0xee75,0xee96,0xe655,0xe635,0xe655,0xe675,0xde34,
  0xee76,0xe655,0xe634,0xe655,0xf697,0x93ab,0x5a25,0xbd31,0xe677,0xcdd4,0xa46f,0x942e,0x6aea,0x734b,0x942f,0x83ad,
  0x9c2f,0x7b0b,0x6a48,0x5184,0x40a1,0x3860,0x3881,0x40e3,0x30a2,0xbd55,0xef1c,0xf77d,0xf79e,0xef5c,0xf73c,0xef1c,
  0xef1c,0xdeba,0xd659,0xc5f7,0xc5b6,0xad13,0x9c71,0x942f,0x940f,0x7b4c,0x6289,0x49c6,0x3944,0x2081,0x2081,0x2061,
  0x2881,0x2060,0x2081,0x2081,0x2881,0x2081,0x2881,0x2061,0x2061,0x2061,0x2081,0x1840,0x1861,0x5a68,0xa4d2,0x9cb1,
  0x4a27,0x20a2,0x1040,0x1861,0x2082,0x1861,0x20a2,0x2081,0x28e3,0x0800,0x28e3,0x28e3,0x1000,0x1841,0x2041,0x2041,
  0x2061,0x1840,0x28a2,0x1840,0x1820,0x49e7,0x3945,0x1820,0x2881,0x2040,0x2061,0x1860,0x2061,0x1860,0x2081,0x1860,
  0x20c2,0x18a1,0x1040,0x0820,0x1860,0x3103,0x4985,0x2081,0x1000,0x1020,0x0800,0x0000,0x1061,0x0000,0x0000,0x0000,
  0x0000,0x0000,0x0020,0x0001,0x0862,0x0800,0x38a0,0x7225,0x69c4,0x5984,0x5185,0x28c2,0x1000,0x2081,0x28a1,0x28c1,
  0x2080,0x28a1,0x28c1,0x28a1,0x38a2,0x30a1,0x28a1,0x20a1,0x30c2,0x3081,0x38a2,0x38e1,0x2041,0x2080,0x4123,0x4923,
  0x3aa8,0x4b0a,0x7c4f,0x73ee,0x2144,0x2964,0x5aea,0x2123,0x2164,0x2164,0x4247,0x3a27,0x5b2b,0x4227,0x4a89,0x4a69,
  0x0880,0x2102,0x7bcc,0x946f,0x7bcc,0x4a26,0x4a26,0x39a5,0x18e1,0x41c6,0x2923,0x28e2,0x5a67,0x5a46,0x6aa8,0x93ed,
  0x8b8a,0x9bec,0xbd31,0xbd10,0xbd10,0xcd51,0xc510,0xbccf,0xa3eb,0x9bcb,0x938a,0x938a,0x8b28,0xc510,0xbd0f,0xc530,
  0xcd91,0xcdb2,0xcdb2,0x93cb,0x51c3,0x9bec,0x93cb,0x6205,0x4121,0x51a4,0x30e2,0x30a1,0x72c8,0x7ac8,0x9beb,0xb48e,
  0xd591,0xddf3,0xe634,0xe635,0xcd92,0x9c0c,0xcd52,0xbcaf,0xb46d,0xac4d,0xac2c,0xc4f0,0xac4d,0xc531,0xde34,0xe675,
  0xeeb6,0xeed7,0xee96,0xd5d3,0xbccf,0xc510,0xbccf,0xcd31,0xac6e,0xd593,0xbd32,0x2060,0x5226,0xeeb8,0xd5f4,0xe676,
  0xe676,0xe655,0xe655,0xde34,0xb4ce,0xb46d,0xa40c,0xb48f,0xb511,0x30e2,0x1000,0x28c2,0x3943,0x30e2,0x2080,0x28a1,
  0x2060,0x2880,0x1840,0x1000,0x30a1,0x7b0a,0x93cd,0x93cc,0xa46e,0xe615,0xe655,0xe655,0xe675,0xee76,0xe676,0xeeb7,
  0xe676,0xe676,0xe696,0xe655,0xe655,0xe635,0xde34,0xee35,0xa42c,0xb44d,0xabeb,0xabcb,0xb3eb,0xbbec,0xab69,0xbbca,
  0xb3a9,0xab49,0xa2e7,0xab49,0xb389,0x9ae7,0x7a04,0x8a45,0x9b28,0x9b28,0xc4ae,0xe5d3,0xe5d2,0xee34,0xee14,0xee34,
  0xe634,0xee55,0xee34,0xee55,0xee55,0xee55,0xee34,0xee14,0xcd0f,0x8b08,0x9328,0xbc6d,0xa3cb,0xa3cb,0xbc6e,0xcd31,
  0x5184,0x2881,0x4984,0x38e2,0x2060,0x2040,0x6a67,0xbcd0,0xc530,0xddb2,0xd5b1,0xddd2,0xddf2,0xee75,0xf696,0xe5f4,
  0xe634,0xe614,0xac2d,0x9bab,0xc4ef,0xac6d,0xbccf,0xee54,0xe613,0xee34,0xe633,0xee54,0xe654,0xee54,0xee54,0xee75,
  0xee75,0xee75,0xe675,0xee75,0xe675,0xee96,0xe675,0xe655,0xde34,0xe655,0xe675,0xe655,0xb4cf,0x6a86,0xac8f,0xee77,
  0xde55,0xcdd4,0x8bec,0x940e,0x7b8c,0x944f,0x944f,0x836c,0xa470,0x7aea,0x6a27,0x5985,0x40a1,0x3860,0x3881,0x4103,
  0x2861,0xc575,0xe6fb,0xf77d,0xf77d,0xf75c,0xef1b,0xeefb,0xe6da,0xde79,0xcdf7,0xc5b6,0xb555,0xacd3,0x9c50,0x9c0f,
  0x8bad,0x72ca,0x51c6,0x4165,0x30e3,0x2881,0x2061,0x2881,0x2060,0x2040,0x1840,0x2061,0x2060,0x2061,0x2061,0x2061,
  0x1840,0x2040,0x1840,0x1840,0x1020,0x2081,0x3123,0x3944,0x1860,0x1881,0x1040,0x20a2,0x1861,0x1861,0x1881,0x2082,
  0x1061,0x1882,0x20a2,0x1861,0x1000,0x2061,0x2061,0x2041,0x1820,0x1820,0x2061,0x20a2,0x1020,0x2081,0x2081,0x2060,
  0x1860,0x2060,0x1840,0x2061,0x2060,0x2061,0x1860,0x2081,0x20a1,0x1881,0x0820,0x1040,0x18a1,0x3924,0x28e2,0x1020,
  0x0800,0x1020,0x0000,0x0820,0x18c2,0x18a2,0x0020,0x0000,0x0000,0x0000,0x0000,0x0001,0x0021,0x0800,0x4121,0x7a46,
  0x59a3,0x61c5,0x4985,0x2881,0x1000,0x28c2,0x2060,0x28a1,0x1860,0x28a1,0x28c1,0x30a2,0x30a1,0x30a1,0x2080,0x28a1,
  0x28c1,0x38c2,0x38c2,0x38e2,0x1000,0x28a1,0x4122,0x4123,0x530b,0x42c9,0x8470,0x6b8d,0x1903,0x31a5,0x5aeb,0x10c2,
  0x31a5,0x2143,0x4227,0x4247,0x5b2b,0x2164,0x5aeb,0x3a07,0x0880,0x2943,0x83ed,0x948f,0x7bac,0x41e5,0x5267,0x2923,
  0x2103,0x3164,0x1881,0x3123,0x51e6,0x6287,0x8b8b,0x7b4a,0x9c0d,0xbd11,0xc552,0xbcf0,0xc510,0xbd10,0xcd31,0xb4af,
  0x9bcc,0x9bcb,0x936a,0x9389,0xac4d,0xc510,0xc531,0xc551,0xcd92,0xcdd3,0xcdb3,0x5a04,0x4983,0xa42d,0x8b6a,0x59c4,
  0x5183,0x5a05,0x28a1,0x4164,0x8309,0x7ae8,0xa42c,0xcd71,0xddf3,0xddf3,0xe635,0xe635,0xc531,0x72a7,0xc4f0,0xd592,
  0xac4d,0x9baa,0xc4cf,0xcd31,0xa40c,0xcd51,0xee96,0xde35,0xe696,0xe696,0xee96,0xd5b2,0xbcf0,0xc531,0xbc8e,0xd551,
  0xbcaf,0xd5f4,0xbd12,0x1000,0x5206,0xe697,0xde15,0xe676,0xee97,0xe655,0xee76,0xde34,0xb4cf,0x9c0c,0x9bec,0xacb0,
  0x93cd,0x1000,0x3103,0x30e2,0x30e2,0x28a1,0x30a1,0x30a1,0x3902,0x1840,0x1800,0x4143,0x72c9,0x93ac,0x834a,0xc511,
  0xddf4,0xde14,0xde14,0xe655,0xee96,0xee96,0xee97,0xee96,0xe676,0xe675,0xeeb6,0xe634,0xe655,0xe655,0xe614,0xcd31,
  0xac2d,0xbc8e,0xc48e,0xabaa,0xabaa,0xb3ca,0xbbcb,0xb38a,0xa308,0xab69,0xab69,0xb3aa,0xab49,0x8a86,0x8265,0x92e7,
  0x9b28,0xc48d,0xe5b2,0xe5d2,0xddd2,0xe613,0xf655,0xee34,0xee55,0xee34,0xee34,0xe613,0xee34,0xf655,0xee34,0xc4cf,
  0x9329,0xac0c,0xc4cf,0xa3cb,0xa3cb,0xbcaf,0xcd52,0x6a67,0x3080,0x4984,0x4122,0x2020,0x30c1,0x72c8,0xb4b0,0xc531,
  0xc530,0xddb2,0xddb2,0xddd2,0xe5f3,0xee54,0xf675,0xee55,0xee55,0xac6d,0xac2d,0xcd31,0xac2c,0xa42c,0xe5f3,0xee34,
  0xee34,0xe633,0xee55,0xee54,0xee55,0xe654,0xee55,0xee55,0xee75,0xe654,0xee55,0xee96,0xf6b6,0xe655,0xe655,0xe675,
  0xe655,0xde14,0xee96,0xcd92,0xa42d,0xc551,0xee76,0xe676,0xde36,0xc593,0x8bcd,0x8bcd,0xa490,0x8bee,0x9c2f,0xb4f2,
  0xacb1,0x6a48,0x7248,0x5985,0x48a2,0x40a1,0x40c2,0x40e3,0x3081,0xbd54,0xeefb,0xef5c,0xf77d,0xef3c,0xf71c,0xe6da,
  0xe69a,0xd638,0xcdf7,0xc596,0xc575,0xacb2,0xa471,0x9c30,0x834c,0x5a07,0x4965,0x4144,0x3904,0x28a1,0x2881,0x2061,
  0x2061,0x2040,0x2041,0x2040,0x2861,0x2061,0x2861,0x2061,0x2061,0x1840,0x2081,0x2081,0x2081,0x1840,0x1820,0x1840,
  0x2061,0x2081,0x2081,0x1881,0x1881,0x1861,0x20a2,0x1881,0x1861,0x2903,0x1861,0x1000,0x2082,0x1820,0x2061,0x2041,
  0x2882,0x2081,0x2061,0x2061,0x2081,0x1840,0x1840,0x2060,0x2081,0x1840,0x2061,0x2061,0x2861,0x2061,0x2881,0x2081,
  0x20a2,0x1860,0x1020,0x1881,0x2903,0x20e2,0x1020,0x0800,0x1020,0x0800,0x0800,0x0000,0x3165,0x39e7,0x18c3,0x0000,
  0x0820,0x0000,0x0000,0x0021,0x0000,0x1840,0x61c5,0x69c4,0x61a3,0x59a4,0x4964,0x1820,0x2061,0x28c2,0x28a1,0x28a1,
  0x30e2,0x28a1,0x28c2,0x30a1,0x38c2,0x2881,0x28a1,0x28a1,0x30c1,0x3080,0x40c2,0x38c1,0x1800,0x28a1,0x4944,0x4103,
  0x532b,0x4ac9,0x6bee,0x4aa9,0x10a1,0x4228,0x5aea,0x10a1,0x29c5,0x2984,0x3a27,0x52c9,0x5b2b,0x2984,0x5b4b,0x29a5,
  0x0040,0x31a4,0x7bcd,0x9c8f,0x6b2a,0x41e6,0x4a47,0x2102,0x3184,0x20e2,0x1880,0x49e6,0x5226,0x7b2a,0x836a,0x8b8b,
  0xacaf,0xbd11,0xb4cf,0xc572,0xc551,0xc510,0xbcef,0xa42d,0x93ab,0xa40c,0x93aa,0x938a,0xbcef,0xc510,0xc530,0xcd72,
  0xcd92,0xd5f3,0xc592,0x4983,0x5a05,0x8bab,0x6266,0x51c4,0x3901,0x4123,0x1820,0x5a26,0x6a66,0x9bec,0xb48e,0xcd71,
  0xde14,0xe635,0xde14,0xe656,0xac6e,0x8b4a,0x9bec,0xcd31,0xac6d,0x9baa,0xcd51,0xbcaf,0xa42c,0xddd3,0xe675,0xe675,
  0xe675,0xee96,0xe675,0xcd72,0xb4ae,0xcd31,0xac4d,0xcd31,0xc511,0xddf5,0xacb0,0x1000,0x7309,0xde56,0xde35,0xe676,
  0xee96,0xee96,0xe675,0xde55,0xb4ef,0xa40d,0x9bec,0x9c0d,0x49a5,0x1000,0x28e2,0x20a1,0x2080,0x3903,0x30a1,0x38e2,
  0x1840,0x1820,0x4163,0x836b,0x832a,0xa42e,0xc552,0xde15,0xe655,0xe655,0xde34,0xee76,0xeeb6,0xeeb6,0xe676,0xe676,
  0xe676,0xe676,0xe675,0xe655,0xe634,0xee76,0xe634,0x8b49,0xac2c,0xd510,0xb44c,0xabcb,0xbc0c,0xc42c,0xabaa,0xa308,
  0xab89,0xb3aa,0xb3aa,0x9ae7,0x9b08,0x9b08,0x9b28,0xa369,0xabcb,0xe5d3,0xe5d2,0xd591,0xee54,0xee34,0xddf3,0xee55,
  0xe634,0xee35,0xee34,0xee34,0xee14,0xf655,0xbc6d,0x8b08,0xac2c,0xc4ef,0xac0c,0xac0c,0xc531,0xd5b4,0x72c9,0x38c1,
  0x4984,0x30c0,0x1800,0x4102,0x7ae9,0xc551,0xcd92,0xcd50,0xd591,0xe5f3,0xddf2,0xe5f3,0xe613,0xee55,0xee54,0xf675,
  0xbccf,0x9bcb,0xb48e,0xcd31,0xbcae,0xddd3,0xee54,0xe613,0xee54,0xee75,0xe634,0xee54,0xee54,0xee75,0xe654,0xee55,
  0xe654,0xee75,0xee75,0xee75,0xe655,0xee76,0xe655,0xe655,0xde34,0xee96,0xde34,0xa44d,0xac8e,0xe635,0xde14,0xe676,
  0xde35,0xc552,0x9c4e,0x7b6b,0x83ac,0xa4b1,0xb512,0xcd95,0x9c2f,0x72a9,0x7268,0x61a5,0x4081,0x4060,0x3881,0x40c2,
  0x3081,0xbd13,0xeeda,0xf75c,0xef1b,0xeefb,0xe6ba,0xe69a,0xde59,0xd618,0xc596,0xc555,0xbd34,0xb4b2,0xa430,0x93ce,
  0x7289,0x5165,0x3903,0x3903,0x30c2,0x2861,0x2040,0x2040,0x1820,0x2040,0x1820,0x2040,0x2040,0x2861,0x2060,0x2061,
  0x2040,0x2040,0x1840,0x1840,0x1820,0x2061,0x2040,0x2061,0x1840,0x2081,0x1860,0x1840,0x1040,0x1881,0x1081,0x1881,
  0x20a2,0x2081,0x1040,0x1841,0x1841,0x2041,0x1840,0x2061,0x2041,0x2861,0x2040,0x2040,0x1840,0x2061,0x1840,0x2060,
  0x2061,0x2061,0x2040,0x2861,0x2861,0x2881,0x2881,0x2882,0x2061,0x1861,0x1060,0x18c2,0x20e2,0x1061,0x0000,0x0800,
  0x0000,0x0820,0x0020,0x0000,0x3186,0x5aaa,0x2944,0x0000,0x0000,0x0000,0x0000,0x0841,0x0000,0x3902,0x7266,0x69e4,
  0x61c4,0x59a5,0x3903,0x1820,0x2081,0x28a1,0x2880,0x2880,0x28c1,0x28a1,0x28a1,0x30c1,0x30a1,0x30a1,0x2080,0x28c1,
  0x28a1,0x3081,0x38e2,0x30c1,0x1000,0x28a1,0x4143,0x38a1,0x532b,0x534b,0x6bce,0x29a5,0x1081,0x5aea,0x632b,0x0881,
  0x31c6,0x2984,0x4248,0x5b2b,0x634c,0x3a06,0x6b6c,0x2164,0x0840,0x2964,0x840e,0x8c6f,0x5a88,0x5267,0x5267,0x18e2,
  0x39a5,0x0840,0x2903,0x4a06,0x6ac9,0x8bcd,0x7309,0x9c2d,0xc552,0xbd31,0xbd31,0xbd10,0xc531,0xc551,0xbd10,0xa42d,
  0xac4d,0x938a,0x8b6a,0x8b8a,0xc530,0xc530,0xcd71,0xcd72,0xd5b3,0xcdd3,0xd5d3,0x4183,0x72e8,0x93cc,0x7ae9,0x4983,
  0x51c4,0x3902,0x2040,0x8329,0xac6f,0x9bec,0xc510,0xddf3,0xee55,0xddf4,0xe655,0xddf4,0xb48f,0xbcf0,0xac4d,0xc510,
  0xc510,0xac4d,0xcd51,0xac4d,0xbcd0,0xe655,0xe675,0xe696,0xeeb7,0xeed7,0xee96,0xcd71,0xbcaf,0xbcaf,0xbc8f,0xbccf,
  0xd593,0xe636,0x8b8c,0x2080,0xa46f,0xde56,0xe656,0xe676,0xf6b7,0xee96,0xee96,0xde35,0xbd31,0xa44e,0xa44e,0x7b0a,
  0x2081,0x2081,0x28a2,0x28c2,0x30e2,0x3902,0x3902,0x2040,0x1800,0x30e2,0x7b2b,0x7b09,0xa42e,0xe656,0xee77,0xe656,
  0xee76,0xee96,0xe676,0xe675,0xee96,0xe696,0xee96,0xe676,0xee97,0xe676,0xee75,0xee95,0xee75,0xee55,0xcd71,0x9369,
  0xbc8e,0xb42c,0x9b69,0xb3eb,0xbc2c,0xb3cb,0xa308,0xa369,0xb3ab,0xb38a,0xa349,0xab8a,0xa349,0xabaa,0x9b69,0xa3ca,
  0xedf3,0xe5d3,0xe5f3,0xe613,0xee55,0xe654,0xe654,0xe654,0xee34,0xe614,0xf655,0xee34,0xedf4,0xd551,0x9b8a,0xb40c,
  0xccf0,0x9bcb,0xac4e,0xd5b3,0xcd73,0x7b2b,0x2881,0x49a4,0x30c1,0x2040,0x4942,0x938b,0xd572,0xd592,0xddf3,0xddf3,
  0xddd2,0xe613,0xee54,0xe613,0xee34,0xee55,0xee75,0xc530,0xa40c,0xb4ae,0xbccf,0xb4ae,0xee75,0xee75,0xee34,0xee54,
  0xee55,0xee54,0xee55,0xe654,0xee75,0xee75,0xee75,0xe654,0xee75,0xee75,0xf696,0xe655,0xee55,0xee75,0xee76,0xde34,
  0xe635,0xe635,0xcd92,0xac6d,0xddf4,0xde14,0xee76,0xe655,0xe696,0xacd0,0x8bac,0x8bed,0xacf1,0xc594,0xbd33,0xcdb5,
  0xac90,0x7289,0x8aeb,0x61a5,0x4040,0x4081,0x4081,0x40a2,0x3081,0xa450,0xe699,0xef3c,0xef1c,0xeedb,0xe6ba,0xde59,
  0xde38,0xcdd7,0xc596,0xbd34,0xc534,0xb4b2,0xa40f,0x830b,0x6207,0x4924,0x40e3,0x30a2,0x3082,0x2040,0x2040,0x2040,
  0x2040,0x2040,0x2040,0x2020,0x2861,0x2040,0x2861,0x2040,0x2841,0x1820,0x2061,0x1840,0x1800,0x2061,0x2040,0x2040,
  0x2861,0x2041,0x2061,0x1840,0x1861,0x1060,0x1061,0x1060,0x2082,0x1020,0x2061,0x2061,0x2041,0x2061,0x2861,0x2061,
  0x2041,0x2040,0x2061,0x2040,0x2040,0x1820,0x1820,0x1860,0x2081,0x2061,0x2861,0x2861,0x3082,0x2861,0x30a2,0x28a2,
  0x2082,0x1881,0x20c2,0x18a1,0x1061,0x0000,0x0820,0x0000,0x0800,0x0820,0x0820,0x0000,0x3986,0x5269,0x4a08,0x1882,
  0x0800,0x0800,0x0800,0x0000,0x0800,0x4984,0x7a87,0x6a04,0x6a05,0x51a5,0x3923,0x1820,0x30c2,0x2881,0x2880,0x28a1,
  0x28c1,0x28a1,0x30c2,0x30c1,0x38c2,0x3081,0x30a1,0x28a0,0x30c1,0x38e2,0x4123,0x30a1,0x2020,0x30a1,0x4984,0x2040,
  0x42e9,0x6bee,0x73ee,0x2164,0x10c2,0x634c,0x52c9,0x1081,0x29c5,0x29a5,0x3a27,0x5b2b,0x4ae9,0x4247,0x5b2b,0x2985,
  0x0040,0x2964,0x840e,0x8c4f,0x4226,0x5ae9,0x39a5,0x18a1,0x2122,0x1080,0x39a5,0x62a9,0x732a,0x7309,0x8bec,0xacaf,
  0xb510,0xbd31,0xbd51,0xbd31,0xbd30,0xcdb2,0xac8e,0x93cb,0x9c0c,0x8349,0x8329,0x9bec,0xbd0f,0xcd91,0xc571,0xcd92,
  0xcdb2,0xd5f3,0xacaf,0x3101,0x7b4a,0x7b09,0x5a05,0x4122,0x4983,0x2020,0x4964,0xa40e,0x9c0d,0xa44d,0xbcf0,0xe635,
  0xd5f3,0xe655,0xe656,0xcd93,0xac6e,0xac2d,0x938a,0xbccf,0xcd51,0xbccf,0xbccf,0xb48f,0xc531,0xe655,0xe655,0xe676,
  0xe696,0xeed7,0xe675,0xc551,0xbcef,0xbcaf,0xbccf,0xc510,0xd593,0xe656,0x5a26,0x30e1,0xa4b0,0xde56,0xde35,0xee97,
  0xeeb7,0xee96,0xe675,0xde35,0xbd10,0x8b8b,0x9bed,0x5a28,0x0800,0x30e2,0x2081,0x30e3,0x30c2,0x30c1,0x2040,0x1800,
  0x3902,0x6ac9,0x836b,0xa44e,0xde14,0xf6b7,0xe655,0xee97,0xe696,0xee76,0xee96,0xee96,0xe675,0xee96,0xe696,0xeeb7,
  0xde55,0xe676,0xe655,0xee96,0xee75,0xddf3,0x9bcb,0xc4ef,0xbcae,0xc4ae,0xbc4c,0xc48e,0xabca,0xa349,0xab89,0xc42c,
  0xab89,0x92c7,0xa349,0xab8a,0xa369,0xa369,0xac0b,0xe5b2,0xddd2,0xee54,0xe613,0xe634,0xe634,0xe654,0xee75,0xe654,
  0xe633,0xe613,0xee13,0xee14,0xc4ae,0xbc6d,0xcccf,0xbc8f,0xa3cb,0xc4f0,0xd5d3,0xcd72,0x838b,0x2080,0x30e2,0x3102,
  0x1000,0x4984,0x9bcc,0xcd52,0xd592,0xddb2,0xddd2,0xe613,0xddf2,0xee34,0xe633,0xee34,0xe634,0xee55,0xd591,0xac4d,
  0xbd0f,0xbcef,0xc510,0xe634,0xee75,0xee75,0xee55,0xf696,0xee54,0xee55,0xee54,0xee55,0xe654,0xee75,0xe654,0xee55,
  0xe654,0xee75,0xe655,0xee75,0xee75,0xee76,0xe655,0xee76,0xe655,0xe614,0xd5d3,0xd5b2,0xd5d3,0xee75,0xde34,0xe655,
  0xde34,0xacb0,0x8bec,0xacf1,0xb552,0xc594,0xc594,0xcd95,0xbcf2,0x82ea,0x7248,0x69c6,0x48a1,0x4081,0x4081,0x40a2,
  0x2840,0x832c,0xd617,0xf71b,0xeefb,0xeedb,0xde79,0xde38,0xd617,0xcdd7,0xc575,0xbd34,0xb4f3,0xb4b2,0x938d,0x6a68,
  0x51a5,0x4944,0x38c2,0x30a2,0x2861,0x2841,0x2040,0x2841,0x2040,0x2840,0x2040,0x2040,0x2040,0x2861,0x2040,0x2841,
  0x2020,0x2040,0x1820,0x2040,0x1840,0x1800,0x1800,0x2881,0x1800,0x2041,0x2040,0x1861,0x1860,0x1060,0x0820,0x1040,
  0x1040,0x2061,0x2061,0x2041,0x1840,0x2061,0x2040,0x2861,0x2041,0x2861,0x2040,0x2040,0x1840,0x1840,0x1820,0x2040,
  0x2060,0x2881,0x2861,0x3061,0x2861,0x3082,0x2882,0x2882,0x2061,0x20a2,0x20c2,0x1061,0x0000,0x0820,0x0020,0x0000,
  0x0000,0x0020,0x0000,0x0841,0x31a6,0x41e7,0x5269,0x3165,0x0800,0x0820,0x0800,0x0800,0x1000,0x51a4,0x6a25,0x69e4,
  0x5183,0x4943,0x30c2,0x2040,0x28a1,0x30a1,0x2860,0x38e2,0x28c1,0x30c1,0x30a1,0x30c2,0x28a0,0x28a1,0x2880,0x30a1,
  0x30a1,0x4102,0x4102,0x3081,0x2040,0x4102,0x51a5,0x2840,0x4b0a,0x742f,0x6b8d,0x0881,0x39e7,0x73ad,0x630b,0x10a1,
  0x31c6,0x31e6,0x3a07,0x530a,0x3a27,0x4aa9,0x52ea,0x2124,0x0860,0x2984,0x840f,0x946f,0x5aa8,0x6b6b,0x4227,0x2963,
  0x20e2,0x39c5,0x5a88,0x6aea,0x7b4b,0x8bcc,0xa4af,0xb531,0xbd52,0xbd31,0xc551,0xbd51,0xc572,0xcd92,0xac8e,0xa42d,
  0xa42d,0x93ab,0x93ab,0xb48e,0xcd71,0xbd30,0xc572,0xcdb2,0xd5f4,0xd5f4,0x834a,0x3101,0x838b,0x7b4a,0x4984,0x4163,
  0x4163,0x2020,0x72a8,0xa42e,0xac6e,0xa44d,0xddf4,0xde14,0xee76,0xe655,0xee97,0xd5b3,0xac6e,0xac4d,0xbcaf,0xc4ef,
  0xc4f0,0xc510,0xcd31,0xac6e,0xcd72,0xe655,0xe655,0xe676,0xe696,0xeeb6,0xe656,0xac8e,0xcd51,0xc510,0xc4f0,0xc511,
  0xd593,0xde35,0x6aa8,0x30e1,0xbd52,0xde56,0xde36,0xe676,0xee97,0xe676,0xee96,0xde55,0xc572,0x8b8b,0x7b0a,0x3944,
  0x2081,0x28c2,0x30e3,0x28c1,0x30c1,0x2040,0x1800,0x4163,0x834b,0x93ed,0xbd12,0xde15,0xe655,0xe676,0xee97,0xe676,
  0xee96,0xeeb6,0xeeb7,0xe696,0xe696,0xe696,0xeeb7,0xeeb6,0xee97,0xe676,0xee76,0xee55,0xee55,0xc530,0xa3eb,0xbcae,
  0xc4cf,0xd510,0xbc4d,0xabca,0xa369,0xb3eb,0xc46d,0xab8a,0xa349,0x92e7,0xa36a,0xa3aa,0x9b49,0xa3aa,0xe5b2,0xe5d3,
  0xe613,0xee34,0xee55,0xe614,0xee75,0xe634,0xee75,0xe634,0xee54,0xee34,0xee14,0xccef,0xabcb,0xbc8e,0xbc6e,0xac2d,
  0xddb3,0xe614,0xee56,0x93cc,0x3902,0x3964,0x28a2,0x1000,0x4984,0xa42d,0xddd4,0xd592,0xd592,0xddf2,0xe5f3,0xddf2,
  0xee54,0xee54,0xee54,0xee55,0xee55,0xee75,0xb4ae,0xac8d,0xbd0f,0xcd51,0xee55,0xe654,0xee75,0xee95,0xf696,0xee75,
  0xee75,0xee75,0xee75,0xee75,0xee75,0xee55,0xee55,0xee55,0xee75,0xee75,0xf696,0xee96,0xee96,0xee75,0xee76,0xe655,
  0xee76,0xde14,0xddf4,0xddf4,0xee55,0xe675,0xee75,0xee76,0xde35,0xbd51,0xb511,0xbd73,0xc5b4,0xc594,0xc574,0xd5f6,
  0xbcf2,0x7aa9,0x8aca,0x69a5,0x48a1,0x4060,0x48a2,0x48c2,0x40a2,0x4144,0xd5d7,0xf6fb,0xeefb,0xe6ba,0xe6ba,0xd638,
  0xde38,0xd617,0xcd75,0xc554,0xc513,0xac50,0x7aca,0x61e6,0x61c6,0x4943,0x40c2,0x3081,0x3082,0x2841,0x2841,0x2840,
  0x2841,0x2040,0x2841,0x2020,0x2841,0x2040,0x2861,0x2840,0x2861,0x2040,0x2061,0x2040,0x2040,0x2020,0x2841,0x2020,
  0x2841,0x2040,0x2041,0x1840,0x1820,0x0820,0x1040,0x1020,0x2061,0x2041,0x2061,0x2061,0x2861,0x2041,0x2861,0x2861,
  0x2861,0x2040,0x2861,0x2040,0x2040,0x2040,0x2040,0x2060,0x2881,0x2881,0x3082,0x3081,0x3082,0x30a2,0x30a2,0x1820,
  0x28a2,0x28c3,0x1861,0x0000,0x0820,0x0000,0x0020,0x0000,0x0820,0x0000,0x0800,0x1061,0x41e7,0x41c6,0x5a89,0x4a28,
  0x3145,0x0820,0x1020,0x0800,0x2060,0x59e5,0x7246,0x7225,0x59a4,0x4123,0x2061,0x1840,0x28a1,0x30c1,0x30a1,0x2880,
  0x30c1,0x2880,0x30a1,0x30c1,0x30a1,0x2880,0x30a1,0x3080,0x4103,0x3902,0x3902,0x2040,0x38c2,0x4943,0x51a5,0x2860,
  0x532b,0x73ee,0x4aa9,0x0860,0x4a68,0x8c50,0x52a9,0x18e2,0x31e6,0x3a27,0x29a5,0x4aa9,0x31c5,0x3a27,0x4a88,0x18e2,
  0x0040,0x31a5,0x840e,0x8c4f,0x5ac9,0x62ea,0x2122,0x2943,0x1081,0x4206,0x6b0a,0x7b6b,0x6ae9,0x942e,0xacf0,0xbd72,
  0xbd31,0xbd51,0xbd51,0xc572,0xc592,0xbcf0,0x9c2c,0xb4af,0xa44d,0x8329,0x9c2c,0xbcef,0xc530,0xcd72,0xcd92,0xcdb3,
  0xd5f3,0xde14,0x6286,0x6287,0x8bac,0x72c8,0x4163,0x4963,0x30e1,0x3903,0x93ab,0xa40d,0xac6e,0xbcf0,0xd5d3,0xe655,
  0xde34,0xe655,0xde55,0xc572,0x9c0d,0xac6e,0xc530,0xc4f0,0xb48e,0xc510,0xc510,0xc531,0xd5b2,0xee96,0xe696,0xe675,
  0xe696,0xf6d7,0xde14,0xa44d,0xc510,0xc4f0,0xcd51,0xc4f0,0xcd72,0xee77,0x7b2a,0x4184,0xc593,0xe677,0xde35,0xee96,
  0xe676,0xee97,0xe696,0xe676,0xc572,0x93cd,0x49c5,0x0000,0x28a1,0x3123,0x28c2,0x28a1,0x2060,0x1800,0x4143,0x93cc,
  0x940d,0xc573,0xe677,0xde35,0xe635,0xee76,0xe655,0xee76,0xe696,0xeeb6,0xe696,0xe696,0xe696,0xee96,0xe696,0xee96,
  0xe696,0xe656,0xee75,0xee75,0xe634,0xbcae,0xbccf,0xbcce,0xd530,0xbc4d,0xa3aa,0xabca,0xbc4d,0xc46d,0xb3eb,0x9b49,
  0x9308,0xa3aa,0xabca,0xa3aa,0x9348,0xd571,0xe5f3,0xe614,0xe634,0xf675,0xe675,0xe654,0xe654,0xe655,0xddf3,0xee75,
  0xe614,0xe614,0xcd30,0xa3cb,0xc4ae,0xc48e,0xb44d,0xd572,0xe615,0xe615,0xacaf,0x4142,0x30e2,0x2081,0x2060,0x51c6,
  0xacb0,0xe615,0xcd92,0xddd3,0xddd2,0xe613,0xe613,0xe613,0xe633,0xee54,0xee75,0xee75,0xe654,0xc510,0xac6d,0xa40c,
  0xac6d,0xf696,0xde13,0xe654,0xee55,0xee75,0xee75,0xee75,0xe655,0xee75,0xee75,0xee75,0xee55,0xee55,0xe654,0xee55,
  0xe655,0xee75,0xe675,0xee75,0xe655,0xee55,0xe634,0xe655,0xe635,0xee56,0xe675,0xee96,0xee75,0xee75,0xe654,0xe675,
  0xe675,0xde35,0xcdd3,0xcdd4,0xc5b4,0xcdd5,0xc594,0xde37,0xbd13,0x82ea,0x82ea,0x71e6,0x50c1,0x50c2,0x48a2,0x4081,
  0x3861,0x4924,0xb4d2,0xeeda,0xe69a,0xde79,0xde79,0xde79,0xde37,0xd5f7,0xc554,0xbd13,0xb4d1,0x8b6c,0x6206,0x59c5,
  0x5985,0x4923,0x38a1,0x3081,0x2861,0x2841,0x2020,0x2840,0x2820,0x2840,0x2020,0x2840,0x2040,0x2861,0x2040,0x2840,
  0x2040,0x2040,0x1840,0x2040,0x2020,0x2020,0x2020,0x2040,0x2020,0x2041,0x1820,0x1820,0x1000,0x1000,0x1020,0x1861,
  0x1840,0x2041,0x2040,0x2041,0x2041,0x2861,0x2040,0x2861,0x2040,0x2861,0x2040,0x2840,0x2040,0x2040,0x2040,0x3081,
  0x30c2,0x38c2,0x3081,0x38a2,0x30c2,0x38c3,0x2881,0x2041,0x20a2,0x20a2,0x0000,0x0000,0x0820,0x0000,0x0000,0x0800,
  0x0000,0x0000,0x0000,0x18a2,0x4a07,0x5248,0x4a28,0x5a89,0x5248,0x28e3,0x0000,0x1000,0x3102,0x6a46,0x6a45,0x61e4,
  0x59c4,0x4964,0x2081,0x2061,0x28a1,0x30a1,0x30c1,0x2880,0x28a1,0x2881,0x30c1,0x30a1,0x30c1,0x30a1,0x3080,0x38a1,
  0x4102,0x4102,0x3901,0x1800,0x30c2,0x59a5,0x4122,0x38c1,0x4aea,0x63ad,0x3a27,0x10a1,0x630b,0x842f,0x630b,0x1903,
  0x31e6,0x4268,0x3a27,0x530a,0x4a89,0x4247,0x4aa9,0x08a1,0x1081,0x31a5,0x840e,0x83ed,0x62ea,0x4a68,0x10a1,0x18e1,
  0x3164,0x5268,0x62e9,0x6b09,0x8bcd,0x942e,0xbd32,0xbd92,0xbd52,0xbd51,0xc572,0xbd51,0xc572,0xb4f0,0x9c0c,0xacaf,
  0xa42d,0x8b8a,0xb4d0,0xbd10,0xcd92,0xcdb2,0xd5d3,0xd5b3,0xde15,0xd5d3,0x51e4,0x7b29,0x9bed,0x51e5,0x3922,0x49a4,
  0x2060,0x51c5,0xa42d,0xb48e,0xac4e,0xd592,0xee76,0xe655,0xe676,0xde55,0xe656,0xc572,0xb48f,0xa40d,0xc4f0,0xc4ef,
  0xbccf,0xbcef,0xb4af,0xc530,0xde14,0xee97,0xe676,0xe675,0xee96,0xeeb7,0xde15,0xac6e,0xd572,0xc4d0,0xd572,0xbcd0,
  0xe615,0xe656,0x7b2a,0x5205,0xd5f5,0xde36,0xe656,0xee96,0xee97,0xf6d7,0xeeb7,0xe676,0xcdb4,0x834b,0x3923,0x1040,
  0x2081,0x4185,0x30e3,0x1820,0x1800,0x3903,0x93cc,0x9c0d,0xbd32,0xde36,0xee97,0xe676,0xee76,0xee76,0xee96,0xee96,
  0xeeb7,0xee96,0xeeb6,0xe696,0xeeb7,0xe696,0xee96,0xe676,0xee96,0xee76,0xee76,0xee76,0xddd3,0xac6d,0xcd51,0xcd30,
  0xb42d,0xa38a,0xb42c,0xc48d,0xc48e,0xabcb,0xa369,0xa389,0x9b69,0x9b49,0xb40c,0xa3ca,0xd551,0xe614,0xe613,0xe634,
  0xee55,0xee75,0xf6b6,0xee75,0xee76,0xee55,0xee55,0xe634,0xe614,0xbccf,0xac2c,0xb44d,0xc4cf,0xd551,0xedf4,0xddb3,
  0xe5f5,0xcd73,0x4964,0x28a0,0x2881,0x30c2,0x72c9,0xc532,0xe616,0xd5b3,0xddd3,0xddf3,0xe614,0xe613,0xee75,0xee54,
  0xee55,0xee55,0xee76,0xee75,0xe635,0x938a,0xac6d,0xa42c,0xddf3,0xe634,0xe614,0xee75,0xee75,0xee75,0xf676,0xee75,
  0xee76,0xee75,0xf696,0xee75,0xf676,0xee75,0xee76,0xee75,0xee76,0xee75,0xee76,0xe675,0xee75,0xee55,0xee75,0xe655,
  0xee56,0xee76,0xf696,0xee75,0xee55,0xe654,0xe675,0xe675,0xe676,0xe696,0xde56,0xc5b4,0xcdf5,0xcdf5,0xcdf6,0xe658,
  0xcd94,0x8b2b,0x930b,0x7207,0x58e3,0x50a2,0x50c2,0x48a2,0x40a2,0x3881,0x9bae,0xee99,0xe699,0xe699,0xde79,0xde78,
  0xe658,0xde17,0xd5b5,0xbcd2,0xac30,0x6a47,0x5164,0x5985,0x5985,0x4903,0x40a2,0x3081,0x3062,0x2841,0x2841,0x2820,
  0x2841,0x2840,0x2841,0x2840,0x2841,0x2840,0x2841,0x2040,0x2841,0x2040,0x2040,0x2020,0x2040,0x2020,0x2840,0x2040,
  0x2841,0x2040,0x2040,0x1000,0x1000,0x1000,0x1840,0x2061,0x2041,0x2020,0x2841,0x2040,0x2861,0x2861,0x2861,0x2860,
  0x2861,0x2861,0x2861,0x2040,0x2861,0x2840,0x2840,0x3081,0x4103,0x38c2,0x38a2,0x38c2,0x4104,0x30a2,0x2882,0x2082,
  0x2082,0x1020,0x0800,0x0000,0x0821,0x0800,0x0800,0x0000,0x0800,0x0000,0x0800,0x1881,0x5a49,0x5248,0x5228,0x5248,
  0x62cb,0x3124,0x1020,0x1000,0x49a4,0x7267,0x6a25,0x59a3,0x51a4,0x28c1,0x1840,0x20a1,0x38e2,0x30a1,0x4102,0x2860,
  0x28a1,0x2881,0x38e2,0x30c1,0x30a1,0x30c1,0x3060,0x4102,0x4923,0x4122,0x4122,0x1800,0x40e3,0x61e5,0x40e2,0x3922,
  0x42c9,0x6bcd,0x2164,0x2123,0x73ce,0x8c50,0x632b,0x2144,0x29a5,0x3a27,0x4288,0x5b4b,0x4ae9,0x31e6,0x4247,0x08a1,
  0x0860,0x31c5,0x83ee,0x7bed,0x632a,0x4a67,0x10c1,0x18e2,0x2963,0x5aa9,0x7bac,0x7b8c,0x8bed,0xacd0,0xbd52,0xc5b3,
  0xbd72,0xc592,0xc592,0xc592,0xbd51,0xbd10,0xa46d,0xa44e,0x93cb,0xac8e,0xc551,0xbd31,0xc571,0xcd92,0xcdb2,0xd5b3,
  0xd5f4,0xc531,0x4983,0x834a,0x836b,0x4963,0x4143,0x51c5,0x2060,0x834a,0x9bec,0xac4e,0xc510,0xddf3,0xde14,0xe635,
  0xde55,0xde56,0xd615,0xb4f0,0xac6e,0xa3ec,0xbcae,0xd571,0xbd0f,0xbd10,0xbccf,0xc510,0xddf4,0xee76,0xe696,0xeeb7,
  0xde76,0xeeb7,0xde14,0xb4af,0xd5b3,0xcd31,0xcd52,0xbcd0,0xddf4,0xe636,0x72c9,0x51e5,0xcdd4,0xde36,0xde55,0xeeb7,
  0xe676,0xeeb7,0xde76,0xe676,0xbd72,0x5a47,0x1000,0x28e2,0x3123,0x3103,0x1840,0x0800,0x28c1,0x93ac,0x9c0d,0xc552,
  0xde35,0xde56,0xe676,0xee77,0xe676,0xee97,0xe696,0xeeb7,0xe696,0xe696,0xe676,0xee97,0xe696,0xe696,0xe676,0xee76,
  0xe675,0xee96,0xde14,0xf6b7,0xb4cf,0xc510,0xd571,0xac0c,0xac0b,0xc4ae,0xc4ae,0xbc4d,0xa3aa,0x92e7,0x9308,0xabcb,
  0x9baa,0xa3aa,0x9328,0xcd30,0xe5f3,0xe5f3,0xde13,0xe634,0xe634,0xee75,0xee75,0xee55,0xe655,0xee55,0xee55,0xee55,
  0xac2c,0xb46e,0xac2d,0xc4ef,0xddd3,0xe5f3,0xddd3,0xddf4,0xcd72,0x51e6,0x2040,0x2060,0x30e2,0x834b,0xc532,0xddf5,
  0xd5d3,0xde14,0xddf3,0xddb2,0xddf3,0xe614,0xee75,0xf695,0xe655,0xee75,0xee75,0xee55,0xac8e,0xa40c,0xc530,0xddd3,
  0xe634,0xe654,0xe654,0xee95,0xee75,0xee95,0xee75,0xee76,0xee75,0xee76,0xee75,0xee96,0xee75,0xee75,0xee75,0xee96,
  0xee75,0xee75,0xee55,0xee75,0xe655,0xee75,0xee75,0xee76,0xee76,0xee76,0xe655,0xe655,0xe634,0xee55,0xee75,0xeeb6,
  0xe675,0xe675,0xd614,0xcdb4,0xcdf4,0xd616,0xcdf5,0xe698,0xcdb5,0x936c,0x8b0a,0x7a27,0x50e2,0x50a1,0x4881,0x50c2,
  0x40a1,0x3020,0x6a28,0xe5f7,0xe679,0xde79,0xde58,0xee99,0xde58,0xde17,0xd5b5,0xc513,0x8b4b,0x61c6,0x5144,0x61a5,
  0x5964,0x5123,0x40c1,0x3861,0x2840,0x3041,0x2820,0x3040,0x2840,0x2840,0x2840,0x2841,0x2840,0x2840,0x2840,0x2840,
  0x2020,0x2020,0x2020,0x2020,0x2020,0x2040,0x2020,0x2040,0x2040,0x2061,0x1800,0x1800,0x1000,0x1820,0x1840,0x2041,
  0x2020,0x2840,0x2840,0x2861,0x2860,0x2861,0x2840,0x2861,0x2860,0x2861,0x2840,0x2841,0x2040,0x2840,0x2820,0x38a1,
  0x40c2,0x38a2,0x30a1,0x38e3,0x30e2,0x2882,0x2061,0x20a2,0x0820,0x0000,0x0000,0x0800,0x0000,0x0800,0x0000,0x0800,
  0x0800,0x1020,0x1861,0x3964,0x41c6,0x5a48,0x41c6,0x3985,0x5269,0x5249,0x1040,0x2060,0x51c4,0x7aa7,0x6a25,0x6a46,
  0x51c4,0x28a1,0x1000,0x28c2,0x28a1,0x38e2,0x38e2,0x3081,0x2880,0x30c2,0x38c1,0x30c1,0x2080,0x3902,0x2840,0x5144,
  0x4122,0x3922,0x30c1,0x2040,0x4102,0x61e6,0x38c1,0x4143,0x532b,0x6bcd,0x1903,0x2144,0x8c70,0x9491,0x632b,0x1903,
  0x2985,0x29a5,0x4ac9,0x636c,0x636c,0x4288,0x52a9,0x2123,0x18e2,0x39e5,0x840e,0x736c,0x632b,0x31a4,0x2123,0x3184,
  0x4a27,0x4a26,0x8c0e,0x7b8c,0xa48f,0xb552,0xbd73,0xbd52,0xbd52,0xbd72,0xc593,0xc572,0xc572,0xa46e,0xb4cf,0x93ab,
  0x93ab,0xb4d0,0xcd72,0xc531,0xcd92,0xc572,0xcdb3,0xd5b3,0xe635,0xacaf,0x5184,0x834a,0x6a67,0x4163,0x59e6,0x3903,
  0x4143,0x9c0d,0xa42d,0xac2d,0xd593,0xddf3,0xe635,0xde14,0xde55,0xde76,0xde35,0xa44e,0xac8f,0xac8e,0xcd10,0xcd30,
  0xc4ef,0xbcef,0xcd31,0xbcf0,0xe655,0xe655,0xeeb7,0xeeb7,0xe6b7,0xeeb6,0xde14,0xa44e,0xd572,0xd572,0xdd93,0xc532,
  0xe636,0xe656,0x7b0a,0x6ac9,0xe677,0xe676,0xee77,0xeeb7,0xee76,0xe676,0xe676,0xe6b7,0xb4f1,0x30e2,0x28a1,0x3944,
  0x3944,0x28c2,0x1000,0x20a1,0x834b,0xa44e,0xcd93,0xd5d4,0xde55,0xe697,0xe677,0xe676,0xeeb7,0xeeb7,0xeeb7,0xeeb7,
  0xeed8,0xe697,0xeeb7,0xeeb7,0xeeb7,0xe696,0xee96,0xe676,0xee76,0xe676,0xf6b7,0xcd92,0xac6e,0xc531,0xc4cf,0xac0c,
  0xccf0,0xccef,0xbc6d,0xa3aa,0x9328,0xa3aa,0xabeb,0xabeb,0x9b69,0x9baa,0xc4ef,0xddd3,0xe614,0xddf3,0xee55,0xee55,
  0xee55,0xe634,0xee35,0xe635,0xee76,0xee75,0xe5f4,0xbc8f,0xb46e,0xbcaf,0xddb3,0xddd3,0xe634,0xddf4,0xe5f5,0xd5b3,
  0x51c5,0x2040,0x28a1,0x30c2,0x8b8c,0xcd72,0xee35,0xddf4,0xe614,0xe635,0xe614,0xe614,0xe614,0xe613,0xee55,0xee55,
  0xee56,0xf696,0xf696,0xd5b3,0xac8e,0xb4cf,0xe635,0xe655,0xe634,0xe654,0xf696,0xee75,0xee96,0xee75,0xee96,0xee76,
  0xee96,0xee75,0xf696,0xee96,0xee76,0xe655,0xee76,0xee55,0xee55,0xe655,0xee55,0xee55,0xee75,0xee75,0xf696,0xee76,
  0xf6b7,0xee76,0xee76,0xee55,0xee75,0xee75,0xf696,0xee95,0xe675,0xde55,0xde15,0xcdf4,0xde36,0xd616,0xd616,0xe698,
  0xe637,0x9bad,0x932b,0x7a27,0x58e2,0x50a1,0x58c2,0x4881,0x48a2,0x3000,0x4904,0xbc92,0xee79,0xde38,0xe679,0xee99,
  0xee79,0xe617,0xcd34,0xa3ce,0x7a68,0x61a5,0x6185,0x6164,0x6164,0x5103,0x48c2,0x3861,0x3061,0x3040,0x3041,0x3040,
  0x3041,0x2820,0x3041,0x2840,0x3061,0x2840,0x2861,0x2840,0x2840,0x2020,0x2841,0x2020,0x2840,0x2040,0x2061,0x2040,
  0x2061,0x2040,0x1820,0x1800,0x1820,0x2040,0x2841,0x2020,0x2841,0x2840,0x3061,0x2861,0x3081,0x2861,0x2861,0x2861,
  0x2861,0x2860,0x2861,0x2840,0x2861,0x2040,0x3881,0x40a2,0x48c2,0x38a1,0x40c2,0x38e3,0x30c2,0x2081,0x2081,0x1020,
  0x0800,0x0800,0x0800,0x0000,0x0800,0x0800,0x1820,0x1841,0x2061,0x1820,0x3924,0x6aaa,0x732b,0x5a89,0x62aa,0x4a07,
  0x5249,0x41c6,0x1020,0x28a1,0x59e5,0x6a46,0x61e4,0x6a25,0x5184,0x2060,0x1841,0x28c2,0x30a1,0x4122,0x40c1,0x3081,
  0x30a2,0x30c2,0x40e2,0x30a1,0x28c1,0x30a1,0x38c1,0x5143,0x4923,0x30e1,0x2880,0x2860,0x5164,0x61a5,0x4102,0x4163,
  0x42c9,0x5b2b,0x1943,0x4227,0x7bce,0x9cb2,0x634b,0x2964,0x31c5,0x31e6,0x4ae9,0x5b2b,0x4288,0x4aa9,0x4247,0x2144,
  0x10c1,0x39e6,0x7c0e,0x6b6c,0x630a,0x31a5,0x0880,0x2964,0x4247,0x738c,0x840d,0x9c6f,0xbd52,0xc5b4,0xbd72,0xbd72,
  0xbd52,0xc592,0xbd92,0xc5b2,0xbd71,0xa44d,0xac8e,0x93ec,0x9c0d,0xc552,0xc572,0xcd72,0xcd92,0xcd92,0xcdb2,0xd5d3,
  0xe655,0x9c0d,0x5a05,0x93cd,0x59e5,0x51a5,0x6267,0x28a1,0x6a88,0x9bee,0xa3ec,0xc4f0,0xcd72,0xddf4,0xee75,0xe635,
  0xe676,0xe697,0xcdf4,0xacaf,0xbcf0,0xc510,0xcd51,0xbc8e,0xb4ae,0xbd10,0xc530,0xcd51,0xee96,0xee96,0xe675,0xe696,
  0xe696,0xeeb7,0xd614,0xa42d,0xc4f0,0xddb3,0xbcd0,0xd593,0xe656,0xddf5,0x6287,0x8bac,0xe697,0xe656,0xee96,0xeeb7,
  0xe676,0xee76,0xe696,0xe6b7,0x8bec,0x1840,0x20a1,0x3143,0x20a1,0x1860,0x1860,0x7b4b,0xb4d0,0xd5f5,0xee76,0xe635,
  0xe655,0xeeb7,0xe6b7,0xeeb7,0xeeb7,0xeeb8,0xe697,0xeeb7,0xeeb7,0xeed8,0xeeb7,0xeed7,0xe696,0xee96,0xe676,0xee96,
  0xee75,0xee76,0xf6d8,0xa40d,0xac6e,0xbcaf,0xa3ec,0xcd51,0xc4ce,0xa3aa,0x9b89,0xabcb,0xabeb,0xb42c,0xb44c,0xac0c,
  0x9349,0xbcae,0xe634,0xee34,0xe613,0xee55,0xe654,0xe655,0xe634,0xee55,0xe634,0xee55,0xee55,0xe5f4,0xb48e,0xb44e,
  0xd592,0xddb3,0xee55,0xee75,0xd5d3,0xde14,0xd5f4,0x6247,0x1000,0x2880,0x4164,0x9c0f,0xd5b5,0xee15,0xddd3,0xee55,
  0xee35,0xe614,0xe614,0xe634,0xe614,0xe614,0xe635,0xe635,0xee35,0xf697,0xd5d3,0xcd51,0xcd72,0xddf4,0xe654,0xee96,
  0xe654,0xe634,0xde13,0xee75,0xe654,0xee75,0xe655,0xee75,0xe655,0xee76,0xee75,0xee96,0xe655,0xe655,0xe655,0xee55,
  0xe634,0xee55,0xe634,0xee55,0xee55,0xee75,0xe655,0xee55,0xe655,0xee56,0xe655,0xee75,0xee55,0xee75,0xe674,0xe655,
  0xe655,0xde55,0xd614,0xd635,0xd615,0xd636,0xd636,0xeed9,0xee78,0xa42f,0x8b2b,0x7a47,0x50c2,0x58c2,0x50a2,0x4861,
  0x4861,0x3841,0x3881,0x82cb,0xc514,0xe639,0xe658,0xee79,0xee79,0xe5d6,0xa40f,0x7a48,0x61c5,0x61a5,0x5923,0x5923,
  0x5903,0x50c2,0x4081,0x3841,0x3040,0x3061,0x3040,0x3061,0x3040,0x3040,0x2820,0x2840,0x2840,0x2841,0x2840,0x2840,
  0x2840,0x2840,0x2020,0x2840,0x2040,0x2040,0x2040,0x2060,0x1840,0x1820,0x1820,0x1820,0x1820,0x2841,0x2020,0x2020,
  0x2820,0x2841,0x2840,0x3061,0x2861,0x3081,0x2861,0x2861,0x2860,0x2861,0x2860,0x2861,0x2860,0x2860,0x38a1,0x50e3,
  0x48e2,0x48e3,0x38e2,0x38e2,0x2081,0x1861,0x1040,0x0800,0x0000,0x0820,0x0000,0x0000,0x0820,0x1820,0x1840,0x2081,
  0x1840,0x1820,0x3943,0x7b4c,0x7b6c,0x7b6c,0x7b8d,0x62aa,0x5a69,0x3986,0x0820,0x4143,0x6205,0x7246,0x61c3,0x61e4,
  0x3902,0x1800,0x1861,0x28c2,0x28a1,0x4943,0x30a0,0x2860,0x30a1,0x38c2,0x38c1,0x30c1,0x28c0,0x2880,0x4122,0x5144,
  0x4102,0x3901,0x2060,0x2881,0x59a4,0x61a5,0x38c0,0x4984,0x4aa9,0x3a07,0x2985,0x6b6c,0x7bce,0x9cf2,0x7bce,0x2164,
  0x31e6,0x3a47,0x5b4b,0x5b4b,0x4268,0x5b4b,0x4268,0x2985,0x18e2,0x39c6,0x840e,0x632a,0x5aea,0x3184,0x18e2,0x2984,
  0x5ac9,0x944f,0x942f,0x9c8f,0xc593,0xc5b3,0xbd93,0xbd92,0xc5b3,0xc593,0xc593,0xc592,0xbd11,0xa48e,0x9c0d,0x9c0c,
  0xa44e,0xcd93,0xc552,0xc571,0xd5b3,0xcdb2,0xd5b3,0xcdb3,0xe635,0x834a,0x72a8,0x9c0d,0x59e6,0x4963,0x6227,0x2040,
  0x832b,0xa40d,0x9bec,0xc510,0xee56,0xe614,0xde14,0xe655,0xee97,0xe697,0xc572,0xb510,0xc551,0xb4ae,0xd572,0xb48e,
  0xb48e,0xcd71,0xcd51,0xd5b3,0xee76,0xeeb7,0xeeb7,0xe697,0xe697,0xe696,0xe655,0xac8e,0xcd31,0xd593,0xb48e,0xd5b3,
  0xee57,0xde36,0x6247,0x7b4b,0xe697,0xe676,0xe676,0xe676,0xeeb7,0xe696,0xeeb7,0xd615,0x6aa9,0x1840,0x3924,0x2080,
  0x1840,0x1840,0x93ed,0xbd53,0xd5d4,0xddf5,0xee76,0xee96,0xee76,0xe696,0xeeb7,0xe697,0xeeb7,0xe697,0xe677,0xe676,
  0xeeb7,0xeeb7,0xf6f8,0xeed8,0xeeb7,0xee96,0xeeb7,0xee96,0xee97,0xee76,0xd5d4,0x9c0c,0xb46e,0xbcaf,0xcd10,0xbcae,
  0xac0c,0xa3aa,0xabeb,0xb44d,0xb42d,0xa3cb,0xabeb,0x9369,0xc4cf,0xee34,0xe634,0xddd2,0xee55,0xee54,0xee75,0xe655,
  0xee75,0xee55,0xee76,0xee75,0xee15,0xb48e,0xb46e,0xddb3,0xee35,0xee76,0xee76,0xde14,0xe635,0xde14,0x6247,0x1000,
  0x30c1,0x51e5,0x8bad,0xcdd5,0xddf5,0xe5f4,0xee55,0xe5f3,0xee14,0xe634,0xe614,0xe614,0xee35,0xe634,0xee76,0xe635,
  0xee56,0xe635,0xbcf0,0xc510,0xe635,0xee75,0xf6b6,0xee75,0xee55,0xee75,0xee75,0xe655,0xee75,0xee55,0xee75,0xe655,
  0xee76,0xee75,0xee76,0xee96,0xee76,0xe655,0xee96,0xee76,0xee76,0xe655,0xee76,0xee75,0xee76,0xee75,0xee75,0xe655,
  0xee56,0xe655,0xee76,0xe655,0xee55,0xe654,0xee75,0xe634,0xee96,0xe655,0xde35,0xd635,0xde36,0xde77,0xe698,0xeed9,
  0xfefa,0xb470,0x9b4c,0x8248,0x6103,0x50a1,0x58a2,0x5081,0x4861,0x4061,0x50e3,0x61a6,0x932d,0xbcb2,0xddd7,0xe617,
  0xdd96,0xb450,0x8aaa,0x69a5,0x71c6,0x6985,0x5903,0x58e2,0x6123,0x50a1,0x48a1,0x3840,0x3841,0x3041,0x3861,0x3061,
  0x3861,0x3020,0x3040,0x2840,0x3041,0x2840,0x3061,0x2840,0x2841,0x2840,0x2841,0x2840,0x2841,0x2040,0x2861,0x2060,
  0x2061,0x1820,0x2040,0x2040,0x2841,0x2020,0x2820,0x2820,0x2841,0x2840,0x3061,0x3061,0x3082,0x3081,0x3082,0x2860,
  0x3081,0x2860,0x3081,0x3061,0x3882,0x3061,0x48e3,0x5103,0x5103,0x4903,0x4103,0x30c2,0x2081,0x1020,0x1040,0x1040,
  0x1020,0x0000,0x0800,0x0820,0x1841,0x2081,0x2040,0x1840,0x2861,0x2061,0x4965,0x7b4c,0x836d,0x7b8d,0x9430,0x7b8d,
  0x62aa,0x18a2,0x3103,0x49a4,0x6a05,0x7246,0x7246,0x59c4,0x3903,0x1000,0x30e2,0x2081,0x38e2,0x4943,0x38a1,0x2020,
  0x38e3,0x30c2,0x38c1,0x30c1,0x30c1,0x3080,0x5163,0x5163,0x40e2,0x3922,0x30c2,0x2860,0x6a06,0x5984,0x38a0,0x51a4,
  0x4aa9,0x3a07,0x31a5,0x9cd2,0x8c70,0xa512,0x634b,0x1923,0x29c5,0x4289,0x4aa9,0x636c,0x29e5,0x4ac9,0x29a5,0x39e6,
  0x2164,0x31c6,0x8c70,0x5aea,0x5b0a,0x2963,0x10c1,0x4206,0x73ac,0x840d,0x8c4e,0xb552,0xbd93,0xc5b3,0xbd72,0xc572,
  0xbd72,0xc593,0xc592,0xcdb3,0xb510,0xa46e,0xaccf,0x93cc,0x940c,0xd5f4,0xbd10,0xc552,0xd5f3,0xd5d3,0xd5d4,0xcd93,
  0xd5d4,0x6aa7,0x6a87,0x7b2a,0x49a4,0x6246,0x30e1,0x4963,0xa42e,0x9c0d,0x93ab,0xcd72,0xde34,0xe655,0xde35,0xe655,
  0xe6b6,0xde35,0xa46e,0xb4cf,0xb4ef,0xbcaf,0xcd51,0xc4ef,0xbccf,0xcd51,0xb4ae,0xd5d3,0xe655,0xe676,0xe676,0xe697,
  0xde76,0xeed8,0xd5f4,0xa42d,0xd592,0xd572,0xac6e,0xcd93,0xe697,0xe677,0x7b2a,0xac90,0xde56,0xde55,0xde55,0xe696,
  0xeeb6,0xe697,0xde56,0xb512,0x2061,0x30e3,0x20a2,0x1820,0x2060,0x8b8c,0xcdd5,0xd5b4,0xddf4,0xde15,0xde35,0xe656,
  0xe655,0xe676,0xee96,0xee97,0xe676,0xee96,0xe676,0xee97,0xe696,0xeeb7,0xe676,0xeeb7,0xe696,0xe676,0xe676,0xee96,
  0xee96,0xee76,0xa44d,0x9bcb,0xc4f0,0xd571,0xc4ef,0xb46d,0xac0b,0xc4ae,0xbc8d,0xabeb,0xac0b,0xbc8d,0xa3ca,0xbc8e,
  0xddd2,0xe614,0xde13,0xe614,0xde13,0xee55,0xee75,0xee55,0xde14,0xee55,0xee76,0xddf4,0xbcf0,0xb48e,0xd5b3,0xf676,
  0xe634,0xf697,0xe635,0xe657,0xd5d5,0x6aa8,0x1000,0x2040,0x5a25,0xa46e,0xcdb3,0xe634,0xde14,0xe614,0xe614,0xe615,
  0xe614,0xe634,0xe634,0xee55,0xddf4,0xee55,0xe634,0xee76,0xddf3,0xbccf,0xac6d,0xe634,0xee95,0xee96,0xee75,0xee75,
  0xe655,0xee75,0xe655,0xee55,0xe654,0xee75,0xe655,0xee75,0xe675,0xee75,0xee75,0xee76,0xee75,0xee75,0xee75,0xee75,
  0xe675,0xe675,0xe675,0xee75,0xe675,0xee75,0xe675,0xee75,0xde54,0xe655,0xe635,0xee56,0xee75,0xee75,0xe655,0xe655,
  0xde34,0xe655,0xde34,0xde35,0xde56,0xde77,0xde98,0xde57,0xf6fa,0xc4f2,0x932b,0x8228,0x58e2,0x58e3,0x50a2,0x50a2,
  0x4881,0x4040,0x5903,0x79e7,0x71e7,0x8268,0x9b2b,0xb3ee,0xa38c,0x92ea,0x7a07,0x71c6,0x71a5,0x6964,0x6123,0x6123,
  0x58e2,0x50c2,0x50a1,0x3860,0x3020,0x3840,0x3860,0x3861,0x3040,0x3040,0x3020,0x3040,0x2840,0x3040,0x2840,0x2840,
  0x2040,0x2840,0x2840,0x2840,0x2840,0x2840,0x2020,0x2840,0x2020,0x2040,0x2040,0x2840,0x2020,0x2840,0x2820,0x2841,
  0x2020,0x2861,0x2861,0x3061,0x2840,0x3060,0x2860,0x3081,0x2880,0x2860,0x2860,0x3861,0x3020,0x4082,0x50e3,0x48a2,
  0x4081,0x40c2,0x3082,0x2882,0x1040,0x0800,0x0820,0x1041,0x0800,0x0800,0x0800,0x1841,0x1861,0x2081,0x1840,0x2040,
  0x2861,0x2861,0x6a8a,0x838e,0x734c,0x7bad,0x8c2f,0x9470,0x6b0a,0x2081,0x3102,0x6a26,0x7225,0x7246,0x61e5,0x51c5,
  0x2060,0x1020,0x28a1,0x30a1,0x4142,0x4922,0x2020,0x30a1,0x2881,0x3102,0x20c1,0x30a0,0x2860,0x48e2,0x6184,0x4922,
  0x4102,0x3902,0x2860,0x4923,0x59c5,0x4922,0x38c0,0x5183,0x5b2c,0x4248,0x5b0b,0x8c70,0x9cd1,0xa512,0x52ca,0x10e2,
  0x31e7,0x4268,0x4aca,0x63ad,0x4267,0x5b2a,0x29a5,0x4247,0x39e6,0x3a27,0x8450,0x5b2b,0x4a47,0x0000,0x18e2,0x5ac9,
  0x8c4e,0x840d,0x8c2e,0xbdb4,0xc5d4,0xbd93,0xc5b3,0xc5b3,0xcdd4,0xc5b3,0xcdb4,0xc593,0xbd32,0xa48f,0x9c2d,0x9c2d,
  0xac8f,0xc592,0xc552,0xbd31,0xd5b3,0xcdb3,0xd5d4,0xd615,0xd615,0x5a46,0x6a88,0x7b2a,0x51e5,0x5a05,0x2840,0x59e4,
  0xc511,0x9c0d,0xac8e,0xd5f3,0xe675,0xe676,0xee96,0xde55,0xe696,0xde35,0xb4cf,0xb4ef,0xd592,0xbcf0,0xd572,0xbccf,
  0xcd31,0xd592,0xbcf0,0xde14,0xee96,0xe696,0xe697,0xe697,0xe676,0xeeb7,0xe635,0xa44e,0xd5b3,0xd592,0xbcf0,0xd5f4,
  0xeed8,0xde56,0x8bac,0xb4f1,0xee97,0xe696,0xe696,0xeeb6,0xe696,0xe677,0xde37,0x7b0b,0x1000,0x30e3,0x28a2,0x1820,
  0x6268,0xd5f5,0xe677,0xe636,0xe656,0xe656,0xee76,0xe676,0xee76,0xe696,0xf6b8,0xee97,0xee97,0xee96,0xeeb7,0xee97,
  0xeeb7,0xeeb7,0xeeb8,0xee97,0xee97,0xe676,0xee76,0xe655,0xee97,0xd5b2,0xac6e,0xbccf,0xc510,0xc4ef,0xbc8e,0xb44d,
  0xc4ae,0xbc8d,0xc4ae,0xa3ca,0xb44d,0xb44c,0xc4ae,0xe613,0xe634,0xe634,0xee55,0xe654,0xee55,0xe634,0xee55,0xe635,
  0xee55,0xe635,0xddd3,0xc531,0xcd72,0xe635,0xee76,0xf6b7,0xee76,0xde35,0xf6b8,0xd615,0x8bac,0x1820,0x3902,0x6ac8,
  0xb4d0,0xd5d3,0xe635,0xe634,0xe634,0xe635,0xee56,0xee55,0xee55,0xe655,0xee56,0xee55,0xee55,0xee55,0xee55,0xe635,
  0xddd3,0xc530,0xddd4,0xe655,0xee75,0xee75,0xee76,0xee75,0xee75,0xee75,0xee75,0xe655,0xee55,0xe655,0xee75,0xee55,
  0xee75,0xee75,0xee76,0xee75,0xee75,0xee75,0xee76,0xe675,0xee75,0xe655,0xee75,0xe675,0xee75,0xe675,0xee75,0xe675,
  0xee95,0xe675,0xee76,0xee76,0xee96,0xee76,0xee76,0xee75,0xee75,0xe675,0xe696,0xde76,0xe697,0xde98,0xe698,0xe698,
  0xff7c,0xbcd2,0xa38d,0x8a8a,0x6124,0x58e3,0x6103,0x50a1,0x50a2,0x4881,0x50c2,0x6124,0x6985,0x5943,0x7206,0x7a47,
  0x8248,0x8a88,0x8207,0x7185,0x79c6,0x6964,0x6924,0x6103,0x6103,0x58e2,0x58e2,0x4080,0x3860,0x3860,0x40a1,0x3860,
  0x3861,0x3841,0x3861,0x3861,0x3861,0x3061,0x3061,0x3060,0x3061,0x2860,0x3061,0x2841,0x3061,0x2840,0x3041,0x2840,
  0x2840,0x2840,0x3061,0x2840,0x2861,0x2840,0x2861,0x2860,0x2040,0x2060,0x3061,0x3061,0x3061,0x3040,0x3061,0x3060,
  0x3060,0x2860,0x3081,0x3861,0x4061,0x50c3,0x6104,0x50c2,0x5103,0x5144,0x38c3,0x1800,0x0800,0x0800,0x1021,0x0820,
  0x0800,0x0800,0x1820,0x2040,0x2881,0x1840,0x2061,0x2040,0x2861,0x2020,0x7b0c,0x93f0,0x8bef,0x8c2f,0x9491,0x9cd1,
  0x6aea,0x1860,0x59c5,0x7a87,0x7a46,0x6a06,0x59a5,0x4144,0x2060,0x2060,0x38e2,0x38e1,0x5184,0x4102,0x3060,0x30a1,
  0x30a2,0x28e2,0x28c1,0x30a0,0x38a0,0x5102,0x6183,0x4922,0x4943,0x30a1,0x2040,0x4964,0x6a27,0x4922,0x4901,0x4942,
  0x4aaa,0x31a6,0x6b8c,0x840e,0x9cd1,0xad94,0x52c9,0x2123,0x3a47,0x4289,0x4288,0x638c,0x3a47,0x5b2a,0x1923,0x4227,
  0x2164,0x3a27,0x73ad,0x6b6c,0x4247,0x0841,0x31c5,0x738c,0x842e,0x83ed,0xad32,0xc5d4,0xc5d4,0xc5b4,0xc593,0xc5b3,
  0xc5b3,0xcdd4,0xc5b3,0xcdb3,0xb4f0,0xacd0,0x8bab,0x834a,0xbd31,0xd5d4,0xbd10,0xbd10,0xcdb3,0xd5f4,0xcd92,0xde35,
  0xcdb3,0x6267,0x6267,0x7309,0x4983,0x4142,0x2880,0x9bcc,0xb4d0,0xac4e,0xb4cf,0xe655,0xe655,0xe655,0xe675,0xe676,
  0xe676,0xee96,0xacaf,0xb4af,0xcd92,0xc4f0,0xcd51,0xcd30,0xcd51,0xd592,0xbd10,0xee76,0xe656,0xe676,0xde76,0xe6b7,
  0xe676,0xeeb7,0xde14,0xac6e,0xd5b3,0xd592,0xc531,0xde55,0xe676,0xde36,0x9c0d,0xc553,0xe697,0xe696,0xe6b6,0xeed7,
  0xe6b7,0xeeb8,0xbd32,0x2081,0x1840,0x28a1,0x0800,0x41a5,0xbd32,0xe677,0xe656,0xee97,0xee97,0xf6b7,0xeeb6,0xeeb7,
  0xee96,0xeeb7,0xeeb7,0xeeb7,0xeeb7,0xeeb7,0xee96,0xeeb7,0xee97,0xeeb7,0xeeb7,0xe697,0xe676,0xee97,0xe676,0xee96,
  0xeeb6,0xbcf0,0xac6e,0xcd51,0xac4d,0xbc8e,0xc4ef,0xc4ce,0xbc8d,0xbc6d,0xac2c,0xb44c,0xa3eb,0xa3eb,0xe5d3,0xee55,
  0xe634,0xee75,0xee75,0xee75,0xee55,0xee55,0xe634,0xee55,0xe634,0xddf4,0xcd72,0xd5b3,0xe655,0xf696,0xee76,0xee55,
  0xf6b7,0xff19,0xde15,0x7b2a,0x1800,0x3923,0x7309,0xbd32,0xde15,0xe635,0xde34,0xe654,0xe654,0xee55,0xe655,0xee76,
  0xee75,0xee76,0xee76,0xf696,0xee75,0xf696,0xde14,0xddf4,0xd5d3,0xddd3,0xee55,0xee55,0xe634,0xee55,0xe654,0xee55,
  0xe655,0xee75,0xe655,0xee75,0xe655,0xee75,0xe655,0xee75,0xe655,0xee75,0xe655,0xee75,0xe655,0xee75,0xe655,0xe675,
  0xe655,0xee75,0xe675,0xee75,0xe675,0xee96,0xe695,0xee96,0xe675,0xee75,0xe655,0xe655,0xe655,0xee76,0xe655,0xee75,
  0xe674,0xee96,0xe675,0xe676,0xe697,0xe6b8,0xdeb8,0xeed9,0xff3b,0xcd33,0x9b6d,0x8a8a,0x6144,0x6924,0x6123,0x58e2,
  0x4060,0x4881,0x50c2,0x50e3,0x48a1,0x5143,0x6a27,0x82c9,0x7a68,0x7a27,0x69a5,0x79e6,0x79c6,0x7165,0x6103,0x6903,
  0x60e3,0x60e3,0x58e2,0x58e2,0x4040,0x4061,0x4081,0x3861,0x3840,0x3861,0x3841,0x3861,0x3861,0x3881,0x3060,0x3861,
  0x3060,0x3061,0x3061,0x3061,0x3061,0x3061,0x2840,0x2841,0x2840,0x3061,0x2840,0x2840,0x2840,0x2840,0x2840,0x2840,
  0x2040,0x2861,0x2840,0x3041,0x3040,0x3041,0x2840,0x3061,0x2840,0x3060,0x3040,0x3020,0x4061,0x6104,0x58e3,0x5903,
  0x5103,0x48c2,0x3061,0x2000,0x1000,0x1841,0x1020,0x1000,0x0800,0x1000,0x1820,0x2041,0x2040,0x2060,0x1840,0x2881,
  0x2041,0x3904,0x8bcf,0x9431,0x840f,0x9470,0x9cb1,0xacf2,0x5a68,0x2880,0x6247,0x7aa8,0x7225,0x6a05,0x4943,0x3902,
  0x1800,0x30a1,0x30e1,0x4122,0x5184,0x38c1,0x2860,0x30a1,0x30a1,0x30c2,0x20c0,0x30c1,0x40c1,0x5943,0x5122,0x5142,
  0x4942,0x30c2,0x1800,0x51a5,0x6206,0x4902,0x4101,0x4941,0x52eb,0x1903,0x632b,0x844f,0xad33,0xbdd5,0x4a89,0x1923,
  0x4268,0x3a48,0x3a68,0x5b4b,0x4268,0x5b2b,0x2164,0x3a07,0x3185,0x4a88,0x840f,0x6b6c,0x4227,0x2102,0x5288,0x8c6f,
  0x8c2e,0x9c90,0xc5f5,0xbdb3,0xc5d4,0xc5b4,0xc5b4,0xc593,0xc5b4,0xcdd4,0xcdf4,0xc5b3,0x9c2e,0xacaf,0xac8f,0x93cc,
  0xbd11,0xcd93,0xc552,0xbd31,0xd5d4,0xd5f4,0xd5d4,0xcdd4,0xcdd4,0x7b2a,0x730a,0x5a46,0x4984,0x3901,0x2041,0xc552,
  0xbcd0,0xac4e,0xc572,0xe676,0xe676,0xde35,0xe676,0xe696,0xeeb7,0xe676,0xac8e,0xb4af,0xcd72,0xc531,0xcd31,0xc530,
  0xcd31,0xcd51,0xcd52,0xee96,0xe656,0xe676,0xe697,0xe6b7,0xeeb7,0xee97,0xd5f4,0xa44e,0xddd4,0xc531,0xcd72,0xe676,
  0xe676,0xe656,0xbd52,0xcdd4,0xeeb7,0xe697,0xeeb7,0xe696,0xe6b7,0xe6b8,0x838c,0x1020,0x4144,0x1000,0x3103,0xacd1,
  0xe677,0xde36,0xee97,0xeeb7,0xeeb7,0xeeb7,0xf6b7,0xeeb7,0xeeb7,0xee97,0xeeb7,0xeeb7,0xf6b7,0xeeb7,0xeeb7,0xeeb7,
  0xeeb8,0xeeb7,0xf6d8,0xeeb7,0xf6b7,0xeeb7,0xf6b7,0xeeb6,0xe635,0xac4d,0xbccf,0xbcae,0xb46d,0xc4ef,0xcd10,0xbcae,
  0xbc8e,0xac0b,0xbc6d,0xbcae,0xa3eb,0xd592,0xee35,0xee55,0xee55,0xee55,0xee95,0xee75,0xee76,0xee55,0xee75,0xe655,
  0xee55,0xde14,0xe614,0xe655,0xf696,0xe655,0xe635,0xee76,0xcd73,0xc531,0x7b09,0x28a0,0x6247,0x8bab,0xc572,0xde35,
  0xde15,0xddf4,0xe635,0xe634,0xee55,0xe635,0xee75,0xee75,0xf696,0xee96,0xf6b7,0xf696,0xfeb7,0xee76,0xde14,0xddf3,
  0xee56,0xee55,0xe635,0xe634,0xee55,0xe655,0xee55,0xe655,0xee75,0xee55,0xee75,0xe655,0xee75,0xee55,0xee75,0xe655,
  0xee75,0xee75,0xee76,0xee75,0xee76,0xee75,0xee76,0xe675,0xee76,0xe675,0xee75,0xe675,0xee76,0xee75,0xee96,0xee95,
  0xee96,0xe675,0xee76,0xe655,0xee76,0xee75,0xee96,0xee95,0xee95,0xee95,0xeeb6,0xe676,0xeeb8,0xe6b8,0xe6d9,0xe6d9,
  0xff3b,0xee78,0xabae,0x8268,0x6965,0x6924,0x6924,0x50c2,0x4881,0x4881,0x4881,0x5923,0x7227,0x8b4c,0xbcf2,0xd5b5,
  0xcd13,0xa3ad,0x7a27,0x79e6,0x79e6,0x7164,0x6923,0x6903,0x7104,0x6903,0x7124,0x6923,0x5081,0x4020,0x4861,0x4040,
  0x4081,0x3861,0x3861,0x3861,0x3861,0x3861,0x3861,0x3841,0x3861,0x3061,0x3881,0x3061,0x3881,0x3061,0x3061,0x3040,
  0x3061,0x2840,0x3041,0x2840,0x3041,0x2840,0x2840,0x2840,0x3041,0x2840,0x3041,0x3040,0x3841,0x3041,0x3061,0x3061,
  0x3041,0x3061,0x3861,0x3800,0x58e3,0x79a6,0x7165,0x6985,0x6165,0x3840,0x2800,0x2000,0x2021,0x2041,0x1821,0x1000,
  0x1000,0x1820,0x2061,0x2040,0x2040,0x2060,0x2020,0x2881,0x2041,0x6269,0x9c51,0x8c0f,0x8c0f,0x9450,0xad12,0x9c6f,
  0x5a27,0x4984,0x7268,0x7a67,0x7206,0x61e5,0x5184,0x30c2,0x2020,0x30a1,0x38e2,0x4123,0x5184,0x3060,0x38a1,0x30a1,
  0x38c2,0x30c1,0x30e1,0x38c1,0x5123,0x6163,0x5922,0x4922,0x4943,0x38e2,0x2041,0x59e5,0x6206,0x40c1,0x4942,0x4121,
  0x4289,0x1923,0x52ea,0xa533,0xa532,0xb5b5,0x39c6,0x2985,0x4289,0x4aca,0x3a48,0x5b4c,0x4288,0x636b,0x2184,0x4a48,
  0x4247,0x52ca,0x842f,0x634c,0x2143,0x18c1,0x52c9,0x9490,0x8c4e,0xb573,0xbd93,0xc5b4,0xbdb3,0xc5d4,0xc5b3,0xc5b4,
  0xc5b3,0xcdf4,0xcdd4,0xc5b3,0x9c6e,0x9c4e,0x940c,0xc573,0xb4f0,0xd5d4,0xbd31,0xcd72,0xcdb2,0xcdb3,0xd5f4,0xd5f5,
  0xc5b3,0x7b4a,0x6287,0x5a46,0x4183,0x2880,0x4963,0xc532,0xa42d,0xb4af,0xde14,0xee76,0xde34,0xde55,0xe676,0xee97,
  0xe676,0xde35,0xa44d,0xbcf0,0xc551,0xcd72,0xbccf,0xc510,0xc510,0xc510,0xcdb2,0xee96,0xde55,0xe696,0xe6b7,0xe677,
  0xe696,0xeeb7,0xd5f4,0xb4af,0xddf4,0xbcf0,0xcd72,0xee96,0xde35,0xeeb7,0xde15,0xde35,0xe697,0xeed8,0xde76,0xde76,
  0xe6b7,0xc594,0x4184,0x3103,0x28c2,0x1840,0x836b,0xeeb8,0xcdd4,0xe676,0xe696,0xee96,0xe676,0xee97,0xee97,0xeeb7,
  0xe676,0xee97,0xe696,0xeeb7,0xeeb7,0xeeb7,0xeeb7,0xeeb7,0xeeb7,0xeeb7,0xeeb7,0xeed8,0xeeb7,0xeeb7,0xeeb7,0xee96,
  0xbd10,0xa42c,0xc510,0xbccf,0xbcef,0xc510,0xbcce,0xbc8e,0xac2c,0xac0c,0xb48e,0xac2c,0xcd71,0xee55,0xee75,0xee76,
  0xe655,0xee75,0xe655,0xee75,0xe655,0xee75,0xe655,0xee75,0xe655,0xee75,0xe655,0xee55,0xe655,0xee76,0xe656,0xde15,
  0xb4af,0x5a05,0x28a0,0x6aa7,0xacaf,0xcdd4,0xde55,0xe676,0xde34,0xe655,0xe655,0xee35,0xe634,0xee55,0xe655,0xee75,
  0xe675,0xee76,0xee75,0xee76,0xee96,0xde14,0xddf3,0xee75,0xee75,0xe655,0xe634,0xee75,0xe654,0xe655,0xe634,0xee55,
  0xe654,0xee55,0xe654,0xee55,0xe654,0xe655,0xe654,0xee55,0xe654,0xee55,0xe655,0xee75,0xe655,0xee75,0xee75,0xee75,
  0xe675,0xe675,0xe655,0xe675,0xe655,0xee75,0xe675,0xee96,0xe695,0xee96,0xe675,0xee76,0xe655,0xee76,0xee75,0xee96,
  0xe674,0xee95,0xe695,0xe676,0xe697,0xeed8,0xde97,0xe6b9,0xf71a,0xff5b,0x9b8d,0x8a89,0x6944,0x6924,0x6123,0x50c2,
  0x50c1,0x50c2,0x48c1,0x8aca,0xc4f2,0xde17,0xe678,0xe638,0xddf6,0xdd74,0x9b4c,0x7a07,0x71a5,0x7164,0x68e2,0x68e3,
  0x68e3,0x7103,0x7103,0x7144,0x58a1,0x4820,0x4020,0x4061,0x4061,0x3861,0x3840,0x3861,0x3041,0x3861,0x3841,0x3841,
  0x3820,0x3861,0x3041,0x3061,0x3061,0x3061,0x3041,0x3061,0x2840,0x3061,0x2840,0x3041,0x2840,0x2840,0x2840,0x3041,
  0x3040,0x3040,0x3020,0x3041,0x3041,0x3061,0x3041,0x3061,0x3040,0x3861,0x3820,0x4041,0x6103,0x81e7,0x79c6,0x71a5,
  0x5923,0x48a2,0x3881,0x3062,0x2020,0x2841,0x1800,0x1000,0x1000,0x2041,0x2061,0x2060,0x2040,0x2860,0x2040,0x2881,
  0x2061,0x838d,0x9c71,0x9451,0x9470,0x9491,0xa4f2,0x7b4c,0x51e5,0x7288,0x7247,0x7a67,0x6a05,0x61c5,0x4963,0x3081,
  0x2060,0x30e2,0x3902,0x5184,0x4942,0x2860,0x30a0,0x30c1,0x30a1,0x30c1,0x28c0,0x40e1,0x5142,0x6184,0x5122,0x5163,
  0x4121,0x30c0,0x28a1,0x6a47,0x59c5,0x38c1,0x4963,0x4101,0x2144,0x2985,0x6b8d,0xb5d5,0xa4f2,0xad74,0x4227,0x29a5,
  0x4268,0x530a,0x4289,0x636c,0x4ac9,0x638c,0x3a06,0x52a9,0x5aea,0x52a9,0x7bee,0x5b0b,0x2123,0x2943,0x7bad,0x840e,
  0x9cb0,0xad52,0xc5d5,0xc5d4,0xc5f4,0xbdb3,0xcdd4,0xc5d4,0xcdf4,0xcdf4,0xcdf4,0xbd72,0xacb0,0x9c6e,0xa48f,0xc572,
  0xb4d0,0xd5f4,0xcd93,0xcdb3,0xd5d4,0xcdb3,0xde15,0xde36,0xb511,0x49e5,0x6247,0x49c5,0x4184,0x28a0,0x8b8b,0xbd11,
  0xa42d,0xa46e,0xf6d7,0xe655,0xe635,0xde55,0xee97,0xe676,0xe676,0xe655,0xac8f,0xbd10,0xcd51,0xc551,0xcd31,0xc510,
  0xcd51,0xbd10,0xe655,0xee96,0xee97,0xe697,0xeed8,0xe696,0xe6b7,0xeed8,0xe676,0xb4f0,0xde15,0xc531,0xd5b3,0xee96,
  0xe676,0xee96,0xee97,0xde56,0xee97,0xeed7,0xeeb7,0xde56,0xe6b8,0x83ac,0x3102,0x28c2,0x1840,0x62a8,0xc594,0xe697,
  0xe676,0xe676,0xeeb7,0xeeb7,0xeeb7,0xeeb7,0xf6d8,0xeeb7,0xeeb7,0xee97,0xeeb8,0xeeb7,0xeed7,0xeeb7,0xf6d8,0xeeb7,
  0xeed8,0xeeb7,0xeeb8,0xeeb7,0xeeb7,0xee97,0xf6d7,0xe655,0xac8e,0xac8e,0xd592,0xcd71,0xc510,0xb48e,0xcd10,0xac4d,
  0xa3eb,0xac6d,0xb46e,0xcd31,0xee35,0xe635,0xf696,0xee55,0xee96,0xee75,0xee76,0xee55,0xee75,0xe655,0xee75,0xe655,
  0xee55,0xe655,0xf696,0xee96,0xee76,0xe655,0xe615,0xcd94,0x72a8,0x49a4,0x72e9,0xb511,0xcd93,0xe696,0xee76,0xe675,
  0xe675,0xe655,0xee55,0xee55,0xee76,0xee55,0xee76,0xee75,0xee76,0xee75,0xee76,0xe655,0xe635,0xd5d3,0xe635,0xee96,
  0xee76,0xe634,0xee76,0xee75,0xee75,0xe655,0xee75,0xee55,0xee75,0xe655,0xee76,0xee75,0xee75,0xee75,0xee76,0xee75,
  0xee75,0xe655,0xee75,0xee55,0xee75,0xee75,0xee76,0xe675,0xee75,0xe675,0xee76,0xee75,0xee96,0xee95,0xee96,0xee95,
  0xee95,0xe675,0xee76,0xe655,0xee55,0xe655,0xee96,0xe675,0xe675,0xe655,0xe676,0xde55,0xe697,0xe6b8,0xe6b8,0xe6d9,
  0xf71a,0xff1a,0xabef,0x8289,0x71a6,0x6964,0x79a6,0x6103,0x50a1,0x50c2,0x7a48,0xccd1,0xddd6,0xcdb6,0xe679,0xe617,
  0xe617,0xdd95,0x9b4c,0x69a5,0x79a5,0x7143,0x7103,0x68e2,0x7103,0x7103,0x7924,0x7944,0x7124,0x5060,0x4820,0x4840,
  0x4061,0x3840,0x3861,0x3861,0x3861,0x3841,0x3841,0x3821,0x3841,0x3840,0x3861,0x3041,0x3861,0x3061,0x3861,0x3061,
  0x3861,0x3061,0x3881,0x3061,0x3061,0x3061,0x3861,0x3061,0x3861,0x3040,0x3841,0x3021,0x3861,0x3041,0x3862,0x3061,
  0x3861,0x3020,0x3820,0x5081,0x6924,0x6924,0x7185,0x6123,0x50a1,0x5923,0x71e7,0x6186,0x4904,0x3882,0x3041,0x2000,
  0x2020,0x2861,0x3081,0x2860,0x2881,0x2860,0x30a2,0x2861,0x4986,0x9430,0xa4d2,0xa4f3,0xa4f2,0x9cb1,0x9c91,0x6248,
  0x6a27,0x7aa8,0x7a47,0x7247,0x6a26,0x5163,0x4123,0x2000,0x30a1,0x38e2,0x4964,0x59c5,0x4122,0x2860,0x38a1,0x30a1,
  0x30a1,0x28a0,0x30c1,0x4902,0x6164,0x6163,0x6163,0x5183,0x4142,0x1840,0x4122,0x72a8,0x59a5,0x38c1,0x51a4,0x3901,
  0x10e2,0x3a07,0x73cd,0xb5d5,0xa533,0xb5d5,0x3a06,0x29a5,0x3a27,0x5b2b,0x3a68,0x5b4c,0x3a27,0x530a,0x3a27,0x5aea,
  0x52ca,0x5aea,0x73ad,0x52a9,0x10a0,0x4207,0x7bed,0x9cd1,0xa532,0xbdb4,0xc5f5,0xbdd4,0xc5d4,0xc5d4,0xc5d3,0xc5d3,
  0xc5b3,0xcdf5,0xc5d4,0xc5b3,0xa48e,0x9c4e,0xcdb3,0xbd52,0xc572,0xcdd4,0xc593,0xcd93,0xd5d3,0xd615,0xcdd3,0xde56,
  0x942e,0x28c1,0x5a47,0x49a4,0x49c4,0x30c1,0xa46e,0xbd31,0xac6e,0xc572,0xe655,0xe675,0xe676,0xe676,0xde55,0xe696,
  0xeeb7,0xde35,0xacaf,0xc552,0xd5d3,0xc531,0xcd51,0xbccf,0xcd71,0xc531,0xeeb6,0xe676,0xe696,0xe697,0xde76,0xe6b7,
  0xe696,0xeeb7,0xde55,0xac8f,0xcd92,0xcd92,0xd5d3,0xeeb6,0xee96,0xe676,0xe696,0xe696,0xe6b7,0xeeb7,0xe697,0xe697,
  0xb532,0x5a47,0x1040,0x1000,0x49c5,0xb511,0xe697,0xe697,0xe696,0xe696,0xe696,0xeeb7,0xe696,0xeeb7,0xeeb7,0xeeb7,
  0xee97,0xee97,0xe696,0xeeb7,0xeeb7,0xeeb8,0xeeb7,0xeed8,0xeed7,0xeed8,0xeed7,0xf6d8,0xe676,0xee97,0xee96,0xd5d3,
  0x93ab,0xc510,0xcd71,0xcd30,0xc4ef,0xbccf,0xb4ae,0x9baa,0xb46d,0xa3ec,0xb4af,0xe634,0xe655,0xee76,0xe655,0xee76,
  0xe655,0xee75,0xe655,0xee75,0xee75,0xee76,0xe655,0xee75,0xe655,0xee55,0xe634,0xee75,0xe655,0xe635,0xd5f4,0x7ae9,
  0x72c8,0x8b6b,0xb4f0,0xde35,0xe675,0xe675,0xe654,0xe675,0xee75,0xee55,0xe655,0xf696,0xee55,0xee55,0xe655,0xee75,
  0xee75,0xee96,0xee75,0xee96,0xddf3,0xe635,0xee96,0xee96,0xee75,0xf696,0xe634,0xee75,0xee75,0xee55,0xe655,0xee75,
  0xee75,0xee96,0xe675,0xee75,0xee75,0xee75,0xe655,0xee75,0xe655,0xee75,0xe675,0xee75,0xee75,0xee75,0xee75,0xee96,
  0xe675,0xee75,0xe675,0xee95,0xee75,0xee96,0xe675,0xee95,0xe674,0xe675,0xe655,0xee75,0xe635,0xee55,0xee75,0xee75,
  0xe634,0xe675,0xde55,0xde75,0xe696,0xeed8,0xe6b8,0xe6f9,0xeed9,0xff7c,0xcd53,0x8aca,0x6985,0x7185,0x7164,0x6123,
  0x50a1,0x5102,0x8288,0xd533,0xd595,0xddf7,0xde17,0xee38,0xee37,0xccd2,0x7a27,0x71a5,0x79a4,0x7163,0x68e2,0x7102,
  0x7103,0x8124,0x7923,0x8144,0x7985,0x60c2,0x4000,0x4860,0x3820,0x3840,0x3860,0x3041,0x3040,0x3841,0x3020,0x3821,
  0x3820,0x3841,0x3040,0x3861,0x3040,0x3861,0x3060,0x3861,0x3061,0x3881,0x3061,0x3861,0x3061,0x3861,0x3061,0x3881,
  0x3861,0x3861,0x3020,0x3041,0x3021,0x3041,0x3041,0x3041,0x3041,0x3820,0x4040,0x6965,0x7185,0x6923,0x58c1,0x5080,
  0x50c1,0x6964,0x6164,0x6185,0x5945,0x5104,0x3882,0x3041,0x2840,0x3081,0x2040,0x2860,0x2860,0x2861,0x2861,0x1800,
  0x62aa,0xa4d2,0x9cb2,0xad54,0xa4f3,0xa4f2,0x940e,0x6227,0x7288,0x7a47,0x7a47,0x7247,0x6206,0x4943,0x38e2,0x1800,
  0x30c1,0x4103,0x4943,0x51a5,0x30c0,0x2860,0x2880,0x38c1,0x2880,0x30a0,0x30a0,0x5163,0x69a4,0x5923,0x5943,0x5183,
  0x4122,0x1800,0x4162,0x7ae9,0x4963,0x38a1,0x51a4,0x3921,0x1903,0x636c,0x8c70,0xbdd5,0xa513,0xad74,0x4a68,0x31e6,
  0x3a27,0x638d,0x3a48,0x5b4c,0x52ea,0x4aa8,0x4247,0x630b,0x632b,0x4a68,0x634c,0x4227,0x0860,0x4a68,0x7bcd,0x840e,
  0xb573,0xc5f5,0xc5f5,0xc5f4,0xc5f5,0xc5f4,0xcdf5,0xc5d4,0xce15,0xc5b4,0xcdf4,0xa4af,0xacd0,0xa4af,0xd5f4,0xbd31,
  0xcdb3,0xc572,0xc593,0xcdb3,0xde14,0xd5f4,0xd5f4,0xe677,0x8bcd,0x20a0,0x5a47,0x51e6,0x51c5,0x30c1,0xacb0,0xa46e,
  0xb4af,0xde34,0xe676,0xe675,0xee96,0xe676,0xe676,0xe676,0xf6b7,0xde15,0xb4d0,0xc551,0xd5b3,0xb4af,0xcd72,0xbccf,
  0xcd72,0xc551,0xee96,0xe655,0xe676,0xe696,0xe697,0xe696,0xeeb7,0xee97,0xde35,0xb4cf,0xcd93,0xc572,0xde35,0xeeb7,
  0xf6b7,0xee96,0xee96,0xe696,0xeeb7,0xe697,0xeed8,0xe6b7,0x9c2f,0x2902,0x0800,0x3143,0x8bad,0xd635,0xe676,0xe676,
  0xe676,0xe696,0xeeb7,0xeed7,0xeed7,0xeed7,0xeed7,0xeeb7,0xeeb8,0xeeb7,0xeeb7,0xe697,0xeeb8,0xeeb7,0xeed8,0xeeb7,
  0xeed8,0xeed8,0xf6d8,0xeed7,0xee77,0xf6d7,0xee76,0xac8e,0xc551,0xd592,0xd571,0xcd50,0xbc8e,0xb48e,0x9baa,0xa44d,
  0xac6e,0xac4d,0xe655,0xe655,0xe655,0xee76,0xe676,0xee96,0xee96,0xee76,0xee96,0xe675,0xee76,0xe675,0xee76,0xe655,
  0xee96,0xe635,0xee76,0xe655,0xee76,0xd5b3,0xac6e,0x834a,0xac8f,0xbd32,0xde15,0xe696,0xee76,0xe655,0xee75,0xe655,
  0xee75,0xee55,0xee76,0xee76,0xf676,0xee55,0xee96,0xee75,0xee96,0xf696,0xee75,0xd5d3,0xee55,0xee75,0xee96,0xee75,
  0xf696,0xee96,0xee76,0xee75,0xee96,0xee75,0xee76,0xee75,0xee76,0xee55,0xee75,0xe655,0xee75,0xee75,0xee96,0xee75,
  0xf696,0xee75,0xee75,0xee75,0xf696,0xee75,0xee96,0xee75,0xee96,0xee75,0xee96,0xee75,0xee76,0xe675,0xe675,0xe675,
  0xee75,0xee75,0xee76,0xe655,0xee76,0xee76,0xee96,0xee96,0xee96,0xe675,0xe675,0xde55,0xe676,0xeeb7,0xeed9,0xdeb8,
  0xf6fa,0xff5b,0xf6d9,0x7a68,0x71a6,0x7185,0x7185,0x58e2,0x58c2,0x50c1,0x71e6,0xbc4f,0xdd74,0xcd54,0xe5b6,0xd554,
  0xabce,0x8268,0x71a5,0x71a4,0x81e5,0x7143,0x7123,0x7122,0x7943,0x8143,0x8164,0x8144,0x8185,0x6903,0x5040,0x4000,
  0x4040,0x4060,0x3861,0x3861,0x3881,0x3040,0x3841,0x3820,0x4041,0x3840,0x3861,0x3840,0x3861,0x3861,0x3861,0x3861,
  0x3881,0x3861,0x3881,0x3860,0x3861,0x3861,0x3881,0x3861,0x4081,0x3861,0x3861,0x3861,0x3862,0x3041,0x3862,0x3861,
  0x3020,0x3840,0x50c2,0x6124,0x81e7,0x81e6,0x58a1,0x50a1,0x6944,0x6123,0x6945,0x6124,0x5904,0x50e3,0x40a2,0x3061,
  0x3061,0x3061,0x3061,0x2860,0x3081,0x3081,0x2841,0x30c2,0x83ae,0xad13,0xa513,0xa513,0xad33,0xa4d2,0x7b0b,0x51c5,
  0x8aea,0x7a67,0x7a47,0x7247,0x59e6,0x4122,0x2020,0x2040,0x38c1,0x4963,0x59c5,0x5184,0x2860,0x30a0,0x3080,0x3080,
  0x38c1,0x3080,0x4922,0x5983,0x6163,0x6143,0x5963,0x4962,0x4143,0x2020,0x5a05,0x7287,0x38c2,0x4102,0x51a4,0x30e0,
  0x1923,0x7c0e,0x94b1,0xbdd5,0xa532,0x9cf2,0x31c5,0x39e6,0x3a48,0x4aea,0x4289,0x530b,0x530a,0x638c,0x31c5,0x5aca,
  0x8c50,0x4a48,0x844f,0x31c6,0x10a0,0x6b6c,0x8c90,0x9490,0xad93,0xb5b4,0xbdb4,0xc5f4,0xc5f4,0xc5d4,0xcdf4,0xcdf5,
  0xce14,0xc5f4,0xcdf4,0x9c6f,0xa4af,0xb531,0xd615,0xc593,0xcdb3,0xc593,0xc593,0xd5f4,0xd614,0xd5f4,0xcdb3,0xde56,
  0x838b,0x3102,0x4184,0x5a67,0x28e1,0x6287,0xb511,0xa44d,0xbd10,0xde35,0xde55,0xe676,0xe675,0xe696,0xe676,0xe676,
  0xe676,0xde35,0xac8e,0xbd10,0xc551,0xc510,0xd592,0xbcf0,0xbd30,0xcd92,0xe675,0xe675,0xde55,0xe696,0xe676,0xe696,
  0xe696,0xeeb7,0xe676,0xbd10,0xbd10,0xcd93,0xde14,0xee96,0xe675,0xe696,0xe675,0xe696,0xe696,0xe6b7,0xe697,0xd616,
  0x732a,0x1020,0x3123,0x8bed,0xbd93,0xde56,0xe676,0xee97,0xe696,0xe696,0xe6b6,0xeed7,0xe6b6,0xeeb7,0xe6b7,0xeeb7,
  0xe697,0xeeb7,0xee97,0xeeb7,0xeeb7,0xeed7,0xeeb7,0xeeb8,0xe6b7,0xeed8,0xeeb7,0xeed7,0xf6f8,0xf6d7,0xcd72,0xa42d,
  0xd5d3,0xddd3,0xcd71,0xbcce,0xac8d,0xa42c,0xb4cf,0xac8e,0xa44d,0xd5f3,0xee96,0xe656,0xe655,0xeeb7,0xe655,0xee76,
  0xee96,0xee96,0xee75,0xee76,0xe655,0xee75,0xe655,0xee96,0xde34,0xf6d7,0xe655,0xe655,0xd5f3,0xb4ef,0x9c0d,0xac90,
  0xc552,0xde35,0xe676,0xe676,0xe655,0xe675,0xe654,0xee75,0xe655,0xee75,0xe655,0xee56,0xee55,0xee76,0xe655,0xee76,
  0xee75,0xe655,0xddf3,0xddf4,0xe655,0xee76,0xee75,0xee96,0xee75,0xee76,0xee96,0xee96,0xee75,0xee96,0xee75,0xee75,
  0xe655,0xee55,0xe654,0xee55,0xe654,0xee75,0xee75,0xee75,0xe655,0xee55,0xee75,0xee96,0xee95,0xf696,0xee75,0xee96,
  0xe675,0xee96,0xe675,0xee75,0xe654,0xe655,0xe675,0xee95,0xe675,0xee95,0xe675,0xe656,0xe675,0xee96,0xee76,0xee76,
  0xe675,0xe675,0xe675,0xe675,0xde55,0xe697,0xe6d8,0xe6d9,0xe6d8,0xff1a,0xf71a,0x934b,0x7206,0x7a27,0x71a5,0x6924,
  0x58e2,0x50c1,0x5923,0x8288,0x932b,0x82aa,0x69a6,0x8269,0x7a27,0x71c5,0x7a27,0x8227,0x81e5,0x7984,0x7142,0x7942,
  0x7922,0x8983,0x8983,0x89a5,0x89c5,0x8164,0x5060,0x4820,0x4060,0x3840,0x3040,0x3861,0x3060,0x3840,0x3040,0x4061,
  0x3820,0x3840,0x3840,0x3841,0x3040,0x3840,0x3020,0x3840,0x3040,0x3861,0x3840,0x3861,0x3040,0x3861,0x3840,0x3861,
  0x3860,0x3861,0x3840,0x3861,0x3060,0x3861,0x3861,0x3861,0x3000,0x4881,0x6123,0x6923,0x6123,0x6102,0x6102,0x79a5,
  0x7184,0x6924,0x6103,0x58e3,0x50e3,0x50e3,0x3861,0x3841,0x3020,0x3040,0x2840,0x3060,0x2840,0x2840,0x2020,0x49a6,
  0xacf3,0xb554,0xb575,0xbdb6,0xad54,0xa4b1,0x6268,0x59c5,0x6a26,0x8267,0x7226,0x6206,0x49a4,0x30c2,0x1000,0x3080,
  0x38e1,0x5184,0x59e5,0x5164,0x2040,0x30a1,0x3080,0x30a0,0x30c0,0x30a0,0x4941,0x61a3,0x5962,0x6184,0x5963,0x4963,
  0x30c0,0x2881,0x6246,0x6a46,0x2860,0x51a5,0x49a4,0x28a0,0x2164,0x7c2f,0xa533,0xad74,0xad73,0x8c4f,0x2964,0x31e6,
  0x4289,0x3a48,0x5b2c,0x42a9,0x530b,0x6bcd,0x39e6,0x52a9,0x9cd2,0x5aca,0x840f,0x39e6,0x31a5,0x7bcd,0x73ad,0x9cd1,
  0xc5f5,0xbdf5,0xc615,0xbdb4,0xc5d4,0xc5d4,0xce15,0xcdf4,0xce15,0xce15,0xcdf5,0x9c6e,0xa48f,0xbd52,0xde36,0xc5b3,
  0xd615,0xc593,0xcd93,0xd5f4,0xde35,0xd615,0xd5d4,0xd5f5,0x7b4b,0x3122,0x5227,0x730a,0x3102,0x836b,0xb4f1,0x93ec,
  0xd5d3,0xde34,0xe676,0xe676,0xe697,0xe696,0xee97,0xe676,0xee97,0xde15,0xac8f,0xbd10,0xc531,0xc551,0xcd72,0xbd10,
  0xc551,0xd5f4,0xee97,0xe675,0xe696,0xe696,0xee96,0xe676,0xeeb7,0xe696,0xeed7,0xb4f0,0xac8f,0xd5d3,0xe656,0xee96,
  0xee96,0xe696,0xeeb6,0xe6b6,0xeed7,0xe6d7,0xe697,0xbd73,0x3944,0x0800,0x6288,0xcdf5,0xe697,0xde76,0xeeb7,0xeed7,
  0xeed7,0xe6b6,0xeed7,0xe6b7,0xeeb7,0xe6b7,0xeeb7,0xe697,0xeeb7,0xeeb7,0xeeb7,0xeeb7,0xeed8,0xeed7,0xeed8,0xeeb7,
  0xeeb8,0xeeb7,0xf6d8,0xe676,0xeeb7,0xee96,0xbd10,0xb4cf,0xddf4,0xcd92,0xbccf,0xbcef,0xb48e,0xbd10,0xc531,0x9c0c,
  0xcd72,0xee96,0xee96,0xe676,0xeeb7,0xeeb7,0xee97,0xeeb7,0xeeb7,0xee96,0xee96,0xee96,0xee96,0xe675,0xee76,0xee76,
  0xee96,0xe655,0xe655,0xd5d3,0xd5f3,0xcd92,0xcd93,0xd5b4,0xe676,0xee96,0xee76,0xe675,0xeeb6,0xee96,0xee75,0xee96,
  0xf696,0xee75,0xee76,0xee55,0xee76,0xee75,0xee76,0xee75,0xee76,0xde34,0xe635,0xee75,0xee96,0xee96,0xf696,0xee96,
  0xee96,0xee96,0xee96,0xe655,0xee75,0xee75,0xf696,0xee96,0xee96,0xee75,0xee76,0xee75,0xee76,0xee75,0xf696,0xee75,
  0xee75,0xe655,0xee76,0xee75,0xf6b6,0xee96,0xf6b6,0xee95,0xee96,0xee95,0xee96,0xe675,0xee75,0xe675,0xee96,0xee95,
  0xee96,0xee95,0xee96,0xe655,0xee76,0xee76,0xee96,0xe675,0xee75,0xe675,0xee96,0xe675,0xe676,0xe696,0xeed8,0xe6d9,
  0xeef9,0xf71a,0xff9c,0xbcf1,0x7a47,0x8268,0x8a48,0x6944,0x60e2,0x50a1,0x58e2,0x6984,0x6985,0x6123,0x79c6,0x8228,
  0x8a68,0xb3cd,0xbc0e,0x8247,0x8206,0x79c5,0x79a4,0x81a4,0x89c4,0x91c4,0x99e5,0x9a06,0x9a27,0x89c5,0x7103,0x5060,
  0x4840,0x4040,0x4060,0x4061,0x4061,0x3860,0x4061,0x3861,0x3841,0x3820,0x4061,0x3840,0x3861,0x3840,0x3841,0x3840,
  0x3841,0x3840,0x3841,0x3840,0x3861,0x3840,0x4061,0x3861,0x4081,0x3840,0x3861,0x3861,0x3881,0x3860,0x4081,0x3820,
  0x4881,0x6965,0x8207,0x7164,0x60c2,0x58c1,0x6944,0x7184,0x81c6,0x79a5,0x6965,0x58e3,0x58e3,0x48a2,0x3861,0x3020,
  0x3040,0x3040,0x3061,0x3040,0x3061,0x3061,0x3082,0x72eb,0xcdd7,0xbdd6,0xbd96,0xbdd6,0xc5b6,0x9c50,0x4984,0x59c5,
  0x7246,0x7a66,0x8287,0x59c5,0x4984,0x2040,0x2020,0x38e1,0x5163,0x59c5,0x61e6,0x4122,0x3080,0x2880,0x38c1,0x30a0,
  0x38c1,0x38c0,0x5982,0x5983,0x6184,0x6183,0x6184,0x5163,0x2880,0x28a1,0x7ae8,0x6a25,0x2820,0x5184,0x4964,0x28c1,
  0x2164,0x8450,0xa573,0xad94,0xa532,0x9cb1,0x31c5,0x4248,0x3a48,0x4289,0x5b4c,0x3a68,0x4ac9,0x4a89,0x2984,0x632b,
  0x9491,0x5aea,0x6b8c,0x4227,0x2963,0x8c4f,0x842e,0xa533,0xc615,0xc5f5,0xbdf4,0xc615,0xc5f4,0xc5f4,0xce15,0xce15,
  0xcdf4,0xce15,0xc5d3,0x9c6f,0xa4af,0xcdd4,0xd635,0xc593,0xcdf4,0xc552,0xb510,0xd5f4,0xd614,0xde56,0xd615,0xcdd4,
  0x62a8,0x3102,0x5a68,0x49e5,0x3102,0x93ed,0x9c2d,0xacaf,0xd5f4,0xe676,0xe675,0xe676,0xde76,0xe676,0xde55,0xe676,
  0xee97,0xe635,0xacaf,0xd5b3,0xbd10,0xcd72,0xb4cf,0xd5b3,0xc531,0xe655,0xe696,0xe676,0xe696,0xeeb6,0xe696,0xeeb7,
  0xe696,0xee97,0xe676,0xaccf,0xa44d,0xd5f4,0xe676,0xeeb7,0xe696,0xeeb6,0xe6b6,0xeeb6,0xe6b6,0xeed8,0xde56,0x83ac,
  0x1020,0x5a47,0x9c8f,0xd636,0xde76,0xe676,0xe696,0xeed7,0xeeb6,0xeed7,0xe6b7,0xeed7,0xe6b6,0xeeb7,0xe696,0xeeb7,
  0xe697,0xeeb7,0xe697,0xeed8,0xeeb7,0xeed8,0xeeb7,0xeeb7,0xe6b7,0xeeb7,0xe697,0xee97,0xe655,0xe655,0xbd10,0xd5d3,
  0xd5b2,0xcd71,0xbd10,0xb48e,0xac8d,0xbcf0,0x9c0c,0xb4f0,0xe696,0xe635,0xde55,0xee97,0xee96,0xee96,0xee96,0xf6d7,
  0xee96,0xee96,0xe675,0xee96,0xe675,0xee76,0xe675,0xe675,0xe675,0xee96,0xde54,0xd5d3,0xc551,0xcdb2,0xde34,0xee97,
  0xe676,0xe676,0xe675,0xee96,0xeeb6,0xf6b6,0xe675,0xf696,0xee96,0xee96,0xe675,0xee76,0xe675,0xe675,0xee96,0xee76,
  0xe634,0xee76,0xee96,0xee96,0xee96,0xee96,0xee96,0xee96,0xee75,0xee76,0xe655,0xe655,0xe655,0xee96,0xee95,0xf696,
  0xee96,0xf6b6,0xee95,0xee75,0xee75,0xee75,0xe675,0xee75,0xe655,0xee55,0xe654,0xee75,0xee75,0xee96,0xee95,0xee96,
  0xe675,0xee75,0xe675,0xee96,0xee95,0xee96,0xe675,0xe675,0xe675,0xee75,0xe675,0xe675,0xe655,0xee76,0xe655,0xee96,
  0xe675,0xe675,0xe654,0xe655,0xe655,0xee97,0xe6b7,0xeed9,0xeed9,0xf6f9,0xff7b,0xddf5,0x7a88,0x8aa8,0x8a68,0x6944,
  0x58a1,0x58c1,0x5902,0x6984,0x7184,0x7985,0x79c5,0xab4c,0xe533,0xe533,0x8aa9,0x71c6,0x79e6,0x71a5,0x7163,0x81c5,
  0x89e4,0x91c5,0x91c4,0xa226,0x99e5,0x91e5,0x81a4,0x60c1,0x4000,0x4840,0x4880,0x4860,0x4060,0x4061,0x3840,0x3840,
  0x3820,0x3840,0x3840,0x3840,0x3840,0x3841,0x3840,0x3841,0x3840,0x3840,0x3040,0x3840,0x3840,0x3861,0x3840,0x3861,
  0x3860,0x3861,0x3840,0x3881,0x3860,0x4060,0x4060,0x4840,0x5081,0x6903,0x81e6,0x9227,0x6944,0x60e2,0x58c1,0x60a1,
  0x6903,0x7985,0x6985,0x6124,0x50c2,0x4081,0x3840,0x3040,0x3020,0x3841,0x3040,0x3040,0x3040,0x3061,0x30a2,0x9c10,
  0xce17,0xc617,0xc617,0xbdd6,0xc5b6,0x836c,0x2880,0x6205,0x82e8,0x7a66,0x6a25,0x51c5,0x3123,0x1000,0x2020,0x4922,
  0x5183,0x6206,0x59e5,0x38e1,0x2860,0x2860,0x30c0,0x38c0,0x30a0,0x4921,0x59a2,0x6182,0x6183,0x6184,0x5983,0x51a4,
  0x2880,0x4962,0x7ae8,0x59c4,0x2820,0x5184,0x3902,0x3102,0x3a27,0x8470,0xa574,0xad73,0xad53,0xad74,0x4227,0x31c5,
  0x3a07,0x4269,0x6bae,0x4aca,0x638d,0x4aca,0x2144,0x6b8c,0xad54,0x4a68,0x7bef,0x39e6,0x2123,0x8c90,0xa512,0xad73,
  0xce36,0xc5f5,0xbdd5,0xce35,0xce15,0xcdf5,0xd656,0xce15,0xce35,0xd636,0xc5d4,0xa4d0,0xbd52,0xde56,0xde36,0xbd72,
  0xd615,0xbd73,0xb511,0xd5f4,0xde35,0xde35,0xde56,0xbd73,0x49e6,0x3102,0x732b,0x3142,0x3923,0xa48f,0x8b8b,0xbd30,
  0xe655,0xeeb6,0xe696,0xe696,0xe697,0xe676,0xe676,0xe676,0xee97,0xd5f4,0xbcf0,0xcd72,0xc531,0xcd72,0xbcf0,0xcd92,
  0xc552,0xe676,0xee96,0xe676,0xeeb7,0xe696,0xeeb7,0xe6b6,0xeeb7,0xeeb7,0xe697,0xb4f0,0xb4d0,0xcdb4,0xeeb7,0xe697,
  0xeeb7,0xe696,0xeeb6,0xe6b6,0xeeb7,0xeed8,0xbd53,0x3102,0x4185,0xbd33,0xde77,0xde76,0xe697,0xe676,0xeeb7,0xeeb7,
  0xeed7,0xeeb7,0xeed8,0xe6b7,0xeeb8,0xe6b7,0xeeb7,0xe6b7,0xeeb7,0xeeb7,0xeed7,0xeeb7,0xf6d8,0xeed8,0xf6d8,0xeeb7,
  0xeeb8,0xeeb7,0xee97,0xf6f8,0xf6b7,0xbd10,0xc531,0xddf3,0xd5b3,0xcd71,0xbcf0,0xbcef,0xcd72,0xb4cf,0xcd72,0xe676,
  0xeeb7,0xe676,0xeeb7,0xeeb7,0xee97,0xe676,0xf6b7,0xee96,0xee76,0xee76,0xee96,0xe676,0xee96,0xee96,0xee96,0xee96,
  0xe655,0xe675,0xd5f3,0xc571,0xcd72,0xd5b2,0xee96,0xe675,0xee96,0xee96,0xee96,0xee76,0xee76,0xee76,0xf696,0xee76,
  0xf696,0xee76,0xee96,0xee96,0xee96,0xee75,0xee96,0xe675,0xee76,0xee76,0xee96,0xee76,0xee76,0xee76,0xee96,0xee76,
  0xee96,0xee75,0xee76,0xee75,0xf6b6,0xf696,0xf6b6,0xee96,0xf696,0xee75,0xee96,0xee75,0xee75,0xe655,0xee75,0xee75,
  0xee76,0xee75,0xee76,0xee75,0xee76,0xee75,0xee96,0xee95,0xee96,0xee75,0xee96,0xee95,0xee96,0xee75,0xee96,0xe675,
  0xee95,0xee75,0xee75,0xe655,0xee76,0xe656,0xee76,0xee96,0xee96,0xe675,0xee75,0xe675,0xee76,0xee96,0xf6d8,0xeed9,
  0xf6f9,0xe6b8,0xff1a,0xee77,0x9b8c,0x8ac9,0x8a88,0x7164,0x60c2,0x60c2,0x68e2,0x6923,0x7143,0x7984,0xb34b,0xcc2e,
  0xb3ad,0x8aa9,0x8aca,0xb40e,0xabce,0x92a9,0x79c5,0x7984,0x89a5,0x8984,0x99e5,0xa226,0xa206,0x99e6,0xa227,0x81a4,
  0x68c2,0x5040,0x5060,0x4860,0x4881,0x4861,0x4061,0x3840,0x4061,0x4040,0x4061,0x3840,0x4041,0x3840,0x4040,0x3840,
  0x4041,0x4040,0x4061,0x3840,0x4061,0x3840,0x4061,0x4061,0x4082,0x4061,0x4081,0x4061,0x4060,0x4060,0x5080,0x60c2,
  0x89c6,0x8164,0x60a1,0x7123,0x8a07,0x79c6,0x7965,0x68e2,0x60c2,0x60e2,0x6924,0x5903,0x48c2,0x3861,0x3861,0x3040,
  0x3861,0x3040,0x3041,0x3040,0x3881,0x2820,0x5186,0xc575,0xde79,0xbdb6,0xce18,0xbd95,0xacd3,0x49a5,0x38e2,0x6226,
  0x82e8,0x7245,0x59c3,0x4184,0x28c2,0x1000,0x30a0,0x4942,0x5984,0x61e5,0x59c5,0x30a0,0x3081,0x2860,0x30c1,0x30c0,
  0x40e1,0x5162,0x61c2,0x5982,0x69a4,0x61a4,0x61c5,0x4963,0x30a1,0x6265,0x72a7,0x4942,0x5122,0x61c5,0x38e2,0x3102,
  0x4288,0x8490,0x9d12,0x9d12,0xa553,0xad74,0x31a5,0x2985,0x3a27,0x3207,0x638d,0x4aca,0x5b2b,0x4268,0x10c2,0x7bad,
  0xa533,0x4227,0x5aea,0x39e6,0x31e5,0x9cf2,0xad93,0xbdd5,0xc636,0xce36,0xbdd4,0xce36,0xc5f4,0xce35,0xce35,0xce36,
  0xce35,0xd656,0xc5b4,0xb532,0xad11,0xd635,0xcdf4,0xbd32,0xcdf4,0xcdb4,0xb531,0xde15,0xde35,0xde35,0xde56,0xacf1,
  0x28c1,0x3964,0x732b,0x28e2,0x5226,0xb532,0x9c2d,0xc551,0xe695,0xe675,0xde75,0xe696,0xe696,0xe697,0xe676,0xe676,
  0xe656,0xd5f4,0xbcf0,0xc552,0xcd92,0xd5d3,0xc531,0xcd92,0xc551,0xe676,0xe676,0xe696,0xe675,0xe696,0xe696,0xeeb7,
  0xe696,0xf6f8,0xeeb7,0xc593,0xb4f0,0xd5d4,0xe697,0xe6b7,0xe696,0xe6b6,0xe6b6,0xeed7,0xeed7,0xde56,0x7b6b,0x28a1,
  0x9c4f,0xcdf5,0xde77,0xd635,0xe6b7,0xee97,0xeeb7,0xeeb7,0xe6b7,0xeeb7,0xe6b7,0xe697,0xe6b7,0xe6b7,0xe6b7,0xeeb7,
  0xe6b7,0xeeb7,0xeeb7,0xeed8,0xeed7,0xeed8,0xeed8,0xeed8,0xe6b7,0xeeb7,0xe697,0xeeb7,0xd5f4,0x9bec,0xcd51,0xddf3,
  0xcd92,0xb48e,0xac8e,0xc571,0xb4ef,0xbd31,0xe655,0xeeb7,0xde55,0xeed7,0xe696,0xe696,0xe675,0xee96,0xeeb6,0xee76,
  0xe675,0xee76,0xe676,0xee76,0xe675,0xee96,0xee96,0xee96,0xe675,0xde14,0xde14,0xde14,0xd5d3,0xee96,0xe675,0xee75,
  0xee95,0xee96,0xe655,0xe655,0xe655,0xee76,0xee56,0xee76,0xe675,0xee96,0xee76,0xee96,0xe675,0xee96,0xe655,0xee76,
  0xee96,0xee75,0xe635,0xee96,0xe655,0xee75,0xe675,0xee96,0xe675,0xee96,0xee76,0xee75,0xe655,0xee75,0xee75,0xee76,
  0xee75,0xee96,0xee75,0xee76,0xe655,0xee75,0xee75,0xee76,0xee75,0xee96,0xee96,0xee96,0xee75,0xee96,0xee75,0xee96,
  0xee95,0xf6b6,0xee95,0xee75,0xe655,0xee75,0xe675,0xee96,0xee75,0xee75,0xe675,0xee76,0xe676,0xee76,0xe676,0xee96,
  0xe675,0xee95,0xe695,0xee96,0xe655,0xee76,0xe677,0xeeb9,0xeef9,0xeef9,0xf6f9,0xf6f9,0xb4b0,0x930a,0x92c9,0x7185,
  0x5880,0x60a1,0x58a1,0x60e2,0x6902,0x7943,0x81c5,0x9a88,0x71c5,0x9b2b,0xdd95,0xf659,0xee17,0xd4f3,0x92a9,0x7985,
  0x8184,0x91a5,0xa206,0xaa47,0xaa46,0xaa47,0xa226,0xaa68,0x91e6,0x68c2,0x5861,0x58a2,0x5081,0x50a1,0x48a1,0x48a2,
  0x48a1,0x48a2,0x4882,0x4882,0x4061,0x4061,0x4060,0x4061,0x3840,0x4081,0x4061,0x4061,0x3860,0x4061,0x4061,0x4061,
  0x4061,0x4882,0x4061,0x4061,0x4040,0x58a1,0x6902,0x89e6,0x91e6,0x91c6,0x89a5,0x8185,0x6903,0x79a5,0x81c6,0x8185,
  0x6903,0x60e2,0x58e2,0x50c2,0x3840,0x3040,0x3060,0x3040,0x3040,0x3040,0x3040,0x3841,0x3861,0x2820,0x72ca,0xeeba,
  0xd638,0xce38,0xb595,0xbd96,0x5a89,0x2040,0x51c5,0x7267,0x6a45,0x7285,0x51a2,0x3922,0x1040,0x1820,0x38e1,0x4942,
  0x5183,0x61c5,0x4943,0x2880,0x2860,0x30a1,0x30a0,0x38c1,0x4121,0x59a3,0x5161,0x6182,0x61c3,0x61a4,0x59a4,0x38e1,
  0x2080,0x6a86,0x7286,0x5142,0x5983,0x5984,0x2880,0x3923,0x5b0a,0x94f2,0xad94,0x9cf2,0xbdd5,0xa553,0x39c5,0x3a07,
  0x4248,0x3a28,0x740f,0x638d,0x636c,0x4268,0x2144,0x8c50,0xad54,0x2143,0x5289,0x39c6,0x4227,0xad73,0xc636,0xc636,
  0xbdf5,0xc635,0xc615,0xce35,0xce36,0xce35,0xd656,0xce35,0xd636,0xce35,0xc5b4,0xbd72,0xb531,0xde56,0xde56,0xbd52,
  0xcdf5,0xcdf4,0xc573,0xd615,0xe676,0xde76,0xeeb8,0xa4b0,0x1020,0x49e6,0x5a68,0x1820,0x7b4b,0xbd52,0xa46e,0xde14,
  0xee96,0xde55,0xe676,0xe676,0xe676,0xe676,0xee97,0xe676,0xf6d8,0xde15,0xac8f,0xd5b3,0xd5b3,0xddf4,0xa40d,0xcd92,
  0xcdb3,0xde55,0xee96,0xeeb7,0xe696,0xeeb6,0xeed7,0xeeb7,0xeed7,0xeeb7,0xf6f8,0xcdb3,0xb4f0,0xde55,0xeeb7,0xe6b7,
  0xe6b7,0xe696,0xeeb7,0xe696,0xf718,0xcdd4,0x3923,0x62a8,0xb512,0xcdd5,0xde77,0xeed7,0xe676,0xeeb7,0xf6d8,0xeeb7,
  0xeed7,0xe6b7,0xeed8,0xe697,0xe6b7,0xe6b7,0xeeb7,0xe6b7,0xeeb7,0xeeb7,0xf6d8,0xeeb7,0xeed8,0xeef8,0xf6f9,0xeed8,
  0xeed8,0xeed7,0xeeb8,0xe656,0xc552,0xb4cf,0xde14,0xc551,0xbccf,0xbd10,0xcd92,0xb4af,0xb4cf,0xde35,0xeed7,0xeed7,
  0xeed8,0xe696,0xeeb7,0xe696,0xeeb7,0xee96,0xee96,0xee96,0xee96,0xee76,0xee97,0xee76,0xee96,0xee96,0xeeb7,0xe676,
  0xe675,0xcdb2,0xe635,0xee96,0xee96,0xe654,0xee75,0xee74,0xee95,0xee75,0xee76,0xee55,0xee76,0xee76,0xee76,0xe656,
  0xee96,0xee96,0xf6b7,0xe675,0xe675,0xe655,0xee96,0xe675,0xee76,0xe675,0xee96,0xee96,0xee96,0xee96,0xf6b7,0xee96,
  0xee96,0xee76,0xee96,0xee75,0xee76,0xee75,0xee96,0xee75,0xee96,0xee95,0xee96,0xee75,0xee96,0xee95,0xf696,0xee75,
  0xee75,0xe655,0xf696,0xee96,0xf6b6,0xee96,0xf6b6,0xee96,0xeeb6,0xeeb6,0xf6b6,0xee96,0xee96,0xee75,0xee96,0xee75,
  0xee95,0xe675,0xee96,0xee76,0xee96,0xe676,0xee97,0xee96,0xee96,0xe675,0xee75,0xe675,0xee76,0xe655,0xee98,0xeeb9,
  0xf6fa,0xeef9,0xeef9,0xff19,0xde16,0x8b2a,0x9b2b,0x79a5,0x60a1,0x60a1,0x68c2,0x60a1,0x68c1,0x68e1,0x7984,0x79e5,
  0x8227,0xbc50,0xf638,0xee17,0xf639,0xedd6,0xb3ae,0x7164,0x89a5,0x9a06,0xb288,0xb267,0xba88,0xb267,0xb268,0xaa68,
  0xaa68,0x9a07,0x8144,0x60a1,0x60a2,0x58a2,0x60e3,0x50c2,0x50c2,0x50a2,0x50c3,0x48a2,0x48a2,0x4881,0x48a2,0x4881,
  0x4882,0x4061,0x4882,0x4081,0x4081,0x4061,0x4881,0x4061,0x4862,0x4062,0x4882,0x4861,0x5081,0x6923,0x9a47,0xa227,
  0xa227,0x99c6,0x8144,0x7924,0x7945,0x6923,0x7144,0x81a6,0x7985,0x6103,0x6103,0x50a2,0x3840,0x3040,0x3881,0x3060,
  0x3061,0x3040,0x3861,0x3861,0x3861,0x4924,0xc575,0xe69a,0xde79,0xc617,0xc5d7,0x9451,0x2082,0x2060,0x6226,0x7267,
  0x7a87,0x6a44,0x51a3,0x20a0,0x0800,0x2080,0x4923,0x4101,0x61e5,0x5984,0x4102,0x2860,0x2860,0x3902,0x38c1,0x38c0,
  0x4942,0x61e3,0x5961,0x5982,0x69e4,0x61a4,0x61e5,0x30c0,0x30c0,0x6a86,0x7aa7,0x40e1,0x5163,0x4943,0x38e2,0x4123,
  0x4a88,0xa553,0xb5d4,0x9cf2,0xbdd5,0xa512,0x31c5,0x4227,0x4289,0x4289,0x63ad,0x638d,0x6bcd,0x4248,0x1923,0x9cf2,
  0xa553,0x31a5,0x5aea,0x4a89,0x39e6,0xb595,0xbdf5,0xbe15,0xbdf5,0xc615,0xbdf4,0xce36,0xce35,0xd656,0xce35,0xce36,
  0xce15,0xce15,0xad31,0xb552,0xc5b3,0xe6b8,0xd656,0xc593,0xd614,0xcdd4,0xb511,0xd5f4,0xde35,0xde56,0xe6d8,0x9c90,
  0x0800,0x6288,0x41a4,0x28c1,0x838b,0xacd0,0xa48e,0xe696,0xe676,0xe676,0xde55,0xe676,0xe676,0xe696,0xe676,0xee97,
  0xeeb7,0xde15,0xac8e,0xd5d3,0xc572,0xde14,0x9c0c,0xc572,0xcdb2,0xe696,0xe696,0xeeb7,0xe696,0xeeb7,0xe6b7,0xeeb7,
  0xeeb7,0xeeb7,0xe697,0xd615,0xacd0,0xd5f4,0xe696,0xe6b7,0xe696,0xe6b7,0xde76,0xe6b7,0xe697,0x940d,0x49c4,0xa46f,
  0xb532,0xd636,0xe6b7,0xe6b7,0xde76,0xeeb7,0xeed7,0xeed8,0xe6b7,0xeed8,0xe6d7,0xe6b7,0xe6b7,0xeeb7,0xe6b7,0xe6b7,
  0xe6b7,0xeeb7,0xe696,0xeeb7,0xeed8,0xeed8,0xe6b7,0xf6f8,0xeed8,0xeed8,0xeeb7,0xde14,0xbd10,0xde14,0xcdb2,0xc551,
  0xbcef,0xb4af,0xbd30,0xacaf,0xd5f3,0xeeb7,0xe676,0xeeb7,0xe696,0xee97,0xeeb6,0xeeb7,0xeeb7,0xee96,0xe676,0xeeb6,
  0xee96,0xee96,0xe676,0xee96,0xee96,0xeeb7,0xee96,0xe655,0xd5f3,0xde15,0xde14,0xeeb7,0xee96,0xee76,0xe655,0xe655,
  0xe655,0xee76,0xee76,0xee96,0xee76,0xee76,0xe676,0xee96,0xee96,0xee96,0xee96,0xee96,0xe655,0xe655,0xe675,0xe675,
  0xe655,0xee76,0xe675,0xee75,0xee75,0xee96,0xee96,0xeeb6,0xee96,0xee96,0xe675,0xee75,0xee75,0xee75,0xe675,0xee96,
  0xee75,0xee96,0xee75,0xee75,0xee75,0xee76,0xee75,0xee75,0xe655,0xee75,0xe675,0xee95,0xee75,0xee96,0xee75,0xee96,
  0xee95,0xee96,0xe675,0xee95,0xe675,0xee96,0xe675,0xee96,0xee75,0xee75,0xee75,0xee96,0xee75,0xee76,0xe675,0xee96,
  0xe675,0xee76,0xe655,0xe655,0xe655,0xee76,0xee97,0xee78,0xeef9,0xef1a,0xe719,0xef19,0xe6b8,0xac2f,0x930a,0x79a5,
  0x5881,0x70e3,0x60a1,0x60a1,0x60a0,0x68e1,0x79a4,0x8206,0x8226,0xb3ee,0xedf6,0xfe58,0xf5f6,0xd4d2,0x8a47,0x7984,
  0xa287,0xbae9,0xaa66,0xb2a8,0xb287,0xb287,0xaa67,0xb267,0xaa46,0xaa67,0x9a26,0x8984,0x60a1,0x5881,0x58a2,0x58c3,
  0x50a2,0x50a2,0x48a2,0x48a2,0x4881,0x48a2,0x4881,0x48a2,0x4881,0x4881,0x4060,0x4081,0x4060,0x4080,0x4060,0x4081,
  0x4061,0x4861,0x4820,0x5881,0x7143,0x9206,0x9a26,0x99e5,0x99e5,0x99e6,0x89c5,0x7965,0x60e3,0x50a2,0x50c1,0x6944,
  0x7184,0x6103,0x6103,0x4882,0x3840,0x3861,0x2840,0x2840,0x3060,0x3881,0x3860,0x4061,0x3040,0x7aeb,0xde78,0xde58,
  0xd638,0xc5b6,0xad14,0x730c,0x1000,0x51a4,0x7266,0x7a45,0x82a7,0x6205,0x3942,0x1860,0x0000,0x30e2,0x3902,0x5143,
  0x5984,0x5143,0x38a0,0x3060,0x30a1,0x38c1,0x30a0,0x4101,0x5182,0x61c3,0x5982,0x69a3,0x69c4,0x69c4,0x59c4,0x38c1,
  0x4962,0x72a6,0x6a45,0x38c1,0x4964,0x4122,0x30c1,0x38e1,0x4a68,0xad73,0xbe16,0x9cf2,0xad74,0xad53,0x4248,0x31c5,
  0x3a47,0x3a47,0x636c,0x5b4c,0x7c30,0x4248,0x2164,0x94d1,0xad94,0x4247,0x632b,0x52a9,0x52a9,0xbdf6,0xbe16,0xbe15,
  0xce56,0xc615,0xc615,0xc636,0xce36,0xce36,0xd676,0xce56,0xd677,0xce36,0xbd93,0xb572,0xd636,0xde97,0xcdf5,0xbd52,
  0xd615,0xc5b3,0xbd52,0xd615,0xe656,0xd635,0xe6b8,0x9c6f,0x2080,0x730a,0x4163,0x49e5,0xacb0,0xb4d0,0xc592,0xe676,
  0xe697,0xe676,0xe697,0xe676,0xee97,0xe696,0xeeb7,0xe676,0xeeb7,0xde35,0xbd10,0xcd92,0xd5d3,0xd5f4,0xbd10,0xc571,
  0xcdb3,0xeeb6,0xeeb6,0xe696,0xeed7,0xe696,0xeeb7,0xe696,0xeeb7,0xeeb7,0xeeb7,0xde35,0xb4d0,0xcdb3,0xeeb7,0xe696,
  0xe697,0xe697,0xe6b7,0xeed8,0xde36,0x7b2a,0x838b,0xc5b3,0xd5f5,0xe697,0xe696,0xe6b6,0xe6b7,0xe696,0xeed8,0xeeb7,
  0xeeb7,0xe6b7,0xe6b7,0xe696,0xeed8,0xeeb7,0xeed7,0xe6b7,0xeed8,0xe6b7,0xeeb7,0xe697,0xf6d8,0xeeb7,0xeeb7,0xeeb7,
  0xeeb7,0xee96,0xf6b7,0xcdb3,0xc551,0xde14,0xc551,0xc551,0xc531,0xacaf,0xb4f0,0xcdd3,0xee97,0xee96,0xee96,0xee96,
  0xeeb7,0xee96,0xeeb7,0xee96,0xeeb7,0xee96,0xee97,0xe676,0xee97,0xee96,0xee97,0xe696,0xeeb7,0xee96,0xee96,0xe655,
  0xe655,0xee76,0xf6b7,0xee76,0xee97,0xe676,0xee76,0xe676,0xee76,0xee76,0xee76,0xe676,0xee76,0xe676,0xee76,0xee96,
  0xee96,0xee76,0xee96,0xee96,0xee76,0xee75,0xee95,0xee75,0xee96,0xe675,0xee75,0xe675,0xee96,0xee75,0xee96,0xee75,
  0xee96,0xe675,0xee75,0xee75,0xee75,0xee75,0xee76,0xee95,0xf696,0xee96,0xee96,0xee75,0xee96,0xee75,0xee96,0xee75,
  0xf696,0xee75,0xee95,0xe675,0xee95,0xee75,0xee95,0xe675,0xee96,0xee95,0xee96,0xe675,0xee96,0xee95,0xee96,0xee95,
  0xf696,0xee76,0xee96,0xee75,0xee96,0xee75,0xee76,0xee75,0xee96,0xee76,0xee96,0xee75,0xee76,0xee76,0xee36,0xee77,
  0xff1a,0xe6d8,0xe6f9,0xded8,0xef1a,0xd594,0x92ca,0x79e6,0x7104,0x7103,0x6902,0x6102,0x6902,0x6901,0x81a4,0x81e6,
  0x81c5,0x92c9,0xc450,0xcc70,0xc42f,0x92a9,0x81c5,0xa2c8,0xcbac,0xc36a,0xbae8,0xb2c8,0xbac8,0xb2a8,0xbaa7,0xb286,
  0xb267,0xaa46,0xb267,0xa226,0x91a5,0x7923,0x68c3,0x5082,0x5082,0x5082,0x58a2,0x50a2,0x50a2,0x50a2,0x50a2,0x4881,
  0x50a2,0x48a1,0x50a1,0x48a1,0x50a1,0x48a1,0x48a1,0x4880,0x4840,0x4861,0x6903,0x89c5,0xa227,0xa226,0xaa26,0xa226,
  0xaa47,0x9a26,0x8a06,0x8a68,0x9b0b,0x9b2c,0x8aa9,0x5963,0x6144,0x6144,0x50c3,0x4041,0x4041,0x3041,0x3061,0x2840,
  0x38a1,0x2820,0x40a1,0x4060,0x5924,0xa451,0xde79,0xd657,0xde58,0xc596,0x93f0,0x49c7,0x2060,0x6a66,0x7a86,0x8245,
  0x8266,0x59c5,0x28c2,0x1020,0x1840,0x3902,0x4943,0x5163,0x5963,0x48e2,0x3861,0x3081,0x38c2,0x30a1,0x38e1,0x5162,
  0x61c3,0x5982,0x5983,0x69a3,0x71c4,0x69c3,0x5183,0x2860,0x5164,0x7aa6,0x6a45,0x4102,0x4984,0x30e2,0x38e1,0x3060,
  0x4267,0xa553,0xc657,0xb594,0x9d12,0xb5b5,0x3a06,0x31a5,0x29c5,0x3a27,0x5b4b,0x6bad,0x73ee,0x31e6,0x31c5,0xa553,
  0xb5f6,0x3a27,0x4a89,0x2985,0x4268,0xb5d5,0xbdf5,0xc636,0xc655,0xc635,0xbdd4,0xce36,0xc615,0xc615,0xce35,0xce36,
  0xce35,0xc5f5,0xbdb3,0xb531,0xce35,0xde76,0xcdf4,0xc5b4,0xce14,0xc593,0xc592,0xde35,0xde35,0xde56,0xe6b7,0x9c90,
  0x20a0,0x6ae9,0x2080,0x6ae9,0xc592,0xbd31,0xcdf4,0xe697,0xe696,0xeeb7,0xe696,0xe697,0xe676,0xe696,0xe696,0xe676,
  0xe676,0xe676,0xb4f0,0xcd92,0xd5f3,0xd5d3,0xc571,0xcd92,0xc592,0xeeb6,0xe696,0xeeb7,0xe696,0xe697,0xeeb7,0xe697,
  0xe696,0xeeb7,0xeed7,0xde15,0xa46e,0xd5f4,0xe696,0xe676,0xde96,0xe676,0xe697,0xe677,0xacf0,0x83ac,0xacd0,0xde56,
  0xe696,0xeed8,0xde76,0xf738,0xe6b6,0xeef8,0xe6b7,0xeef8,0xeef8,0xeed7,0xe697,0xeed8,0xeed7,0xeed8,0xeed7,0xeed8,
  0xe6d7,0xeed8,0xe6b7,0xeeb8,0xe6b7,0xf6f8,0xf6f8,0xeeb8,0xe696,0xeeb7,0xe696,0xc551,0xcdd3,0xcd72,0xde14,0xcd72,
  0xa46d,0xc571,0xcd92,0xe676,0xe696,0xee96,0xeeb6,0xeeb7,0xe696,0xeeb7,0xee96,0xee97,0xe696,0xee96,0xe676,0xe676,
  0xe676,0xee96,0xe696,0xee96,0xe676,0xee96,0xe655,0xee97,0xe676,0xee96,0xee96,0xee76,0xe676,0xee96,0xe676,0xee76,
  0xe676,0xee76,0xe676,0xee76,0xe655,0xe675,0xe675,0xee76,0xe655,0xe675,0xe675,0xee76,0xe655,0xee75,0xee95,0xee96,
  0xe675,0xe675,0xe655,0xee75,0xe675,0xee75,0xe675,0xee75,0xe654,0xe675,0xe675,0xee75,0xee75,0xee75,0xee75,0xee75,
  0xe655,0xee96,0xee75,0xee76,0xe675,0xee75,0xee75,0xee96,0xee75,0xee75,0xe674,0xee75,0xe675,0xee95,0xe675,0xee75,
  0xe675,0xee75,0xe675,0xee96,0xe675,0xee95,0xe675,0xee75,0xee75,0xee76,0xee75,0xee76,0xe655,0xee76,0xee76,0xee76,
  0xe675,0xee76,0xee75,0xee76,0xee75,0xee75,0xee76,0xee56,0xde56,0xe6f8,0xe719,0xded8,0xe6d8,0xf6b9,0xbc70,0x8a48,
  0x81c6,0x81c5,0x7963,0x7143,0x6942,0x7122,0x7163,0x81e6,0x79c5,0x79e6,0x8a67,0x8a68,0x8227,0x8206,0xaae9,0xd42e,
  0xcb8b,0xbae8,0xbae8,0xc329,0xc329,0xc309,0xb2a7,0xb267,0xb246,0xb266,0xaa26,0xaa47,0xa246,0x9a26,0x8185,0x70e3,
  0x5881,0x5861,0x5881,0x5882,0x5881,0x58a2,0x5882,0x58a2,0x5881,0x58a2,0x58a2,0x58a2,0x5080,0x5060,0x5040,0x5040,
  0x58a1,0x81a5,0x9a07,0x9a27,0xa206,0xaa47,0xaa26,0xa227,0x9a06,0x9a47,0x8a68,0xb3ce,0xd513,0xcd33,0xcd13,0xb40f,
  0x6184,0x5944,0x48a2,0x4061,0x3861,0x3040,0x3061,0x3081,0x3060,0x3060,0x3860,0x5103,0x7248,0xd5d6,0xd637,0xe678,
  0xde57,0xacd2,0x6aaa,0x1841,0x3102,0x72a7,0x7204,0x8266,0x7205,0x4963,0x1020,0x1000,0x2080,0x38e2,0x5184,0x5163,
  0x5143,0x40c2,0x2840,0x38a2,0x2880,0x38c2,0x40e1,0x61a4,0x5982,0x61a3,0x5162,0x61a3,0x69c3,0x69e3,0x4962,0x2000,
  0x4963,0x7ac6,0x61c3,0x4923,0x3943,0x30e1,0x4122,0x3060,0x6b8c,0xa553,0xc616,0xbdd5,0xb5b5,0xb5d5,0x4a68,0x29a5,
  0x3a07,0x3a27,0x6b8d,0x73ee,0x7bef,0x31c6,0x39e6,0x9d32,0xb5d6,0x4227,0x4a69,0x2144,0x5b0b,0xbe16,0xbe16,0xc635,
  0xce56,0xc615,0xbdb4,0xce36,0xce36,0xce35,0xd656,0xce56,0xd676,0xbdd4,0xcdf5,0xa4d0,0xde76,0xde97,0xde56,0xcdf4,
  0xd615,0xc592,0xc593,0xd615,0xde35,0xde56,0xeed8,0x944f,0x28e2,0x62c8,0x1000,0x7b4a,0xcdd4,0xc572,0xe656,0xe697,
  0xeeb7,0xeeb7,0xee97,0xe676,0xe697,0xe696,0xee97,0xe676,0xee76,0xde55,0xb4cf,0xc551,0xde14,0xcdb2,0xd5d3,0xcd72,
  0xcdb3,0xe676,0xeeb7,0xe696,0xee97,0xe696,0xeed7,0xe696,0xeed7,0xeeb7,0xf6d8,0xde35,0xac8f,0xd5f4,0xeeb7,0xe696,
  0xeeb7,0xe696,0xe697,0xcdd4,0x8bac,0x9c4e,0xde36,0xde36,0xeeb7,0xe6b7,0xeed8,0xeed7,0xf6f8,0xeed7,0xeed8,0xeed7,
  0xeef8,0xe6b7,0xeeb7,0xeed7,0xeef8,0xeed7,0xeef8,0xeed8,0xeef8,0xeed7,0xeed8,0xeeb7,0xe697,0xeed7,0xf6d8,0xe696,
  0xeeb7,0xeed7,0xd5f4,0xb4cf,0xcd72,0xde14,0xd5b3,0xbd10,0xbd10,0xb4ef,0xee97,0xeeb7,0xee96,0xe676,0xf6b7,0xeeb7,
  0xf6d7,0xeeb7,0xeeb7,0xee96,0xeeb7,0xeeb6,0xee97,0xe676,0xe676,0xe676,0xee97,0xee96,0xee97,0xe696,0xe676,0xee96,
  0xeeb7,0xeeb7,0xf6b7,0xe676,0xee97,0xee96,0xf697,0xee96,0xee97,0xee96,0xee97,0xee76,0xee76,0xe675,0xee96,0xee76,
  0xee76,0xe655,0xee76,0xee75,0xee76,0xe675,0xee96,0xee75,0xee96,0xe675,0xee96,0xee95,0xe675,0xe655,0xee96,0xee95,
  0xee96,0xe675,0xee76,0xee75,0xee76,0xee75,0xee75,0xe655,0xee75,0xee75,0xee96,0xee75,0xee76,0xee75,0xf696,0xee96,
  0xf696,0xee75,0xee96,0xee75,0xee95,0xee75,0xee96,0xee95,0xee96,0xe675,0xee75,0xe675,0xee96,0xe675,0xee76,0xe675,
  0xf696,0xee76,0xee96,0xee76,0xee96,0xee96,0xf696,0xee76,0xee76,0xe655,0xee76,0xee76,0xee96,0xee75,0xf696,0xe655,
  0xee97,0xef19,0xdeb7,0xe6f8,0xeeb8,0xf6f9,0xddb5,0x7a27,0x79c5,0x81e5,0x81c5,0x7142,0x7983,0x7142,0x7983,0x81e5,
  0x8206,0x8206,0x8a68,0x8a47,0x9268,0xa2c9,0xcbcd,0xd3ed,0xc34a,0xc309,0xcb29,0xd3ac,0xd3ac,0xc309,0xc2c8,0xba87,
  0xba87,0xb226,0xba67,0xb246,0xaa06,0xa206,0xaa47,0x99e6,0x8964,0x70e3,0x70c3,0x6882,0x6061,0x6061,0x6082,0x6082,
  0x68a2,0x6061,0x6882,0x6081,0x68a2,0x68c2,0x7924,0x8164,0x9a27,0x9a27,0xaa48,0xaa27,0xaa07,0xa206,0xaa48,0xaa68,
  0x9a27,0x9268,0xa30b,0xbc70,0xd554,0xcd54,0xd595,0xd574,0xdd75,0x5985,0x40a2,0x4082,0x4061,0x3840,0x4061,0x3861,
  0x3881,0x3881,0x4081,0x4903,0x9bce,0xd5f6,0xd5d6,0xe678,0xc554,0x8bce,0x5207,0x1820,0x6226,0x7aa7,0x8266,0x7a45,
  0x7226,0x30e1,0x1820,0x0800,0x30c2,0x3902,0x59c5,0x4943,0x5143,0x38a1,0x3060,0x3081,0x38c2,0x38c1,0x5163,0x5983,
  0x6183,0x5962,0x61a3,0x6183,0x69c4,0x69e4,0x4941,0x2840,0x6a47,0x72a6,0x5142,0x38e2,0x4143,0x28a0,0x4102,0x38c0,
  0x7c0d,0x9d12,0xa553,0xc616,0xc616,0xb595,0x52c9,0x31c5,0x4268,0x3206,0x63ad,0x7c50,0x73ee,0x3a07,0x4247,0xb5b4,
  0xbe16,0x632b,0x4a89,0x31e6,0x5b0b,0xbe16,0xbdf5,0xc636,0xc635,0xc615,0xad72,0xce36,0xce36,0xce36,0xce56,0xd676,
  0xce36,0xc5d4,0xcdf5,0xacf0,0xde77,0xe6b8,0xd635,0xc593,0xc5b3,0xcdd4,0xc592,0xe676,0xde35,0xde56,0xde77,0x83ad,
  0x2922,0x732a,0x2901,0x9c4e,0xcdb3,0xd5d4,0xde55,0xe676,0xde76,0xe676,0xe676,0xe676,0xe676,0xe677,0xe676,0xe676,
  0xe676,0xe676,0xac8e,0xc531,0xde14,0xd5d3,0xd5d3,0xd5d3,0xcdd3,0xe696,0xe696,0xeeb7,0xe676,0xee97,0xe696,0xe696,
  0xeed7,0xeed8,0xe6b7,0xe676,0xb511,0xd614,0xe6b6,0xeed7,0xeed7,0xe6b7,0xde76,0xcdb3,0x942d,0xbd32,0xde76,0xd615,
  0xde76,0xe697,0xe6b7,0xeed7,0xe6b7,0xe6b7,0xe6b7,0xe6b7,0xe696,0xeeb7,0xe6d7,0xe6b7,0xeed7,0xeed8,0xeed7,0xeef8,
  0xeed7,0xeed8,0xe6b7,0xeeb7,0xeeb7,0xf6f8,0xeeb7,0xee97,0xeeb7,0xe656,0xb510,0xc572,0xd5f4,0xd5d4,0xb4cf,0xbcf0,
  0xc551,0xde14,0xe696,0xee97,0xe655,0xee97,0xeeb7,0xeeb7,0xeed7,0xeeb7,0xe696,0xee97,0xee97,0xeeb7,0xe696,0xe676,
  0xe675,0xee96,0xe696,0xee96,0xe696,0xee96,0xe675,0xee96,0xe676,0xeeb7,0xee96,0xee76,0xee76,0xee97,0xee96,0xee96,
  0xee96,0xee97,0xee76,0xee96,0xe675,0xee96,0xe675,0xee76,0xe655,0xee76,0xe655,0xee76,0xee75,0xee96,0xe675,0xe675,
  0xe675,0xee96,0xe675,0xee75,0xe654,0xe675,0xe675,0xee75,0xe675,0xee75,0xe654,0xee75,0xee75,0xee75,0xe654,0xee75,
  0xee75,0xee76,0xe675,0xee75,0xe655,0xee75,0xee75,0xee96,0xee75,0xee96,0xe675,0xee75,0xe675,0xee75,0xe675,0xee96,
  0xee95,0xee75,0xe675,0xe675,0xe655,0xee76,0xe675,0xee96,0xee75,0xee76,0xee75,0xee96,0xee76,0xee96,0xee75,0xee76,
  0xe655,0xee75,0xe655,0xee76,0xee75,0xee76,0xe655,0xe655,0xeeb6,0xe6b6,0xf739,0xe6b7,0xe6b8,0xee98,0xddf5,0x9b8c,
  0x71e5,0x79e5,0x81e5,0x7942,0x7122,0x7963,0x7183,0x79a4,0x79a4,0x8a06,0x8a47,0x9247,0x9aa8,0xb32b,0xbb6b,0xbb09,
  0xbb09,0xdbab,0xd36a,0xd3ab,0xcb6a,0xcb2a,0xc309,0xc2c8,0xb267,0xba67,0xb266,0xb246,0xaa06,0xaa06,0xaa06,0xaa26,
  0xa206,0xa206,0x91c6,0x91a5,0x8164,0x8144,0x8143,0x8144,0x8144,0x8964,0x8164,0x8985,0x89a5,0x91e6,0x9a47,0xaa88,
  0xaa47,0xaa07,0xaa07,0xb248,0xaa47,0xaa48,0xa248,0x9a47,0xa2c9,0xb36c,0x9b0b,0xabef,0xcd33,0xd5b6,0xcd95,0xd596,
  0xcd75,0xcd34,0x7269,0x3861,0x3841,0x4082,0x3840,0x4061,0x4081,0x3020,0x38a1,0x4103,0xbd33,0xcdb6,0xd5d6,0xcd74,
  0x93cd,0x7b0b,0x30c2,0x38e2,0x7287,0x7a66,0x7a65,0x7a86,0x59e4,0x2080,0x1020,0x1800,0x30c1,0x5164,0x5183,0x4922,
  0x38e1,0x2840,0x2860,0x30a1,0x38e2,0x4102,0x5163,0x5983,0x5962,0x5963,0x5182,0x61a3,0x69c3,0x61c3,0x30a0,0x30a0,
  0x6a67,0x7aa7,0x4962,0x38c2,0x3902,0x30c1,0x30a0,0x4122,0x73cd,0x94d1,0x9cf2,0xc637,0xc617,0xad53,0x6b6c,0x3a06,
  0x52ca,0x29e6,0x6bad,0x7c50,0x7c0f,0x31e6,0x4248,0xad94,0xc637,0x73ee,0x52ca,0x4a68,0x632b,0xbe37,0xc636,0xc635,
  0xc636,0xc615,0xad52,0xce56,0xd657,0xce36,0xd656,0xce56,0xce16,0xbdb4,0xc5f4,0xacf1,0xde56,0xe6b8,0xe697,0xc5b3,
  0xd615,0xd615,0xcdf4,0xde35,0xde35,0xde56,0xde77,0x732a,0x41a5,0x6ac9,0x5226,0xbd52,0xd5d4,0xde15,0xde56,0xde76,
  0xeeb8,0xe676,0xe697,0xe676,0xe697,0xe676,0xe697,0xe676,0xeeb7,0xee96,0xb4cf,0xbd10,0xe655,0xcd92,0xd5d3,0xd5f3,
  0xe655,0xe6b6,0xeeb7,0xe6b7,0xe696,0xe696,0xee97,0xe676,0xeeb7,0xe697,0xeeb7,0xe696,0xcd93,0xd5f4,0xeed7,0xe6b6,
  0xeeb7,0xe6b7,0xe697,0xcdd4,0xcdb4,0xd5f5,0xde76,0xe697,0xe697,0xe696,0xe697,0xf718,0xe697,0xe6b7,0xeed8,0xe696,
  0xe697,0xeeb7,0xeed8,0xe697,0xeed8,0xeed7,0xeef8,0xeef8,0xeef8,0xeed7,0xeed8,0xeeb7,0xf6f8,0xf6f8,0xeed8,0xeeb7,
  0xee97,0xc572,0xcd93,0xde35,0xe635,0xb4cf,0xb4cf,0xbd10,0xe676,0xee96,0xe676,0xe676,0xee97,0xeeb7,0xeeb7,0xee96,
  0xf6b7,0xee96,0xee97,0xee96,0xeeb7,0xeeb7,0xeeb7,0xe696,0xee97,0xeeb7,0xf6b7,0xee96,0xee97,0xee96,0xee76,0xe676,
  0xee76,0xee96,0xeeb7,0xee76,0xf6b7,0xee96,0xee96,0xee76,0xee97,0xee96,0xee97,0xee96,0xee96,0xee96,0xee96,0xe675,
  0xee76,0xe675,0xee76,0xee76,0xf6b7,0xee96,0xee96,0xe655,0xee96,0xee96,0xee96,0xe655,0xf6b6,0xee96,0xee75,0xe655,
  0xee75,0xee75,0xee96,0xee75,0xee75,0xe655,0xee75,0xee75,0xee96,0xee75,0xee75,0xee75,0xee75,0xee75,0xee76,0xee75,
  0xee96,0xee75,0xee95,0xe675,0xee75,0xe675,0xee95,0xee95,0xf6b6,0xee96,0xee96,0xee75,0xee76,0xee76,0xee96,0xee96,
  0xee76,0xee75,0xee76,0xee75,0xee96,0xee76,0xee76,0xee75,0xee76,0xee75,0xee76,0xee75,0xee96,0xee75,0xee95,0xeeb5,
  0xe655,0xd614,0xd5f4,0xeed8,0xf6f9,0xe698,0xf6d9,0xb4d0,0x82a8,0x8a87,0x9267,0x7962,0x8163,0x7122,0x7963,0x7143,
  0x7963,0x81a5,0x8a06,0x81e6,0x9a48,0xa288,0xb2e9,0xb2e9,0xcb6b,0xdbab,0xdbac,0xcb6a,0xd38b,0xd38b,0xd38b,0xc309,
  0xbac9,0xbaa8,0xc2c9,0xba88,0xba68,0xb247,0xb247,0xb226,0xb246,0xb247,0xb288,0xaa67,0xb288,0xaa67,0xb288,0xaa67,
  0xb288,0xb2a8,0xb2a8,0xaa87,0xb2a8,0xaa88,0xb2a8,0xaa67,0xb268,0xba68,0xba89,0xaa27,0xb248,0xb289,0xaaaa,0xb32b,
  0xd471,0xbbee,0x82a9,0x8b2b,0xcd54,0xd595,0xcd96,0xcdb6,0xcdb6,0xcd75,0xcd34,0x61c6,0x4081,0x3820,0x4882,0x4882,
  0x4041,0x40a2,0x2840,0x834c,0xcdb6,0xcd95,0xcd95,0x938d,0x7aa9,0x6a47,0x1820,0x4943,0x7a67,0x7225,0x7a46,0x7aa7,
  0x4142,0x1840,0x1820,0x2020,0x40e2,0x5184,0x5163,0x4122,0x38c1,0x2840,0x2860,0x30a0,0x38e2,0x4923,0x5143,0x5963,
  0x6163,0x5963,0x5983,0x61c4,0x69e5,0x5982,0x2840,0x38e1,0x7268,0x7286,0x51a3,0x38c1,0x38e2,0x30e1,0x38c1,0x4122,
  0x846f,0x9d12,0x9cf1,0xc637,0xb5d5,0xb5b5,0x7c0e,0x4227,0x4288,0x29c5,0x532b,0x8471,0x7c0f,0x31a5,0x4a68,0xb5d5,
  0xc657,0x7bee,0x3a27,0x4248,0x52a9,0xc616,0xc636,0xc656,0xc635,0xce56,0xad52,0xd677,0xce36,0xd656,0xd656,0xde97,
  0xce35,0xce35,0xc5f5,0xbd94,0xd676,0xe6d8,0xe697,0xcdf4,0xce15,0xd635,0xcdd4,0xde35,0xd635,0xde56,0xcdf5,0x62a8,
  0x49e6,0x5247,0x49e5,0xc593,0xcdd3,0xde35,0xde56,0xe697,0xe6b7,0xe6b7,0xe676,0xeeb7,0xe696,0xe676,0xe676,0xe696,
  0xe696,0xee96,0xacaf,0xacaf,0xe675,0xbd10,0xc571,0xd5d3,0xde55,0xe697,0xe696,0xeeb7,0xde76,0xeeb7,0xe676,0xeeb7,
  0xe676,0xe697,0xeeb7,0xeeb7,0xc592,0xcdd3,0xe6b7,0xe6b7,0xde76,0xeed7,0xde76,0xcdd4,0xde56,0xe677,0xde56,0xeed8,
  0xe6b7,0xe6b7,0xe6b7,0xeed8,0xe6b6,0xeeb7,0xe696,0xe697,0xde96,0xe697,0xe696,0xe697,0xe6b7,0xeef8,0xeef8,0xf6f8,
  0xeed7,0xeed8,0xeed7,0xeeb7,0xeeb7,0xe697,0xde76,0xee97,0xd615,0xbd31,0xd5d3,0xde15,0xcd92,0xacae,0xb510,0xde15,
  0xde34,0xeeb7,0xde55,0xe696,0xeeb6,0xe697,0xe696,0xeed7,0xe696,0xeeb7,0xe696,0xeeb7,0xe6b7,0xeeb7,0xe696,0xeeb7,
  0xe676,0xeeb7,0xeeb6,0xee97,0xe696,0xee96,0xee96,0xeeb7,0xe676,0xee96,0xee96,0xee96,0xee96,0xee97,0xee76,0xee97,
  0xee96,0xee97,0xee96,0xee97,0xee96,0xee96,0xe675,0xe655,0xe675,0xee96,0xe675,0xee96,0xee96,0xee96,0xee75,0xee55,
  0xe655,0xee75,0xee55,0xee75,0xee75,0xee96,0xee75,0xee75,0xee75,0xee96,0xee95,0xee75,0xe655,0xee75,0xe655,0xee75,
  0xe655,0xee75,0xee75,0xee76,0xe655,0xee75,0xee75,0xee76,0xe675,0xee75,0xe654,0xee75,0xe675,0xee75,0xee75,0xee96,
  0xee75,0xee75,0xee75,0xee76,0xee75,0xee96,0xee75,0xee96,0xee75,0xee76,0xe655,0xee75,0xe655,0xee75,0xee75,0xee76,
  0xe675,0xee96,0xee75,0xee76,0xe675,0xee96,0xe654,0xeef6,0xe695,0xe655,0xa44e,0xcdb4,0xde57,0xeed9,0xe6b8,0xcdb4,
  0x832a,0x932a,0x9287,0x8184,0x8163,0x7943,0x7123,0x68e2,0x68e1,0x7963,0x8184,0x89e6,0x81a4,0x9206,0xa247,0xbae9,
  0xcb6b,0xd38b,0xdbcc,0xdbab,0xd3ab,0xd3ab,0xc34a,0xcb6b,0xd38c,0xcb4a,0xbae9,0xbae9,0xb2a8,0xbaa8,0xb287,0xba87,
  0xb246,0xb267,0xaa66,0xb287,0xaa66,0xb2a7,0xb2a7,0xbaa7,0xb2a7,0xbac7,0xb287,0xb2a7,0xb2c7,0xbae8,0xb2c8,0xbaa8,
  0xbac9,0xb289,0xb289,0xbaaa,0xaa89,0xbb0b,0xcbef,0xecf3,0xdcb1,0x9b0b,0x7a48,0x82ca,0xac4f,0xddb5,0xcd75,0xd5f8,
  0xbd75,0xcdb6,0xd5b6,0x8b2c,0x3020,0x4882,0x4040,0x5062,0x4020,0x40a2,0x4944,0xc575,0xbd54,0xbd33,0x938d,0x7aa9,
  0x6a47,0x38e2,0x2880,0x59c4,0x69e4,0x71e4,0x7a46,0x6225,0x2080,0x1840,0x1000,0x3081,0x4101,0x5183,0x4942,0x4922,
  0x2880,0x2860,0x2860,0x30a1,0x38e1,0x4943,0x5122,0x5963,0x5922,0x5942,0x5963,0x61c4,0x59a3,0x4942,0x2000,0x5163,
  0x6a87,0x6205,0x38c0,0x38e1,0x30e1,0x3902,0x38e1,0x4102,0x8490,0x9d32,0xad73,0xce57,0xbdf6,0xb5d5,0x8c70,0x3206,
  0x4268,0x2184,0x5b2b,0x8c91,0x8430,0x2164,0x4a68,0xad74,0xc657,0x73cd,0x31a5,0x4248,0x632b,0xc657,0xc637,0xc636,
  0xce76,0xce56,0xbdb4,0xd677,0xd657,0xce36,0xd656,0xd677,0xce36,0xce56,0xd636,0xce36,0xe6d8,0xe6d8,0xe697,0xc5b4,
  0xcdf4,0xd615,0xd615,0xde35,0xe676,0xe677,0xc5b4,0x49e5,0x5206,0x5206,0x5a27,0xc573,0xcdd4,0xde35,0xe676,0xe697,
  0xe697,0xe697,0xeeb7,0xe697,0xee97,0xe676,0xe677,0xe676,0xee97,0xeed7,0xbd31,0xacaf,0xee96,0xb4ef,0xd5b3,0xcdb3,
  0xe676,0xe696,0xee97,0xe697,0xee97,0xeeb7,0xee97,0xeeb7,0xeeb7,0xeeb7,0xf6f8,0xeeb7,0xc572,0xc572,0xf6f8,0xeed7,
  0xe6b7,0xeed7,0xe697,0xd5f4,0xe697,0xeeb7,0xe697,0xe6b7,0xeeb8,0xe6b7,0xf6f8,0xe697,0xf6f8,0xeed8,0xeed8,0xe6b7,
  0xeed8,0xe6b7,0xeeb7,0xe6b7,0xeed8,0xeed7,0xf6f8,0xeed8,0xeef8,0xeed7,0xeef8,0xeed7,0xeed8,0xe696,0xee97,0xf6d8,
  0xde15,0xbd71,0xde55,0xd5d4,0xc551,0xcdb3,0xcdb3,0xeeb7,0xf6f8,0xe676,0xeeb7,0xee97,0xeeb7,0xe696,0xeeb7,0xeed7,
  0xeeb7,0xeeb7,0xeed7,0xeeb7,0xeeb7,0xeeb7,0xeeb7,0xeeb7,0xee96,0xee96,0xeeb7,0xee96,0xee96,0xee96,0xf6b7,0xeeb7,
  0xee97,0xee76,0xee97,0xee96,0xf6b7,0xee96,0xee97,0xee96,0xee97,0xee96,0xf6b7,0xee96,0xf6b7,0xee96,0xee96,0xee76,
  0xee76,0xe675,0xee96,0xee96,0xf696,0xee75,0xee76,0xee75,0xee76,0xee75,0xee96,0xee75,0xee75,0xe655,0xee76,0xee75,
  0xee96,0xee75,0xf696,0xee75,0xee76,0xee75,0xee96,0xee75,0xee75,0xee75,0xee76,0xee75,0xee76,0xee75,0xee96,0xee75,
  0xee76,0xee75,0xee96,0xee75,0xee96,0xee96,0xf696,0xee75,0xee76,0xee75,0xee76,0xee76,0xee96,0xee76,0xee96,0xee76,
  0xf696,0xee75,0xee76,0xee75,0xee76,0xee75,0xee96,0xee75,0xee76,0xee75,0xee76,0xee55,0xee76,0xee75,0xeeb6,0xd633,
  0xe655,0xe655,0xddf5,0x9bed,0xa470,0xbd53,0xde57,0xeed9,0xb4d1,0x8ae9,0x92a9,0x7984,0x7943,0x8164,0x7923,0x70c2,
  0x70e2,0x7102,0x8985,0x89c5,0x91e5,0x9a06,0xa267,0xaaa8,0xbb2a,0xc32a,0xd38b,0xd3cc,0xdbec,0xcb6a,0xc32a,0xcb8b,
  0xe42e,0xdc0e,0xd3ad,0xbb2a,0xbac9,0xb2a8,0xbac9,0xb2a8,0xb2a8,0xb2a8,0xbac8,0xbaa8,0xbac8,0xb2a7,0xbaa8,0xb287,
  0xbaa7,0xbac7,0xbac8,0xb2a7,0xbaa8,0xb2c8,0xbac9,0xb2c9,0xb2c9,0xaaca,0xb2eb,0xbb2b,0xd3ef,0xdc91,0xecf3,0xcc0f,
  0xb36d,0x8a68,0x92a9,0x8288,0x9b4b,0xd532,0xddf7,0xc596,0xcdd7,0xcdb6,0xd5b6,0xc513,0x3020,0x4881,0x4821,0x4821,
  0x50a3,0x3841,0x9bae,0xc575,0xbd74,0x940e,0x6a28,0x7227,0x61a5,0x2000,0x5183,0x6a25,0x71e5,0x71e4,0x7a87,0x4142,
  0x1040,0x1040,0x1000,0x38c1,0x5963,0x5163,0x5143,0x4922,0x2860,0x2040,0x3080,0x38e1,0x4943,0x4922,0x6184,0x5922,
  0x6163,0x5942,0x6184,0x5983,0x5983,0x40e1,0x2000,0x59e5,0x72c8,0x51a4,0x2020,0x3901,0x4122,0x30c1,0x3902,0x4122,
  0x846f,0xa553,0xa573,0xce77,0xbe16,0xc637,0x94d1,0x3a06,0x4288,0x3a27,0x532b,0x8470,0x6b8d,0x0881,0x4226,0xad73,
  0xbe16,0x8c70,0x2964,0x4227,0x73ad,0xce77,0xbe16,0xc636,0xce56,0xce16,0xbdf4,0xd657,0xce56,0xd677,0xce36,0xde97,
  0xce36,0xce36,0xc5d4,0xd656,0xdeb7,0xeed8,0xde76,0xcdd4,0xcdf4,0xde56,0xcdf4,0xde35,0xde55,0xe677,0xb552,0x41c5,
  0x49e6,0x5a47,0x7b4b,0xcdd5,0xd5f4,0xe656,0xde56,0xeeb7,0xe6b7,0xe697,0xe696,0xe697,0xde76,0xe697,0xe696,0xee97,
  0xe696,0xeed7,0xacaf,0xac8e,0xe655,0xbd10,0xcdb3,0xcd92,0xe675,0xe697,0xe696,0xeeb7,0xeeb7,0xeeb7,0xe696,0xe697,
  0xeeb7,0xeeb7,0xeed7,0xeeb7,0xbd31,0xbd32,0xeed7,0xeed7,0xe6b7,0xeeb7,0xde76,0xde76,0xe697,0xeeb8,0xe697,0xe6b7,
  0xe697,0xeeb7,0xe6b7,0xeed7,0xe6b7,0xeeb8,0xe6b7,0xeeb7,0xe697,0xeeb7,0xe696,0xe697,0xe6b7,0xeeb8,0xe6b7,0xeed8,
  0xeed7,0xeed8,0xe6b7,0xe697,0xeeb7,0xeeb7,0xe676,0xeeb7,0xc592,0xcdb3,0xde55,0xc592,0xbd31,0xcdb3,0xe676,0xeeb7,
  0xee97,0xeeb7,0xeeb7,0xeeb7,0xe696,0xeeb7,0xe6b6,0xeeb7,0xeeb7,0xeed7,0xeeb7,0xeeb7,0xe696,0xeeb7,0xe6b6,0xeeb7,
  0xee96,0xeeb7,0xe696,0xee96,0xe676,0xee96,0xe696,0xee97,0xe676,0xee76,0xe676,0xee97,0xee96,0xee96,0xe676,0xee76,
  0xe676,0xee96,0xee76,0xee96,0xee96,0xee96,0xee96,0xee96,0xe655,0xee76,0xee96,0xee96,0xe675,0xee96,0xe675,0xee75,
  0xee75,0xee96,0xee75,0xee75,0xee75,0xee96,0xee75,0xee75,0xee75,0xee76,0xee75,0xee75,0xee75,0xee75,0xe655,0xee96,
  0xee75,0xee76,0xe655,0xee75,0xe655,0xee75,0xe675,0xee75,0xe655,0xee96,0xee96,0xee96,0xee75,0xee76,0xee75,0xee95,
  0xee75,0xee76,0xe675,0xee76,0xee75,0xee96,0xee75,0xee96,0xee75,0xee76,0xe655,0xee75,0xee75,0xee76,0xe675,0xee76,
  0xe655,0xee55,0xe655,0xee75,0xee75,0xee76,0xe675,0xe695,0xde34,0xe635,0xddf5,0xbcd1,0x72c9,0x5206,0x734b,0xc594,
  0xee98,0xac2f,0x7206,0x79c5,0x7143,0x8164,0x70e2,0x70e2,0x68c1,0x70c2,0x8184,0x89a4,0x89a4,0x91e5,0x9205,0x9a46,
  0xa286,0xb309,0xbb6a,0xd3ec,0xd3cb,0xd3cb,0xc36a,0xc36a,0xcb8c,0xdc2e,0xe4b0,0xe490,0xcbcd,0xbb4b,0xaae9,0xaac9,
  0xaae9,0xbb0a,0xbae9,0xc30a,0xbae9,0xbae9,0xbac8,0xbac9,0xbac8,0xbac9,0xbae9,0xbae9,0xb2c9,0xbaea,0xb2c9,0xb2ea,
  0xbb8c,0xc3ee,0xd450,0xe4f2,0xed13,0xe4d2,0xc40f,0xab2b,0x9aca,0x9289,0x92a8,0x8a88,0x8206,0xc44f,0xddb5,0xcdb7,
  0xc576,0xcd96,0xd5d6,0xbcd2,0x3861,0x4881,0x4020,0x4861,0x4841,0x69c7,0xac70,0xbd33,0x942f,0x6227,0x59c6,0x61a5,
  0x38a1,0x3060,0x5162,0x6a04,0x71e4,0x7205,0x6a05,0x2880,0x1040,0x1040,0x1840,0x4922,0x5142,0x5143,0x4943,0x4102,
  0x2020,0x2860,0x2860,0x4922,0x4922,0x5122,0x5963,0x5942,0x5942,0x5963,0x5983,0x5163,0x5163,0x38c0,0x2000,0x6225,
  0x6a87,0x59e6,0x2040,0x4142,0x38e1,0x38e1,0x38e1,0x4123,0x8cb0,0xa594,0xadb4,0xbe36,0xc637,0xc637,0x8c90,0x29a5,
  0x4268,0x4268,0x4aa9,0x8470,0x73ae,0x0881,0x5aea,0xb5b4,0xce77,0xa533,0x3a07,0x31c6,0x7c0e,0xc657,0xc636,0xce76,
  0xce36,0xce56,0xc615,0xce57,0xde78,0xd677,0xd677,0xd677,0xd677,0xce56,0xc5d4,0xd676,0xe6b8,0xe6b8,0xe697,0xd615,
  0xde36,0xd636,0xd635,0xe676,0xe656,0xd636,0xb512,0x41a4,0x49e6,0x5a67,0x9c2f,0xcdd4,0xde36,0xe656,0xe676,0xe697,
  0xeeb8,0xe697,0xe676,0xe696,0xeeb7,0xeeb7,0xeed8,0xeeb7,0xf6d8,0xee97,0xa46e,0xac8e,0xf6d8,0xbd10,0xd5d3,0xcdb3,
  0xe696,0xe696,0xeeb7,0xe6b7,0xeeb7,0xeeb7,0xeeb7,0xe697,0xeeb8,0xe697,0xeed8,0xeed8,0xd5d4,0xc572,0xeed7,0xe6b7,
  0xeeb7,0xeed7,0xeeb7,0xde76,0xe697,0xe6b7,0xeed8,0xe6b7,0xeeb8,0xe6b7,0xeeb7,0xe6b7,0xeed8,0xe6b7,0xeeb8,0xe6b7,
  0xeed8,0xe6b7,0xeeb7,0xe6b7,0xeed8,0xeeb7,0xeef8,0xeed8,0xf6f8,0xeeb7,0xeeb7,0xe676,0xf6f8,0xeeb7,0xee97,0xd615,
  0xc572,0xd5f4,0xd5d4,0xc593,0xc572,0xe697,0xee97,0xeeb7,0xe676,0xeeb7,0xeed7,0xeeb7,0xeeb7,0xee97,0xeeb7,0xeeb7,
  0xeeb7,0xeeb7,0xeeb7,0xeeb7,0xeeb7,0xeeb7,0xeeb7,0xeeb7,0xeeb7,0xee96,0xeeb7,0xeeb6,0xeeb7,0xee96,0xee97,0xee96,
  0xee96,0xe676,0xee76,0xee96,0xee97,0xe676,0xee76,0xee76,0xee97,0xee96,0xee97,0xee96,0xf697,0xee96,0xee96,0xee96,
  0xf697,0xee96,0xf6b7,0xee96,0xee96,0xee75,0xee75,0xee75,0xee76,0xee75,0xee96,0xee95,0xf696,0xee75,0xee96,0xee75,
  0xee96,0xee75,0xf696,0xee75,0xee96,0xee75,0xee96,0xee95,0xf696,0xee75,0xee96,0xee75,0xee76,0xee75,0xee75,0xe655,
  0xee75,0xee75,0xf696,0xee95,0xf696,0xee75,0xee75,0xee75,0xee96,0xee75,0xee76,0xee75,0xee76,0xee75,0xee76,0xee75,
  0xf696,0xee75,0xee76,0xe655,0xee76,0xee75,0xee76,0xee75,0xee76,0xee75,0xee96,0xee76,0xf696,0xee76,0xee76,0xe675,
  0xe655,0xe615,0xf697,0xe616,0xa44f,0x5206,0x28c1,0x3984,0x72c9,0xcd33,0x7a68,0x5903,0x7986,0x7944,0x7903,0x68e2,
  0x70e2,0x68a1,0x7902,0x7902,0x8164,0x89a4,0x91e5,0x89c4,0x91e5,0x9a67,0xbb29,0xc38a,0xd3ab,0xd3cb,0xd3cc,0xcb8b,
  0xd3ac,0xcbac,0xdc2f,0xecd1,0xfd74,0xf532,0xdc90,0xcc2e,0xcc0e,0xc3cd,0xcbee,0xc3ad,0xc38d,0xbb6c,0xc38c,0xc38c,
  0xcbcd,0xcbcd,0xc3ad,0xbb8c,0xc3ce,0xcc30,0xdc92,0xdcd2,0xed74,0xf595,0xfdb5,0xed54,0xdcb1,0xbbad,0xa30b,0xa30b,
  0xd450,0xb36c,0x9268,0x8a26,0x7964,0x8206,0xccd2,0xddd7,0xd596,0xd5b6,0xddd7,0xb430,0x4061,0x3820,0x5082,0x50c3,
  0x50e3,0xa3ce,0xc533,0x9c0f,0x5a06,0x59e5,0x59a5,0x48e2,0x3061,0x4922,0x6a05,0x69e4,0x7205,0x69e5,0x5164,0x1820,
  0x28c1,0x1000,0x30c2,0x5984,0x6184,0x4901,0x59a5,0x38a1,0x2820,0x3080,0x38c1,0x4922,0x4902,0x5942,0x5963,0x5962,
  0x5942,0x5963,0x59a4,0x4922,0x5163,0x2840,0x38a0,0x6a25,0x6a67,0x3902,0x2881,0x4122,0x38c1,0x4102,0x38e2,0x3943,
  0x84b0,0xb5f5,0xadb4,0xbdf6,0xb5d5,0xc637,0x9d12,0x29a5,0x3a47,0x3207,0x4289,0x9d33,0x7c0f,0x1903,0x5aea,0xbdd5,
  0xc656,0xbdf6,0x39e6,0x2964,0x73cd,0xc657,0xc657,0xd697,0xbdd4,0xce56,0xc615,0xd678,0xd697,0xd677,0xd677,0xd677,
  0xd677,0xd656,0xb573,0xde97,0xe6d8,0xe6b8,0xde97,0xde56,0xd636,0xd636,0xd615,0xde35,0xde35,0xe697,0xad11,0x3984,
  0x2902,0x49e5,0xa4b0,0xcdb4,0xde56,0xe697,0xe676,0xee97,0xe697,0xe677,0xde76,0xe697,0xe697,0xeeb7,0xe6b7,0xeeb7,
  0xe6b7,0xeeb7,0xb4f0,0xc531,0xee96,0xbd10,0xcdb2,0xcd92,0xe676,0xe696,0xe697,0xeeb7,0xe697,0xeeb7,0xe696,0xeeb7,
  0xeeb7,0xeeb7,0xe697,0xf6d8,0xd615,0xc593,0xe697,0xeed7,0xe696,0xeeb7,0xe6b7,0xe6b7,0xe6b7,0xeed7,0xe6b7,0xeeb7,
  0xe6b7,0xeeb7,0xe6b7,0xeeb7,0xe6b7,0xeeb7,0xe6b7,0xeeb8,0xe6b7,0xeeb7,0xe6b7,0xeeb8,0xe6b7,0xeeb7,0xeeb7,0xeed8,
  0xeed8,0xeed8,0xe697,0xeeb8,0xe696,0xe676,0xf6d8,0xd5f5,0xbd31,0xcdb3,0xc552,0xc572,0xde35,0xeeb7,0xf719,0xe676,
  0xeeb7,0xeeb7,0xee97,0xeeb7,0xe697,0xeeb7,0xee97,0xeeb8,0xeeb7,0xeeb7,0xeeb7,0xeeb7,0xe697,0xeeb7,0xe697,0xeeb7,
  0xe696,0xeeb7,0xee96,0xeeb7,0xe696,0xee96,0xe696,0xee96,0xe676,0xee76,0xe676,0xee97,0xee96,0xee76,0xee96,0xf6b7,
  0xee96,0xeeb7,0xee96,0xee96,0xee76,0xee96,0xee76,0xf6b7,0xee96,0xee96,0xee76,0xee96,0xe675,0xee75,0xe655,0xee75,
  0xe654,0xee75,0xee75,0xf696,0xee75,0xee75,0xee75,0xee75,0xe675,0xee75,0xee75,0xee76,0xee75,0xee75,0xee75,0xee96,
  0xee75,0xee75,0xee75,0xee96,0xee75,0xee75,0xee75,0xee75,0xe675,0xee75,0xe655,0xee96,0xee75,0xee75,0xe655,0xee55,
  0xe675,0xee96,0xee75,0xee76,0xe655,0xee76,0xe655,0xee76,0xee75,0xee96,0xe655,0xee55,0xe655,0xee75,0xee75,0xee96,
  0xee75,0xee76,0xee75,0xee76,0xe655,0xee55,0xe634,0xe655,0xee55,0xee56,0xee35,0xf677,0xe636,0xc553,0x6288,0x1840,
  0x0800,0x3903,0x4123,0x4081,0x6144,0x7985,0x7143,0x68e2,0x68c1,0x68c1,0x68c1,0x70c1,0x70e1,0x8163,0x89c4,0x89c4,
  0x81a3,0x9226,0xa2a7,0xb2e8,0xbb29,0xcbab,0xd3cc,0xd3cc,0xcbac,0xd3cd,0xc3ac,0xcbed,0xdc8f,0xf533,0xfdb4,0xfdf6,
  0xf594,0xed54,0xe534,0xe534,0xdcf2,0xdcd2,0xd4b1,0xdcd2,0xdcf2,0xdd13,0xe533,0xe575,0xe575,0xe5b6,0xedd7,0xf5f7,
  0xf5f6,0xf5b5,0xdcf2,0xc42f,0xab6b,0xa30b,0x9ac9,0xa2ea,0xe4d1,0xcbee,0x7984,0x81a5,0x7984,0x6903,0x71e7,0x9bae,
  0xbcb2,0xc4b2,0xa3ae,0x61a6,0x3020,0x4881,0x4861,0x4061,0x7a48,0xc4b2,0x93ad,0x3903,0x51c5,0x51a4,0x4943,0x4943,
  0x2000,0x5184,0x6a05,0x7205,0x69e4,0x7226,0x3080,0x2040,0x2081,0x1820,0x30c1,0x5984,0x5142,0x5122,0x5984,0x3080,
  0x2820,0x3060,0x40c1,0x5102,0x48e0,0x5962,0x5942,0x5942,0x5121,0x61a4,0x5163,0x4102,0x4142,0x2020,0x4122,0x7266,
  0x5a05,0x1800,0x28a1,0x3901,0x2880,0x38c1,0x30e1,0x4164,0x8cb0,0xadb4,0xb5d5,0xb5d5,0xb5d5,0xbdf5,0xad95,0x3a06,
  0x4288,0x3206,0x4aa9,0xa533,0x7c0f,0x10a2,0x52a9,0xb5b4,0xc616,0xbe16,0x39e6,0x2143,0x7bee,0xc657,0xd678,0xce77,
  0xb5b4,0xce56,0xd677,0xd677,0xdeb8,0xd677,0xde98,0xd677,0xde98,0xd656,0xbd73,0xde98,0xeef9,0xde97,0xe6b8,0xde77,
  0xde57,0xd615,0xd636,0xde36,0xe656,0xe677,0xb532,0x41c5,0x3123,0x41c5,0xbd32,0xcdd4,0xe697,0xeeb7,0xeeb8,0xeeb7,
  0xeeb8,0xe697,0xe697,0xe697,0xe6b7,0xe697,0xee97,0xeeb7,0xeed8,0xeeb7,0xc552,0xbd11,0xe676,0xc571,0xd5f4,0xbd31,
  0xe696,0xe697,0xeed8,0xeeb7,0xeeb7,0xe697,0xe697,0xe697,0xeed8,0xeeb7,0xeeb7,0xeed8,0xe676,0xcdb3,0xee97,0xeed8,
  0xeeb7,0xe6b7,0xeeb7,0xe6b7,0xeed8,0xeed7,0xeeb7,0xe6b7,0xeeb7,0xe6b7,0xeed8,0xeed8,0xeed8,0xe6b7,0xeed8,0xeed8,
  0xeed8,0xe6b7,0xeeb8,0xe6b7,0xeed8,0xe6b7,0xeeb8,0xeed8,0xeef8,0xeed8,0xeed8,0xeed8,0xeeb7,0xeeb7,0xeeb7,0xc572,
  0xc573,0xcdf4,0xcd93,0xcdb3,0xe697,0xeeb7,0xf6d8,0xe697,0xeeb7,0xeeb7,0xeeb7,0xeeb7,0xeeb7,0xeeb7,0xeed8,0xeeb7,
  0xeed8,0xe6b7,0xeeb7,0xeeb7,0xeeb7,0xe697,0xeeb7,0xe696,0xeeb7,0xee96,0xeeb7,0xee96,0xee96,0xee96,0xeeb7,0xee96,
  0xee97,0xee96,0xee97,0xee96,0xeeb7,0xee96,0xf6b7,0xf6b7,0xf6b7,0xee96,0xf6b7,0xee96,0xee96,0xee96,0xf697,0xee96,
  0xee96,0xee76,0xee96,0xee76,0xee96,0xee75,0xf676,0xee55,0xee55,0xe655,0xee76,0xee96,0xee75,0xee55,0xee76,0xee55,
  0xee75,0xee55,0xee76,0xee75,0xee76,0xee75,0xee96,0xee75,0xf696,0xee75,0xf696,0xee75,0xee96,0xee75,0xee96,0xee75,
  0xf696,0xee75,0xee76,0xee75,0xee76,0xee75,0xee76,0xee55,0xee55,0xee75,0xee76,0xee75,0xee76,0xee75,0xf676,0xee76,
  0xee96,0xee76,0xee76,0xe655,0xee55,0xe655,0xee96,0xee96,0xee96,0xee75,0xee76,0xee55,0xee76,0xe655,0xee96,0xee55,
  0xee76,0xee76,0xee35,0xe615,0xee76,0xe656,0xde16,0x8bcc,0x30e2,0x1800,0x1800,0x1800,0x3841,0x5923,0x6944,0x60c2,
  0x6923,0x7122,0x7102,0x68e1,0x70e1,0x7922,0x89a4,0x89c4,0x91e5,0x9205,0x9a47,0xa267,0xb2c8,0xc34a,0xd3ac,0xd3ac,
  0xd3cc,0xd3ac,0xd3cc,0xcbac,0xcbcc,0xd40d,0xe4b0,0xed32,0xfdd5,0xfdf6,0xf5f6,0xf5f6,0xf5f6,0xf5d6,0xf5d6,0xedd5,
  0xf5f6,0xedf6,0xf617,0xee17,0xee17,0xe637,0xf679,0xe5f7,0xdd13,0xcc6f,0xc3cd,0xb34b,0xab0a,0xa2e9,0xaaca,0x9a88,
  0xaaca,0x9207,0x7964,0x7985,0x7965,0x7144,0x58e3,0x50e3,0x6186,0x6165,0x6145,0x4061,0x4041,0x48a2,0x4082,0x61c6,
  0xccf3,0x8b2b,0x2841,0x4964,0x6a27,0x4922,0x5184,0x4122,0x38e2,0x59c5,0x7206,0x69e4,0x6a05,0x5163,0x2040,0x28a2,
  0x2041,0x2040,0x4943,0x5983,0x5122,0x5984,0x4923,0x3060,0x38a1,0x3080,0x4902,0x48e1,0x5922,0x5941,0x5942,0x5121,
  0x5983,0x59a3,0x5143,0x4102,0x4123,0x2000,0x59a5,0x7266,0x59e4,0x1820,0x3903,0x28a0,0x38e1,0x38e1,0x4123,0x30e2,
  0x8cd0,0xa573,0xadd4,0xb5d5,0xbe16,0xbdd6,0xadb4,0x4247,0x31e6,0x4289,0x3206,0x8c91,0x73ce,0x1081,0x52c9,0xc616,
  0xc637,0xc657,0x3a07,0x2103,0x6b8c,0xc616,0xc657,0xd697,0xb5b4,0xce56,0xd677,0xd657,0xd677,0xde98,0xd697,0xde98,
  0xde97,0xd657,0xb552,0xdeb8,0xe6b8,0xe698,0xe6b7,0xe697,0xde56,0xde36,0xd656,0xde56,0xde55,0xe677,0xacd1,0x41a4,
  0x3143,0x6aea,0xc5b4,0xd5f5,0xe677,0xe677,0xde76,0xe697,0xe697,0xe697,0xe697,0xe6b7,0xe696,0xe697,0xe696,0xeeb7,
  0xeed8,0xf6d8,0xc572,0xbd31,0xde35,0xcd72,0xcdb2,0xbd51,0xe676,0xeeb7,0xeeb7,0xeed8,0xeeb7,0xeeb7,0xe696,0xe697,
  0xe696,0xeeb7,0xe696,0xeeb7,0xe696,0xd615,0xde76,0xeed8,0xe6b7,0xeeb8,0xe6b7,0xe6b7,0xe696,0xe6b7,0xe6b7,0xe6b7,
  0xe6b7,0xeeb8,0xe6b7,0xeed8,0xeed7,0xeed8,0xeed7,0xeed8,0xe6b7,0xeeb7,0xe697,0xeeb7,0xe6b7,0xeeb8,0xe6b7,0xeeb7,
  0xeeb7,0xeed8,0xeed7,0xeed8,0xeed8,0xf6d8,0xd5f4,0xc572,0xd5f4,0xc572,0xc5b3,0xe676,0xe6b7,0xeed8,0xde76,0xeed8,
  0xe6b7,0xeed8,0xeeb7,0xeed7,0xeeb7,0xeeb7,0xe6b7,0xeeb7,0xe697,0xeeb7,0xe696,0xeeb7,0xe697,0xee97,0xe696,0xe696,
  0xee96,0xeeb7,0xe696,0xee96,0xe676,0xee96,0xe696,0xee96,0xee76,0xee97,0xee96,0xee97,0xee76,0xee96,0xe676,0xee76,
  0xee76,0xee96,0xee76,0xee96,0xee96,0xee96,0xee96,0xee96,0xee96,0xee96,0xe675,0xee96,0xee96,0xee76,0xee75,0xee75,
  0xe655,0xee75,0xee75,0xee96,0xee55,0xee75,0xee55,0xee75,0xee55,0xee75,0xee55,0xee75,0xee75,0xee76,0xee75,0xee96,
  0xee75,0xee96,0xe675,0xee75,0xee75,0xee75,0xee75,0xee75,0xee75,0xf696,0xee75,0xee75,0xee55,0xf696,0xee75,0xee76,
  0xe655,0xee76,0xe655,0xee55,0xe655,0xee76,0xee75,0xee76,0xee75,0xee76,0xe655,0xee55,0xe655,0xee55,0xe655,0xee96,
  0xee75,0xee75,0xe655,0xee76,0xee76,0xf696,0xee75,0xee55,0xe634,0xee55,0xe634,0xee75,0xe634,0xe635,0xe655,0xddf5,
  0xc573,0x6a88,0x28c1,0x28c2,0x1800,0x5102,0x69c5,0x6964,0x6984,0x7984,0x6922,0x7102,0x7101,0x7902,0x7922,0x8163,
  0x8184,0x91c5,0x89c5,0x91c5,0x91e5,0xaa67,0xb2a8,0xbae9,0xc309,0xcb4a,0xcb6a,0xcb8a,0xcb8a,0xcbcc,0xc3ab,0xc3cc,
  0xcc0d,0xdcd1,0xe553,0xed74,0xedb4,0xf5d5,0xf5d4,0xf5d5,0xf5d4,0xedb5,0xe5b4,0xe5b5,0xdd95,0xee17,0xddb5,0xb450,
  0xbbad,0xbb4b,0xaae9,0xb30a,0xb2e9,0xaa88,0x9a26,0x9a27,0x8985,0x8144,0x7124,0x7124,0x7125,0x60c3,0x50a2,0x50c2,
  0x4881,0x4841,0x4861,0x4041,0x4061,0x4082,0x3881,0x936c,0x832b,0x2820,0x40e2,0x6a07,0x5984,0x7a67,0x59c4,0x1000,
  0x4164,0x7288,0x7a46,0x7225,0x6a25,0x2840,0x1840,0x28a2,0x1800,0x2840,0x4962,0x59a3,0x4901,0x59a4,0x3060,0x3081,
  0x38c2,0x40c2,0x4902,0x48c1,0x5942,0x5922,0x5121,0x5121,0x59a3,0x59a4,0x4901,0x4942,0x30e1,0x2840,0x59c5,0x7265,
  0x4942,0x2041,0x3103,0x28a0,0x38e1,0x40c1,0x3922,0x30e1,0x94f1,0xa573,0xbdf5,0xb5b4,0xce57,0xc616,0xbe16,0x5b0a,
  0x4aa9,0x530b,0x31e6,0x6bad,0x7bef,0x10a2,0x5aea,0xbdf5,0xce78,0xc636,0x5aea,0x1903,0x7bcd,0xce57,0xce77,0xd697,
  0xbdf5,0xbdd5,0xce57,0xce16,0xde78,0xd698,0xdeb8,0xdeb8,0xdeb8,0xd656,0xc5b4,0xdeb8,0xeed9,0xe6b8,0xeed8,0xde97,
  0xde77,0xde56,0xe697,0xde55,0xe676,0xe697,0xacb1,0x3143,0x3123,0x83ad,0xd616,0xde56,0xeeb8,0xee97,0xee97,0xeeb7,
  0xeef9,0xeeb8,0xeeb8,0xe6b7,0xeeb7,0xe676,0xe697,0xeeb7,0xf6d8,0xeeb7,0xde56,0xbd31,0xde14,0xc552,0xd5d3,0xbd51,
  0xee97,0xe697,0xeeb7,0xeeb7,0xeed8,0xeeb7,0xeeb7,0xe697,0xee97,0xeeb7,0xeeb7,0xeeb7,0xeeb7,0xd615,0xde76,0xe6b7,
  0xeed8,0xe6b7,0xe6b7,0xe696,0xeed8,0xeed7,0xeed8,0xe6b7,0xeed8,0xe6b7,0xeed8,0xe6b7,0xeed8,0xeeb7,0xeef8,0xeed8,
  0xeed8,0xe6b7,0xeeb8,0xe6b7,0xeeb8,0xeeb7,0xeed8,0xeed7,0xeed8,0xeeb7,0xeef8,0xeed8,0xf6f8,0xe697,0xd5f4,0xd5f4,
  0xd615,0xbd72,0xde36,0xeed7,0xf6f8,0xe697,0xeed8,0xeeb7,0xf6f8,0xeeb7,0xeed8,0xeeb7,0xeed8,0xeeb7,0xeeb7,0xe6b7,
  0xeeb7,0xe697,0xeeb7,0xe6b7,0xeeb7,0xe697,0xee97,0xe696,0xeeb7,0xee96,0xeeb7,0xee96,0xee97,0xee96,0xee97,0xee96,
  0xee97,0xee96,0xf6b7,0xee96,0xee97,0xee96,0xee96,0xee76,0xee96,0xee76,0xee96,0xee76,0xee96,0xee96,0xee96,0xe675,
  0xee96,0xee96,0xee96,0xe675,0xee96,0xee76,0xee76,0xee75,0xf676,0xee75,0xf696,0xee75,0xf676,0xee75,0xf696,0xee75,
  0xf696,0xee75,0xee76,0xee75,0xee76,0xee75,0xee76,0xee75,0xf696,0xee75,0xee96,0xee75,0xee96,0xee75,0xee96,0xee75,
  0xee96,0xee75,0xf696,0xee75,0xf676,0xee76,0xee76,0xee75,0xee76,0xee75,0xee76,0xe655,0xee56,0xee55,0xee76,0xee76,
  0xee76,0xee75,0xee76,0xee75,0xee76,0xee75,0xee76,0xee75,0xee76,0xee75,0xee76,0xee96,0xf696,0xee76,0xf696,0xf696,
  0xf696,0xee55,0xee75,0xee54,0xee55,0xe634,0xe635,0xde35,0xeeb8,0xde37,0x9c50,0x62ca,0x5a28,0x8b4b,0xc4b0,0x9b4b,
  0x8268,0x79c5,0x7984,0x7984,0x8143,0x7902,0x78e2,0x70e1,0x8123,0x8143,0x8985,0x8143,0x8164,0x8984,0x99c5,0xa205,
  0xb266,0xba87,0xc2e8,0xc308,0xcb29,0xc349,0xc36a,0xc36a,0xcbcc,0xc3ac,0xcbcd,0xcbed,0xd42e,0xd42e,0xdc4e,0xd44e,
  0xdc4f,0xcc2e,0xcc2e,0xbbed,0xbc0e,0xdd33,0xf5f6,0xccb1,0xc38c,0xbb2a,0xbb0a,0xbae9,0xbac9,0xaa47,0xa206,0x99e5,
  0x8144,0x7924,0x8186,0x6904,0x60a4,0x5883,0x58c3,0x5081,0x5061,0x4820,0x5882,0x5082,0x50a3,0x3020,0x6a28,0x51a5,
  0x1800,0x4944,0x6a06,0x7206,0x7207,0x61a4,0x4943,0x1840,0x5a06,0x6a27,0x7206,0x7226,0x5984,0x1800,0x28a1,0x2061,
  0x2000,0x3080,0x5183,0x5142,0x5983,0x5143,0x3060,0x3081,0x48e3,0x4903,0x5102,0x48a0,0x6142,0x5942,0x5141,0x5982,
  0x59c4,0x59a3,0x4922,0x4963,0x28a1,0x38c2,0x6a47,0x6a45,0x40e1,0x1820,0x3923,0x30e0,0x38c1,0x38a0,0x38e2,0x3102,
  0x8cb0,0xadb4,0xbe15,0xb5b4,0xbe15,0xc636,0xc637,0x6b8d,0x4aa9,0x5b0b,0x29a5,0x6b6d,0x8450,0x2123,0x52a9,0xb5d5,
  0xce77,0xc637,0x73cd,0x2123,0x73ad,0xd698,0xce77,0xd6b8,0xb5d4,0xad53,0xc5f5,0xce16,0xd697,0xde98,0xdeb8,0xe6d9,
  0xd697,0xd657,0xbd93,0xe6b8,0xe6d8,0xeef9,0xeed8,0xe697,0xde56,0xde56,0xde76,0xe697,0xde76,0xe677,0xa490,0x3944,
  0x3143,0x8bcd,0xc5b4,0xde56,0xe697,0xee97,0xe676,0xeeb8,0xe6b7,0xe6b7,0xe697,0xeeb7,0xe697,0xe697,0xde76,0xe697,
  0xe6b7,0xee97,0xe696,0xaccf,0xc572,0xd5f4,0xd5f4,0xb4f0,0xde56,0xe697,0xe676,0xee97,0xe696,0xeeb7,0xeeb7,0xeed8,
  0xe696,0xeeb7,0xe697,0xeed8,0xe6b7,0xd615,0xde35,0xeed8,0xe6b7,0xe697,0xe696,0xeeb7,0xeef8,0xf718,0xeed7,0xeed8,
  0xe6b7,0xeeb7,0xe6b7,0xe6b7,0xe697,0xeed8,0xeed8,0xeef8,0xe6b7,0xeeb7,0xe6b7,0xeed8,0xe696,0xeed8,0xeed8,0xeed8,
  0xe6b7,0xeeb7,0xe6b7,0xf6f8,0xeed7,0xe676,0xcdd3,0xde15,0xc5b3,0xde56,0xeeb7,0xeeb7,0xe697,0xeeb7,0xe6b7,0xeeb7,
  0xeeb7,0xeed8,0xeeb7,0xeed8,0xeeb7,0xeeb7,0xe6b7,0xeeb7,0xe697,0xeeb7,0xe697,0xeeb7,0xe697,0xeeb7,0xe696,0xe697,
  0xe696,0xeeb7,0xeeb7,0xeeb7,0xee96,0xee96,0xe696,0xee97,0xee96,0xeeb7,0xee96,0xeeb7,0xee96,0xee97,0xee96,0xee97,
  0xee76,0xee96,0xe676,0xee96,0xe675,0xee96,0xe675,0xe655,0xe675,0xee96,0xe675,0xe655,0xe655,0xee96,0xee55,0xee75,
  0xee75,0xf696,0xee95,0xf696,0xee75,0xee75,0xee75,0xee96,0xee75,0xee75,0xee75,0xee75,0xe654,0xee55,0xe655,0xee75,
  0xe655,0xee75,0xee75,0xee96,0xee95,0xee96,0xee75,0xee96,0xee75,0xee75,0xee75,0xee76,0xee55,0xee55,0xe635,0xee55,
  0xee55,0xee76,0xee75,0xee76,0xe655,0xee75,0xee75,0xee76,0xee75,0xee75,0xee55,0xee76,0xee75,0xee76,0xe655,0xee76,
  0xee75,0xee96,0xee75,0xee75,0xe675,0xe655,0xee55,0xf696,0xee55,0xee75,0xf695,0xee55,0xe634,0xee75,0xde14,0xb48f,
  0xb4d0,0xbd52,0xd616,0xe6b9,0xacf1,0xc574,0xff1a,0xe616,0xbcb0,0xa3ac,0x69a4,0x6102,0x7184,0x7123,0x68c1,0x70c1,
  0x70c2,0x7903,0x7903,0x8164,0x8164,0x8964,0x8143,0x9184,0x99a3,0xaa05,0xaa04,0xb286,0xc308,0xc349,0xc349,0xcb8b,
  0xcbaa,0xcbab,0xcbab,0xd3cc,0xcbac,0xd3cc,0xd3cc,0xdbcc,0xd3cc,0xd3ab,0xcbcc,0xc3cc,0xb38b,0xe532,0xfe57,0xed94,
  0xbb6b,0xbb09,0xbae9,0xbac9,0xaa46,0x99e5,0x91a4,0x8965,0x8985,0x8185,0x6904,0x58a3,0x5082,0x4862,0x4861,0x5081,
  0x5081,0x4861,0x4020,0x4882,0x4081,0x3882,0x2820,0x2000,0x4102,0x6a27,0x6a27,0x69c6,0x5984,0x5163,0x1800,0x4103,
  0x6226,0x6a47,0x7226,0x7226,0x2840,0x2040,0x2061,0x1820,0x1800,0x4963,0x5142,0x4901,0x5983,0x4902,0x38a1,0x40c2,
  0x40e2,0x5123,0x48c1,0x48c1,0x5922,0x6162,0x5121,0x61c3,0x59a3,0x59a3,0x4902,0x4964,0x1820,0x4923,0x6a46,0x6a45,
  0x30c0,0x28a2,0x30c2,0x30c0,0x30a0,0x38e2,0x30a0,0x30c1,0x94d2,0xad74,0xc637,0xbe16,0xc656,0xadb4,0xc637,0x6bad,
  0x2144,0x634c,0x1903,0x5b2b,0x7c2f,0x0860,0x52a9,0xbe16,0xce78,0xce77,0xa553,0x2964,0x6b4b,0xc657,0xce58,0xd698,
  0xbdd5,0xa532,0xd657,0xce16,0xe6d9,0xdeb8,0xe6d9,0xde98,0xe6b8,0xd656,0xb553,0xdeb8,0xe6d9,0xe6f8,0xef19,0xe6b7,
  0xe697,0xd636,0xe697,0xde36,0xde57,0xde57,0xacd1,0x3102,0x4184,0x942e,0xd636,0xde56,0xeed8,0xe6b7,0xe697,0xe6b7,
  0xeeb8,0xe697,0xeeb7,0xe6b7,0xeed8,0xeeb7,0xeeb7,0xeeb7,0xf6f8,0xeed8,0xeeb8,0xa48f,0xc573,0xe676,0xd5d4,0xb4d0,
  0xe676,0xe676,0xeeb7,0xeeb7,0xeeb7,0xeeb7,0xeeb8,0xeeb7,0xeeb7,0xe696,0xeeb7,0xeeb7,0xeed8,0xd5f4,0xde35,0xeed8,
  0xeed8,0xe696,0xeed8,0xeed8,0xeed8,0xeed8,0xf6f8,0xeed7,0xeed8,0xeed7,0xeed8,0xe6b7,0xeed7,0xeed7,0xeed8,0xeef8,
  0xf718,0xeed7,0xeeb7,0xeeb7,0xeed8,0xeed7,0xeed8,0xe6b7,0xeed7,0xeed7,0xeef8,0xeed7,0xe697,0xd5f4,0xcdb3,0xd5f4,
  0xd5f4,0xde76,0xeeb7,0xeeb7,0xeed8,0xeed8,0xeed8,0xe6b7,0xeed8,0xeed7,0xeed8,0xeed8,0xeef8,0xeeb7,0xeeb7,0xeeb7,
  0xeeb7,0xeeb7,0xeeb7,0xee97,0xeeb7,0xeeb6,0xeeb7,0xe696,0xeeb7,0xeeb7,0xf6d8,0xeeb7,0xee97,0xee96,0xf6b7,0xee97,
  0xee97,0xee96,0xf6b7,0xee96,0xeeb7,0xee97,0xf6b7,0xee96,0xee96,0xe675,0xee96,0xee96,0xeeb7,0xee96,0xee76,0xe655,
  0xee76,0xee76,0xee76,0xe655,0xee76,0xee75,0xee96,0xee75,0xee76,0xee75,0xee96,0xee75,0xee75,0xee75,0xee96,0xee75,
  0xee96,0xee75,0xee76,0xe655,0xee75,0xee75,0xee76,0xee75,0xee96,0xee75,0xf696,0xee75,0xee96,0xee75,0xee96,0xee75,
  0xee76,0xee75,0xf696,0xee76,0xee76,0xe655,0xee56,0xe655,0xee55,0xee55,0xee76,0xe655,0xe655,0xe655,0xee76,0xee55,
  0xee76,0xee75,0xee76,0xee55,0xee76,0xee55,0xee76,0xe655,0xee56,0xe655,0xee76,0xe634,0xee75,0xee75,0xf696,0xee76,
  0xf696,0xee76,0xee76,0xee55,0xee55,0xe655,0xe635,0xe635,0xa44e,0x6225,0x8b4b,0xb4f1,0xde37,0xe698,0xff3b,0xf71a,
  0xff1a,0xfefa,0xb470,0x82c9,0x69c5,0x6163,0x6903,0x68e2,0x7102,0x70e2,0x70c2,0x8143,0x8964,0x8163,0x8964,0x8963,
  0x89a4,0x89a3,0x99e5,0x9a05,0xaa66,0xb2a7,0xbae8,0xc329,0xcb8a,0xcb8a,0xd36b,0xd38b,0xd3ac,0xcbab,0xd3ac,0xd38b,
  0xdbab,0xd38b,0xd38b,0xcbac,0xb36b,0xdd32,0xfe98,0xee15,0xc3ec,0xa2c7,0xaac8,0xa267,0x9a06,0x99c6,0x9185,0x8985,
  0x8986,0x7124,0x60a3,0x5082,0x50c3,0x48a2,0x5082,0x5082,0x50a2,0x3861,0x40a2,0x38a2,0x2841,0x2000,0x3041,0x5924,
  0x71c6,0x7a27,0x69a5,0x5964,0x61e6,0x4123,0x2820,0x6184,0x7a47,0x6a05,0x6a46,0x38e1,0x1800,0x38e2,0x2862,0x1000,
  0x30c2,0x5984,0x5102,0x5122,0x5122,0x4901,0x40e1,0x4922,0x5143,0x40e1,0x48e2,0x48c1,0x5943,0x5942,0x6163,0x5983,
  0x69e4,0x5983,0x5164,0x4103,0x2020,0x5184,0x7266,0x59e5,0x28a0,0x3922,0x38c1,0x3880,0x30a1,0x30e2,0x38c1,0x38a0,
  0x8c91,0x9cf2,0xb5b4,0xce77,0xbe15,0xb5d4,0xbe36,0x6b8c,0x31e6,0x634c,0x1903,0x5b2b,0x8470,0x2144,0x52c9,0xbdf5,
  0xce77,0xce78,0xb5b5,0x2943,0x5aea,0xbdf6,0xce78,0xd698,0xbdd5,0xbdd5,0xd677,0xce57,0xd677,0xde98,0xdeb8,0xdeb8,
  0xdeb8,0xde97,0xc5d4,0xe6d8,0xe6d8,0xeef9,0xe6d8,0xe697,0xde56,0xd635,0xd656,0xd615,0xd616,0xe698,0xb532,0x3102,
  0x4184,0xacf2,0xcdf5,0xde56,0xe697,0xe6b7,0xe696,0xe6b7,0xe697,0xe697,0xe696,0xeeb7,0xe6b7,0xeeb7,0xe697,0xeeb7,
  0xeeb7,0xeeb7,0xd635,0xa46e,0xc593,0xcdd4,0xd5d4,0xbd52,0xe676,0xe697,0xe696,0xeeb7,0xe697,0xeeb7,0xe697,0xe697,
  0xe696,0xeeb7,0xe6b7,0xeeb7,0xeeb7,0xde76,0xd614,0xde76,0xe697,0xe697,0xe6b7,0xeed7,0xe6b7,0xeed8,0xe6b7,0xeeb7,
  0xe6b7,0xeeb7,0xe6b7,0xe6b7,0xe6b7,0xeed7,0xe6b7,0xeed7,0xeed7,0xeed8,0xe6b7,0xeed8,0xe6b7,0xeed8,0xe6b7,0xe6b7,
  0xe6b7,0xeed7,0xe6b7,0xeed7,0xde56,0xcdb3,0xcdf4,0xc5b3,0xd614,0xeeb7,0xeef8,0xe6b7,0xe697,0xeeb7,0xe6b7,0xeed7,
  0xe6b7,0xeed8,0xe6b7,0xeed7,0xeed7,0xf6d8,0xeed7,0xeed8,0xeed7,0xeed8,0xeeb7,0xeeb7,0xeeb7,0xeed7,0xe6b6,0xeeb7,
  0xe696,0xeeb7,0xe6b6,0xeeb7,0xe676,0xee76,0xe676,0xee96,0xee76,0xee97,0xee96,0xee96,0xee76,0xee97,0xe675,0xe676,
  0xe676,0xee96,0xe675,0xee96,0xee96,0xee96,0xe655,0xe655,0xe675,0xee96,0xe675,0xee96,0xee76,0xee76,0xe675,0xee75,
  0xe655,0xee75,0xe655,0xee75,0xe654,0xee55,0xe655,0xee75,0xee75,0xee75,0xe654,0xee75,0xee75,0xee76,0xe675,0xee75,
  0xee75,0xee75,0xe675,0xee75,0xee75,0xee96,0xee75,0xee96,0xee75,0xee96,0xee75,0xee76,0xee55,0xee76,0xee55,0xee76,
  0xee55,0xe635,0xe654,0xe655,0xe634,0xee75,0xee75,0xee75,0xee75,0xee75,0xee75,0xee76,0xee75,0xee76,0xee75,0xee96,
  0xee75,0xe635,0xde34,0xe655,0xee75,0xee96,0xee75,0xee76,0xee75,0xee76,0xee55,0xee75,0xe655,0xe635,0xe635,0xe655,
  0xcdb3,0xcd73,0x8b8b,0x51c4,0x7ae9,0x7b2b,0xb4f2,0xf71a,0xeeb9,0xff1a,0xff5b,0xfe98,0xb40e,0x8a88,0x6963,0x7164,
  0x7943,0x7923,0x7923,0x7903,0x7902,0x8143,0x8143,0x8163,0x8143,0x8163,0x8122,0x8963,0x89a3,0x99c4,0x99e4,0xa225,
  0xaa66,0xb2a7,0xb2a7,0xb2c8,0xb2e8,0xbae9,0xb2e8,0xc2e8,0xbac8,0xc2c8,0xbac8,0xbae9,0x9aa8,0xcc6f,0xee36,0xee16,
  0xab6b,0x9a46,0x9205,0x91e5,0x89a5,0x91c6,0x8185,0x8986,0x7104,0x6082,0x5061,0x5082,0x5081,0x4882,0x4881,0x4861,
  0x3841,0x40a2,0x2860,0x1820,0x1800,0x3881,0x5965,0x6986,0x69a5,0x71e6,0x5943,0x7226,0x61e5,0x2860,0x3081,0x7206,
  0x69e5,0x7225,0x61e4,0x2860,0x2880,0x30a2,0x1840,0x1000,0x30c1,0x4923,0x5102,0x5943,0x4901,0x4902,0x40e1,0x5163,
  0x5142,0x40e1,0x40a0,0x5122,0x5102,0x6143,0x5122,0x61c4,0x69e4,0x5143,0x5163,0x38e2,0x28a1,0x6205,0x7266,0x4963,
  0x1820,0x38e2,0x30c1,0x38c0,0x2860,0x30c2,0x30a1,0x38c0,0x9491,0xad94,0xbe16,0xc677,0xce77,0xc656,0xbe16,0x8c70,
  0x4248,0x52ca,0x3a07,0x6bad,0x94b2,0x2144,0x52a9,0xb5b4,0xd6b8,0xce78,0xc637,0x2963,0x5aea,0xbdf6,0xd6b9,0xd698,
  0xc616,0xce57,0xce57,0xc616,0xd657,0xde98,0xdeb8,0xdeb8,0xdeb8,0xd677,0xd636,0xe6d8,0xeef9,0xeef9,0xeef9,0xe6b8,
  0xde97,0xd635,0xde56,0xde56,0xde57,0xe677,0xc574,0x3102,0x5a68,0xde57,0xde57,0xde76,0xeeb8,0xe6b7,0xeeb7,0xe6b7,
  0xe698,0xe697,0xeeb7,0xe6b7,0xeed8,0xeeb7,0xeeb7,0xe6b7,0xeeb8,0xeed8,0xe656,0xbd31,0xd5f4,0xc552,0xde15,0xc572,
  0xeeb7,0xe6b7,0xeed7,0xe6b7,0xeeb7,0xe6b7,0xeed7,0xe696,0xe6b7,0xeed7,0xeed8,0xe6d7,0xeef8,0xeeb7,0xde56,0xde56,
  0xeed8,0xeeb7,0xeef8,0xeed8,0xeed8,0xeed7,0xeeb7,0xe6b7,0xeeb7,0xeeb7,0xeed8,0xeed7,0xeed8,0xeeb7,0xeed7,0xe6b7,
  0xeed8,0xeed7,0xeef8,0xeef8,0xeed8,0xeed7,0xeed8,0xe6b7,0xeed8,0xeeb7,0xeed7,0xe6b7,0xde56,0xc592,0xcdb3,0xcdf4,
  0xeed8,0xeed8,0xeef8,0xeed7,0xeeb7,0xe6b7,0xeed8,0xeed7,0xeed8,0xeed8,0xeef8,0xeed7,0xeef8,0xeed8,0xf6d8,0xeed7,
  0xeed7,0xeeb7,0xeeb7,0xe6b7,0xeeb7,0xeeb7,0xeeb7,0xe696,0xeeb7,0xeeb7,0xeed7,0xeeb7,0xee97,0xee76,0xee97,0xee76,
  0xee97,0xee96,0xee97,0xee96,0xee97,0xee97,0xee96,0xe696,0xf6b7,0xee96,0xee96,0xe676,0xee96,0xee96,0xee96,0xee76,
  0xee96,0xee96,0xee96,0xee96,0xee96,0xee76,0xee96,0xee75,0xee76,0xee75,0xee75,0xee75,0xee76,0xee75,0xee96,0xee95,
  0xf696,0xee75,0xee96,0xee75,0xee96,0xee75,0xee96,0xee75,0xf696,0xee75,0xee96,0xee75,0xee96,0xee75,0xee96,0xee75,
  0xee96,0xee75,0xee76,0xee75,0xf676,0xee76,0xf696,0xee76,0xf696,0xee55,0xee75,0xee55,0xee75,0xee75,0xee95,0xee75,
  0xee75,0xee55,0xee76,0xe655,0xee76,0xe655,0xee76,0xe655,0xee76,0xe675,0xee76,0xee96,0xee96,0xe655,0xee76,0xee55,
  0xee76,0xee55,0xee76,0xee55,0xee55,0xee75,0xe635,0xe635,0xee97,0xde15,0xf697,0xcd73,0x834b,0x3922,0x30a1,0x7b2a,
  0xcd74,0xd5d5,0xddd5,0xf636,0xff5b,0xf5d5,0xbbcd,0x81e6,0x8164,0x8164,0x8985,0x8164,0x8143,0x70e1,0x70c1,0x70e1,
  0x8143,0x8143,0x8963,0x8962,0x8963,0x8962,0x8963,0x8962,0x9183,0x91a3,0x91c4,0x91c4,0x9a05,0x9205,0x9a25,0xa225,
  0xaa26,0xaa05,0xb246,0xa226,0x9a26,0xab6b,0xe574,0xe594,0xa2ea,0x89e5,0x89e6,0x89c5,0x89e6,0x81a5,0x7944,0x6903,
  0x60c2,0x5881,0x58a2,0x50a2,0x5081,0x4861,0x4862,0x4061,0x4062,0x3040,0x2000,0x1800,0x38c2,0x5144,0x6165,0x6185,
  0x71e7,0x6164,0x7207,0x61c5,0x4943,0x3060,0x61e6,0x7246,0x7206,0x7246,0x4102,0x2040,0x4124,0x2881,0x1820,0x1820,
  0x4123,0x48e1,0x6163,0x5963,0x5102,0x4901,0x4922,0x5183,0x5984,0x48c1,0x48e1,0x48e1,0x5943,0x5102,0x6183,0x61a3,
  0x7225,0x4922,0x59a5,0x2861,0x30a2,0x6a46,0x7287,0x4963,0x2881,0x38e2,0x38c1,0x3060,0x3081,0x28a1,0x30a1,0x3080,
  0x7bee,0xc637,0xbdf5,0xad73,0xc656,0xc677,0xa553,0x9d12,0x4268,0x5b0b,0x4228,0x632c,0x7c2f,0x0881,0x3a06,0xb5b5,
  0xce98,0xc657,0xb5b5,0x39e6,0x4247,0xb5d5,0xd6b8,0xd698,0xc636,0xd698,0xb5b4,0xc5d5,0xce56,0xdeb8,0xd697,0xe6b8,
  0xd677,0xd677,0xd656,0xe6b8,0xe6d8,0xeef9,0xe6d8,0xe6d8,0xde76,0xd656,0xd656,0xe6b7,0xde56,0xe697,0xc5b4,0x3943,
  0x62a8,0xeed9,0xd636,0xe697,0xe6b7,0xe6b7,0xe697,0xeeb8,0xe697,0xe697,0xe697,0xeeb7,0xe6d7,0xeed8,0xe6b7,0xeeb7,
  0xe697,0xeed8,0xe697,0xde15,0xcdb3,0xbd52,0xd5f4,0xc593,0xe696,0xeeb7,0xe6b7,0xeeb7,0xe6b7,0xeeb7,0xe6b7,0xe6b7,
  0xde96,0xe6b7,0xe6b7,0xeeb7,0xeed7,0xeed7,0xde56,0xe697,0xe6b7,0xeed8,0xeed7,0xeed8,0xe6d7,0xeed8,0xe6b7,0xeeb7,
  0xe6b7,0xeed8,0xeed7,0xeed8,0xe6d7,0xeed7,0xeed7,0xeed8,0xeed7,0xeed8,0xe6b7,0xeed8,0xe6b7,0xeed7,0xe6b7,0xeed7,
  0xe6b7,0xeed8,0xe6b7,0xeef8,0xc592,0xbd72,0xcdf4,0xeed7,0xe6b7,0xeed8,0xe6b7,0xeed8,0xe6b7,0xeed8,0xeed7,0xeed7,
  0xe6b7,0xeed8,0xe6b7,0xeed7,0xe6b7,0xeef8,0xeed7,0xeed7,0xe6b7,0xeeb7,0xe6b7,0xeeb7,0xeeb6,0xeed7,0xeeb6,0xeeb7,
  0xe6b7,0xeed7,0xeeb7,0xeeb7,0xee96,0xee97,0xee96,0xee97,0xee96,0xee97,0xee96,0xee97,0xee96,0xeeb7,0xeeb6,0xf6b7,
  0xee96,0xee96,0xee96,0xee96,0xee96,0xeeb6,0xee96,0xee96,0xee96,0xee96,0xee96,0xee96,0xe675,0xee96,0xee75,0xee96,
  0xee75,0xee75,0xee75,0xee76,0xee75,0xee96,0xee75,0xee96,0xee75,0xee96,0xee75,0xee75,0xee75,0xee75,0xee75,0xee96,
  0xee75,0xee96,0xee95,0xee96,0xee75,0xee96,0xee75,0xee76,0xee75,0xee75,0xe655,0xee55,0xee55,0xee76,0xee75,0xee76,
  0xee75,0xee96,0xee75,0xee96,0xee75,0xee75,0xee75,0xee76,0xe675,0xee96,0xee76,0xee76,0xe676,0xee76,0xee76,0xe676,
  0xe655,0xe656,0xe676,0xf6b7,0xe675,0xee96,0xee76,0xee76,0xe655,0xee55,0xe655,0xee75,0xe634,0xee55,0xe655,0xee76,
  0xe655,0xe635,0xe635,0xe636,0xee76,0xd5b5,0x9bed,0x59e5,0x59e5,0x832a,0x934b,0xabed,0xb40e,0xc44f,0xdcd1,0xdc90,
  0xa2a9,0x7943,0x8143,0x8964,0x7922,0x70c1,0x68a0,0x70c1,0x70e1,0x78e2,0x8122,0x8963,0x8163,0x8963,0x8142,0x8943,
  0x8142,0x8963,0x8163,0x89a4,0x81a3,0x89c4,0x89c4,0x91c4,0x91a4,0x99e4,0x99e4,0x99e5,0x91e6,0x9a68,0xbbee,0xcc71,
  0x9a89,0x8a07,0x89e6,0x89c6,0x79a4,0x7123,0x58a1,0x60c1,0x58a1,0x58c1,0x5081,0x5081,0x4861,0x5081,0x4862,0x4062,
  0x2800,0x1800,0x2020,0x40e2,0x5164,0x61a5,0x5944,0x69a5,0x69a5,0x69c6,0x5984,0x7288,0x3080,0x4902,0x7aa8,0x6a26,
  0x6a05,0x59a3,0x2020,0x30c1,0x30e2,0x2061,0x1000,0x2881,0x4102,0x4902,0x5942,0x5942,0x48e1,0x5122,0x4942,0x5984,
  0x5162,0x48e1,0x48c1,0x5102,0x5102,0x6163,0x5942,0x7226,0x5182,0x4942,0x4943,0x2860,0x4143,0x7287,0x6225,0x3902,
  0x28c1,0x3923,0x2880,0x3060,0x30a1,0x30c2,0x3080,0x3080,0x7bee,0xc637,0xbdf5,0x9cf1,0xc636,0xbe15,0xadb4,0xa553,
  0x3a07,0x4a89,0x4a89,0x4a89,0x7c2f,0x10e2,0x3a06,0xb594,0xce78,0xbe16,0xc616,0x73cd,0x5288,0xbdd5,0xd6b9,0xd6b8,
  0xce37,0xd6b8,0xbd94,0xbdd4,0xde98,0xde98,0xdeb8,0xdeb8,0xdeb8,0xd677,0xde97,0xe6d8,0xeef9,0xe6f8,0xeef9,0xe6d8,
  0xe6b8,0xd656,0xe697,0xe697,0xe677,0xe6b8,0xcdd5,0x3102,0x6288,0xe698,0xde57,0xe697,0xe6b7,0xde96,0xe6b7,0xe6b7,
  0xeeb8,0xe6b7,0xeed8,0xe6b7,0xeed8,0xeed8,0xeeb8,0xe697,0xeeb7,0xe696,0xeeb7,0xde56,0xbd52,0xbd52,0xde35,0xcdb3,
  0xe697,0xe696,0xeeb7,0xe6b7,0xeeb7,0xe6b7,0xeed8,0xe6b7,0xe697,0xe696,0xeeb7,0xe6b7,0xeed8,0xe6b7,0xe697,0xeeb7,
  0xeed8,0xe6b7,0xeed8,0xe6b7,0xeeb7,0xe6b7,0xeeb7,0xe6b7,0xeed7,0xeed7,0xeef8,0xeed7,0xeed8,0xe6b7,0xeef8,0xeed8,
  0xeed8,0xeed7,0xeed8,0xe696,0xeed7,0xeed7,0xeed8,0xeed7,0xeef8,0xeed7,0xeed8,0xde55,0xc593,0xc5b3,0xe6b7,0xeed7,
  0xe697,0xe6b7,0xeed8,0xeeb7,0xeed8,0xeed7,0xeed8,0xe6b7,0xeed8,0xeed7,0xeed8,0xeed7,0xeed8,0xeed7,0xf6f8,0xeed7,
  0xeed7,0xeeb7,0xeed7,0xeeb7,0xeed7,0xeed7,0xf6d7,0xeeb7,0xeed7,0xe6b7,0xeed7,0xeeb7,0xeeb7,0xee97,0xf697,0xee76,
  0xee97,0xee96,0xf697,0xee96,0xee97,0xee96,0xf6b7,0xee96,0xee96,0xe675,0xee96,0xeeb6,0xf6b7,0xeeb6,0xf6b7,0xee96,
  0xee96,0xee96,0xf6b7,0xee96,0xee96,0xee76,0xf696,0xee75,0xee76,0xee75,0xee76,0xee75,0xee76,0xee75,0xee96,0xee75,
  0xee96,0xee75,0xee96,0xee75,0xf696,0xee95,0xf696,0xee75,0xee96,0xee75,0xf696,0xee96,0xee96,0xee75,0xee76,0xee75,
  0xee75,0xe655,0xee56,0xee55,0xee76,0xee75,0xee76,0xee76,0xee96,0xee75,0xee96,0xee75,0xf696,0xee75,0xee96,0xee96,
  0xee96,0xe696,0xee96,0xe656,0xe635,0xde15,0xe635,0xde15,0xee97,0xeeb7,0xee97,0xde35,0xee76,0xe655,0xee76,0xee75,
  0xee75,0xee55,0xee76,0xee55,0xe655,0xe655,0xee55,0xde14,0xe655,0xe676,0xee76,0xde35,0xe636,0xee77,0xfeb8,0xcd52,
  0xac0d,0x8b09,0x8b0a,0x9309,0x7a26,0x79e5,0x9288,0xa2e9,0x9a47,0x7943,0x8164,0x8164,0x8143,0x70e1,0x78e2,0x70e1,
  0x78e2,0x70a0,0x78e1,0x7902,0x8122,0x8142,0x8943,0x8143,0x8963,0x8143,0x8163,0x8163,0x81a4,0x81a4,0x89c4,0x89c4,
  0x91c4,0x91c4,0x99c5,0x99e5,0xa227,0x9206,0xaaeb,0xb36d,0x9a48,0x81c6,0x81a6,0x7144,0x6943,0x60e2,0x58c2,0x58e1,
  0x58e2,0x50c1,0x50a1,0x50a1,0x58a2,0x4841,0x4021,0x2800,0x2000,0x2840,0x4924,0x51a5,0x59a5,0x5984,0x6184,0x5943,
  0x69a5,0x69c5,0x61c6,0x59e6,0x3060,0x61a5,0x7aa8,0x6a47,0x6a05,0x3060,0x3040,0x30c2,0x20a2,0x1861,0x1820,0x38c2,
  0x4902,0x5122,0x5963,0x48c0,0x48c1,0x5122,0x5983,0x5983,0x5143,0x40c1,0x48e2,0x5102,0x5902,0x6184,0x6183,0x6a25,
  0x4901,0x4942,0x4923,0x2040,0x5a06,0x6a87,0x6a46,0x2040,0x28a1,0x30e2,0x30a1,0x30a1,0x38c2,0x2881,0x3081,0x40c1,
  0x7c0e,0xbdf5,0xbe36,0xb5b4,0xbdf5,0xc636,0xbe16,0xbdf6,0x31e6,0x39e6,0x636c,0x4aa9,0x73ee,0x39c6,0x31c5,0xbdd5,
  0xd6b8,0xce77,0xce77,0xa532,0x4206,0xb5d5,0xce98,0xd6b8,0xbdd5,0xdeb8,0xbdf5,0xc615,0xce56,0xdeb8,0xd697,0xdeb8,
  0xded8,0xd677,0xd656,0xe6f9,0xeef9,0xeef9,0xe6f8,0xeef8,0xe6b7,0xde76,0xde96,0xe697,0xde76,0xe6b8,0xc594,0x3122,
  0x62a8,0xe6d9,0xde97,0xde97,0xde96,0xe6b7,0xe696,0xe6b7,0xe6b7,0xeed8,0xe6b7,0xeeb7,0xe6b7,0xeed8,0xe6b7,0xe6b7,
  0xe697,0xe676,0xde55,0xde35,0xbd31,0xc593,0xde35,0xcdd3,0xde76,0xe697,0xe696,0xe6b7,0xe6b7,0xeeb7,0xe6b7,0xeed8,
  0xe697,0xe6b7,0xe6b7,0xe6b7,0xe6b7,0xeeb7,0xe6b7,0xeed8,0xe6b7,0xeeb7,0xeed7,0xeed7,0xe697,0xeeb7,0xe6b7,0xe6b7,
  0xe6b7,0xeed8,0xe6d7,0xeed7,0xe6b7,0xeeb7,0xe6d7,0xeed7,0xe6b7,0xeed8,0xe6b7,0xe6b7,0xe6b7,0xeed8,0xe6d7,0xeed8,
  0xeed7,0xeed8,0xe6b7,0xbd72,0xcdf4,0xe6b7,0xde76,0xe696,0xeed7,0xe6b7,0xe6b7,0xeed7,0xe6b7,0xeed8,0xe6b7,0xe6b7,
  0xe6b7,0xeed8,0xeed7,0xeef8,0xeed7,0xeed8,0xe6b7,0xe6b7,0xe696,0xeeb7,0xe696,0xeeb7,0xeeb7,0xeed7,0xe6b6,0xeeb6,
  0xe6b6,0xeeb7,0xe696,0xeeb7,0xee97,0xeeb7,0xee96,0xee96,0xee76,0xee96,0xee76,0xee96,0xe676,0xee96,0xe676,0xee76,
  0xe675,0xee76,0xe675,0xee96,0xeeb6,0xf6b7,0xee96,0xeeb6,0xee76,0xee96,0xee96,0xee96,0xe675,0xee76,0xee75,0xee75,
  0xee75,0xee75,0xee75,0xee75,0xee75,0xee76,0xee75,0xee96,0xee75,0xee96,0xee75,0xee96,0xee95,0xee96,0xee75,0xee96,
  0xee75,0xee76,0xe675,0xee75,0xe655,0xee75,0xe655,0xee55,0xe654,0xee55,0xe655,0xee55,0xee55,0xee76,0xee75,0xee96,
  0xee96,0xee76,0xe655,0xee96,0xee75,0xee96,0xe675,0xee76,0xe676,0xee96,0xe655,0xde35,0xd5f4,0xd5d4,0xcdb3,0xee97,
  0xcdb3,0xc552,0xe676,0xe655,0xe676,0xe676,0xee75,0xee75,0xe654,0xee55,0xe654,0xee75,0xe654,0xe634,0xe654,0xf6b6,
  0xde14,0xe635,0xe634,0xe635,0xe635,0xee15,0xddb3,0xee56,0xe5f4,0xd572,0xcd10,0xccf1,0xc48f,0xab6b,0x79e5,0x7163,
  0x79c4,0x89e6,0x7963,0x81a4,0x8163,0x7902,0x68c1,0x70c1,0x70e1,0x78e2,0x70c1,0x70c1,0x70c1,0x78e2,0x70e1,0x78e2,
  0x78e1,0x7902,0x7902,0x7943,0x7963,0x8184,0x81a4,0x89e5,0x91e5,0x9a05,0x91c4,0x99e5,0x89a4,0x89a5,0x81a5,0x89e7,
  0x7985,0x7144,0x6903,0x60e2,0x60e2,0x60e2,0x5902,0x58e2,0x50c1,0x50c2,0x50c2,0x50c2,0x4041,0x3800,0x2000,0x2000,
  0x3061,0x4945,0x4985,0x4923,0x4102,0x48e1,0x3860,0x4080,0x5943,0x61a5,0x7aa9,0x30a1,0x4102,0x7a68,0x7a87,0x6a67,
  0x4942,0x2000,0x3061,0x30a1,0x20a2,0x1040,0x1860,0x4103,0x5102,0x5942,0x5121,0x40c0,0x40a0,0x5122,0x5162,0x5983,
  0x4922,0x48e1,0x48e1,0x48e1,0x5922,0x5943,0x6a05,0x5163,0x40e0,0x5143,0x38c1,0x2040,0x51c5,0x6a67,0x59e5,0x1820,
  0x28a1,0x2881,0x3081,0x38c2,0x2880,0x3081,0x3080,0x40e1,0x7c0e,0xa553,0xce98,0xbe36,0xb5d4,0xc636,0xc657,0x9d12,
  0x4248,0x39e6,0x7bee,0x4227,0x7c0f,0x52ca,0x2123,0xa512,0xd6b8,0xce77,0xd698,0xa553,0x31a5,0xb594,0xd6b9,0xd6b8,
  0xb594,0xd698,0xd698,0xc615,0xce15,0xdeb8,0xdeb8,0xdeb8,0xe6f9,0xd657,0xd656,0xe6f8,0xeef9,0xe6d8,0xeef8,0xe6d8,
  0xe6b8,0xd635,0xde97,0xde76,0xe697,0xe6b8,0xcdd5,0x4184,0x6aea,0xd636,0xde97,0xde97,0xe6b7,0xe6b7,0xeeb7,0xe6b7,
  0xeed8,0xeed8,0xeed8,0xe6b7,0xeed8,0xeed8,0xeeb8,0xe697,0xeeb8,0xe697,0xe676,0xde55,0xcdb3,0xcdb3,0xde56,0xc592,
  0xe697,0xe6b7,0xeed8,0xeed7,0xeed8,0xe6b7,0xeed7,0xe6b7,0xeeb7,0xe6b7,0xeed7,0xe696,0xeeb7,0xe6b7,0xeeb7,0xe6b7,
  0xe6b7,0xe6b7,0xeef8,0xe6b7,0xeeb7,0xe6b7,0xeed7,0xe6b7,0xeed8,0xeed7,0xeed8,0xe6b7,0xeed8,0xe6b7,0xeed8,0xe6b7,
  0xeed8,0xeed8,0xeef8,0xeed7,0xeed8,0xeed8,0xeed8,0xeed7,0xeed8,0xe6b7,0xeeb7,0xbd51,0xde35,0xeed8,0xe6b7,0xe697,
  0xeed8,0xeed7,0xf6f8,0xeed8,0xeeb7,0xe6b7,0xeed8,0xeed7,0xeed8,0xe6b7,0xeeb7,0xe6b7,0xeed8,0xe6b7,0xeeb7,0xe6b7,
  0xeed7,0xeeb7,0xeeb7,0xeeb7,0xeed7,0xeed7,0xeed7,0xe6b6,0xeeb7,0xe6b7,0xeeb7,0xeeb7,0xf6b7,0xeeb7,0xf6b7,0xee96,
  0xee97,0xee96,0xee97,0xee96,0xeeb7,0xeeb6,0xee96,0xe675,0xeeb7,0xee96,0xee96,0xee96,0xeeb7,0xeeb6,0xf6d7,0xeeb6,
  0xf697,0xee76,0xee96,0xe675,0xee76,0xee76,0xee96,0xee75,0xf696,0xee75,0xf696,0xee95,0xee76,0xee75,0xee76,0xee75,
  0xee76,0xee75,0xee96,0xee75,0xf696,0xee75,0xee96,0xee75,0xf696,0xee75,0xf696,0xee95,0xf696,0xee75,0xee96,0xee75,
  0xee96,0xee75,0xee76,0xee55,0xee76,0xee76,0xf696,0xf6b6,0xf6b7,0xf696,0xee96,0xee96,0xf6b6,0xe675,0xe675,0xe675,
  0xeeb7,0xeeb7,0xeed8,0xeeb7,0xeeb7,0xee97,0xf6d8,0xe697,0xeeb8,0xde35,0xc552,0xa46e,0xee96,0xee96,0xee76,0xee75,
  0xee55,0xe655,0xee75,0xee75,0xee75,0xee55,0xee75,0xe634,0xee76,0xee55,0xe655,0xe655,0xe635,0xe614,0xee14,0xe5f4,
  0xee14,0xe5d3,0xe5b3,0xd551,0xdd52,0xdd31,0xc42e,0x92a7,0x79e5,0x79c4,0x81a4,0x7983,0x8163,0x7902,0x7102,0x70e1,
  0x70e2,0x70e1,0x70e2,0x70c1,0x70c2,0x68a1,0x70a1,0x68a1,0x70c1,0x68a1,0x68a1,0x68a1,0x70e2,0x68e2,0x7102,0x7102,
  0x7922,0x7922,0x8142,0x8142,0x7902,0x8164,0x7964,0x7144,0x7144,0x6923,0x6923,0x6102,0x6923,0x58c1,0x58c1,0x5902,
  0x58e2,0x50c2,0x50c3,0x3841,0x2800,0x2800,0x3082,0x38c3,0x4945,0x5165,0x4923,0x2860,0x2800,0x2800,0x5102,0x69a5,
  0x69a5,0x7227,0x59a5,0x1800,0x5985,0x8288,0x82a8,0x59e4,0x3081,0x2820,0x3081,0x30c2,0x3104,0x0800,0x28a2,0x40e2,
  0x5903,0x5922,0x5100,0x48e1,0x48e1,0x4901,0x5142,0x5142,0x5943,0x5122,0x5923,0x5942,0x5943,0x6184,0x7a67,0x4922,
  0x4922,0x4962,0x2861,0x4123,0x6a47,0x6a67,0x3902,0x1000,0x3903,0x2881,0x38e3,0x30a1,0x3081,0x38a1,0x40e2,0x30a0,
  0x7c0e,0x9cf2,0xce98,0xbdf5,0xad93,0xc656,0xc657,0xad73,0x7bee,0x2964,0x5b0b,0x31a6,0x73ee,0x634b,0x10c1,0xa532,
  0xd6b8,0xce98,0xce98,0xb5b5,0x4247,0x8c6f,0xd6d9,0xded9,0xad93,0xce77,0xd697,0xc616,0xc636,0xe6d9,0xded8,0xdeb8,
  0xded8,0xd656,0xce36,0xe6d8,0xe6f9,0xe6f9,0xef19,0xf73a,0xd676,0xce15,0xd656,0xe6b7,0xde76,0xe6b8,0xd615,0x3943,
  0x5a87,0xde98,0xde97,0xe6d8,0xe6d7,0xe6d7,0xe6b7,0xe6b7,0xe6b8,0xeed8,0xe6b7,0xeed8,0xe6b7,0xeeb7,0xe6b7,0xeeb8,
  0xe6b7,0xe6b7,0xeed7,0xeeb7,0xcdd3,0xcdb3,0xde35,0xcdd4,0xde76,0xeed8,0xe6b7,0xeed8,0xe6d7,0xeed8,0xeed8,0xeef8,
  0xeef8,0xf718,0xeef8,0xeed8,0xe6b7,0xe6b7,0xe6b7,0xeed8,0xe6b7,0xeed7,0xe6b7,0xeed8,0xe6b7,0xeed7,0xe6b7,0xeeb7,
  0xe6b7,0xeed8,0xeed7,0xeed8,0xe6b7,0xeed8,0xeed7,0xeef8,0xeed7,0xeed8,0xeed7,0xf6f8,0xe6d7,0xeef8,0xe6b7,0xe6b7,
  0xeed7,0xeed8,0xd635,0xe676,0xe696,0xeeb7,0xeed7,0xeed8,0xe6b7,0xeed7,0xe6b7,0xeeb7,0xe6d7,0xeed8,0xeed7,0xeed8,
  0xeed7,0xeed8,0xeed7,0xeed8,0xe6d7,0xeed7,0xe6b7,0xeed7,0xe6b7,0xeeb7,0xe6b7,0xeeb7,0xe696,0xeeb7,0xe696,0xe696,
  0xde55,0xeeb7,0xeeb7,0xeeb7,0xeeb6,0xee96,0xe676,0xee96,0xee96,0xeeb6,0xee96,0xf6b7,0xe675,0xee96,0xeeb6,0xeeb6,
  0xee96,0xeeb6,0xeeb6,0xf6d7,0xee96,0xee96,0xee96,0xee96,0xee96,0xee96,0xee76,0xee96,0xe675,0xee96,0xee75,0xf696,
  0xee75,0xee96,0xee75,0xee76,0xe655,0xee75,0xee75,0xee76,0xee75,0xee75,0xe655,0xee76,0xee75,0xee96,0xee95,0xee96,
  0xe675,0xee75,0xe655,0xee75,0xe655,0xee75,0xee75,0xee96,0xee75,0xee75,0xe655,0xee75,0xe675,0xee75,0xee75,0xee96,
  0xee95,0xee75,0xee75,0xee96,0xe655,0xee96,0xc551,0xe675,0xeeb7,0xeed8,0xeef8,0xeed8,0xeeb8,0xf6f8,0xf6f8,0xf6f9,
  0xeef8,0xf6f8,0xeed7,0xe696,0xbd51,0xbd31,0xde34,0xee96,0xee95,0xe655,0xee75,0xf6b6,0xe654,0xe655,0xe655,0xee55,
  0xe654,0xe655,0xe654,0xee55,0xe634,0xe634,0xddf3,0xe614,0xe614,0xe5d3,0xd592,0xdd92,0xd551,0xdd52,0xccf0,0xccd0,
  0xd511,0xc44e,0x92a7,0x8a26,0x7963,0x7102,0x7122,0x68e1,0x68c1,0x68e1,0x68a0,0x70e2,0x68a1,0x68a1,0x68a1,0x68a1,
  0x68a1,0x68a1,0x6860,0x70a1,0x68c1,0x68a1,0x68c1,0x7102,0x68e1,0x7101,0x7101,0x7922,0x7942,0x8184,0x7964,0x7965,
  0x7184,0x7163,0x6922,0x6923,0x6102,0x60e2,0x58c1,0x58e3,0x50c2,0x48c2,0x3881,0x2000,0x2861,0x3924,0x51a7,0x59a7,
  0x38c3,0x2000,0x2820,0x2000,0x3060,0x5122,0x7226,0x69c5,0x7206,0x7aa9,0x2840,0x2860,0x6a47,0x8288,0x7aa8,0x4963,
  0x2000,0x38a2,0x38a2,0x38e3,0x20a1,0x1020,0x3903,0x4902,0x50e2,0x5121,0x40c0,0x5101,0x4901,0x5163,0x5142,0x4901,
  0x4901,0x5122,0x48e1,0x5922,0x5942,0x69c5,0x61e5,0x40e1,0x38c0,0x5163,0x1000,0x51a5,0x6a66,0x6a67,0x1820,0x2020,
  0x30e2,0x38e2,0x30a1,0x30a1,0x2840,0x38c1,0x38c0,0x3060,0x842f,0x9d12,0xc616,0xbe15,0xbe15,0xbe15,0xc657,0xb5d5,
  0x94d2,0x2123,0x4a89,0x3a27,0x6bad,0x634b,0x2102,0xad53,0xdeb8,0xce97,0xded9,0xc616,0x5ae9,0x840e,0xded9,0xd6d9,
  0xce77,0xdef9,0xe6f9,0xc5f5,0xce56,0xd677,0xe6f9,0xe6d9,0xe6d9,0xce36,0xd656,0xe6f9,0xef19,0xe6f8,0xef19,0xef19,
  0xe697,0xd635,0xe6b7,0xe6b7,0xde76,0xde97,0xd5f5,0x5a47,0x8bed,0xe6d9,0xe6d8,0xe6d7,0xeed8,0xe6d7,0xeed8,0xe6b7,
  0xeed8,0xeed8,0xeed8,0xe6b7,0xeed8,0xe6b7,0xeed8,0xeeb7,0xeeb8,0xe6b7,0xeed8,0xe697,0xd5f4,0xc572,0xde56,0xd614,
  0xe697,0xeed8,0xeed8,0xeed7,0xeed8,0xe6d7,0xeed8,0xeed7,0xeef8,0xeed8,0xeed8,0xe6b7,0xeeb7,0xe6b7,0xeed8,0xeeb7,
  0xeed7,0xe6b7,0xeed8,0xeeb7,0xeed8,0xe6b7,0xeed8,0xeeb7,0xeed8,0xeed7,0xeed8,0xeed7,0xeed8,0xeed7,0xeed8,0xeeb7,
  0xeed8,0xeed7,0xeed8,0xeeb7,0xeed8,0xeed7,0xeed8,0xeed7,0xeef8,0xe6b7,0xd635,0xe696,0xeed8,0xe6b7,0xeed8,0xeed7,
  0xeed8,0xeed8,0xeed8,0xe6b7,0xeed8,0xeed7,0xeed8,0xe6b7,0xeed8,0xe6b7,0xeed8,0xeed7,0xeed8,0xe6b7,0xeed8,0xeed7,
  0xeed7,0xe6b7,0xeed7,0xeeb7,0xeeb7,0xe6b6,0xeeb7,0xe696,0xd5f4,0xe696,0xeed7,0xeeb7,0xeeb7,0xe676,0xee76,0xee76,
  0xee97,0xee96,0xf6b7,0xeeb6,0xee96,0xee96,0xee96,0xe675,0xee96,0xee96,0xeeb7,0xeeb6,0xeeb7,0xee96,0xf6b7,0xee96,
  0xf6b7,0xee96,0xee96,0xee76,0xee96,0xee75,0xf696,0xee96,0xf696,0xee95,0xf696,0xee96,0xee96,0xee75,0xee76,0xee55,
  0xee75,0xee75,0xf696,0xee75,0xee96,0xee75,0xee96,0xee75,0xee96,0xee75,0xee76,0xee75,0xee76,0xee75,0xf696,0xee75,
  0xee96,0xee55,0xee75,0xee55,0xee75,0xee75,0xee96,0xee75,0xf696,0xe675,0xee96,0xee96,0xee76,0xe675,0xd5b3,0xee96,
  0xeeb7,0xeed8,0xeed8,0xeeb7,0xf6f9,0xf719,0xf6d8,0xf6d8,0xeeb8,0xeeb7,0xeeb7,0xeed8,0xf6d8,0xe696,0xf6b7,0xee75,
  0xee75,0xee75,0xf696,0xee96,0xee75,0xee75,0xee75,0xee55,0xee55,0xe655,0xee55,0xe655,0xee55,0xe654,0xe634,0xe634,
  0xee34,0xe5f3,0xe5d3,0xddd3,0xddb2,0xe5d3,0xe5d4,0xd531,0xd531,0xd531,0xedd4,0xed52,0xcc0e,0xab09,0x9247,0x81e5,
  0x89e5,0x7963,0x7143,0x7143,0x7943,0x7122,0x7103,0x7102,0x68c2,0x68c1,0x78e2,0x68a1,0x70a1,0x68c1,0x7102,0x70e2,
  0x68e1,0x60c0,0x7101,0x7122,0x7122,0x6902,0x7123,0x6923,0x6102,0x58e1,0x60e2,0x60c1,0x60c1,0x5081,0x58a2,0x58c3,
  0x48a2,0x3020,0x2000,0x2020,0x3104,0x20a2,0x2882,0x2020,0x1800,0x1800,0x3040,0x5123,0x61a4,0x7226,0x7206,0x7226,
  0x7a67,0x61c5,0x2800,0x5185,0x7a88,0x82a8,0x6a26,0x2880,0x2860,0x40e2,0x4904,0x3082,0x1820,0x28a1,0x4944,0x4902,
  0x6143,0x5101,0x48c0,0x4901,0x5102,0x5122,0x5122,0x48e1,0x5142,0x5942,0x5102,0x5942,0x5922,0x7a67,0x61a5,0x40e1,
  0x5183,0x4101,0x2840,0x5184,0x7267,0x6226,0x2040,0x2880,0x30c1,0x30c2,0x38c2,0x30a2,0x38c2,0x38a0,0x38a0,0x5142,
  0x840e,0xad74,0xbdf5,0xce97,0xc656,0xb5d4,0xbe15,0xb5d5,0x8c70,0x1903,0x3a07,0x4a89,0x6b8d,0x6b6c,0x10a0,0xad52,
  0xd6b8,0xded9,0xd6d8,0xce57,0x6b4b,0x7bed,0xd6d8,0xd698,0xc636,0xd698,0xd6b8,0xc5f5,0xce56,0xd657,0xdeb8,0xded8,
  0xded8,0xde98,0xd676,0xded8,0xded8,0xe6f9,0xe6d8,0xe6d8,0xde97,0xde76,0xdeb7,0xe6b7,0xde76,0xeed8,0xcdf4,0x6ae9,
  0x942e,0xe698,0xde97,0xe6b7,0xdeb7,0xe6d7,0xe6b7,0xe6d8,0xe6b7,0xeeb8,0xe6b7,0xeed7,0xe6b7,0xeeb7,0xe6b7,0xeeb7,
  0xe6b7,0xeef8,0xe6b7,0xeed7,0xd635,0xbd52,0xde35,0xde55,0xde76,0xeed8,0xe6b7,0xeed8,0xe6d7,0xeed7,0xe6b7,0xeed7,
  0xe6d7,0xeed8,0xe6b7,0xeed7,0xe6b7,0xeeb7,0xe6b7,0xe6b7,0xe6b7,0xeeb7,0xe6b7,0xeed7,0xe6b7,0xeeb7,0xe6b7,0xeed7,
  0xe6b7,0xeeb7,0xe6b7,0xeed7,0xe6b7,0xeed8,0xe6b7,0xeeb7,0xeed7,0xeed8,0xe6b7,0xe6b7,0xeef8,0xeed8,0xe6b7,0xeed8,
  0xeed7,0xe6b7,0xde55,0xeeb7,0xeed7,0xeed8,0xe6b7,0xeed7,0xeed7,0xeef8,0xeed7,0xeed8,0xeed7,0xeed8,0xe6b7,0xe6b7,
  0xe6b7,0xeed8,0xe6b7,0xeed7,0xe6b7,0xeed8,0xe6b7,0xeed7,0xe6b7,0xeeb7,0xe6b6,0xe6b7,0xe696,0xe6b7,0xe696,0xe675,
  0xcdf3,0xe6b7,0xeed7,0xeeb7,0xee96,0xee97,0xe676,0xee96,0xee76,0xee96,0xee96,0xee96,0xe675,0xee96,0xe675,0xe675,
  0xe675,0xee96,0xe675,0xee96,0xe676,0xee96,0xe675,0xee96,0xee96,0xee76,0xe675,0xee76,0xee76,0xee76,0xee75,0xee96,
  0xee75,0xee96,0xee75,0xee96,0xee75,0xee96,0xe675,0xee75,0xee75,0xee76,0xee75,0xee75,0xee75,0xee75,0xe655,0xee75,
  0xee75,0xee75,0xe675,0xee75,0xee75,0xee96,0xee75,0xee96,0xe655,0xee75,0xe655,0xee75,0xe655,0xee75,0xe675,0xee75,
  0xee75,0xee76,0xe655,0xee76,0xee96,0xee76,0xd5d3,0xd5d3,0xeeb7,0xeef8,0xe6d8,0xeed8,0xe697,0xeeb8,0xeed8,0xf6d8,
  0xe697,0xf6f9,0xeeb7,0xe697,0xeed7,0xf6d7,0xeeb6,0xde13,0xde13,0xee96,0xe675,0xee75,0xee75,0xf696,0xee75,0xee96,
  0xee75,0xee75,0xee55,0xee75,0xee75,0xee75,0xe634,0xe634,0xe634,0xe634,0xddf3,0xe614,0xe5f3,0xddd3,0xddb3,0xe5d3,
  0xddb3,0xd551,0xd531,0xf5d4,0xf5b3,0xfdd4,0xe531,0xdcf1,0xc42e,0xa2e9,0x9ac8,0x8a26,0x6922,0x7964,0x7984,0x7102,
  0x68e2,0x7923,0x70e1,0x70c2,0x68a1,0x70c2,0x68c1,0x68c1,0x60a0,0x68c0,0x60c0,0x60c0,0x58a0,0x58a1,0x58a1,0x58c1,
  0x50a0,0x58a0,0x5080,0x5080,0x5060,0x5061,0x4861,0x4862,0x2800,0x2800,0x2020,0x1820,0x0000,0x0800,0x1000,0x1800,
  0x2820,0x38a1,0x4922,0x5963,0x82c9,0x8288,0x8288,0x8ae9,0x6a06,0x3040,0x3080,0x7288,0x6a26,0x7226,0x38c1,0x1800,
  0x3902,0x4944,0x38e3,0x2841,0x1000,0x38e3,0x4123,0x5984,0x5943,0x48c0,0x48e0,0x5121,0x4901,0x5122,0x48e1,0x4901,
  0x5122,0x5942,0x5121,0x5942,0x69a4,0x82a8,0x4922,0x4922,0x4962,0x3080,0x3080,0x61e5,0x7267,0x5184,0x1000,0x30a1,
  0x2880,0x30a1,0x30a1,0x30c2,0x40e1,0x40a0,0x38a0,0x7266,0x9490,0xb594,0xc636,0xc635,0xbdf5,0xb5d4,0xc616,0xbdf6,
  0xa533,0x31c6,0x4a48,0x5aea,0x7bee,0x52c9,0x18e1,0xb593,0xded9,0xd6b8,0xd698,0xd698,0x94b0,0x7bed,0xd6b8,0xd6d8,
  0xc636,0xd698,0xe719,0xce76,0xce57,0xce36,0xe6d9,0xdeb8,0xe6d9,0xde98,0xd697,0xdeb8,0xe6f9,0xe6f9,0xef19,0xe6f8,
  0xeef9,0xde76,0xe6b7,0xe6b7,0xde76,0xde96,0xde56,0x8bed,0x944f,0xe6b8,0xe6d8,0xe6d7,0xe6d8,0xe6d7,0xeef8,0xeef8,
  0xeed8,0xe6b8,0xeed8,0xe6b7,0xeed8,0xe6b7,0xeed8,0xe6b7,0xeed8,0xeed7,0xeeb7,0xeed7,0xe676,0xbd31,0xd615,0xd635,
  0xde56,0xe6b7,0xe6b7,0xeed7,0xeef8,0xeed7,0xeed8,0xeed8,0xeef8,0xeed8,0xeed8,0xe6d7,0xeed8,0xeed7,0xeed7,0xe6b7,
  0xeeb7,0xe6b7,0xeed8,0xeed7,0xeed8,0xe6b7,0xeeb7,0xe6b7,0xeed8,0xe6b7,0xeeb7,0xe6b7,0xeed8,0xeed7,0xeed8,0xeed7,
  0xeef8,0xeed8,0xeed8,0xeed7,0xf6f8,0xe6b7,0xeed7,0xeed7,0xeeb7,0xe697,0xeed7,0xeed7,0xeed8,0xeeb7,0xeed8,0xeed7,
  0xeed8,0xeed7,0xeef8,0xeed8,0xf6f8,0xeed8,0xeed8,0xeed7,0xeed8,0xeed8,0xeef8,0xeed7,0xeed8,0xeed7,0xeed8,0xeed7,
  0xeed8,0xe6b7,0xeeb7,0xe696,0xeeb7,0xe696,0xe696,0xde55,0xde55,0xeeb7,0xeed7,0xe696,0xeeb7,0xee76,0xee76,0xee96,
  0xf697,0xeeb6,0xf6d7,0xee96,0xee96,0xee96,0xee96,0xee96,0xf6b7,0xee96,0xee96,0xe675,0xee96,0xee76,0xee76,0xee76,
  0xee96,0xe675,0xee76,0xe675,0xee96,0xee75,0xee96,0xee75,0xee96,0xee75,0xee96,0xee75,0xee96,0xee75,0xf696,0xee96,
  0xf696,0xee75,0xee75,0xee75,0xee76,0xee55,0xee75,0xee75,0xee96,0xee75,0xee75,0xee75,0xee76,0xee75,0xee96,0xee75,
  0xee76,0xee75,0xee76,0xee75,0xee76,0xee75,0xee76,0xee75,0xee96,0xee76,0xee76,0xe655,0xf6b7,0xeeb6,0xe635,0xb4f0,
  0xe697,0xeed8,0xeed8,0xe6b7,0xf6f9,0xf719,0xeeb8,0xeeb8,0xeeb8,0xeed8,0xf6d8,0xeed7,0xeeb7,0xee96,0xee96,0xcdb2,
  0xde14,0xee95,0xee75,0xee96,0xf6b7,0xee96,0xee76,0xee75,0xee96,0xee75,0xee76,0xee75,0xee75,0xee75,0xee75,0xe654,
  0xee75,0xe634,0xee34,0xe634,0xee34,0xddf3,0xe5d3,0xd5b2,0xdd92,0xcd10,0xd531,0xdd72,0xed93,0xdd52,0xdd52,0xdd52,
  0xed73,0xe532,0xed52,0xc42e,0xa2e9,0x8a26,0x81c4,0x6922,0x6902,0x68e1,0x70e1,0x70e1,0x70e2,0x70c2,0x68c2,0x60a0,
  0x68e1,0x60c0,0x60c0,0x58a0,0x60e1,0x60e1,0x60e2,0x60e2,0x60c1,0x50a0,0x50a0,0x4880,0x50a2,0x4882,0x4082,0x3021,
  0x2821,0x1800,0x1800,0x1000,0x1020,0x1000,0x2040,0x3080,0x5163,0x59a4,0x61c5,0x5943,0x71e6,0x7247,0x82a8,0x7a88,
  0x5984,0x3040,0x6a06,0x7288,0x7268,0x59c5,0x2000,0x2840,0x4964,0x4944,0x38c3,0x2020,0x2840,0x40e2,0x5123,0x61a4,
  0x5123,0x40a0,0x5942,0x5122,0x5122,0x4901,0x48e1,0x4901,0x5942,0x5122,0x5922,0x5101,0x8aa8,0x7205,0x40e1,0x5183,
  0x4122,0x2860,0x38c2,0x6a25,0x7a67,0x30a1,0x2020,0x30a1,0x38a1,0x3080,0x38c2,0x30c2,0x40c1,0x48e0,0x5982,0x7ac7,
  0xa553,0xb594,0xbe16,0xbdd4,0xb5d4,0xc656,0xbdf5,0xbdf5,0xbe16,0x52c9,0x31c6,0x634c,0x6b8c,0x4a47,0x2102,0xad32,
  0xd6b8,0xd6b8,0xd6b8,0xd6d9,0x8c8f,0x52a8,0xb5b4,0xded9,0xb5b4,0xd6b8,0xdf19,0xd697,0xbdd4,0xce36,0xded8,0xe6f9,
  0xde97,0xd677,0xce56,0xe6d8,0xe6d8,0xef19,0xe718,0xef19,0xeef8,0xd656,0xd676,0xe6d7,0xd655,0xde56,0xe6b7,0xad12,
  0x8c2e,0xe6d9,0xe6d8,0xe6d8,0xe6d7,0xe6f8,0xeed8,0xeef8,0xeed8,0xeed8,0xe6b7,0xeed8,0xe6b7,0xeed7,0xe6b7,0xeed8,
  0xe6d7,0xeef8,0xeed7,0xf6f8,0xeed7,0xcdb3,0xce14,0xde76,0xd655,0xe6b7,0xe697,0xeef8,0xe6d7,0xeed7,0xe6b7,0xeed8,
  0xe6d7,0xeed7,0xe6b7,0xeed7,0xe6b7,0xe6b7,0xe6b7,0xeeb7,0xe6b7,0xeed7,0xeed7,0xeed8,0xe6d7,0xeed7,0xe6b7,0xeed8,
  0xe6b7,0xeed7,0xe6b7,0xeed8,0xe6d7,0xeeb7,0xeed7,0xeef8,0xe6d7,0xeed7,0xeed7,0xeef8,0xe6d7,0xeed7,0xeed8,0xeed8,
  0xe696,0xe697,0xeed7,0xeef8,0xe6d7,0xeed8,0xeed7,0xeef8,0xeed7,0xeed7,0xe6b7,0xeed8,0xeed7,0xeed8,0xeed7,0xeed8,
  0xeed7,0xeef8,0xeed7,0xeed8,0xe6d7,0xeed8,0xe6b7,0xeed7,0xe6b7,0xeeb7,0xe6b7,0xeeb7,0xe6b6,0xe6b7,0xde75,0xde55,
  0xde75,0xeeb7,0xe6b6,0xee96,0xe676,0xe655,0xd5f3,0xe676,0xe655,0xee96,0xeeb6,0xee96,0xee96,0xeeb6,0xe675,0xee96,
  0xee96,0xeeb6,0xe675,0xee76,0xe675,0xee96,0xe675,0xee76,0xe675,0xee76,0xe675,0xee96,0xee76,0xee96,0xee75,0xf696,
  0xee75,0xee75,0xee75,0xee96,0xee95,0xee96,0xee75,0xee96,0xee75,0xee96,0xee75,0xee96,0xe675,0xee75,0xe655,0xee75,
  0xe675,0xee75,0xe655,0xee75,0xe655,0xee75,0xee75,0xee96,0xee75,0xee75,0xee75,0xee75,0xe675,0xee75,0xee75,0xee96,
  0xe675,0xe635,0xee96,0xee76,0xe675,0xeeb6,0xe675,0xc551,0xe696,0xe6b8,0xe6b7,0xeed8,0xe697,0xeeb7,0xf6f9,0xff3a,
  0xf719,0xe676,0xcdb3,0xde15,0xcdb3,0xc572,0xde34,0xe634,0xe655,0xee96,0xe655,0xf6b7,0xee96,0xee76,0xe655,0xee76,
  0xe655,0xee75,0xee55,0xee75,0xe654,0xee75,0xe655,0xee75,0xe654,0xe635,0xe614,0xe634,0xe614,0xe614,0xddf3,0xddd3,
  0xddd3,0xcd31,0xb48e,0xc4f0,0xcd10,0xc4cf,0xdd72,0xe592,0xdd72,0xdd31,0xd4f0,0xe552,0xe551,0xdcb0,0xc40d,0xb38b,
  0x92a7,0x8205,0x79c4,0x7963,0x60c0,0x68e2,0x68e2,0x68c1,0x68e1,0x68c0,0x60c0,0x60e1,0x60e1,0x60c1,0x5881,0x58c1,
  0x5880,0x58a1,0x50a1,0x50a2,0x40a2,0x3882,0x2821,0x2000,0x1820,0x1820,0x1820,0x1800,0x1820,0x30a1,0x59a4,0x6a06,
  0x61a4,0x5943,0x6184,0x69c5,0x5123,0x7a68,0x82a8,0x6a26,0x38a1,0x4943,0x7247,0x69e6,0x6a47,0x38e2,0x2020,0x4903,
  0x4103,0x4944,0x30a1,0x2000,0x38a1,0x5103,0x5143,0x5984,0x40e1,0x4902,0x4902,0x48e1,0x4901,0x4901,0x48e1,0x5122,
  0x5121,0x5942,0x5101,0x69a4,0x8ac8,0x5943,0x40e1,0x4963,0x38e1,0x3080,0x4923,0x7226,0x6a05,0x2860,0x28a1,0x30a1,
  0x30a0,0x38a1,0x30c2,0x3903,0x3880,0x6182,0x7a85,0x82e7,0xad53,0x9d12,0xbdf5,0xb5b4,0xc656,0xc656,0xb5b4,0xb5b4,
  0xc637,0x6b6c,0x2124,0x52ca,0x6b4c,0x52a9,0x39a5,0xad32,0xded9,0xd697,0xded9,0xded9,0xa532,0x3a06,0xa512,0xdef9,
  0xb594,0xce76,0xdf19,0xdef9,0xce36,0xce56,0xdeb8,0xded8,0xe6d8,0xdeb8,0xd656,0xdeb8,0xe6f9,0xe6d8,0xe6f9,0xe6f8,
  0xef19,0xce15,0xd656,0xe6b7,0xe697,0xe6b7,0xeed8,0xb552,0x8c0e,0xde77,0xe6d8,0xe6d7,0xe6d8,0xe6d7,0xeed8,0xe6b8,
  0xeed8,0xe6d8,0xeed8,0xeed7,0xeed8,0xe6b7,0xeed8,0xeed8,0xeed8,0xe6b7,0xeed8,0xeeb7,0xeed8,0xd635,0xcdb3,0xde56,
  0xe697,0xeed7,0xeed8,0xeed8,0xeed8,0xe6b7,0xeeb7,0xe6b7,0xeeb7,0xe6b7,0xeeb7,0xeed7,0xeed8,0xe6b7,0xeeb7,0xe6b7,
  0xeed7,0xeed7,0xf6f8,0xeed8,0xeef8,0xeed7,0xeed8,0xeeb7,0xeed8,0xeed7,0xeed8,0xeed8,0xeef8,0xe6b7,0xeed8,0xeed7,
  0xeed8,0xe6b7,0xeed8,0xeed8,0xeef8,0xeef8,0xf719,0xeef8,0xeed8,0xe6b7,0xf6f8,0xeed8,0xeed8,0xeed7,0xf6f8,0xeef8,
  0xf6f8,0xeed7,0xeed8,0xeeb7,0xeed8,0xeed7,0xeed8,0xeeb7,0xeed8,0xeed7,0xeef8,0xeed7,0xeed8,0xe6d7,0xeed8,0xe6d7,
  0xeed7,0xe6b7,0xeed7,0xe6b7,0xeeb7,0xe6b6,0xe696,0xd635,0xeeb7,0xe6b7,0xeed7,0xeed7,0xee96,0xd5f4,0xddf4,0xde14,
  0xddf4,0xe655,0xf6b7,0xe675,0xeeb6,0xee96,0xee76,0xe676,0xee96,0xee96,0xee96,0xee76,0xee96,0xee96,0xee96,0xe675,
  0xee76,0xee76,0xee96,0xee96,0xee96,0xee96,0xf696,0xee96,0xee96,0xee75,0xf696,0xee96,0xf6b6,0xee95,0xee76,0xee55,
  0xee75,0xee75,0xf696,0xee75,0xee76,0xee75,0xee96,0xee75,0xee75,0xee75,0xee76,0xee55,0xee75,0xe655,0xee76,0xee75,
  0xee96,0xee75,0xee76,0xee75,0xee75,0xee75,0xee96,0xee75,0xee75,0xde34,0xf696,0xee96,0xee76,0xe675,0xeeb7,0xe655,
  0xe677,0xeef8,0xeed8,0xe697,0xf719,0xeed8,0xcdb4,0xacb0,0xc593,0xcdd3,0xc572,0xd5d3,0xde14,0xd5f4,0xee96,0xe675,
  0xeeb6,0xee76,0xee76,0xee76,0xee56,0xee55,0xf696,0xee76,0xee76,0xee75,0xee76,0xee75,0xee75,0xe655,0xee76,0xe655,
  0xee55,0xe635,0xee55,0xee35,0xee35,0xe614,0xee35,0xe614,0xee35,0xd5b2,0xcd51,0xcd30,0xc510,0xb46e,0xcd10,0xcd10,
  0xedf4,0xedf4,0xf5f4,0xedb3,0xe552,0xe531,0xed52,0xe511,0xdcd0,0xd48e,0xd48e,0xbbcc,0xab09,0xa2c9,0x9a27,0x7102,
  0x68c1,0x68e1,0x68c1,0x60c0,0x60c1,0x5880,0x6081,0x60a1,0x5881,0x5081,0x5082,0x4061,0x3061,0x2021,0x1800,0x0800,
  0x1020,0x0800,0x1000,0x3081,0x61c5,0x7246,0x7226,0x69c4,0x6183,0x5942,0x8268,0x71e5,0x7206,0x7226,0x8aea,0x5984,
  0x2820,0x5184,0x7267,0x7247,0x59a4,0x1800,0x38c2,0x5164,0x4103,0x4944,0x3081,0x2000,0x48e2,0x5102,0x6164,0x5143,
  0x4922,0x4942,0x48e2,0x48e1,0x5102,0x48e1,0x5102,0x5122,0x5922,0x5962,0x6183,0x8288,0x7a47,0x48e1,0x5143,0x4101,
  0x38e2,0x2860,0x61e6,0x7226,0x61c4,0x2040,0x3903,0x38c1,0x38c1,0x38e1,0x4103,0x4123,0x5162,0x8285,0x9328,0x8ae7,
  0xa553,0x9cf2,0xad93,0xad73,0xc656,0xce56,0xc636,0xce78,0xb5f5,0x8c91,0x2964,0x4a69,0x7bee,0x8c50,0x2963,0x9cd1,
  0xdef9,0xd698,0xd6d8,0xe71a,0xc656,0x4a67,0x844e,0xe75b,0xb5d4,0xce97,0xded8,0xef5a,0xd697,0xc5d5,0xd697,0xe6f9,
  0xd697,0xce56,0xbdd4,0xe6d8,0xe6f8,0xe6d8,0xded8,0xeef9,0xef19,0xce15,0xd656,0xeed7,0xde96,0xe6d8,0xde97,0xd616,
  0xacf1,0xde97,0xe6d8,0xe6d8,0xe6d7,0xe6d8,0xe6b7,0xe6d8,0xe6b8,0xeed8,0xe6b7,0xeed8,0xe6b7,0xeed8,0xe6d7,0xeef8,
  0xe6d7,0xe6b7,0xe6b7,0xe6b7,0xe6b7,0xe697,0xbd72,0xe676,0xe696,0xeef8,0xe6b7,0xeed8,0xe6b7,0xe6b7,0xe6b7,0xe6b7,
  0xe6b7,0xeeb7,0xe6d7,0xeef8,0xeef8,0xeef8,0xe6b7,0xe6b7,0xe6b7,0xeed8,0xeed7,0xeef8,0xeed7,0xeed8,0xe6b7,0xe6b7,
  0xe697,0xeeb7,0xeed7,0xeef8,0xeed8,0xf6f8,0xe6d7,0xeeb7,0xe6b7,0xeed8,0xeed7,0xeed8,0xeed7,0xeed8,0xe6b7,0xe6b7,
  0xe6b7,0xeed8,0xeef8,0xeef8,0xe6b7,0xeed7,0xe6d7,0xeef8,0xeed7,0xeed8,0xe6b7,0xeeb7,0xeed7,0xeed8,0xe6d7,0xeed7,
  0xe6b7,0xeed8,0xe6d7,0xeed8,0xeed7,0xeed8,0xeed7,0xeef8,0xeed7,0xe697,0xe696,0xe696,0xe696,0xe6b7,0xde75,0xd614,
  0xeed7,0xeeb7,0xe696,0xeeb6,0xde34,0xd5f3,0xde14,0xde14,0xd5b3,0xe655,0xee96,0xe675,0xee96,0xee96,0xe675,0xee96,
  0xee96,0xeeb6,0xee96,0xee96,0xee96,0xee96,0xe675,0xe655,0xe655,0xee76,0xee96,0xee96,0xee75,0xee75,0xee75,0xee75,
  0xe655,0xee75,0xee75,0xee96,0xee75,0xee75,0xe675,0xee75,0xe655,0xee75,0xe654,0xe655,0xe655,0xee96,0xee75,0xee75,
  0xe655,0xee96,0xee75,0xee75,0xe655,0xee75,0xe655,0xee75,0xee75,0xee75,0xe654,0xee75,0xe655,0xee75,0xe675,0xee75,
  0xee95,0xee76,0xe655,0xee76,0xee76,0xee96,0xe655,0xf6d7,0xe676,0xe697,0xeed8,0xeef8,0xd615,0xc572,0xc572,0xcd93,
  0xc593,0xe656,0xe656,0xe676,0xee96,0xeeb7,0xee96,0xee95,0xee75,0xee55,0xe675,0xee76,0xee75,0xf6b7,0xee76,0xee76,
  0xee75,0xee75,0xe654,0xee55,0xe634,0xee76,0xe655,0xe655,0xe634,0xee55,0xee55,0xf676,0xee55,0xee55,0xee55,0xee55,
  0xee55,0xe614,0xe614,0xe614,0xd592,0xcd51,0xb46e,0xac2c,0xdd72,0xee14,0xee14,0xf5f4,0xedd3,0xed92,0xe551,0xe551,
  0xdd11,0xdd10,0xdd30,0xdcf0,0xcc6e,0xdc8f,0xcbed,0xb32a,0xab09,0xa288,0x7162,0x58a0,0x58a0,0x60c1,0x5880,0x5860,
  0x5861,0x5081,0x4040,0x2800,0x1800,0x1000,0x0800,0x0800,0x1020,0x28c2,0x4984,0x6a26,0x61a4,0x7a26,0x7a66,0x7a46,
  0x7a66,0x7a26,0x71c5,0x69c5,0x7206,0x82a9,0x8b0a,0x38a2,0x38a1,0x7267,0x6a46,0x6a06,0x2020,0x30a1,0x4963,0x4903,
  0x4123,0x3903,0x1000,0x38c1,0x48a1,0x50e2,0x5922,0x59a4,0x4963,0x4902,0x48e1,0x5122,0x4902,0x48c1,0x48e1,0x5122,
  0x48e1,0x6163,0x69a4,0x8ae9,0x6183,0x48e1,0x5163,0x4142,0x3902,0x2860,0x61e5,0x7246,0x61a3,0x2020,0x2060,0x38c1,
  0x3080,0x40c1,0x4102,0x4123,0x7225,0xa348,0x9327,0x9327,0xb5b4,0xa532,0xb5b4,0xc656,0xbdd5,0xbdf5,0xce77,0xbe16,
  0xb5b5,0xb595,0x31c6,0x52a9,0x73ad,0x8450,0x39a5,0x8c4e,0xe6fa,0xdeb8,0xded9,0xdef8,0xded8,0x52c8,0x7bcd,0xe75b,
  0xc616,0xd6b8,0xe6f9,0xe73a,0xe6d9,0xce36,0xde98,0xded8,0xe6d9,0xd656,0xce15,0xdeb8,0xeef9,0xe6d8,0xe6f9,0xe6f9,
  0xef3a,0xe6d8,0xd636,0xde96,0xe6d8,0xe6d8,0xe6d8,0xce15,0xcdd4,0xe6b7,0xeed8,0xe6d8,0xeef8,0xe6d8,0xeed8,0xe6b8,
  0xeef9,0xeed8,0xeed8,0xe6b8,0xeeb8,0xeed8,0xeed8,0xe6b7,0xeed8,0xeed8,0xeed8,0xe6b7,0xe697,0xeed8,0xc5b3,0xde56,
  0xe697,0xeeb7,0xeed8,0xeeb7,0xeed8,0xeeb7,0xeeb8,0xeeb7,0xeeb8,0xeeb7,0xeed8,0xeed8,0xf6f8,0xeed8,0xf6f8,0xeeb7,
  0xeeb7,0xeeb7,0xeed8,0xeed7,0xeed8,0xe6b7,0xeeb7,0xe6b7,0xeeb8,0xeeb7,0xeed8,0xeeb7,0xeeb8,0xe6b7,0xeed8,0xeed7,
  0xf6f8,0xeed8,0xeed8,0xeed7,0xeed8,0xeed7,0xeeb8,0xe697,0xe697,0xeeb7,0xf6f9,0xeef8,0xeef8,0xeed7,0xeed8,0xeed8,
  0xf6f8,0xeed7,0xeed8,0xeed7,0xeed8,0xeed7,0xeed8,0xeed7,0xeed8,0xeed7,0xeed8,0xe6d7,0xeed8,0xeeb7,0xeeb7,0xeeb7,
  0xeed7,0xeeb7,0xeeb7,0xe697,0xeeb7,0xeed8,0xde35,0xde35,0xeeb7,0xeeb7,0xeeb7,0xe696,0xee76,0xcd71,0xd5d3,0xd5d3,
  0xddd4,0xee76,0xee96,0xe655,0xf6d7,0xee96,0xe655,0xee96,0xee96,0xee75,0xee76,0xe675,0xee96,0xee76,0xf696,0xee96,
  0xf696,0xee76,0xee96,0xe675,0xee76,0xee75,0xee76,0xee75,0xf696,0xee75,0xee75,0xee96,0xf696,0xee75,0xee76,0xee75,
  0xf696,0xee75,0xe655,0xe655,0xee76,0xee75,0xee76,0xee75,0xf696,0xee75,0xee96,0xee75,0xee76,0xee75,0xee76,0xee75,
  0xee76,0xee75,0xee76,0xee75,0xf696,0xee75,0xee96,0xee55,0xee76,0xee75,0xee75,0xee55,0xee96,0xee75,0xee76,0xee76,
  0xf6d7,0xe655,0xe635,0xde35,0xde15,0xde14,0xee97,0xeeb6,0xee97,0xee76,0xee96,0xe675,0xee76,0xee76,0xf696,0xee75,
  0xee76,0xe655,0xee75,0xee55,0xee76,0xee76,0xee76,0xee76,0xee76,0xe635,0xe635,0xe634,0xee55,0xe655,0xee75,0xe655,
  0xee55,0xe635,0xee55,0xee55,0xee76,0xee55,0xee55,0xee55,0xee55,0xe634,0xee35,0xe614,0xe614,0xe5f3,0xe5d3,0xd571,
  0xd572,0xcd10,0xe5b3,0xe5d3,0xe592,0xe5b3,0xedb3,0xdd51,0xdd31,0xd510,0xdd10,0xccaf,0xcc6e,0xd48e,0xd46e,0xc40c,
  0xcc4e,0xc3cc,0xb36a,0xa309,0x8226,0x6122,0x4840,0x50a1,0x6103,0x6123,0x4060,0x2000,0x1800,0x1000,0x1000,0x1000,
  0x2882,0x49a5,0x7268,0x8ae9,0x8aa8,0x71e4,0x8a87,0x7a26,0x7a46,0x7a26,0x6984,0x7205,0x8267,0x8ae9,0x7246,0x2000,
  0x6a06,0x7ac9,0x7268,0x38c2,0x2820,0x38c1,0x5964,0x5124,0x4944,0x30c1,0x1820,0x30c1,0x48e2,0x50e1,0x6163,0x59a3,
  0x5183,0x4942,0x5123,0x4902,0x4902,0x5121,0x5121,0x48e1,0x6142,0x6162,0x7a46,0x7a87,0x48e2,0x4102,0x4942,0x4983,
  0x2860,0x4122,0x6a05,0x7225,0x5143,0x2860,0x2061,0x30c2,0x38e2,0x38e1,0x38c1,0x6a24,0x9328,0x9b68,0x9348,0x8b07,
  0xad93,0xa552,0x9d11,0xce77,0xad93,0xce57,0xce98,0xbdf5,0xad73,0xc637,0x4227,0x4207,0x4a89,0x7bee,0x3185,0x8c0e,
  0xdef9,0xded8,0xded8,0xe6f9,0xdf39,0x842e,0x73ac,0xe6fa,0xce77,0xd698,0xdef9,0xef19,0xded8,0xce15,0xc5f5,0xe6d9,
  0xe719,0xdeb8,0xc5f5,0xe6f9,0xe719,0xe6f9,0xe6f8,0xe6f9,0xe6f8,0xe6f8,0xce15,0xe6b8,0xdeb7,0xde97,0xde97,0xd656,
  0xc5f4,0xd635,0xe6d8,0xe6d8,0xe6d8,0xeed8,0xe6d8,0xeed8,0xe6d8,0xeef8,0xe6d8,0xeed8,0xe6b8,0xeed8,0xe6b7,0xe6b8,
  0xe6b7,0xe6b8,0xe697,0xe697,0xde76,0xeeb7,0xc5b3,0xd615,0xde76,0xeeb7,0xeeb7,0xeeb8,0xe6b7,0xeeb7,0xeeb7,0xeed8,
  0xe6b7,0xeed8,0xeed7,0xf6f8,0xeed8,0xeed8,0xeeb7,0xeeb7,0xe6b7,0xeeb7,0xe6b7,0xeeb7,0xe6b7,0xeeb7,0xe6b7,0xeeb7,
  0xeeb7,0xeed7,0xeeb7,0xeeb7,0xe6b7,0xe6b7,0xe6b7,0xeed8,0xeed7,0xeed8,0xeed7,0xeed8,0xe6b7,0xeed8,0xe6b7,0xeeb8,
  0xe6b7,0xeed8,0xeed8,0xeef8,0xeed7,0xeef8,0xeed7,0xeef8,0xeed7,0xeed8,0xeed7,0xeed8,0xe6b7,0xeed7,0xe6b7,0xeed7,
  0xe6b7,0xeed7,0xe6d7,0xeed8,0xe6d7,0xeeb7,0xe696,0xeeb7,0xe6b6,0xee96,0xe676,0xe677,0xe696,0xeeb7,0xe677,0xde35,
  0xe696,0xeeb7,0xeeb6,0xeeb6,0xd5f3,0xbcef,0xcd51,0xcd51,0xd5d3,0xe614,0xde14,0xf696,0xe655,0xee76,0xee96,0xee76,
  0xe675,0xee75,0xe655,0xee76,0xee75,0xee96,0xee76,0xf696,0xee96,0xee96,0xee76,0xee76,0xe675,0xee75,0xee75,0xee96,
  0xee75,0xee75,0xe655,0xf696,0xee75,0xee96,0xee75,0xee76,0xee75,0xee96,0xe655,0xee55,0xe655,0xee55,0xee55,0xee75,
  0xee55,0xee75,0xee55,0xee75,0xe655,0xee75,0xee55,0xee75,0xe655,0xee55,0xee55,0xee76,0xee75,0xee75,0xee55,0xee75,
  0xee55,0xee75,0xee75,0xee76,0xee75,0xee75,0xee55,0xee75,0xee75,0xee55,0xe634,0xe655,0xee75,0xf6b6,0xee76,0xee55,
  0xe655,0xee75,0xe655,0xee76,0xe675,0xee96,0xee75,0xee76,0xe655,0xee55,0xe655,0xee55,0xe655,0xee55,0xee55,0xee76,
  0xee75,0xee75,0xe655,0xee75,0xe655,0xee75,0xe655,0xee75,0xe655,0xee55,0xe634,0xee55,0xe634,0xe655,0xe634,0xee35,
  0xe634,0xe634,0xe614,0xee34,0xddd3,0xdd92,0xdd92,0xe5d3,0xdd92,0xdd92,0xccf0,0xd510,0xd531,0xccf0,0xcd10,0xe5b3,
  0xdd92,0xdd51,0xdd51,0xdd31,0xd4cf,0xdcef,0xd4ce,0xcc6d,0xc42c,0xc40c,0xbbec,0xb3ab,0xa34a,0x69a4,0x3800,0x50c1,
  0x8266,0x7a26,0x61a4,0x69e6,0x5164,0x2861,0x1800,0x1800,0x1000,0x4103,0x7247,0x7a46,0x8aa7,0x8a87,0x8246,0x7a26,
  0x7a46,0x8aa8,0x71e4,0x7a46,0x9329,0x82c8,0x40a1,0x4903,0x7267,0x7268,0x5164,0x1800,0x30a0,0x4922,0x4902,0x5944,
  0x5184,0x2041,0x1000,0x38e1,0x4901,0x5942,0x6183,0x5983,0x4962,0x5163,0x4902,0x4903,0x40e2,0x4901,0x48e0,0x5102,
  0x5121,0x69e4,0x8ae8,0x6a25,0x3060,0x40e2,0x4142,0x4143,0x1000,0x5163,0x7225,0x6a05,0x2860,0x2881,0x28c2,0x30c2,
  0x28a0,0x4101,0x61e3,0x9328,0x9b68,0x9b48,0x9307,0x9328,0xbdf5,0xb5d5,0x9cd1,0xce77,0xbdd5,0xce57,0xc616,0xce57,
  0xbdd5,0xbdd5,0x73ad,0x2144,0x52aa,0x7bef,0x4207,0x7bcd,0xe71a,0xded8,0xe6f9,0xdef9,0xef5a,0xb594,0x6b6b,0xbdd5,
  0xdeb9,0xce57,0xef1a,0xe719,0xe6f9,0xce36,0xc5d5,0xe6d8,0xef19,0xdeb8,0xce16,0xdeb8,0xef19,0xe6d8,0xeef9,0xe6d8,
  0xeef9,0xe6f9,0xdeb8,0xe6d8,0xe6b8,0xd656,0xde97,0xde97,0xd635,0xc5d4,0xf73a,0xe6d8,0xeed8,0xe6d8,0xeef9,0xeed8,
  0xeef9,0xe6d8,0xeed9,0xeed8,0xeef9,0xe6b8,0xeeb8,0xe6b7,0xeed8,0xe6b7,0xe697,0xe697,0xe6b7,0xeed8,0xe676,0xd615,
  0xe676,0xe6b7,0xf6f8,0xeeb7,0xeeb7,0xe6b7,0xeed8,0xeeb7,0xeed8,0xeed7,0xf6f8,0xeed8,0xeed8,0xeeb7,0xeeb8,0xe6b7,
  0xeed8,0xeed7,0xeed8,0xe6b7,0xeed8,0xeed7,0xeed8,0xeed7,0xeed8,0xeed7,0xeed8,0xeed7,0xeed8,0xe6b7,0xeeb8,0xeeb7,
  0xeed8,0xeed7,0xeed8,0xeed8,0xeed8,0xe6b7,0xeed8,0xeed8,0xf6f8,0xeed8,0xeed8,0xeeb7,0xeed8,0xeed7,0xeef8,0xeed7,
  0xeed8,0xeed7,0xeef8,0xeed7,0xeed8,0xe6b7,0xeed8,0xeeb7,0xeed8,0xeed7,0xeed8,0xeed7,0xeed7,0xe6b6,0xeeb7,0xeeb7,
  0xeed7,0xe696,0xee97,0xe676,0xeeb7,0xe656,0xeeb8,0xcdb3,0xeeb7,0xe6b6,0xf6d7,0xee96,0xc531,0xac6d,0xd592,0xb4ae,
  0xd5b2,0xcd51,0xa42d,0xee55,0xe635,0xee76,0xf6b7,0xee76,0xee76,0xe655,0xee76,0xee75,0xee76,0xee75,0xee76,0xee76,
  0xee96,0xee96,0xf696,0xee76,0xee96,0xee75,0xee76,0xee75,0xee96,0xee75,0xee76,0xee96,0xee96,0xee95,0xf696,0xee75,
  0xee96,0xee96,0xf696,0xee55,0xee75,0xe655,0xee55,0xee55,0xee75,0xee55,0xee76,0xee75,0xee76,0xee75,0xee76,0xee75,
  0xee76,0xee55,0xee75,0xee75,0xee75,0xee55,0xee76,0xee55,0xee76,0xee75,0xee76,0xee75,0xee76,0xee55,0xee76,0xee55,
  0xee76,0xe655,0xee76,0xee76,0xf6b6,0xee96,0xee76,0xee55,0xee76,0xee75,0xee76,0xee75,0xee76,0xee75,0xf696,0xee75,
  0xee76,0xee55,0xee76,0xee55,0xee75,0xee55,0xee76,0xee55,0xee76,0xee75,0xf696,0xee75,0xee75,0xee75,0xee55,0xe655,
  0xee75,0xee55,0xee55,0xe634,0xee55,0xe655,0xee55,0xe634,0xee35,0xe614,0xee34,0xe614,0xee34,0xee14,0xe5f4,0xd571,
  0xcd30,0xcd10,0xdd92,0xd531,0xccf0,0xd551,0xdd51,0xc4cf,0xdd72,0xedf4,0xedd3,0xe592,0xe571,0xe571,0xe531,0xdcef,
  0xe510,0xdd10,0xc40d,0x8a66,0xa32a,0x92c8,0x79e5,0x4040,0x7a05,0x92e8,0x92c9,0x82a8,0x934b,0x82ca,0x6207,0x3081,
  0x2020,0x1800,0x5102,0x9b2a,0x8266,0x8245,0x79e5,0x8ac8,0x9b09,0x8266,0x8ac8,0x7a66,0x9329,0x61c4,0x3040,0x6a26,
  0x7a88,0x59c5,0x2820,0x2020,0x40e2,0x4902,0x5143,0x4903,0x40e2,0x1800,0x38e2,0x38e1,0x5122,0x5942,0x6183,0x5142,
  0x5142,0x5142,0x48e2,0x48e2,0x5123,0x48e1,0x5121,0x5922,0x5922,0x8286,0x9b4a,0x5983,0x40e2,0x4964,0x51a4,0x30a0,
  0x2861,0x6205,0x7245,0x6a25,0x3061,0x2881,0x3903,0x3902,0x38e1,0x4101,0x8ae7,0x9b89,0xa3a9,0xa389,0xa38a,0x9b89,
  0xa553,0xbdf5,0x8c8f,0xc616,0xc616,0xbdf5,0xb5b4,0xc637,0xad53,0xa533,0x9d12,0x31a5,0x52a9,0x73ce,0x4206,0x62e9,
  0xdeb8,0xded9,0xded8,0xded8,0xdf19,0xd6b8,0x7bed,0xad74,0xdef9,0xc617,0xd6b8,0xe719,0xe6f8,0xde97,0xc5f5,0xdeb8,
  0xdeb8,0xe6d8,0xd677,0xd697,0xe6d8,0xe6d9,0xe6f8,0xe6f8,0xe6d8,0xef19,0xded8,0xde97,0xde97,0xe6b8,0xde97,0xde77,
  0xd635,0xd635,0xef19,0xe6f8,0xe6b8,0xeed8,0xe6d8,0xeed8,0xe6b8,0xe6b8,0xe6b7,0xeed8,0xe6b8,0xeeb8,0xe6b7,0xeed8,
  0xe6d8,0xeed8,0xe697,0xeeb8,0xe6b7,0xeed8,0xe6b7,0xd635,0xde76,0xeeb7,0xeed7,0xeed8,0xe6b7,0xeeb8,0xe6b7,0xeeb7,
  0xe6b7,0xeed8,0xe6b7,0xeed8,0xe6b7,0xeeb7,0xe6b7,0xeed8,0xeed7,0xeed8,0xe6d7,0xeed7,0xe6b7,0xeed7,0xe6b7,0xeed8,
  0xeed7,0xeed8,0xe6b7,0xeed7,0xe6b7,0xeeb7,0xe6b7,0xeeb7,0xe6b7,0xeed8,0xe6b7,0xeed8,0xe6b7,0xeeb8,0xeed7,0xeef8,
  0xeed8,0xeed8,0xe6b7,0xe6b7,0xe6b7,0xeed8,0xeed7,0xeed7,0xe6b7,0xeef8,0xeed7,0xeed7,0xe6b7,0xeeb7,0xe6b7,0xeed7,
  0xe6b7,0xeed8,0xe6b7,0xe6d7,0xe6b6,0xe697,0xe696,0xeeb7,0xeeb7,0xf6d8,0xeeb7,0xeeb7,0xeeb7,0xe697,0xde56,0xcdb3,
  0xe696,0xeeb7,0xeeb6,0xe675,0xb4ae,0xb48e,0xd592,0xb4ae,0xd592,0xc510,0xb4ce,0xee75,0xee75,0xee56,0xe655,0xee96,
  0xe675,0xee76,0xe655,0xee75,0xee75,0xee76,0xe675,0xee76,0xee75,0xee76,0xee75,0xee76,0xee75,0xee76,0xee75,0xee75,
  0xee75,0xee76,0xee75,0xee96,0xee75,0xee96,0xee75,0xee75,0xe655,0xee96,0xee95,0xee75,0xe655,0xee55,0xe634,0xee55,
  0xe655,0xee55,0xee75,0xee76,0xee75,0xee76,0xee75,0xee75,0xee75,0xee76,0xee55,0xee75,0xee55,0xee55,0xe655,0xee75,
  0xee75,0xee55,0xe655,0xee75,0xee55,0xee75,0xee75,0xee76,0xee75,0xee75,0xe655,0xee75,0xee75,0xee76,0xe675,0xee76,
  0xee75,0xee96,0xee75,0xee76,0xe655,0xee76,0xee75,0xee76,0xee75,0xee76,0xee55,0xee75,0xee55,0xee55,0xe634,0xe655,
  0xe634,0xee55,0xe654,0xee55,0xe634,0xe655,0xe634,0xe655,0xe654,0xee55,0xe655,0xee55,0xee55,0xee55,0xe654,0xee35,
  0xe634,0xe634,0xe614,0xe614,0xddf3,0xe5d3,0xe5f3,0xe5f4,0xddb2,0xd571,0xcd10,0xccf0,0xc4af,0xc4cf,0xc4cf,0xcd10,
  0xd531,0xe592,0xe5b2,0xe592,0xe592,0xedb2,0xdd50,0xdd10,0xd4cf,0xc44d,0x9b08,0x92a7,0x92e8,0x8a87,0x92e8,0x6983,
  0x8245,0xa329,0x92e8,0x92e9,0x8ae9,0x82c9,0x7247,0x7aa8,0x6a05,0x4080,0x3020,0x71c4,0x8286,0x92c7,0x6982,0x92c8,
  0x8ac7,0x7a46,0x9b4a,0x9309,0x8b09,0x38a1,0x40e2,0x7a88,0x61e6,0x40c2,0x2820,0x4902,0x4902,0x5143,0x40c1,0x4903,
  0x3080,0x2000,0x38e2,0x4122,0x4922,0x5942,0x5142,0x4901,0x4901,0x5143,0x40e1,0x40e1,0x4901,0x5102,0x5121,0x5921,
  0x6182,0x9b29,0x7a87,0x40c0,0x38c0,0x5164,0x4963,0x2000,0x30c1,0x6a46,0x6a25,0x59a4,0x30a0,0x3081,0x30c1,0x4123,
  0x4101,0x7245,0x9348,0xa3a9,0xa3a9,0xa3a9,0x9b89,0x82a6,0xb5b4,0xc657,0xa512,0xad73,0xd698,0xb5b4,0xce57,0xd698,
  0xb5b5,0xad74,0xb5b5,0x3a07,0x4248,0x8c91,0x5289,0x3184,0xce37,0xded8,0xdef9,0xdef9,0xe71a,0xe719,0xad53,0xad53,
  0xef3b,0xb594,0xdeb8,0xded8,0xe6f9,0xd697,0xc5f5,0xce56,0xe6f9,0xdeb8,0xdeb8,0xd656,0xef1a,0xe6f9,0xef19,0xe6f9,
  0xe6d9,0xe6d8,0xe6b8,0xd656,0xde97,0xe6d8,0xe6b8,0xde76,0xe6b8,0xe6b8,0xeef9,0xeef8,0xeed9,0xeed8,0xeef9,0xeed8,
  0xeed8,0xeed8,0xeef9,0xe6b8,0xeed8,0xe6d8,0xeed8,0xe6b8,0xeeb8,0xe6b8,0xeed8,0xeef8,0xeed8,0xe697,0xeed8,0xd635,
  0xe677,0xe697,0xeeb8,0xeeb7,0xf6f8,0xeed8,0xeeb8,0xeeb7,0xeed8,0xeeb7,0xeed8,0xe6b7,0xeeb8,0xeeb7,0xf6f8,0xeed8,
  0xeed8,0xeeb7,0xeed8,0xeed7,0xeeb8,0xe697,0xeed8,0xeeb7,0xeed8,0xeeb7,0xeed8,0xe6b7,0xeeb8,0xe6b7,0xeeb8,0xe6b7,
  0xeed8,0xeeb7,0xeed8,0xeed7,0xeeb8,0xeed8,0xf6f8,0xeed8,0xeed8,0xeeb7,0xf6f8,0xe6b7,0xeed8,0xeef8,0xf6f8,0xeef8,
  0xf6f8,0xeef8,0xeef8,0xeed7,0xeed8,0xe6b7,0xeed7,0xe6b7,0xeed8,0xeed7,0xeed8,0xe6b7,0xeeb7,0xe697,0xeeb7,0xeeb7,
  0xf6d8,0xeed7,0xeed8,0xeeb7,0xf6d8,0xeeb7,0xcdd4,0xcdf4,0xe696,0xeeb7,0xf6d7,0xe635,0xb4af,0xbccf,0xcd51,0xcd51,
  0xddb3,0xbccf,0xee35,0xcd31,0xe5f4,0xee75,0xee76,0xee75,0xee96,0xee76,0xee96,0xee75,0xee96,0xee76,0xf696,0xee76,
  0xf696,0xee76,0xee96,0xee76,0xf696,0xee75,0xee96,0xee75,0xf696,0xee96,0xf696,0xee75,0xee96,0xee96,0xee96,0xe655,
  0xee75,0xee75,0xee96,0xee75,0xee76,0xee55,0xee75,0xee55,0xee75,0xee75,0xee76,0xee75,0xee76,0xee75,0xee76,0xee75,
  0xf676,0xee75,0xee76,0xee75,0xee76,0xee55,0xee55,0xee55,0xee76,0xee75,0xee76,0xee75,0xee76,0xee55,0xee76,0xee75,
  0xf696,0xee75,0xee76,0xee75,0xf696,0xee76,0xee76,0xee76,0xf696,0xee76,0xee96,0xee75,0xee76,0xee76,0xee76,0xee75,
  0xee76,0xee55,0xee75,0xee55,0xee76,0xee55,0xee55,0xe655,0xee55,0xe634,0xe635,0xe634,0xee55,0xe655,0xee76,0xee75,
  0xee76,0xee55,0xee75,0xee75,0xee55,0xe655,0xee55,0xe634,0xee55,0xe634,0xee35,0xee34,0xee34,0xe5f3,0xe614,0xe5f3,
  0xedf4,0xe5f3,0xe5f3,0xe5d3,0xdd92,0xc4cf,0xc4cf,0xccf0,0xbc8e,0xb44d,0xd530,0xd551,0xdd51,0xd530,0xdd31,0xccae,
  0xb3ec,0x9b28,0xabab,0xab8a,0xa32a,0x9b29,0xab8b,0x8ac8,0x8a46,0xa308,0x9ac8,0x8aa7,0x92c8,0x8287,0x8267,0x69c4,
  0x7a46,0x71e4,0x5922,0x4060,0x8225,0x9ae8,0x92a7,0x92e7,0x92e8,0x8aa8,0x932a,0x8b09,0x69e6,0x2000,0x6a27,0x6a47,
  0x4923,0x3040,0x5144,0x5123,0x5964,0x5943,0x5164,0x4143,0x2020,0x30a1,0x4923,0x40e1,0x5163,0x5162,0x5142,0x4900,
  0x5101,0x5943,0x4902,0x40e1,0x4902,0x5102,0x5102,0x50e0,0x8246,0x9b2a,0x69c5,0x40c1,0x40c1,0x4943,0x4944,0x2000,
  0x5984,0x6205,0x72a7,0x38e2,0x2040,0x30c1,0x38c1,0x38e1,0x61e4,0x8b08,0x9b48,0xa389,0xa3a9,0xa3a9,0xa3aa,0x7244,
  0xadb4,0xce98,0xad73,0x9cd1,0xc657,0xc616,0xce97,0xd698,0xc657,0xbe16,0xce78,0x5aea,0x29a5,0x7bef,0x5ac9,0x2923,
  0xbdd4,0xdef9,0xded8,0xe719,0xdef8,0xdef9,0xbdf5,0x9490,0xce57,0xad53,0xdef9,0xe6f9,0xded8,0xe6d9,0xc615,0xd656,
  0xe6f9,0xdeb8,0xce36,0xce15,0xe6f9,0xe6f9,0xef19,0xef19,0xe6f8,0xe6f8,0xdeb8,0xd636,0xd676,0xe6b7,0xde97,0xe6b8,
  0xe6d8,0xeef9,0xe6d8,0xef19,0xeed8,0xeef9,0xeed8,0xeef9,0xe6d8,0xeef9,0xeef8,0xeed8,0xe6d8,0xeed8,0xe6b8,0xe6b8,
  0xde97,0xe697,0xe697,0xeef8,0xe6d7,0xe6b8,0xeed8,0xe6b7,0xde56,0xe697,0xe697,0xeeb8,0xeed8,0xeed8,0xe6b7,0xeed8,
  0xeed7,0xeed8,0xe6b7,0xeeb8,0xe6b7,0xeed8,0xeed8,0xeed8,0xe697,0xe6b7,0xe6b7,0xeeb8,0xe697,0xe6b7,0xe6b7,0xeeb8,
  0xe6b7,0xeeb7,0xe6b7,0xeeb7,0xe697,0xeeb7,0xe6b7,0xeed8,0xe6b7,0xeed8,0xeeb7,0xeed8,0xe6b7,0xeed8,0xeed7,0xeed8,
  0xe697,0xeeb7,0xeed8,0xeeb7,0xe6b7,0xeed8,0xeed7,0xeef8,0xeed7,0xeed8,0xeed7,0xeed8,0xe6b7,0xeed8,0xeed7,0xeed8,
  0xe6d7,0xeed8,0xe6b7,0xeed7,0xe6b7,0xeeb7,0xe6b7,0xeeb7,0xeeb7,0xeed7,0xe696,0xee97,0xe696,0xe676,0xbd72,0xcdb3,
  0xde55,0xeeb7,0xeeb6,0xe635,0xb4ae,0xb4ae,0xbccf,0xcd10,0xc510,0xcd30,0xd572,0xbcaf,0xcd31,0xee55,0xe635,0xee75,
  0xee75,0xee96,0xee75,0xee76,0xe655,0xee76,0xee75,0xee76,0xe655,0xee75,0xe655,0xee76,0xe675,0xee96,0xee75,0xee76,
  0xee75,0xee96,0xee95,0xee76,0xee75,0xf696,0xee75,0xee75,0xe655,0xee75,0xee75,0xee75,0xe655,0xee75,0xee75,0xee76,
  0xee75,0xee75,0xee55,0xee75,0xe655,0xee55,0xe655,0xee75,0xee55,0xee75,0xee55,0xee75,0xe655,0xee55,0xe634,0xee55,
  0xe655,0xee75,0xee75,0xee75,0xe654,0xe634,0xe634,0xee55,0xe655,0xee75,0xe655,0xee96,0xee75,0xee76,0xe655,0xee76,
  0xe675,0xee76,0xee75,0xee75,0xe655,0xee76,0xee55,0xee55,0xe654,0xee55,0xe655,0xee55,0xe655,0xee75,0xee75,0xee76,
  0xee55,0xee55,0xe655,0xee75,0xee75,0xee75,0xee75,0xee76,0xe655,0xe635,0xe634,0xee55,0xe614,0xe634,0xe634,0xee35,
  0xe634,0xee55,0xee55,0xee35,0xe5f3,0xe5f3,0xe5f3,0xe614,0xddd3,0xe5d3,0xe5f3,0xe5f4,0xd592,0xdd92,0xdd92,0xdd72,
  0xcd10,0xccf0,0xc4ef,0xc4cf,0xbcae,0xc48e,0xc48e,0xc48e,0xabcb,0xa369,0xb3eb,0x9b29,0x92e7,0xa34a,0x9b29,0xabab,
  0x9b08,0xab49,0x92a7,0x92c7,0x92c7,0x92c7,0x8a86,0x8245,0x7a25,0x9b08,0x8a86,0x7a25,0x8266,0xa34a,0x9b08,0x8245,
  0x9b28,0x8266,0x8ae9,0x82c9,0x2840,0x5164,0x7288,0x5164,0x3080,0x5123,0x4902,0x5964,0x5102,0x5123,0x4943,0x38e1,
  0x1800,0x4103,0x4923,0x5123,0x4942,0x4942,0x4901,0x5101,0x50e1,0x5122,0x40c0,0x4901,0x5122,0x5123,0x5101,0x6162,
  0x8ac7,0x92e9,0x5122,0x48e1,0x4121,0x4942,0x38a1,0x2820,0x6205,0x6226,0x6a87,0x3903,0x2020,0x4102,0x38c0,0x5162,
  0x82e7,0x9327,0x9327,0xabc9,0xa3a9,0xa3ca,0x9b8a,0x7265,0xad93,0xd6b8,0xbdf5,0x9cd1,0xbdf6,0xd6b8,0xc5f6,0xce57,
  0xc637,0xad74,0xbdf6,0x7bee,0x39e6,0x634c,0x5aca,0x2943,0xc5d5,0xdef9,0xded9,0xe739,0xded8,0xe719,0xdeb8,0xb594,
  0xd657,0xb5b4,0xdeb8,0xef3a,0xe719,0xef1a,0xdeb8,0xd657,0xdeb8,0xe6d8,0xce36,0xbdb4,0xeef9,0xe6d8,0xef1a,0xef19,
  0xef19,0xef19,0xef19,0xcdf5,0xe6b8,0xe6b7,0xe6b8,0xeef8,0xe697,0xe6f8,0xf719,0xeef8,0xeef9,0xeed8,0xeef9,0xeed8,
  0xeef9,0xeef8,0xeef9,0xeef9,0xeef9,0xeed8,0xeed8,0xeed8,0xeef9,0xe697,0xeeb8,0xeed8,0xeed8,0xeed8,0xeed8,0xe6b8,
  0xe697,0xe6b7,0xf6f9,0xeed8,0xeed8,0xeed8,0xeed8,0xe6b7,0xeed8,0xeeb8,0xeed8,0xeeb8,0xeed8,0xeed8,0xeed8,0xeeb7,
  0xeeb7,0xe697,0xeeb7,0xe6b7,0xeed8,0xeeb7,0xeed8,0xeeb7,0xeed8,0xeeb7,0xeeb8,0xe6b7,0xeeb7,0xe6b7,0xeed8,0xeed8,
  0xeef8,0xeed8,0xeed8,0xeeb7,0xeed8,0xeeb7,0xeed8,0xe6b7,0xeeb8,0xe6b7,0xeeb8,0xe6b7,0xeed7,0xe6b7,0xeed8,0xeed8,
  0xeef8,0xe6b7,0xeed8,0xeed7,0xeef8,0xeed8,0xf6f8,0xeed8,0xeef8,0xeed7,0xeed8,0xeed7,0xeed8,0xeeb7,0xeeb7,0xeeb7,
  0xeed7,0xeeb7,0xee97,0xe6b7,0xeed8,0xde76,0xde36,0xc593,0xee97,0xee96,0xee96,0xe614,0xbccf,0xac4d,0xccf0,0xcd10,
  0xb46e,0xcd10,0xccf0,0xcd51,0xbccf,0xddb3,0xee35,0xe635,0xee76,0xee76,0xf696,0xee76,0xee75,0xee75,0xf696,0xee76,
  0xee76,0xee75,0xee76,0xee76,0xf696,0xee75,0xee96,0xee75,0xee75,0xee95,0xf696,0xee75,0xee76,0xee75,0xee76,0xe655,
  0xee75,0xee75,0xee75,0xee55,0xee75,0xee75,0xf696,0xee76,0xf696,0xee75,0xf676,0xee75,0xee75,0xee55,0xee76,0xee75,
  0xee76,0xee55,0xee76,0xee75,0xee76,0xee55,0xee76,0xee55,0xee76,0xee75,0xf696,0xee76,0xee75,0xe634,0xee55,0xee55,
  0xee55,0xe655,0xee55,0xee75,0xee96,0xee96,0xf696,0xee76,0xee76,0xee75,0xee96,0xee75,0xee76,0xee76,0xee76,0xee55,
  0xee75,0xe655,0xee76,0xee75,0xf696,0xee96,0xf696,0xee75,0xee76,0xee96,0xf696,0xee75,0xee75,0xee75,0xee76,0xee75,
  0xee76,0xee55,0xee55,0xe635,0xee55,0xe634,0xee55,0xee55,0xee55,0xee55,0xee55,0xe634,0xe5f4,0xddd3,0xee14,0xe634,
  0xee14,0xe5d3,0xe5f4,0xe5f4,0xe5f4,0xdd92,0xdd92,0xdd92,0xd571,0xd592,0xcd31,0xb44d,0xcd30,0xd551,0xc4ae,0xbc4d,
  0xc46d,0xb40c,0xc46d,0xb3eb,0xabab,0x9b29,0x92e8,0xa34a,0xa34a,0xb3cb,0xa329,0x9b08,0xab6a,0xa349,0x9ac7,0xab69,
  0xab6a,0xa36a,0x9b09,0xab8b,0x8266,0x92c8,0xa329,0x92a7,0x9b29,0x7a66,0x82a8,0x5164,0x2861,0x6a47,0x6a27,0x3061,
  0x38a1,0x61a5,0x5923,0x5123,0x5102,0x5944,0x4923,0x2060,0x2860,0x40e1,0x48e2,0x5143,0x4942,0x4100,0x4921,0x5101,
  0x6122,0x5122,0x48e1,0x40c0,0x5963,0x5102,0x6163,0x7204,0x9b29,0x7226,0x5123,0x40e2,0x4921,0x4101,0x3040,0x3881,
  0x7266,0x7287,0x59e6,0x2040,0x38e1,0x38c1,0x5142,0x7a87,0x9b69,0x9347,0xabc9,0xabc9,0xabea,0xac2b,0x8b08,0x59a3,
  0xad53,0xdef9,0xc656,0x840e,0xb5b4,0xd678,0xad73,0xce37,0xc636,0xbdd5,0xbdf5,0xa513,0x39e6,0x5289,0x5289,0x2943,
  0x9cb1,0xe6f9,0xd6b8,0xe719,0xe6f9,0xef1a,0xded9,0xce57,0xd698,0xce57,0xce77,0xe6f9,0xe719,0xef3a,0xe6f9,0xce36,
  0xce36,0xe6d9,0xd697,0xbdb4,0xe6f9,0xef19,0xe6f8,0xef19,0xe6f9,0xe6f9,0xe6f8,0xde77,0xde77,0xe6b8,0xe6d8,0xde97,
  0xd636,0xeef9,0xeef8,0xeef9,0xeed8,0xeef9,0xe6d8,0xeed8,0xe6d8,0xeed9,0xe6d8,0xeef9,0xe6d8,0xeed9,0xe6b8,0xeed8,
  0xe6d8,0xeed8,0xe697,0xe6b8,0xe6b7,0xeed8,0xe6b7,0xe6b7,0xe697,0xeeb8,0xeed8,0xeef9,0xeed8,0xeed8,0xe6b8,0xeeb8,
  0xe6b8,0xeed8,0xe6b8,0xeeb8,0xe6b7,0xeed8,0xe6b7,0xeeb7,0xe6b7,0xeed8,0xe6b7,0xe6b7,0xe6b7,0xeed8,0xe6b7,0xeed7,
  0xe6b7,0xeed8,0xe6b7,0xeed7,0xe6b7,0xeed8,0xe6b7,0xeed8,0xeed7,0xeed8,0xe6b7,0xeed8,0xe6b7,0xeeb7,0xe697,0xeeb7,
  0xe6b7,0xeed8,0xe6b7,0xeeb7,0xeed7,0xeef8,0xeed7,0xeed8,0xeed7,0xeed8,0xe6b7,0xeed7,0xe6b7,0xeed7,0xe6d7,0xeef8,
  0xeed7,0xeed8,0xe6b7,0xeeb7,0xe6b7,0xeeb7,0xe6b7,0xeeb7,0xeeb7,0xeed8,0xe696,0xe697,0xeed7,0xcdd4,0xe697,0xc5b3,
  0xde55,0xe676,0xee96,0xde14,0xb4af,0xbc8e,0xc4ef,0xcd10,0xbc8e,0xc4af,0xac0c,0xdd72,0xb44d,0xcd10,0xee55,0xe635,
  0xe635,0xee75,0xee75,0xee76,0xee75,0xee75,0xee75,0xee55,0xe655,0xee75,0xe675,0xee76,0xee75,0xee75,0xee75,0xee75,
  0xee55,0xee75,0xee55,0xee75,0xee75,0xee96,0xee75,0xee75,0xee75,0xee75,0xe655,0xe655,0xe655,0xee76,0xee75,0xee75,
  0xee55,0xee75,0xee55,0xee75,0xee75,0xee75,0xe655,0xee75,0xee55,0xee75,0xee55,0xee76,0xee75,0xee75,0xee55,0xee75,
  0xee75,0xf696,0xee95,0xee76,0xee55,0xee75,0xee55,0xee75,0xe655,0xee76,0xee75,0xee96,0xee76,0xee96,0xee75,0xee76,
  0xee75,0xee76,0xe675,0xee76,0xe655,0xee55,0xee75,0xee76,0xee55,0xee55,0xe655,0xee76,0xee96,0xf696,0xee75,0xee76,
  0xee75,0xf696,0xee95,0xee76,0xee75,0xee76,0xe655,0xee75,0xee75,0xee76,0xee55,0xee75,0xe655,0xee55,0xe634,0xee55,
  0xe634,0xee55,0xe634,0xe634,0xe634,0xee35,0xe614,0xe614,0xddf3,0xe5f4,0xe634,0xe614,0xddb2,0xe5f4,0xddd3,0xd592,
  0xd571,0xd572,0xc510,0xc4ef,0xc4ef,0xbc6e,0xbc6d,0xc4cf,0xbc4c,0xbc2c,0xbc2c,0xc46d,0xb3eb,0xab8a,0xb40c,0xb3eb,
  0xb3ec,0x9b09,0xab8a,0xab6a,0x8265,0x8a66,0x9b07,0xa328,0x7a24,0xa329,0x9b08,0x92e8,0x8ac8,0x9b2a,0x92e8,0x92e7,
  0x8287,0x932a,0x7246,0x38a0,0x59e5,0x6a48,0x40e2,0x2861,0x5164,0x61a5,0x48e2,0x5102,0x50e2,0x5123,0x38e2,0x2040,
  0x3080,0x38a0,0x5122,0x5122,0x38c0,0x4101,0x4101,0x5922,0x5902,0x5102,0x40c0,0x40c0,0x5942,0x5902,0x48c0,0x8ac6,
  0x8ae7,0x6184,0x4923,0x4102,0x4101,0x40e1,0x2820,0x5964,0x7266,0x7287,0x4163,0x1820,0x30a0,0x38a0,0x6a25,0x9349,
  0x9327,0x9b27,0x9b87,0xabc9,0xa3ca,0xb42c,0x7a86,0x61c3,0xa512,0xd698,0xce57,0x842e,0xbdd5,0xce37,0xbdd5,0xc616,
  0xce37,0xad53,0xb5b5,0xbe16,0x73ad,0x4a89,0x738d,0x3185,0x7b8d,0xded9,0xdeb8,0xdef9,0xe6f9,0xe6f9,0xef1a,0xce36,
  0xd678,0xd698,0xce57,0xded8,0xe719,0xe6d9,0xef1a,0xd697,0xd657,0xde98,0xe6d9,0xad52,0xe6f9,0xef19,0xe6f9,0xe6d8,
  0xef19,0xe6f9,0xef39,0xef19,0xd656,0xde97,0xeef9,0xde77,0xde57,0xef19,0xeef9,0xeef9,0xf6f9,0xeef9,0xeef9,0xeef9,
  0xeef9,0xeed9,0xeef9,0xe6d8,0xeef9,0xeed8,0xeed9,0xe6d8,0xeed8,0xe6d8,0xeed8,0xe6b8,0xeed8,0xeed8,0xeed8,0xe6b7,
  0xeed8,0xeeb8,0xeed9,0xeed8,0xeef9,0xeed8,0xeed8,0xe6b8,0xeef9,0xeed8,0xeed9,0xe6b8,0xeed8,0xeed8,0xeed8,0xe6d7,
  0xeed8,0xeed7,0xeed8,0xe6b7,0xeed8,0xeed8,0xeef8,0xeed7,0xeed8,0xeed8,0xeef8,0xeed8,0xeef8,0xeed8,0xeed8,0xe6b7,
  0xeed8,0xeed8,0xeef8,0xeed8,0xeed8,0xeeb7,0xeeb8,0xe6b7,0xeed8,0xeeb7,0xeed8,0xe697,0xeed8,0xeed7,0xeed8,0xe6b7,
  0xeed8,0xe6b7,0xeed8,0xe6b7,0xe6b7,0xe6b7,0xeed8,0xeed7,0xeed8,0xeeb7,0xeed8,0xe6b7,0xeed8,0xeeb7,0xeed8,0xeeb7,
  0xf6d8,0xeeb7,0xeeb7,0xe6b7,0xf719,0xbd52,0xe697,0xe697,0xeeb7,0xee96,0xf6b7,0xddd3,0xb46e,0xbccf,0xcd30,0xcd10,
  0xc48f,0xc4cf,0xac0c,0xd551,0xd510,0xc4af,0xddb2,0xee55,0xee55,0xee75,0xee76,0xee75,0xf696,0xee55,0xee76,0xe655,
  0xee55,0xe655,0xee75,0xee75,0xee76,0xee75,0xf696,0xee75,0xee76,0xee55,0xee75,0xee75,0xf696,0xee76,0xf696,0xee75,
  0xf696,0xee75,0xee75,0xe655,0xee76,0xee76,0xf696,0xee75,0xee76,0xee75,0xee76,0xee55,0xf676,0xee75,0xee75,0xee55,
  0xee76,0xee55,0xee75,0xee75,0xee76,0xee55,0xee75,0xee75,0xf676,0xee75,0xf696,0xee75,0xee55,0xee55,0xee76,0xee55,
  0xee96,0xee76,0xf696,0xee96,0xf696,0xee76,0xf696,0xee96,0xf696,0xee76,0xee96,0xee96,0xf696,0xee75,0xee76,0xee75,
  0xf676,0xee75,0xee76,0xee75,0xf676,0xee75,0xee76,0xee75,0xf696,0xee76,0xf696,0xee75,0xf696,0xee75,0xee75,0xe655,
  0xee76,0xee75,0xee75,0xee55,0xee75,0xee55,0xee55,0xee55,0xee55,0xee55,0xee55,0xe614,0xee34,0xe614,0xee34,0xe634,
  0xee34,0xe614,0xe614,0xe5f3,0xee14,0xe614,0xddd3,0xcd51,0xcd51,0xd571,0xd592,0xbccf,0xc4cf,0xc4ef,0xc4ef,0xbc8d,
  0xbc6e,0xbc4d,0xabcb,0xabeb,0x8245,0x8aa7,0x8266,0x9b29,0xa36a,0x8266,0x8246,0x8a86,0x92c7,0x8a86,0x9ae7,0xa349,
  0x9b08,0x9b08,0x92e8,0x7a66,0x9b2a,0x8aa8,0x9b29,0xa349,0x9b4a,0x8ae9,0x40c1,0x4102,0x7289,0x5164,0x1800,0x61c6,
  0x7227,0x48e2,0x5123,0x5922,0x5103,0x40c2,0x2840,0x2040,0x4101,0x40c1,0x5943,0x5122,0x40e1,0x4101,0x5122,0x5101,
  0x5902,0x5101,0x4901,0x5121,0x5921,0x5943,0x7a46,0x9b69,0x7205,0x5143,0x5984,0x4102,0x4922,0x38a0,0x2820,0x61e5,
  0x8287,0x6a46,0x30c2,0x30c1,0x38c1,0x4921,0x8b08,0x9b48,0xa369,0x9b67,0xa388,0xa3c9,0xabeb,0xa3ca,0x7245,0x7245,
  0x6b6b,0xd698,0xdef9,0xbdd5,0xa512,0xc616,0xd697,0xd677,0xce57,0xad53,0xb5b5,0xce57,0x6bac,0x2964,0x6b6c,0x39a6,
  0x4a47,0xce37,0xdeb8,0xef19,0xe6f8,0xe6f9,0xe719,0xde98,0xce36,0xdeb8,0xb5b4,0xe6f9,0xded8,0xe6f9,0xe6d8,0xef1a,
  0xce15,0xce56,0xe6f9,0xbdb4,0xded8,0xef19,0xe6d8,0xe6f9,0xe719,0xef19,0xe719,0xf73a,0xce15,0xd656,0xe6b8,0xe698,
  0xde97,0xf71a,0xe6d8,0xeef9,0xeef9,0xeef9,0xeef9,0xeef9,0xeef8,0xeef9,0xe6d8,0xeef9,0xe6d8,0xeef9,0xe6d8,0xeed9,
  0xe6d8,0xeed8,0xe6d8,0xeed8,0xe6b8,0xe6b8,0xe6b7,0xeeb8,0xeed8,0xeed8,0xeed8,0xeed8,0xe6b8,0xeeb8,0xe6b7,0xeed8,
  0xe6b7,0xeeb8,0xe6b8,0xeed8,0xe6d8,0xeed8,0xeed8,0xeed8,0xe6b7,0xe6b8,0xe6b7,0xeed8,0xeed8,0xeef8,0xeed8,0xeed8,
  0xe6d8,0xeef8,0xeed8,0xeed8,0xe6b7,0xeeb7,0xe697,0xeeb7,0xe6b7,0xeed8,0xeeb7,0xeed8,0xeed7,0xeed8,0xe6b7,0xeed8,
  0xe6b7,0xeed8,0xe6b7,0xeeb7,0xe6b7,0xeeb7,0xe6b7,0xeed7,0xe6b7,0xe6b7,0xe6b7,0xeed8,0xe6b7,0xeed7,0xeed7,0xeed8,
  0xe6b7,0xeed7,0xe6b7,0xeeb7,0xe6b7,0xeeb7,0xe6b7,0xeeb7,0xeed7,0xeeb7,0xe696,0xeeb8,0xeed8,0xc593,0xc5b4,0xd635,
  0xe696,0xe676,0xe676,0xd5b3,0xa40c,0xbccf,0xcd10,0xc4cf,0xbc8e,0xbc8e,0xbc6d,0xbc6e,0xd571,0xc4ae,0xbcae,0xe614,
  0xe614,0xf676,0xe634,0xee55,0xee96,0xee75,0xee55,0xee75,0xe655,0xee75,0xe655,0xee96,0xee75,0xee75,0xee75,0xee76,
  0xee55,0xee75,0xee75,0xee76,0xee55,0xee75,0xee75,0xee76,0xee55,0xee55,0xe655,0xee75,0xee55,0xee75,0xee75,0xee76,
  0xee55,0xee75,0xee55,0xee75,0xee55,0xee75,0xee55,0xee55,0xe655,0xee55,0xe634,0xee75,0xee55,0xee75,0xe655,0xee55,
  0xe655,0xee55,0xee55,0xee75,0xe655,0xee75,0xee55,0xee55,0xe675,0xee76,0xee75,0xee76,0xee75,0xee96,0xee96,0xf6b6,
  0xee75,0xee96,0xee75,0xee96,0xee75,0xee96,0xee75,0xee55,0xee75,0xee75,0xee75,0xee75,0xe634,0xee55,0xee55,0xee76,
  0xee75,0xee75,0xee75,0xee76,0xee55,0xee75,0xe655,0xee75,0xe655,0xee75,0xee55,0xee55,0xee75,0xee75,0xee55,0xee55,
  0xe634,0xee55,0xee55,0xee34,0xe614,0xee34,0xe634,0xee34,0xe634,0xee55,0xe614,0xee34,0xe5f3,0xddf3,0xddf3,0xe5f3,
  0xc510,0xc510,0xd571,0xcd51,0xd571,0xbcae,0xb44d,0xcccf,0xbc8d,0xac0c,0xbc4d,0xb40c,0xabcb,0x9b49,0x9b28,0xa36a,
  0xa38a,0xb3ec,0x9b49,0xa349,0xabaa,0xa349,0x92e7,0x9b28,0x9b49,0x92c7,0x8286,0x8287,0x9309,0x9309,0x9b29,0x9b2a,
  0x9309,0x7a46,0x3040,0x61e5,0x59c5,0x3081,0x38a1,0x82a9,0x5143,0x48e2,0x5943,0x5923,0x5143,0x38a1,0x1800,0x2860,
  0x4101,0x5142,0x5142,0x48e1,0x40e0,0x4922,0x4942,0x5102,0x50e1,0x5101,0x5121,0x5962,0x5120,0x69c4,0x9b6a,0x9308,
  0x5962,0x5163,0x5164,0x4943,0x3901,0x3060,0x3060,0x7226,0x7a86,0x6a46,0x1800,0x38e2,0x4101,0x7225,0x9328,0xa389,
  0x9b88,0xa3a9,0xa3a9,0xa3ca,0xabea,0x9b69,0x61c3,0x82a7,0x4a68,0xd698,0xe6fa,0xc636,0xa4f2,0xc616,0xd677,0xb574,
  0xded9,0xce77,0xb594,0xb5d5,0x94b1,0x4227,0x6b4c,0x4a48,0x4207,0xb594,0xe6f9,0xde97,0xe6f9,0xdeb8,0xef1a,0xdeb8,
  0xce37,0xd698,0xbdd5,0xe6f9,0xe719,0xef3a,0xeef9,0xef3a,0xd656,0xc615,0xef1a,0xde97,0xdeb8,0xe719,0xef1a,0xe6f9,
  0xef19,0xe6f9,0xef1a,0xef19,0xe6b8,0xce36,0xef19,0xeed9,0xe6d8,0xe6b8,0xf71a,0xeef9,0xf719,0xeef9,0xf719,0xeef9,
  0xf719,0xeef9,0xeef9,0xeed9,0xeef9,0xe6d8,0xeef9,0xeed8,0xeef9,0xe6d8,0xeef9,0xeef8,0xeef9,0xeed8,0xf6f9,0xeef9,
  0xeef9,0xeed8,0xeef9,0xeed8,0xeed9,0xeed8,0xeed9,0xeeb8,0xeed8,0xe6b8,0xeed8,0xeed8,0xeed9,0xe6b8,0xeed8,0xeed8,
  0xeed8,0xe6d8,0xeed8,0xeed8,0xeef9,0xeef8,0xeed8,0xeed8,0xeed8,0xeed8,0xeef8,0xeed8,0xeed8,0xe6b7,0xeeb8,0xe6b7,
  0xeed8,0xeed7,0xeed8,0xeeb7,0xeed8,0xeed8,0xeed8,0xeed8,0xeef8,0xeed8,0xeed8,0xeed7,0xeef8,0xeed7,0xeed8,0xeed8,
  0xf6f8,0xeed7,0xeed8,0xeed8,0xeef8,0xeed8,0xeed8,0xeed7,0xeed8,0xeed7,0xeed8,0xeed8,0xeed8,0xeeb7,0xee97,0xe697,
  0xeed8,0xf6f8,0xf6f8,0xeef8,0xe697,0xe697,0xe697,0xcdf4,0xe697,0xde55,0xf6d8,0xd5b3,0xa40c,0xb46d,0xbc6e,0xc4ae,
  0xbc6e,0x9b49,0xd510,0xbc4d,0xb40c,0xbc8e,0xcd10,0xcd31,0xee34,0xee55,0xee55,0xee35,0xf696,0xee55,0xee55,0xee55,
  0xee75,0xe655,0xee55,0xe675,0xee96,0xee55,0xee76,0xee75,0xee75,0xee75,0xf676,0xee75,0xee76,0xee75,0xf696,0xee75,
  0xee76,0xee55,0xee55,0xee75,0xee76,0xee55,0xee75,0xee55,0xee76,0xee75,0xf676,0xee75,0xee76,0xee75,0xee76,0xee75,
  0xee76,0xee55,0xee75,0xee75,0xee76,0xee75,0xee76,0xee55,0xee75,0xe655,0xee76,0xee75,0xee76,0xee75,0xee76,0xee55,
  0xee76,0xee75,0xee76,0xee75,0xee76,0xee76,0xf6b7,0xf696,0xf696,0xee76,0xee76,0xee75,0xee76,0xe655,0xee76,0xee75,
  0xee75,0xee55,0xee55,0xee55,0xee75,0xee75,0xee76,0xee75,0xee76,0xee75,0xee76,0xee55,0xee75,0xee75,0xee75,0xee55,
  0xee76,0xee75,0xee76,0xee55,0xee75,0xee55,0xee55,0xe634,0xee55,0xe634,0xee55,0xee55,0xee55,0xee34,0xee35,0xee34,
  0xee35,0xee54,0xee34,0xe614,0xee55,0xe614,0xe614,0xe614,0xddd3,0xcd71,0xddb2,0xcd51,0xcd30,0xcd50,0xd531,0xbcae,
  0xbc8e,0xbc8e,0xc4af,0xb40b,0xc46d,0xabcb,0xabaa,0xabcb,0xabcc,0xabec,0xa36a,0x8ac7,0x92e8,0xa369,0x92e8,0x8aa6,
  0x9b08,0x8aa7,0x92c8,0x92c8,0xa34a,0xa36a,0x9b2a,0x930a,0x8ac9,0x2820,0x5984,0x6a26,0x40e2,0x3040,0x82a9,0x6a06,
  0x48c1,0x5943,0x5923,0x6163,0x5964,0x30a1,0x2000,0x30a0,0x4922,0x5983,0x5942,0x40c0,0x40c0,0x4921,0x5143,0x5122,
  0x50e1,0x50e1,0x5921,0x5921,0x6162,0x8286,0x9b6a,0x7a86,0x5983,0x4942,0x4102,0x4143,0x4102,0x2020,0x5143,0x7246,
  0x8287,0x61e4,0x30a0,0x38c0,0x5183,0x82c7,0x9308,0xa389,0xaba9,0xa3c9,0xabea,0xa3ca,0xb42c,0x82c6,0x6a04,0x7a87,
  0x4a67,0xd698,0xded9,0xd678,0xa532,0xc616,0xbdf5,0xc616,0xce77,0xd698,0xa552,0xb5d5,0xbe16,0x73ad,0x4a68,0x5aca,
  0x4207,0xad53,0xe6f9,0xdeb8,0xef39,0xef3a,0xded8,0xe6f9,0xd657,0xd698,0xce56,0xe719,0xe719,0xe6f9,0xe6f9,0xef3a,
  0xe6d8,0xce36,0xd697,0xe6d8,0xd656,0xef19,0xef39,0xef39,0xe719,0xef19,0xef39,0xeef9,0xef19,0xd636,0xdeb7,0xef19,
  0xde77,0xde97,0xef19,0xeef9,0xeef9,0xeef9,0xeef8,0xeef9,0xeef9,0xeef9,0xe6d8,0xeef9,0xe6d8,0xeed9,0xe6d8,0xeed9,
  0xe6d8,0xeef9,0xe6d8,0xeef8,0xeef8,0xf719,0xeef8,0xeef9,0xeed8,0xeed9,0xe6d8,0xeed8,0xe6b8,0xeed9,0xe6d8,0xeef9,
  0xeed8,0xeed9,0xe6d8,0xeef9,0xeed8,0xeed9,0xe6b7,0xeed8,0xe6b7,0xeef8,0xeed8,0xeed8,0xeed8,0xeef8,0xeed8,0xeed8,
  0xeed8,0xeef8,0xeed8,0xeed8,0xe6b7,0xeed8,0xe6b7,0xeed8,0xeeb7,0xeed8,0xe6b7,0xeed8,0xe6b7,0xeed8,0xe6b7,0xeed8,
  0xeed8,0xeed8,0xe6b7,0xeed7,0xeed7,0xeed8,0xe6b7,0xeed8,0xeed7,0xeed7,0xe6b7,0xeed7,0xeed7,0xeef8,0xe6b7,0xeeb7,
  0xe6b7,0xeed8,0xe6b7,0xeed8,0xeed7,0xeeb7,0xe696,0xeeb7,0xe6b7,0xeeb7,0xe6b7,0xeef8,0xbd72,0xd636,0xe6d8,0xde76,
  0xe6b7,0xee97,0xeeb6,0xd5b3,0x93aa,0xac4d,0xac2c,0xc4cf,0xbc8e,0xa3aa,0xac0c,0xc4ae,0xbc4d,0xcd10,0xc510,0xbccf,
  0xe634,0xee34,0xee55,0xee55,0xee55,0xee55,0xe634,0xee75,0xe655,0xe655,0xe654,0xe675,0xe675,0xee55,0xe655,0xee75,
  0xe655,0xee75,0xee55,0xee76,0xee75,0xee76,0xee75,0xee96,0xee75,0xee75,0xe655,0xee96,0xee75,0xee76,0xee55,0xee75,
  0xee75,0xee76,0xee75,0xee76,0xee75,0xee76,0xee75,0xee75,0xee75,0xee75,0xe655,0xee75,0xee55,0xee76,0xee55,0xee75,
  0xee55,0xee55,0xe655,0xee75,0xee75,0xee76,0xee55,0xee75,0xe655,0xee76,0xee75,0xee76,0xee75,0xee76,0xe675,0xf6b6,
  0xee96,0xee96,0xee75,0xee96,0xee75,0xee76,0xee55,0xee75,0xee55,0xee75,0xe655,0xee75,0xee75,0xee76,0xe655,0xee55,
  0xe655,0xee55,0xe655,0xee55,0xe655,0xee75,0xe655,0xee75,0xee55,0xee75,0xe655,0xee55,0xe655,0xee55,0xe634,0xee55,
  0xe634,0xee35,0xe634,0xee54,0xe634,0xe634,0xe613,0xe634,0xe614,0xee34,0xe614,0xe634,0xe634,0xe634,0xde13,0xe614,
  0xddf3,0xe5f4,0xddd2,0xdd91,0xd571,0xc4cf,0xbcae,0xcd10,0xccef,0xc48e,0xc4ae,0xbc4d,0xb42c,0xbc4d,0xa38a,0xabeb,
  0x8ac7,0x9b49,0x9329,0x9308,0x92e8,0x9308,0x8ae7,0x8aa7,0x8aa6,0xa36a,0x8aa7,0x9b08,0x9b28,0x9b09,0x8ac8,0x8b0a,
  0x48e2,0x3880,0x6a06,0x5143,0x2000,0x61a4,0x7a67,0x6a06,0x5963,0x50e2,0x6184,0x69e5,0x40c1,0x2040,0x2020,0x4101,
  0x5122,0x5983,0x4900,0x40a0,0x40a0,0x5122,0x4922,0x4922,0x40e0,0x5101,0x5100,0x6162,0x69c3,0x9b28,0x9348,0x69e4,
  0x40e1,0x4101,0x38e1,0x4122,0x30c1,0x2020,0x59c4,0x7a66,0x8286,0x5143,0x38c1,0x59a3,0x6a25,0x8b08,0x9307,0xa389,
  0xa3a9,0xa3c9,0xa3c9,0xac0b,0xa3ca,0x7224,0x7a65,0x7225,0x4206,0xc637,0xef5b,0xdef9,0xb574,0xb593,0xdeb8,0xc615,
  0xad53,0xdef9,0xc616,0xa533,0xbdd5,0x8c70,0x5aaa,0x6b4c,0x5a89,0xa512,0xde98,0xdeb8,0xdeb8,0xe719,0xe6d9,0xe6d9,
  0xe6b9,0xce16,0xdeb8,0xded8,0xef1a,0xe6f9,0xef19,0xe6f9,0xef1a,0xd656,0xd657,0xded8,0xce16,0xe6d8,0xef3a,0xe6f9,
  0xef19,0xef19,0xef3a,0xeef9,0xf73a,0xde77,0xd636,0xeef9,0xde57,0xde97,0xf73a,0xeef9,0xeef9,0xeef9,0xeef9,0xeef9,
  0xf719,0xeef9,0xef19,0xeef9,0xeef9,0xe6d8,0xeed9,0xe6d8,0xeef9,0xeef8,0xeef9,0xeed8,0xeef9,0xeef8,0xeef9,0xe6d8,
  0xf6f9,0xeed9,0xeed9,0xe6b8,0xeed9,0xe6b8,0xeeb8,0xeed8,0xeed9,0xeed8,0xeed9,0xeed8,0xeed9,0xeed8,0xeed8,0xe6b8,
  0xeed8,0xeef8,0xf6f9,0xeed8,0xeef8,0xeed8,0xeef8,0xe6d8,0xeed8,0xeed8,0xeed8,0xeed8,0xeed8,0xeed8,0xeed8,0xe6b7,
  0xeed8,0xeeb7,0xeed8,0xe6b7,0xeeb8,0xe6b7,0xeeb8,0xeeb7,0xeed8,0xeed8,0xeed8,0xe6b7,0xeed8,0xeed7,0xeed7,0xeed7,
  0xeed8,0xeeb7,0xeed7,0xe6b7,0xeed8,0xeed7,0xeed7,0xe6b7,0xeeb7,0xe6b7,0xeeb8,0xe6b7,0xeed8,0xeeb7,0xeeb7,0xeeb7,
  0xf6f8,0xf6f8,0xeef8,0xf719,0xd5f5,0xde56,0xeef8,0xde97,0xeeb7,0xeed7,0xeeb7,0xd5f3,0x938a,0x9bcb,0x9b8a,0xa3eb,
  0xabcb,0xc48e,0x9328,0xabcb,0xc46e,0xccef,0xc4cf,0xc4f0,0xddd3,0xe5f4,0xf676,0xee55,0xee55,0xee55,0xee75,0xee55,
  0xee76,0xe675,0xee75,0xe675,0xee96,0xee55,0xee75,0xee55,0xee55,0xee55,0xee76,0xee75,0xf696,0xee75,0xf696,0xee75,
  0xf696,0xee75,0xee76,0xee75,0xf696,0xee75,0xee76,0xee75,0xee76,0xee75,0xf696,0xee75,0xf676,0xee75,0xf696,0xee75,
  0xf676,0xee75,0xee75,0xe655,0xee75,0xee55,0xee76,0xee55,0xee75,0xee55,0xee55,0xee55,0xee76,0xee55,0xee75,0xee75,
  0xee76,0xee75,0xee96,0xee76,0xee76,0xee55,0xee76,0xee75,0xee96,0xee75,0xee96,0xee76,0xf696,0xee96,0xee76,0xe655,
  0xf676,0xee96,0xf696,0xee75,0xee76,0xee75,0xf696,0xee75,0xf676,0xee75,0xf696,0xee75,0xf696,0xee75,0xee75,0xee75,
  0xee76,0xee75,0xee75,0xe655,0xee75,0xee55,0xee75,0xee55,0xee75,0xee55,0xee55,0xe634,0xee35,0xe634,0xee34,0xe634,
  0xee55,0xee54,0xf675,0xee54,0xe614,0xe614,0xee34,0xe613,0xe614,0xddd3,0xe5f3,0xe5d2,0xddb2,0xdd92,0xd571,0xb46d,
  0xc4cf,0xd530,0xbc6e,0xb40c,0xd510,0xc4af,0xabcb,0x82a6,0xa36a,0x8286,0x9b49,0x9b69,0x9b49,0x9b69,0x8aa6,0x8265,
  0x9b29,0xab8a,0x9b28,0x9ae7,0xb3ab,0x92c7,0x92e9,0x61a5,0x2820,0x7247,0x61c5,0x2800,0x40e3,0x8ae9,0x7226,0x5122,
  0x5923,0x48e1,0x71e6,0x5963,0x40c1,0x1000,0x30a2,0x4923,0x5963,0x5962,0x4900,0x38a0,0x5102,0x5122,0x5122,0x4901,
  0x4902,0x5922,0x6962,0x6141,0x8286,0x9b68,0x8ac7,0x4921,0x4902,0x4101,0x4143,0x4123,0x3081,0x2860,0x6a46,0x7265,
  0x8aa7,0x40e1,0x40e2,0x8329,0x9309,0x9307,0xa3a9,0xaba9,0xb40a,0xabea,0xac0b,0xa42b,0x8b28,0x69e3,0x8286,0x7204,
  0x39e5,0xb5b4,0xded9,0xded9,0xbdf5,0xb573,0xce77,0xce57,0xbe15,0xd698,0xb5d4,0xad74,0xc636,0x8c70,0x39e6,0x5aca,
  0x5288,0x8c2f,0xd657,0xeef9,0xe6f8,0xe6f9,0xdeb8,0xdeb8,0xe6f9,0xbdb4,0xd6b8,0xded8,0xded8,0xe719,0xe6f9,0xe6f9,
  0xe6d8,0xd697,0xd697,0xe6d8,0xce15,0xe6d8,0xe6f8,0xe6f9,0xe6f9,0xef19,0xe719,0xef19,0xef19,0xdeb8,0xce35,0xe6b8,
  0xdeb7,0xe6b8,0xeef9,0xeef9,0xeef8,0xeef9,0xeef9,0xeef9,0xeef9,0xf71a,0xeef9,0xeef9,0xe6d8,0xe6d8,0xe6d8,0xeed9,
  0xe6b8,0xe6b8,0xe6d8,0xeef9,0xe6d8,0xeed8,0xe6d8,0xeef9,0xeed8,0xeef9,0xeed8,0xeed9,0xe6d8,0xeed8,0xe6b8,0xe6b8,
  0xe6b8,0xeed8,0xe6b8,0xeeb8,0xe6b8,0xeed8,0xeed8,0xeed8,0xe6d7,0xeef8,0xeed8,0xeed8,0xe6d8,0xeef8,0xeed8,0xeed8,
  0xe6b7,0xeed8,0xeed8,0xeef8,0xeed8,0xeed8,0xe6b7,0xeeb8,0xe6b7,0xeed8,0xe6b7,0xeeb8,0xe6b7,0xeeb7,0xe6b7,0xeed8,
  0xeed7,0xeed8,0xe6b7,0xeeb7,0xe6d7,0xeed8,0xe6b7,0xeeb7,0xe6b7,0xeed8,0xe6b7,0xeed7,0xe6b7,0xeed7,0xe6b7,0xeed7,
  0xe6b7,0xeed7,0xe6b7,0xeeb7,0xe6b7,0xeed7,0xe6b7,0xeed7,0xeeb7,0xeed7,0xe6b7,0xde56,0xde56,0xeef9,0xe6b7,0xde97,
  0xe6b7,0xeed7,0xf6f7,0xd5b3,0x9beb,0x9bcb,0x936a,0xac0c,0xa3cb,0xb44c,0xc4ae,0xabcb,0xbc8d,0xbc8e,0xbcae,0xc510,
  0xb4ae,0xddb3,0xe614,0xee35,0xee55,0xee55,0xee75,0xee55,0xe655,0xee75,0xee75,0xee96,0xe675,0xee55,0xee55,0xee75,
  0xe654,0xee55,0xee55,0xee76,0xee75,0xee75,0xee55,0xee75,0xe655,0xee75,0xee75,0xee75,0xee75,0xee96,0xee75,0xee75,
  0xe655,0xee75,0xee75,0xee76,0xe655,0xee75,0xee75,0xee76,0xe655,0xee75,0xee75,0xee75,0xe654,0xee75,0xee55,0xee76,
  0xee75,0xee75,0xe634,0xee75,0xee75,0xee55,0xee55,0xf696,0xee75,0xee96,0xee75,0xee96,0xe675,0xee76,0xee75,0xee76,
  0xe655,0xee75,0xe655,0xee76,0xee75,0xee75,0xe655,0xee75,0xee75,0xee96,0xee75,0xee76,0xe655,0xee75,0xee75,0xee76,
  0xee75,0xee75,0xee75,0xf696,0xee75,0xee75,0xe655,0xee75,0xee55,0xee75,0xe655,0xee55,0xe634,0xee55,0xee55,0xee75,
  0xee55,0xee75,0xee55,0xee55,0xe654,0xee55,0xee34,0xee55,0xe634,0xee55,0xe634,0xee34,0xe654,0xee75,0xe634,0xe614,
  0xde13,0xee34,0xee33,0xe5f3,0xddd2,0xddb2,0xddb2,0xd551,0xd550,0xbc6d,0xbc6d,0xbc6e,0xabcb,0x9b6a,0xabeb,0xbc4d,
  0xb3eb,0x8aa6,0x9b49,0x9b49,0x8ae7,0xa38a,0x9b49,0x9b28,0x9b28,0xabaa,0x9ae7,0xab69,0xa308,0xa308,0x8aa8,0x40c2,
  0x5164,0x5985,0x3880,0x48e2,0x82a8,0x8288,0x7226,0x5102,0x3860,0x61a4,0x61a4,0x48e1,0x2860,0x1820,0x4123,0x5143,
  0x5142,0x5962,0x40e0,0x48e0,0x5121,0x5102,0x5102,0x4902,0x4921,0x5942,0x6142,0x6162,0x8ac6,0xa3a9,0x6a24,0x5163,
  0x4942,0x38c0,0x3901,0x4143,0x1800,0x4102,0x6a45,0x7a85,0x7a45,0x4900,0x61e4,0x9b8a,0x9348,0x9b48,0xa389,0xb3ea,
  0xac0a,0xac2b,0xa3ea,0xac2c,0x6224,0x7224,0x7224,0x8ac7,0x31a5,0x9d12,0xe71a,0xded9,0xc636,0x94b0,0xc5f5,0xce56,
  0xbdd5,0xbdf5,0xc636,0xa532,0xb594,0xb5d5,0x6b2b,0x5ac9,0x5268,0x736c,0xd657,0xe6f9,0xe719,0xded8,0xe6f9,0xded8,
  0xef1a,0xc5f5,0xd698,0xdeb8,0xe6d9,0xe6f9,0xe6f9,0xe719,0xef1a,0xe6f9,0xe6d9,0xd677,0xde97,0xe6d8,0xef3a,0xef19,
  0xef3a,0xef19,0xef19,0xef19,0xeef9,0xe6d8,0xde77,0xde77,0xeef9,0xde97,0xeef9,0xeef9,0xeef9,0xeed8,0xeef9,0xeef9,
  0xeef9,0xeef9,0xf71a,0xeef9,0xeef9,0xeed9,0xeef9,0xeed8,0xeed9,0xe6b8,0xeed9,0xeed8,0xeed8,0xe6d8,0xeef9,0xeef9,
  0xeef9,0xeed8,0xeef9,0xeed8,0xeef9,0xeed8,0xf6f9,0xe6b8,0xeed8,0xe6b8,0xeed9,0xeed8,0xeed9,0xeed8,0xeef9,0xeed8,
  0xeed8,0xeed8,0xeed8,0xeeb8,0xeed8,0xeed8,0xeef9,0xeed8,0xeed8,0xeed8,0xeef8,0xeed8,0xeef8,0xeed8,0xeed8,0xeed8,
  0xeef8,0xeed8,0xf6f8,0xeed8,0xeed8,0xeeb7,0xeed8,0xeed8,0xeef8,0xeed8,0xeed8,0xeeb7,0xeed8,0xe6d7,0xeed8,0xe6b7,
  0xeed7,0xe6b7,0xeed8,0xeed8,0xeed8,0xeed7,0xeed8,0xeed7,0xeef8,0xeed8,0xeed8,0xe6b7,0xeed8,0xe6d7,0xeed8,0xeeb7,
  0xeeb7,0xe6b7,0xf6f9,0xc5b3,0xd5f5,0xeed8,0xeeb8,0xde76,0xeeb7,0xee96,0xf6d8,0xcd52,0xb48e,0xac4d,0xac2c,0xac2c,
  0xac0c,0xac0c,0xb42c,0xa38a,0xc4ae,0xb42c,0xac0c,0xcd30,0xa3ec,0xd591,0xe5f4,0xe614,0xf675,0xee75,0xf676,0xee55,
  0xee76,0xee75,0xf696,0xee75,0xee76,0xee55,0xee76,0xee55,0xee75,0xee55,0xee76,0xee75,0xee76,0xee75,0xee76,0xee55,
  0xee55,0xe655,0xee76,0xee75,0xf696,0xee96,0xf696,0xee75,0xee75,0xee75,0xf696,0xee75,0xee75,0xee75,0xee76,0xee75,
  0xee75,0xee75,0xee76,0xee55,0xee75,0xee75,0xf696,0xee75,0xee96,0xee75,0xee76,0xee75,0xee76,0xee55,0xee76,0xee75,
  0xf696,0xee96,0xf696,0xee75,0xee76,0xee75,0xf696,0xee76,0xee76,0xee75,0xf696,0xee76,0xee96,0xee75,0xf676,0xee75,
  0xee76,0xee75,0xee76,0xee55,0xee75,0xee75,0xee76,0xe655,0xee55,0xee55,0xee76,0xee75,0xee76,0xee75,0xee76,0xee75,
  0xee96,0xee75,0xee55,0xe634,0xee55,0xee55,0xf675,0xee75,0xee75,0xee55,0xee55,0xee75,0xee75,0xee55,0xee75,0xee54,
  0xee55,0xe654,0xee55,0xe614,0xe614,0xe634,0xee75,0xee75,0xe634,0xddf3,0xe5f3,0xe5f3,0xe5f3,0xe5f3,0xe613,0xd571,
  0xe5d2,0xcd30,0xcccf,0xc4cf,0xb40c,0xa3aa,0xbc4d,0xb40c,0xbc2c,0x9b48,0x9ae8,0xab8a,0xb3cc,0xa349,0x92c7,0xa369,
  0xa369,0x9b68,0x9b28,0xa328,0x9287,0xb3cc,0x7207,0x38c2,0x6227,0x4943,0x3840,0x7a47,0x8aa8,0x7225,0x69a4,0x4901,
  0x40a0,0x69c5,0x69c6,0x40a1,0x2820,0x30a1,0x5164,0x5943,0x5963,0x5141,0x4900,0x4921,0x48e1,0x5122,0x5102,0x4901,
  0x5143,0x5942,0x5901,0x8266,0x9b49,0x8b07,0x5982,0x5983,0x40e1,0x4921,0x4964,0x3102,0x1000,0x59c4,0x8244,0x8285,
  0x61e5,0x38c0,0x8b28,0x9348,0x9b48,0x9b68,0xa389,0xb40a,0xb42b,0xac2b,0xac2b,0x9ba9,0x61e3,0x7a65,0x7a45,0x9b69,
  0x2984,0x8c90,0xdf1a,0xdef9,0xc616,0x94b0,0xb5b4,0xded8,0xad73,0xc616,0xd6d8,0xc636,0xbdf5,0xc637,0x73ac,0x4226,
  0x62ea,0x840e,0xce57,0xe71a,0xe719,0xe6f9,0xded8,0xe6f9,0xdef8,0xded8,0xce56,0xd697,0xded8,0xe719,0xded8,0xe6f9,
  0xe719,0xef1a,0xdeb8,0xd657,0xd677,0xdeb8,0xe719,0xef3a,0xe6f9,0xef1a,0xe6f9,0xef19,0xe6f9,0xef19,0xd697,0xd657,
  0xe6d8,0xe6b8,0xe6d8,0xeef9,0xe6d8,0xeed9,0xe6d8,0xeef8,0xe6d8,0xeef9,0xe6f9,0xeef9,0xeef9,0xf6fa,0xeed9,0xeef9,
  0xeed8,0xeed9,0xe6b8,0xe6d8,0xe6b8,0xeed8,0xeed8,0xeed8,0xe6b8,0xeed8,0xe6d8,0xeed8,0xeed8,0xeed9,0xeed8,0xeef8,
  0xe6b8,0xeed8,0xeed8,0xeef9,0xeed8,0xeed8,0xe6d8,0xeed8,0xe6b8,0xeed8,0xe6b8,0xeed8,0xeed8,0xeed8,0xe6b7,0xeed8,
  0xe6d8,0xeed8,0xe6b7,0xe6b7,0xe6b7,0xeed8,0xe6b7,0xeed8,0xeed7,0xeef8,0xeed8,0xeed8,0xe6d7,0xeed8,0xe6d7,0xeed8,
  0xeed8,0xeef8,0xe6d7,0xeef8,0xe6d7,0xe6b7,0xe6b7,0xeed7,0xe6b7,0xeed8,0xe6d7,0xeed8,0xe6b7,0xeed7,0xe6b7,0xe6b7,
  0xeed7,0xeed8,0xe6b7,0xeed8,0xe6b7,0xeed8,0xe6d7,0xeed8,0xe6b7,0xeed8,0xe6b7,0xd614,0xd615,0xeef9,0xe6d7,0xe697,
  0xeeb7,0xf6d7,0xf6d7,0xbd10,0x93cb,0xbccf,0x8b49,0xb46d,0xa3eb,0xabec,0x82c7,0xa3ab,0xcccf,0xbc4d,0xac0c,0xcd10,
  0xccef,0xc4ef,0xddd2,0xee55,0xe634,0xee75,0xee55,0xee75,0xee75,0xee76,0xee55,0xee76,0xee55,0xee55,0xe655,0xee75,
  0xe675,0xee76,0xee75,0xee96,0xee75,0xee96,0xee75,0xee75,0xe655,0xee75,0xee75,0xee75,0xee75,0xee76,0xe675,0xee75,
  0xee75,0xee96,0xe675,0xee75,0xee75,0xee76,0xe655,0xee75,0xe655,0xee75,0xe654,0xee75,0xee75,0xee96,0xee95,0xee96,
  0xee75,0xee75,0xee75,0xee75,0xe675,0xee75,0xe675,0xee75,0xee55,0xf676,0xee75,0xee55,0xee55,0xf676,0xee75,0xee75,
  0xee75,0xee75,0xee55,0xee75,0xee75,0xee76,0xee75,0xee75,0xee75,0xee76,0xee75,0xee75,0xe655,0xee75,0xe675,0xee55,
  0xe655,0xee75,0xee75,0xee75,0xee55,0xee55,0xee74,0xee95,0xee75,0xee75,0xe654,0xee55,0xe654,0xee75,0xe654,0xee75,
  0xe654,0xee55,0xe634,0xe655,0xe654,0xee55,0xe634,0xe634,0xe634,0xee55,0xe634,0xe634,0xe634,0xee34,0xe634,0xee54,
  0xe634,0xe634,0xddd2,0xe5f3,0xddf2,0xe5f3,0xddd2,0xddd2,0xd591,0xd571,0xcd2f,0xd550,0xccce,0xccef,0xc48d,0xb3eb,
  0xb42b,0xbc2c,0x9b08,0xab4a,0xa329,0xb38b,0x92c7,0xa349,0xa368,0x9327,0xa389,0x8286,0x9b29,0x9b2a,0x40a1,0x4944,
  0x4963,0x2020,0x6183,0x9b09,0x8a66,0x71e5,0x5162,0x40c1,0x4922,0x69c6,0x5964,0x38a1,0x2840,0x5102,0x48e1,0x5942,
  0x5962,0x5121,0x4900,0x4921,0x48e1,0x5122,0x40c0,0x5122,0x5942,0x5922,0x6183,0x92e8,0x9b49,0x7245,0x5162,0x5163,
  0x38a0,0x48c0,0x4963,0x2061,0x1820,0x7246,0x8222,0x92a5,0x49a5,0x3902,0x9347,0xa388,0x9b68,0xa389,0xa388,0xac0a,
  0xac0b,0xb42b,0xac0b,0x8b07,0x7223,0x7a85,0x7aa5,0xa3aa,0x4a68,0x7c0e,0xd698,0xce77,0xce57,0xad73,0xa511,0xce76,
  0xce57,0xce77,0xce77,0xbdd4,0xbdd5,0xbdf5,0xa532,0x31a4,0x736b,0x840e,0xd677,0xe719,0xe71a,0xded9,0xdef9,0xded8,
  0xe6f9,0xded8,0xde97,0xdeb7,0xef3a,0xe719,0xe719,0xe6f9,0xef19,0xe6f9,0xe6f9,0xdeb8,0xd677,0xde97,0xef19,0xef3a,
  0xef1a,0xef19,0xef19,0xe6f9,0xef3a,0xe6f9,0xe6f9,0xd656,0xe6b8,0xe6b8,0xeef9,0xe6f9,0xeef9,0xe6d9,0xef19,0xeef8,
  0xef19,0xeef9,0xeef9,0xeef9,0xef1a,0xeef9,0xeef9,0xeed8,0xeef9,0xeed8,0xeef9,0xeed8,0xeed9,0xe6b8,0xeed8,0xeed8,
  0xeed8,0xeed8,0xeef9,0xeef9,0xf6f9,0xeed8,0xeef9,0xeed8,0xeed9,0xe6b8,0xeef9,0xeed8,0xeed9,0xeed8,0xeef9,0xeed8,
  0xeef9,0xeed8,0xeef9,0xeed8,0xeef9,0xeed8,0xeef8,0xeed8,0xeed8,0xe6b7,0xeeb8,0xe6b7,0xeed8,0xe6b7,0xeed8,0xe6d7,
  0xeef8,0xeef8,0xeef8,0xeed7,0xf6f8,0xeed8,0xeed8,0xeed7,0xeef8,0xeed8,0xeed8,0xeef8,0xeed8,0xe6b7,0xeed8,0xeed7,
  0xeed8,0xeed8,0xeed8,0xe6b7,0xeed8,0xe6b7,0xeeb7,0xe6b7,0xeed8,0xeed7,0xeef8,0xeed7,0xeed7,0xe6b7,0xeef8,0xeef8,
  0xeef8,0xeef8,0xeeb7,0xde76,0xeed8,0xf719,0xe697,0xeeb7,0xeeb8,0xee96,0xff39,0xb4f0,0x936a,0xb48e,0x8b49,0xac2c,
  0xa3cb,0xbc8e,0x82a6,0xc4ae,0xc48e,0xabcb,0xb44d,0xbc8e,0xdd92,0xb46d,0xd551,0xe634,0xf655,0xee35,0xee55,0xee55,
  0xee76,0xee75,0xee76,0xee55,0xee76,0xee75,0xee76,0xee75,0xee96,0xee75,0xee96,0xee95,0xf6b6,0xee96,0xf696,0xee75,
  0xee76,0xee75,0xf696,0xee75,0xee76,0xee75,0xee96,0xee75,0xf696,0xee75,0xee75,0xee75,0xee96,0xee75,0xee75,0xe655,
  0xee75,0xee75,0xee96,0xee75,0xee96,0xee75,0xf696,0xee95,0xee96,0xe655,0xee76,0xee75,0xee76,0xee75,0xee96,0xee95,
  0xee75,0xee75,0xf696,0xee75,0xf676,0xee76,0xf696,0xee96,0xf696,0xee55,0xee75,0xee55,0xee76,0xee55,0xee96,0xee96,
  0xf696,0xee75,0xee75,0xee75,0xee75,0xee55,0xee75,0xee75,0xf696,0xee75,0xee96,0xee75,0xee76,0xee75,0xee75,0xee75,
  0xee75,0xee75,0xee75,0xee55,0xee55,0xee55,0xee75,0xee75,0xee75,0xee55,0xee75,0xe654,0xee55,0xe634,0xe654,0xe634,
  0xe634,0xe634,0xee55,0xe654,0xee55,0xee34,0xee55,0xe634,0xe634,0xe613,0xe634,0xe613,0xe613,0xddf2,0xe5f3,0xd5b1,
  0xddb1,0xddb1,0xd550,0xc4ce,0xd50f,0xd50f,0xccce,0xc46c,0xc46d,0xc44c,0xab8a,0x9b08,0x9ae9,0xab6a,0xab6a,0x92c6,
  0x9ae7,0x92e6,0x9308,0x7a45,0x9b6a,0x4903,0x3040,0x59a5,0x2860,0x38a1,0x9309,0x8a87,0x9267,0x6162,0x5942,0x5142,
  0x6a07,0x5984,0x40a1,0x30a1,0x3060,0x5123,0x5943,0x5121,0x5101,0x5121,0x5121,0x4921,0x6183,0x48e0,0x5962,0x5121,
  0x5922,0x6183,0x9309,0xa369,0x9329,0x61e4,0x5983,0x4942,0x4901,0x3880,0x4102,0x1820,0x59c5,0x7a86,0x8a63,0x8285,
  0x3902,0x51a3,0xa3a9,0xa3a9,0xabca,0xabea,0xabca,0xabea,0xb40b,0xac0a,0xa3ca,0x7aa5,0x7a85,0x6a03,0x8b07,0x9b89,
  0x5b0a,0x5b0a,0xce78,0xded9,0xdef9,0xad53,0x948f,0xce36,0xce97,0xb5b4,0xce97,0xc636,0xad93,0xbdf5,0xce77,0x5aa9,
  0x31a4,0x6b6b,0xbdf5,0xded9,0xd698,0xe71a,0xe6f9,0xe6f9,0xded8,0xef19,0xd697,0xd677,0xe719,0xe6f9,0xe6f8,0xe6f9,
  0xe6d8,0xe6f9,0xe6f9,0xe6f9,0xd677,0xdeb8,0xe6f9,0xef1a,0xe6f9,0xef1a,0xe6f9,0xe6f9,0xe6f8,0xef19,0xe6d8,0xde77,
  0xce36,0xe6d8,0xe6d8,0xef19,0xe6f8,0xeef9,0xeef8,0xeef9,0xe6f8,0xeef9,0xeef9,0xeef9,0xeef9,0xeef9,0xe6f9,0xeef9,
  0xe6d8,0xeed9,0xeed8,0xeef9,0xe6d8,0xeeb8,0xe6b8,0xeed9,0xeef8,0xeef9,0xeed8,0xeef9,0xeed8,0xeef9,0xeef9,0xeed8,
  0xe6b7,0xe6b8,0xe6b8,0xeed8,0xe6b8,0xeed8,0xeed8,0xeed8,0xe6b8,0xeed8,0xe6b8,0xeed8,0xe6b7,0xeed8,0xeef8,0xeef9,
  0xeed8,0xeed8,0xe6b7,0xeed8,0xeed7,0xeed7,0xe6b7,0xeed8,0xeed7,0xeef8,0xe6d7,0xeed8,0xe6d7,0xeed8,0xe6b7,0xeed8,
  0xeed7,0xeef8,0xeef8,0xeef8,0xe6b7,0xe6b7,0xe6b7,0xeed8,0xeed7,0xeed8,0xeed7,0xeed8,0xe6d7,0xeed7,0xeed7,0xeef8,
  0xeed7,0xeed8,0xe6d7,0xeed8,0xe6b7,0xe6b7,0xe6d7,0xeed8,0xe6b7,0xeed8,0xe6b7,0xde35,0xde96,0xf719,0xe6b7,0xe6b7,
  0xeed7,0xf6b7,0xddf4,0x9c0c,0x8329,0x9bec,0xa40c,0xac0c,0xa3cb,0xa3cb,0x9baa,0x9329,0xb42c,0xb42c,0xbc6d,0xbc4d,
  0xa3eb,0xc4cf,0xc4cf,0xddb2,0xe634,0xee75,0xee55,0xee75,0xee55,0xee76,0xee55,0xf676,0xe655,0xee75,0xe655,0xee75,
  0xe675,0xee75,0xee75,0xee96,0xee95,0xee96,0xee75,0xee75,0xe655,0xee75,0xee75,0xee76,0xe675,0xee75,0xee75,0xee96,
  0xee75,0xee75,0xe655,0xee75,0xee75,0xee75,0xe655,0xee75,0xe655,0xee75,0xee75,0xee75,0xe655,0xee75,0xee75,0xee96,
  0xee75,0xee75,0xee75,0xee76,0xe675,0xee75,0xe655,0xee75,0xee55,0xee76,0xee75,0xee76,0xee75,0xf696,0xee96,0xf696,
  0xee95,0xee96,0xee75,0xee76,0xee75,0xee75,0xee75,0xf696,0xe675,0xee75,0xe655,0xee55,0xe655,0xee75,0xe655,0xee76,
  0xee75,0xee75,0xee75,0xee75,0xee75,0xee75,0xee55,0xee75,0xe654,0xee75,0xee55,0xee75,0xe654,0xee75,0xe654,0xee75,
  0xe654,0xee75,0xe654,0xee55,0xe654,0xee55,0xe654,0xe654,0xe634,0xe654,0xe634,0xe634,0xe614,0xe634,0xe614,0xe634,
  0xe613,0xe634,0xe633,0xe613,0xddf2,0xe613,0xddf2,0xe5f3,0xddb1,0xddb1,0xcd0f,0xbc8d,0xcd0f,0xccee,0xc48d,0xbc4c,
  0xc44c,0xbc0b,0xab8a,0xa36a,0x92e7,0x9b29,0xab8a,0x8a86,0x92c6,0x92a6,0x8265,0x82a7,0x61c5,0x2840,0x5164,0x4902,
  0x3060,0x7226,0x9b09,0x8a66,0x6962,0x50e0,0x48e1,0x5943,0x61e5,0x4923,0x38a1,0x1800,0x4102,0x61a4,0x5963,0x5122,
  0x4901,0x5141,0x5121,0x5121,0x4901,0x4901,0x5942,0x5121,0x48c0,0x7a45,0x9b49,0xa3ab,0x7a86,0x5983,0x4922,0x5142,
  0x4101,0x4922,0x30a1,0x2040,0x6a47,0x8b08,0x92a5,0x8266,0x2020,0x72a7,0xa3a9,0xabc9,0xabea,0xb40b,0xabca,0xabea,
  0xa3ea,0xabea,0x9327,0x7a44,0x7244,0x7224,0x9368,0x9b89,0x4227,0x4a88,0xc637,0xded9,0xe71a,0xad73,0xad32,0xc636,
  0xd698,0x948f,0xc616,0xd698,0xb594,0xb5b4,0xbdd5,0x9cf1,0x3184,0x5aa8,0xbdd5,0xe6f9,0xdeb8,0xe6f9,0xe6f9,0xe6d8,
  0xe6d9,0xe719,0xde97,0xce15,0xded8,0xe6f9,0xe719,0xe6f9,0xe6f9,0xe6f9,0xeef9,0xe6f9,0xe6f9,0xded8,0xef19,0xe6f9,
  0xef19,0xef19,0xef1a,0xe6f9,0xef1a,0xef3a,0xef19,0xe6d8,0xd656,0xe6d8,0xeef9,0xeef9,0xef19,0xeef9,0xef19,0xeef8,
  0xef19,0xeef9,0xef1a,0xeef9,0xef1a,0xeef9,0xeefa,0xeef9,0xeef9,0xeef9,0xeef9,0xeed8,0xeef9,0xeef8,0xeef9,0xeed8,
  0xeef9,0xeed8,0xeed8,0xe6b8,0xeed8,0xeed8,0xf6f9,0xeed8,0xeed8,0xe6b8,0xeed9,0xeed8,0xeed8,0xe6d8,0xf6f9,0xeef9,
  0xeef9,0xeed8,0xeed9,0xeed8,0xeef8,0xeed8,0xeed8,0xeed8,0xeef8,0xeed8,0xeed8,0xeed8,0xeef8,0xeed8,0xeef8,0xeed8,
  0xeed8,0xeed7,0xeef8,0xeed8,0xf719,0xeef8,0xeed8,0xeed7,0xeed8,0xeed8,0xeed8,0xeed7,0xeed7,0xe6b7,0xeeb7,0xeed7,
  0xeef8,0xe6b7,0xeef8,0xeed8,0xeed8,0xeed7,0xeef8,0xeed8,0xeef8,0xe6b7,0xeed8,0xeed7,0xeed7,0xe6b7,0xeed8,0xe6b7,
  0xe6b7,0xeed7,0xeed8,0xd615,0xe697,0xf719,0xeef9,0xe697,0xe677,0xeeb7,0xd5d4,0x7b08,0x936a,0xac4d,0xac2d,0xac2c,
  0xac0c,0x9349,0xbc6e,0xabcb,0xb40c,0x9b8a,0xabeb,0xbc4d,0xbc8e,0xbcae,0xc4cf,0xd592,0xee34,0xe634,0xee55,0xee55,
  0xee76,0xee75,0xf676,0xee76,0xee76,0xee75,0xee76,0xee75,0xee76,0xee75,0xee96,0xee75,0xee96,0xee75,0xee75,0xe655,
  0xee75,0xee75,0xf696,0xee75,0xee96,0xee75,0xf696,0xee75,0xee75,0xe655,0xee55,0xee55,0xee75,0xee75,0xee76,0xee75,
  0xee96,0xee75,0xf696,0xee75,0xee76,0xee75,0xf696,0xee75,0xee96,0xee95,0xf696,0xee75,0xee96,0xee75,0xee76,0xee75,
  0xee75,0xee55,0xee76,0xee75,0xee75,0xee55,0xf676,0xee75,0xf696,0xee96,0xf696,0xee55,0xee55,0xee55,0xee96,0xee75,
  0xee76,0xee75,0xee75,0xee75,0xee76,0xee75,0xee76,0xee75,0xee76,0xe655,0xee75,0xee75,0xee96,0xee75,0xee75,0xee55,
  0xee75,0xe654,0xee75,0xee55,0xee75,0xee75,0xee75,0xee75,0xee75,0xe654,0xee75,0xe654,0xee75,0xe654,0xee55,0xe654,
  0xee55,0xe634,0xee55,0xe634,0xee34,0xe634,0xee34,0xe634,0xe634,0xe613,0xee34,0xe5f3,0xe5f3,0xddf2,0xe5f3,0xddf2,
  0xddd2,0xdd91,0xcd0f,0xccee,0xd530,0xc48d,0xcccf,0xbc2c,0xc42c,0xc42c,0xb3cb,0x9b49,0xa369,0xa369,0x9b08,0x9b28,
  0x9ae7,0x8245,0x92e8,0x82a7,0x4102,0x4122,0x4944,0x2820,0x7a47,0x9b4a,0x8246,0x71e4,0x5901,0x5921,0x50e1,0x5964,
  0x59a4,0x5164,0x3081,0x2820,0x59a5,0x61a3,0x5942,0x5121,0x5942,0x5121,0x5122,0x5142,0x5142,0x5121,0x5942,0x5141,
  0x5121,0x82a6,0xa36a,0x9349,0x6a04,0x4942,0x61c4,0x5162,0x4902,0x4102,0x2861,0x30a1,0x7246,0x8ae7,0x9328,0x61a3,
  0x38e2,0x9beb,0xa389,0xa3a9,0xb40b,0xb40a,0xb3eb,0xabca,0xac0b,0xa3ca,0x9307,0x7a64,0x7224,0x82c6,0xabca,0xa3a9,
  0x2984,0x6b6c,0xa532,0xdf1a,0xe71a,0xd6b8,0x9cd0,0xa512,0xd698,0xc5f5,0xbdd4,0xd698,0xa532,0xb594,0xbe15,0xdef9,
  0x4206,0x39c5,0xb594,0xe71a,0xd6b8,0xded8,0xdef8,0xded9,0xded8,0xef19,0xd697,0xce56,0xd697,0xe719,0xe6f9,0xe719,
  0xe6f9,0xe6f9,0xded8,0xe6f9,0xe6f9,0xe6f9,0xe6f8,0xe6f9,0xe6f9,0xef3a,0xe719,0xe6f9,0xef3a,0xef19,0xef19,0xe6f9,
  0xde97,0xe6b8,0xe6d8,0xe6f9,0xe6f8,0xeef9,0xe6f8,0xef19,0xef19,0xef19,0xeef9,0xeef9,0xeef9,0xeef9,0xe6f9,0xeef9,
  0xeed8,0xeef9,0xe6d8,0xeed8,0xeed8,0xeef9,0xeed8,0xeed8,0xe6b8,0xeed8,0xe6d8,0xeed8,0xe6d8,0xeed8,0xe6b7,0xeef8,
  0xe6d8,0xeed8,0xe6d8,0xeef9,0xeed8,0xeed8,0xeef8,0xf6f9,0xeed8,0xeed9,0xeed8,0xeed8,0xeef8,0xeed8,0xe6b7,0xeed8,
  0xeed8,0xeef8,0xe6d8,0xeed8,0xe6d7,0xeed8,0xe6d7,0xeed8,0xe6b7,0xeed8,0xeed8,0xeef8,0xeed8,0xeef8,0xe6b7,0xeed8,
  0xe6d7,0xeed8,0xe6b7,0xeed7,0xe6b7,0xeed7,0xe6b7,0xeed7,0xe6b7,0xe6b7,0xe6b7,0xeed8,0xe6d7,0xeed8,0xeed7,0xeed8,
  0xe6d7,0xeed8,0xe6d7,0xeed8,0xe6b7,0xeed8,0xe6d7,0xeed8,0xe697,0xeed8,0xde56,0xd635,0xeed8,0xf719,0xde76,0xe697,
  0xe697,0xf6d8,0xbd31,0x59e4,0x93ab,0xa40c,0xac2c,0xac2c,0xac2c,0xabec,0x9348,0xbc6e,0xabeb,0xc48e,0xa3ca,0xbc6d,
  0xccef,0xc4ae,0xbcae,0xc510,0xe634,0xe5f4,0xe634,0xee55,0xe655,0xee75,0xee55,0xee76,0xee55,0xee75,0xe655,0xee75,
  0xe655,0xee75,0xee75,0xee75,0xee75,0xee75,0xe655,0xee75,0xee75,0xee96,0xee75,0xee75,0xee75,0xee96,0xee75,0xee75,
  0xe654,0xee55,0xe634,0xe655,0xe655,0xee75,0xe655,0xee75,0xee75,0xee96,0xee95,0xee96,0xee75,0xee96,0xee75,0xee96,
  0xee75,0xee76,0xe675,0xee75,0xee75,0xee96,0xee75,0xee96,0xee55,0xee75,0xee55,0xee75,0xee55,0xee55,0xee55,0xee55,
  0xee75,0xf696,0xee75,0xee75,0xee55,0xee75,0xee75,0xee96,0xee75,0xee76,0xe675,0xee75,0xee75,0xee76,0xe655,0xee75,
  0xe655,0xee55,0xe654,0xee75,0xe655,0xee75,0xe654,0xee75,0xe654,0xee55,0xe654,0xee55,0xee75,0xee75,0xee75,0xee75,
  0xe654,0xee55,0xe654,0xe655,0xe654,0xee75,0xe654,0xee55,0xe634,0xe654,0xe654,0xee75,0xee54,0xee55,0xe634,0xe634,
  0xe614,0xee34,0xe613,0xe613,0xddd2,0xe5f3,0xddd2,0xddd2,0xddb1,0xddb1,0xcd2f,0xd570,0xcd0f,0xc4ae,0xcd0f,0xc46d,
  0xbc2c,0xcc6d,0xabca,0xa369,0xa3ca,0x9b48,0x9307,0xab8a,0x8a65,0x92a7,0x9b29,0x5163,0x2880,0x4164,0x2020,0x5143,
  0x9b29,0x92a8,0x8a66,0x7a04,0x5921,0x58e1,0x50e1,0x5923,0x5984,0x40e2,0x1000,0x4922,0x5963,0x5962,0x4900,0x5121,
  0x5142,0x5122,0x4901,0x5963,0x5142,0x5962,0x5121,0x4900,0x6a03,0xa389,0x9b89,0x8ae7,0x5142,0x5142,0x59a3,0x5142,
  0x38c1,0x3923,0x2040,0x4943,0x82c7,0x92e8,0x82e8,0x2860,0x4962,0xa3eb,0x9b68,0xabc9,0xb40a,0xb40b,0xac0a,0xabea,
  0xabea,0xa3a9,0x7a84,0x7244,0x6a03,0x9b48,0xa3a9,0x9b89,0x39e6,0x6b4b,0x840e,0xe73a,0xded9,0xe71a,0x9cb0,0xa4f1,
  0xce57,0xce77,0xad32,0xce77,0xc5f6,0xbdd5,0xce57,0xc636,0x83ee,0x4206,0xa4f1,0xe6f9,0xe6f9,0xe719,0xe6f9,0xe6f9,
  0xef1a,0xe719,0xe719,0xded8,0xe6d9,0xe6f9,0xef1a,0xe719,0xef1a,0xe6f9,0xef19,0xe6f9,0xef1a,0xe6d9,0xe6f9,0xe6f9,
  0xef19,0xef1a,0xef19,0xe6f9,0xef3a,0xe6f9,0xef19,0xe719,0xe6d9,0xd656,0xe6f9,0xeef9,0xef1a,0xef19,0xef19,0xeef8,
  0xef19,0xeef9,0xef19,0xeef9,0xeef9,0xeed9,0xeef9,0xe6d8,0xeef9,0xeed9,0xeef9,0xeed8,0xeef9,0xeed8,0xeef9,0xe6d8,
  0xeed9,0xeed8,0xeef9,0xeef8,0xf6f9,0xeed8,0xeed8,0xeef8,0xeed9,0xe6d8,0xeef9,0xeef8,0xeef9,0xeed8,0xf6f9,0xeef9,
  0xeef9,0xeed8,0xeed8,0xeed8,0xf6f9,0xeed8,0xeed8,0xeef8,0xf6f9,0xeef8,0xeef8,0xeef8,0xeef8,0xeed7,0xeef8,0xeed8,
  0xeed8,0xeed8,0xeef8,0xeef8,0xeed8,0xe6b7,0xeed8,0xe6d7,0xeef8,0xeed8,0xeed8,0xe6b7,0xeef8,0xeed8,0xeed7,0xe6b7,
  0xeed8,0xe6b7,0xeed8,0xeed7,0xeef8,0xeef8,0xeef8,0xeed7,0xeed8,0xeed7,0xeed8,0xeed7,0xeed8,0xeed7,0xeef8,0xeef8,
  0xeed8,0xeed8,0xde35,0xde56,0xff5a,0xeed8,0xd615,0xe697,0xe697,0xeeb7,0xbd11,0x4983,0xa40d,0x9bcb,0xb44d,0xa3cb,
  0xb44d,0xac0c,0xa3aa,0xa3aa,0xa3aa,0xac0c,0xa3aa,0xbc8d,0xb42c,0xbc8e,0xc4ef,0xbcae,0xddd3,0xe613,0xee34,0xe634,
  0xee55,0xee55,0xee75,0xee55,0xee75,0xee75,0xee75,0xee75,0xee76,0xee75,0xee96,0xee75,0xee76,0xee75,0xee75,0xee75,
  0xee96,0xee75,0xee75,0xee75,0xf696,0xee96,0xee96,0xe655,0xee55,0xee75,0xee75,0xe655,0xee76,0xee75,0xee75,0xee75,
  0xee96,0xee96,0xf696,0xee95,0xf696,0xee96,0xf696,0xee75,0xee76,0xee75,0xee75,0xe655,0xee76,0xee75,0xee96,0xee75,
  0xf676,0xee75,0xf696,0xee96,0xf676,0xee55,0xf696,0xee75,0xf676,0xee55,0xee75,0xee75,0xf696,0xee76,0xf696,0xee75,
  0xf696,0xee75,0xee96,0xee75,0xee76,0xee75,0xee75,0xe655,0xee75,0xe655,0xee75,0xe655,0xee75,0xee75,0xee75,0xee75,
  0xee75,0xee55,0xee75,0xe654,0xee75,0xee75,0xee75,0xee75,0xee75,0xee55,0xee75,0xe655,0xee75,0xee75,0xee75,0xee55,
  0xee75,0xe654,0xee75,0xee75,0xf675,0xee55,0xee55,0xe634,0xee55,0xee54,0xee54,0xe613,0xe613,0xe5f3,0xe613,0xddd2,
  0xe5d2,0xddb1,0xdd91,0xd550,0xccef,0xccce,0xd4ef,0xc48d,0xb3eb,0xc46d,0xabca,0xabea,0xabca,0x8ae6,0xabaa,0x8aa6,
  0x92a7,0x9308,0x8ae9,0x3060,0x30a1,0x2860,0x4922,0x8ae8,0xa30a,0x8a46,0x8a46,0x6982,0x6183,0x5922,0x6984,0x5923,
  0x5964,0x2860,0x2040,0x59a4,0x5984,0x5121,0x5142,0x5121,0x5122,0x4901,0x5102,0x5122,0x5943,0x6183,0x5961,0x5961,
  0x9b48,0xabea,0xa3aa,0x7245,0x5122,0x5142,0x5163,0x4921,0x38e2,0x30e2,0x2040,0x5183,0x9329,0x9349,0x7288,0x2040,
  0x82c7,0x9b89,0xa388,0xabea,0xbc6c,0xb40b,0xbc4b,0xabea,0xb3eb,0x9b48,0x7223,0x69e2,0x82a5,0x9b48,0x9b89,0x9347,
  0x52c9,0x52c9,0x73ac,0xe71a,0xce77,0xef3a,0xce77,0x9cb0,0xa511,0xd6b8,0xb594,0xd6b8,0xce57,0xad94,0xce57,0xb594,
  0xb5b4,0x5288,0x738c,0xe71a,0xd6b8,0xe719,0xe6f9,0xe6f9,0xe6f9,0xe719,0xe719,0xef19,0xded8,0xe6f9,0xe6f9,0xe719,
  0xe719,0xef19,0xe6f9,0xef19,0xe719,0xe6f9,0xe6f9,0xef19,0xe6f9,0xef19,0xe6d8,0xef19,0xe6f9,0xef19,0xe6d8,0xef3a,
  0xe6d8,0xd656,0xe6d8,0xef3a,0xef39,0xef19,0xeef9,0xeef9,0xe6d8,0xeef9,0xe6f9,0xeef9,0xe6d8,0xeef9,0xe6d8,0xeed9,
  0xe6d8,0xeef9,0xe6d8,0xeef9,0xe6d8,0xe6d8,0xe6b8,0xeed8,0xe6d8,0xeef8,0xe6d8,0xeed8,0xe6d8,0xeef8,0xeed8,0xeed8,
  0xe6b7,0xe6d8,0xe6d8,0xeed8,0xe6d8,0xeed8,0xeed8,0xeef9,0xeed8,0xeed8,0xe6b8,0xeed8,0xeef8,0xeef8,0xeed8,0xeef8,
  0xe6d8,0xeef8,0xeed8,0xeef8,0xeed8,0xeed7,0xeed8,0xeef8,0xe6d7,0xeed8,0xe6b7,0xeed8,0xe6d7,0xeed8,0xe6d7,0xeed8,
  0xe6d7,0xeed8,0xe6b7,0xeeb7,0xeed7,0xeef8,0xe6b7,0xe6b7,0xe6b7,0xeed7,0xe6b7,0xeed7,0xeed7,0xeed8,0xe6b7,0xeeb7,
  0xe6b7,0xeed8,0xe6b7,0xeed8,0xe6b7,0xeed7,0xeed8,0xeef8,0xeed8,0xeef8,0xde76,0xe697,0xf739,0xe697,0xcdf4,0xe6b7,
  0xe697,0xeeb7,0xacaf,0x38e1,0x8b6a,0xbccf,0xbc8e,0xb42c,0xac0b,0x9b69,0xb44d,0xa3aa,0xb42c,0xa3aa,0xa3ca,0xbc6d,
  0xb42c,0xbc8d,0xc4cf,0xd530,0xcd71,0xe613,0xe614,0xee35,0xe654,0xee55,0xe655,0xee75,0xe655,0xee75,0xee75,0xee75,
  0xee75,0xee75,0xee75,0xee96,0xe675,0xee75,0xee75,0xee75,0xe675,0xee75,0xe634,0xee55,0xee75,0xee96,0xee75,0xee55,
  0xe634,0xee75,0xee75,0xee76,0xee75,0xee96,0xee75,0xee76,0xee75,0xee96,0xee75,0xee96,0xee95,0xee96,0xee75,0xee75,
  0xe655,0xee75,0xee75,0xee75,0xe655,0xee75,0xe655,0xee55,0xe655,0xee55,0xee55,0xee76,0xee75,0xee55,0xee75,0xee76,
  0xe634,0xe634,0xe634,0xee75,0xee75,0xee75,0xee75,0xee96,0xee75,0xee75,0xe655,0xee75,0xe654,0xee55,0xe655,0xee55,
  0xe655,0xee75,0xe655,0xee55,0xe654,0xee95,0xee75,0xee95,0xee75,0xee75,0xe654,0xee75,0xe654,0xee75,0xe654,0xee75,
  0xe654,0xee75,0xee55,0xee55,0xe654,0xee75,0xe655,0xee55,0xe654,0xe654,0xe634,0xee55,0xe654,0xee55,0xe634,0xee34,
  0xe634,0xee54,0xe613,0xe634,0xde13,0xe613,0xe613,0xe5f3,0xddd2,0xddd2,0xddb1,0xd50f,0xc4ae,0xd50f,0xc4ad,0xccae,
  0x9328,0xccae,0xb3ea,0xabaa,0xa389,0x9b07,0xab89,0x92c7,0x9b48,0x8ae8,0x3880,0x38c1,0x3080,0x4923,0x934a,0x9b6a,
  0x8205,0x9246,0x71a3,0x6162,0x5941,0x6163,0x6122,0x6184,0x38a1,0x2020,0x30e1,0x5984,0x5142,0x5121,0x5141,0x5142,
  0x48e1,0x48c1,0x4901,0x5122,0x61a3,0x61a3,0x5941,0x8ae6,0xa3a9,0x9b88,0x8b07,0x61a3,0x5183,0x5183,0x5183,0x4901,
  0x3922,0x1840,0x2860,0x7286,0x9327,0x9b49,0x49a4,0x30c1,0x9b8a,0xa389,0x9b88,0xb40a,0xbc4b,0xb42b,0xb42b,0xabea,
  0xa3c9,0x9327,0x6a02,0x71e3,0x9327,0x9b68,0x9b68,0x9b48,0x9cd1,0x5aea,0x73ad,0x9cd1,0xef3a,0xded8,0xe6f9,0x9cd0,
  0xad32,0xdeb8,0xd698,0xc637,0xce58,0xad74,0xbdd5,0xbdd5,0xdeb8,0x8c6f,0x738c,0xd698,0xe71a,0xdef9,0xe6f9,0xe6f9,
  0xe6f9,0xe6f9,0xe6f9,0xe6f9,0xe6f9,0xded8,0xe6f9,0xe719,0xef3a,0xe6f9,0xe6f9,0xe6d8,0xef1a,0xef19,0xef3a,0xef1a,
  0xef19,0xe6f9,0xeef9,0xe6d9,0xef1a,0xe719,0xef1a,0xe6f9,0xef19,0xdeb8,0xde97,0xef19,0xf75a,0xef19,0xf73a,0xef19,
  0xeef9,0xe6f8,0xeef9,0xef19,0xf73a,0xef19,0xef1a,0xeef9,0xef19,0xeef9,0xeef9,0xe6d8,0xeed9,0xeed8,0xeef9,0xeed8,
  0xeed8,0xeef8,0xf6f9,0xeef8,0xf719,0xeef9,0xf6f9,0xeed8,0xeed8,0xe6b8,0xeef9,0xeed8,0xeed8,0xe6b8,0xeed8,0xeed8,
  0xeef9,0xe6d8,0xeed8,0xe6d8,0xeef8,0xeed8,0xeed8,0xe6b8,0xeed8,0xeed8,0xeef9,0xeef8,0xeef8,0xe6d7,0xeef8,0xeef8,
  0xeef8,0xeef8,0xeef8,0xe6b7,0xeef8,0xe6d7,0xeed8,0xeed8,0xeef8,0xeed8,0xeed8,0xe6b7,0xeed8,0xe6d7,0xeed8,0xe6b7,
  0xeed8,0xeed7,0xeed8,0xeed7,0xeef8,0xe6b7,0xeeb7,0xe6b7,0xeef8,0xeef8,0xeed8,0xeed8,0xeef8,0xe6d7,0xeed8,0xeed7,
  0xeef8,0xeef8,0xeed8,0xeef8,0xf739,0xeed8,0xde76,0xe697,0xf6d8,0xe656,0x6a67,0x4122,0xb46e,0xa3ec,0xbc8e,0xb42c,
  0xb42c,0xabcb,0x9b49,0xb42d,0xb40c,0x9349,0xb42d,0xac0c,0xbc6d,0xcd10,0xbc8e,0xbcae,0xe5f3,0xddd2,0xee34,0xee55,
  0xee75,0xe634,0xee55,0xee55,0xee76,0xe655,0xee76,0xee75,0xee76,0xee75,0xf696,0xee96,0xee96,0xee75,0xf696,0xee75,
  0xee76,0xe655,0xee75,0xee55,0xee75,0xee75,0xee76,0xe655,0xe655,0xee75,0xf696,0xee96,0xf696,0xee95,0xf696,0xee75,
  0xee96,0xee75,0xf696,0xee96,0xf6b6,0xee96,0xf696,0xee75,0xee96,0xee95,0xf696,0xee75,0xee96,0xee75,0xf696,0xee75,
  0xee76,0xee55,0xee55,0xee75,0xf696,0xee75,0xee55,0xee55,0xee75,0xee55,0xee76,0xee75,0xf696,0xee75,0xf696,0xee96,
  0xee96,0xee75,0xee76,0xee75,0xee75,0xe655,0xee75,0xee75,0xee75,0xee75,0xee76,0xee75,0xee75,0xee55,0xee75,0xee75,
  0xee75,0xe654,0xee75,0xee75,0xee75,0xee55,0xee75,0xee75,0xee95,0xee75,0xee55,0xe655,0xee75,0xee75,0xee75,0xee55,
  0xee55,0xe654,0xee55,0xee55,0xee55,0xe634,0xee55,0xe634,0xee34,0xe613,0xe614,0xe613,0xe614,0xe613,0xe613,0xe5f3,
  0xe5f3,0xe5f3,0xe5b2,0xc4ce,0xccef,0xd530,0xc4ae,0xc4ae,0xb44c,0xb44c,0xbc2c,0xa348,0xb38a,0xb389,0x9286,0xa36a,
  0x936a,0x6225,0x3080,0x38a1,0x3881,0x7a88,0x9b4b,0x9309,0x9287,0x8a05,0x7162,0x5100,0x5962,0x6163,0x5902,0x69c5,
  0x4902,0x2000,0x51a4,0x59a3,0x5942,0x5121,0x48e0,0x5142,0x48e1,0x48c1,0x6164,0x5942,0x6183,0x5961,0x69e3,0x9348,
  0x9b89,0x9b89,0x6a03,0x4921,0x59c4,0x59a4,0x4902,0x4101,0x4122,0x1861,0x30c1,0x7aa6,0x9b28,0x9348,0x4164,0x4142,
  0xa3aa,0xa3a9,0xabc9,0xabc9,0xb42b,0xb42b,0xb42b,0xabea,0xa3a9,0x7a44,0x7a64,0x82a5,0x9b68,0x9b47,0xa388,0x9b68,
  0xa532,0x8c4f,0x632a,0x73ac,0xef5a,0xdeb8,0xdef9,0xce36,0x9cb0,0xc5f6,0xce77,0xc5f6,0xce57,0xc5f6,0xb5b4,0xd698,
  0xb594,0xad73,0x632a,0xbdb4,0xdeb8,0xded9,0xded8,0xe6f9,0xded8,0xe6f9,0xded8,0xe6f9,0xded8,0xe719,0xe719,0xe719,
  0xe6f9,0xe6f9,0xe6f8,0xe6f9,0xe6f9,0xef19,0xe719,0xef3a,0xef19,0xef1a,0xef19,0xe6f9,0xe6f9,0xef19,0xe6f8,0xef19,
  0xe719,0xef19,0xce56,0xe6d8,0xe6d8,0xf73a,0xe6f8,0xeef9,0xef19,0xeef9,0xef19,0xeef9,0xe6f9,0xef1a,0xef19,0xef19,
  0xeef9,0xeef9,0xe6f8,0xeef9,0xeed8,0xeef9,0xeef8,0xef19,0xe6d8,0xeef9,0xe6d8,0xeef8,0xeef8,0xf719,0xef19,0xeef9,
  0xeed8,0xeed8,0xe6d8,0xeef8,0xe6d8,0xeef9,0xeef8,0xeef9,0xeed8,0xeef9,0xe6d8,0xeed8,0xeed8,0xeed8,0xe6b7,0xeed8,
  0xeed8,0xeed8,0xe6d7,0xeef8,0xeef8,0xeef8,0xeef8,0xeef8,0xeed8,0xeef8,0xe6d7,0xe6d7,0xeed8,0xeef8,0xe6d7,0xeef8,
  0xe6d7,0xeed8,0xe6b7,0xe6b7,0xe6d7,0xeed8,0xe6b7,0xe6b7,0xe6b7,0xeed8,0xe6b7,0xeed7,0xe6d7,0xeed7,0xe6b7,0xeed7,
  0xe6b7,0xeed8,0xe6d7,0xeed8,0xeed7,0xeed8,0xe6b7,0xeed8,0xe6b7,0xe6b7,0xe6d7,0xf719,0xf739,0xde56,0xd635,0xe697,
  0xf6d9,0xd5d4,0x5a26,0x4142,0xa42d,0xa40c,0x9baa,0xb42c,0xabeb,0xabeb,0x9b69,0xac0c,0x9b8a,0xa3cb,0xac0b,0xb42c,
  0xb42c,0xbc4d,0xb44c,0x9baa,0xc4cf,0xe5f3,0xddf3,0xe654,0xe654,0xe655,0xe654,0xee75,0xee55,0xee75,0xe675,0xee75,
  0xe655,0xee75,0xee75,0xee96,0xe655,0xee75,0xe675,0xee75,0xee75,0xee75,0xe655,0xee55,0xe655,0xee75,0xe675,0xee75,
  0xe655,0xee96,0xee75,0xee96,0xee75,0xee76,0xee75,0xee75,0xee75,0xee75,0xee75,0xee96,0xee75,0xee75,0xe675,0xee75,
  0xee75,0xee96,0xee75,0xee75,0xee75,0xee75,0xe675,0xee75,0xee75,0xee76,0xee55,0xee75,0xee75,0xf696,0xee75,0xf696,
  0xee75,0xee76,0xee75,0xee75,0xee75,0xee76,0xee75,0xee75,0xe655,0xee75,0xe654,0xee75,0xe634,0xee55,0xee75,0xee96,
  0xee75,0xee75,0xe675,0xee75,0xee75,0xee75,0xee75,0xee75,0xe654,0xee55,0xe654,0xee75,0xee55,0xf696,0xee95,0xee95,
  0xe654,0xee55,0xe654,0xe655,0xe654,0xee75,0xe654,0xee55,0xe634,0xe654,0xe654,0xee55,0xe634,0xee55,0xe634,0xee34,
  0xe634,0xee34,0xe633,0xe634,0xe613,0xe613,0xe613,0xe613,0xe5f3,0xe5d2,0xd591,0xcd2f,0xcd0f,0xc4ae,0xccce,0xc4ce,
  0xbcad,0xabeb,0xb40b,0xab28,0xc3eb,0xa308,0x92c7,0xabcb,0x72a7,0x3900,0x2880,0x2840,0x7226,0x9b0a,0x92e8,0x8a87,
  0x8a45,0x7983,0x6982,0x5921,0x5983,0x5963,0x6164,0x5943,0x2820,0x38c1,0x51a3,0x5983,0x5121,0x5141,0x4900,0x5142,
  0x40c0,0x48e2,0x5102,0x5983,0x4900,0x61a2,0x82c6,0x9b89,0xa3a9,0x8ae7,0x61e3,0x5141,0x59a4,0x5163,0x38c0,0x4102,
  0x28a0,0x1000,0x51a4,0x8ae7,0x9328,0x82c7,0x30e1,0x7ae9,0xa3a9,0xaba9,0xa3a8,0xabea,0xb40a,0xbc4b,0xb40b,0xabea,
  0x8b07,0x71e3,0x7223,0x8ae6,0x9b68,0x9b48,0x9b47,0x9327,0xb5b4,0xa532,0x5288,0x8c6f,0xbdf5,0xe71a,0xe6f9,0xc5f5,
  0x9cb0,0xbdd5,0xd698,0xb594,0xd658,0xbdf6,0xad53,0xce77,0xb594,0xc636,0x6b4b,0xad32,0xdeb8,0xe719,0xe6f9,0xded8,
  0xe6f9,0xe6d8,0xe6f9,0xe6f9,0xe6f9,0xe6f9,0xe6f9,0xe6f9,0xe6f9,0xe6f9,0xef19,0xef19,0xeef9,0xe6f9,0xef1a,0xe719,
  0xef1a,0xef19,0xef3a,0xe719,0xef3a,0xef1a,0xef1a,0xe719,0xef1a,0xe6f9,0xde97,0xce15,0xeef9,0xe6f9,0xef19,0xe6f8,
  0xef19,0xeef9,0xef19,0xe6d9,0xeef9,0xeef9,0xef1a,0xef19,0xef19,0xeef9,0xeef9,0xeef9,0xeef9,0xe6f8,0xeef9,0xe6d8,
  0xe6d8,0xe6d8,0xe6d8,0xe6d8,0xeef9,0xeef9,0xef19,0xef19,0xeef9,0xe6f8,0xeef9,0xeef8,0xeef9,0xef19,0xef19,0xeed8,
  0xeef9,0xeed8,0xeef9,0xeed8,0xeed8,0xe6b8,0xeed8,0xeed8,0xf6f9,0xeed8,0xeef8,0xeef8,0xeef8,0xe6b7,0xeef8,0xe6d7,
  0xeef8,0xeef8,0xf719,0xeef8,0xeef8,0xeed8,0xeef8,0xe6d7,0xeed8,0xe6d7,0xeef8,0xeed7,0xeef8,0xeed8,0xeed8,0xe6b7,
  0xeef8,0xeed8,0xeed8,0xe6d7,0xeed8,0xeed7,0xeed8,0xeed7,0xeed8,0xeed7,0xeed8,0xeed7,0xeed8,0xeed7,0xeed8,0xe6d7,
  0xeed8,0xe6b7,0xf6f8,0xeed8,0xff3a,0xa48f,0xcdf5,0xe6b7,0xe698,0xde15,0x51c5,0x3902,0xa40c,0xa3ec,0x9369,0x9b89,
  0xabcb,0xa3ca,0xbc6d,0xa3aa,0x9b6a,0x9b8a,0xb40c,0xb42c,0xb42c,0xbc8e,0xb44d,0xa3eb,0xc4f0,0xddd3,0xe5f3,0xe634,
  0xee55,0xe654,0xee75,0xee75,0xee76,0xee55,0xee75,0xee75,0xee75,0xee55,0xee75,0xee75,0xee76,0xee75,0xee96,0xee75,
  0xee96,0xee75,0xee96,0xee75,0xee76,0xee75,0xee96,0xee75,0xee76,0xee75,0xee76,0xee75,0xee96,0xee75,0xee96,0xee75,
  0xee76,0xee75,0xee76,0xee75,0xee76,0xee55,0xee75,0xee75,0xee96,0xee96,0xf696,0xee75,0xee96,0xee75,0xee76,0xee75,
  0xee76,0xee75,0xee76,0xee75,0xf676,0xee75,0xf696,0xee75,0xf676,0xee75,0xee76,0xee55,0xee76,0xee75,0xf696,0xee75,
  0xee96,0xee75,0xee76,0xee75,0xee75,0xee75,0xf696,0xee75,0xee76,0xee75,0xee75,0xe655,0xee75,0xee75,0xee95,0xee75,
  0xee75,0xee55,0xee75,0xee75,0xee55,0xee75,0xf696,0xee75,0xee55,0xe654,0xee75,0xe655,0xee75,0xee75,0xee75,0xee55,
  0xee75,0xee55,0xee75,0xe654,0xee55,0xee54,0xee55,0xee54,0xee55,0xee54,0xee54,0xe634,0xe634,0xe633,0xe634,0xe613,
  0xe613,0xddb2,0xdd91,0xd550,0xdd71,0xc4ce,0xd50f,0xccef,0xc4ee,0xa3ea,0xbc0b,0xbbca,0xb36a,0x9aa7,0xab8a,0xb46d,
  0x5183,0x2880,0x2880,0x6a45,0x9ae9,0xa309,0xa309,0x8a86,0x79c4,0x6942,0x6142,0x69a3,0x6183,0x5122,0x69c5,0x40c2,
  0x2800,0x5143,0x59a4,0x5962,0x5942,0x5121,0x5142,0x48e1,0x48e2,0x5102,0x5923,0x5962,0x5941,0x69e3,0xabeb,0xa3ca,
  0xabca,0x8b07,0x5121,0x5162,0x69e5,0x4101,0x38c1,0x4143,0x2881,0x1820,0x6a25,0x8ae6,0x9b69,0x7266,0x38e1,0x8b4a,
  0xabaa,0xa388,0xa3a9,0xabea,0xb42b,0xbc4c,0xbc4c,0xabea,0x8265,0x61a2,0x8265,0x9327,0xa389,0x9b47,0xa388,0x8b06,
  0xb5d4,0xce97,0x7bed,0x632a,0xa532,0xe719,0xdef9,0xd677,0xb594,0x9cd1,0xbdb4,0xad33,0xc636,0xbdd5,0xb5b4,0x9cf1,
  0xbdf5,0xd677,0x842e,0x8c2f,0xded9,0xdef9,0xdef9,0xe6f9,0xdef8,0xe6f9,0xe6f9,0xe719,0xe6f9,0xe6f9,0xdef8,0xe6f9,
  0xded8,0xe6d9,0xe6d8,0xe6f9,0xe6f9,0xe6f9,0xe6f9,0xef19,0xe6f9,0xef19,0xe6f9,0xe6f9,0xe6f9,0xef1a,0xe719,0xef3a,
  0xef19,0xef19,0xef19,0xce15,0xdeb8,0xe6f9,0xef19,0xef19,0xe6d8,0xef3a,0xe6d9,0xef19,0xe6f9,0xef19,0xe6f9,0xeef9,
  0xe6f9,0xef19,0xeef9,0xeef9,0xe6f8,0xef19,0xe6d8,0xe6d8,0xe6d8,0xeef8,0xe6d8,0xe6d8,0xe6d8,0xeef9,0xeef8,0xef19,
  0xe6d8,0xeef8,0xe6d8,0xeef9,0xe6d8,0xef19,0xeef8,0xeef9,0xe6d8,0xeef9,0xeef8,0xeef9,0xe6d7,0xeed8,0xe6d8,0xeed8,
  0xe6d8,0xeef8,0xeed8,0xeef8,0xe6d7,0xeef8,0xeed8,0xeed8,0xe6b7,0xeed8,0xe6d7,0xeed8,0xe6b7,0xeed8,0xe6d7,0xeed8,
  0xe6b7,0xeed8,0xeef8,0xeef8,0xeed7,0xeef8,0xe6b7,0xeed8,0xeed7,0xeed8,0xeed7,0xeed8,0xe6d7,0xeed8,0xeed7,0xeef8,
  0xe6d7,0xeed7,0xeed7,0xeed8,0xe6d7,0xeed8,0xeed7,0xeed8,0xe6d7,0xf718,0xeed8,0xeef8,0xff9a,0xbd52,0xde76,0xeeb8,
  0xde57,0xbd32,0x2880,0x59e5,0xb48e,0xa40c,0x8b28,0x9348,0xa3ca,0xabeb,0x9b69,0xb42c,0xac0c,0xa3cb,0xb40c,0xc46d,
  0xc48e,0xc4ae,0xb44c,0xc4ce,0xd571,0xd592,0xddf3,0xe634,0xe634,0xe654,0xee55,0xee75,0xe655,0xee75,0xee75,0xee75,
  0xe655,0xee75,0xe655,0xee75,0xee75,0xee75,0xee75,0xee96,0xee75,0xee75,0xee75,0xee75,0xe654,0xee75,0xee75,0xee96,
  0xee75,0xee96,0xee75,0xee75,0xee75,0xee75,0xee75,0xee76,0xee75,0xee75,0xee75,0xee96,0xee75,0xee75,0xe655,0xee75,
  0xe655,0xee75,0xee75,0xee76,0xee75,0xee96,0xee75,0xee96,0xee75,0xee75,0xee55,0xee75,0xe655,0xee75,0xee75,0xee75,
  0xee75,0xee76,0xee75,0xee75,0xee75,0xf696,0xee96,0xee96,0xee75,0xee96,0xee75,0xee76,0xee75,0xee75,0xee75,0xee75,
  0xe655,0xee75,0xe655,0xee75,0xe655,0xee75,0xee55,0xee75,0xe654,0xee75,0xee75,0xee75,0xe654,0xee55,0xe654,0xee75,
  0xe654,0xee75,0xee75,0xee75,0xe654,0xee75,0xee75,0xee75,0xe654,0xee75,0xee55,0xee75,0xe654,0xee55,0xe634,0xee55,
  0xe634,0xee54,0xe634,0xee34,0xe633,0xe634,0xe613,0xe613,0xddf2,0xe5f3,0xddb2,0xdd91,0xd570,0xd550,0xbc6d,0xccef,
  0xbc8d,0xa389,0xc44c,0xb38a,0xa2e7,0x9ae8,0xa38a,0x7246,0x2020,0x2860,0x6205,0x9b4a,0xa349,0x9a86,0x92a7,0x8a87,
  0x71c3,0x5901,0x50e0,0x6163,0x5942,0x5963,0x61a5,0x3061,0x3060,0x61a4,0x5942,0x5942,0x5121,0x5121,0x5122,0x4080,
  0x40c1,0x5102,0x5122,0x5101,0x4900,0x9307,0xabea,0xabea,0x9ba9,0x69e4,0x4901,0x5983,0x59a4,0x40e1,0x38e1,0x30c2,
  0x1000,0x3902,0x7a86,0x8ae6,0x9369,0x59a3,0x59e4,0x9bab,0xa3c9,0xa3a9,0xa3a8,0xb40a,0xb40a,0xbc4c,0xb42b,0xa3a9,
  0x6a03,0x71e3,0x8ac6,0x9b68,0x9327,0x9b47,0x9326,0x7a43,0xb594,0xd6b8,0xc636,0x4a26,0x8c4f,0xe6f9,0xe6f9,0xdeb8,
  0xbd94,0x8c2e,0xc5b5,0xce37,0xad53,0xce78,0xc5f6,0x94b0,0xb594,0xc636,0xc5d5,0x6b4b,0xc616,0xdeb8,0xe6f9,0xe6f9,
  0xe6f9,0xe6f9,0xe719,0xe6f9,0xe719,0xe6f9,0xe719,0xe6f9,0xe6f9,0xe6d8,0xe6f9,0xe6d8,0xef19,0xe6f9,0xef19,0xe719,
  0xef1a,0xef19,0xef3a,0xe6f9,0xef19,0xef19,0xef3a,0xef3a,0xef3a,0xef19,0xf75a,0xe6d8,0xd656,0xef19,0xeef9,0xef19,
  0xeef9,0xef19,0xeed9,0xeef9,0xef1a,0xeef9,0xeef9,0xe6d8,0xeef9,0xeef9,0xeef9,0xe6d8,0xeef9,0xeef9,0xeef9,0xe6d8,
  0xeef9,0xeef8,0xeef9,0xe6d8,0xeed8,0xeef8,0xeef9,0xeef9,0xef19,0xe6f8,0xeef9,0xe6d8,0xeed8,0xe6d8,0xeed9,0xe6d8,
  0xeed8,0xeed8,0xeef9,0xeed8,0xeed8,0xe6d8,0xeed8,0xe6b7,0xeed8,0xeed8,0xf6f9,0xeed8,0xeed8,0xeef8,0xeef8,0xeed8,
  0xeed8,0xe6d7,0xeed8,0xe6d7,0xeef8,0xe6d7,0xeef8,0xe6d7,0xeed8,0xe6b7,0xeed8,0xeed7,0xeef8,0xe6d7,0xeeb7,0xeed7,
  0xeef8,0xe6d7,0xeed8,0xeed8,0xeef8,0xeed8,0xeef8,0xeed8,0xeef8,0xeed7,0xeef8,0xeed7,0xeef8,0xeed8,0xeef8,0xeed8,
  0xeed8,0xe6b7,0xeef8,0xeed8,0xe697,0xe697,0xeed8,0xe6b8,0xf71a,0xa46f,0x1800,0x5a06,0xb48e,0x936a,0x9b6a,0xabcb,
  0x9328,0xb44c,0x9308,0xa3aa,0xbc8e,0xb44d,0xb3ec,0xccae,0xc48d,0xabeb,0xa3aa,0xcd0f,0xdd91,0xe5f3,0xe5f3,0xe634,
  0xee55,0xe654,0xee75,0xee75,0xee75,0xee75,0xee96,0xee75,0xee75,0xe655,0xee75,0xee75,0xee96,0xee75,0xee96,0xee75,
  0xee75,0xe655,0xee55,0xe655,0xee55,0xe655,0xee96,0xee75,0xee76,0xee75,0xee96,0xee75,0xee96,0xee75,0xf696,0xee75,
  0xee96,0xee75,0xee76,0xee96,0xf696,0xee95,0xee96,0xee75,0xee76,0xee75,0xee96,0xee75,0xee96,0xee95,0xf696,0xee96,
  0xf696,0xee75,0xf696,0xee75,0xee75,0xee55,0xee76,0xee75,0xf696,0xee75,0xf696,0xee75,0xee76,0xee75,0xf696,0xee75,
  0xee76,0xee75,0xee76,0xee75,0xee75,0xe655,0xee76,0xee75,0xee75,0xee75,0xee76,0xee75,0xee75,0xee55,0xee75,0xee55,
  0xee75,0xee75,0xf696,0xee75,0xf696,0xee75,0xee75,0xee55,0xee75,0xee55,0xee75,0xe654,0xee75,0xee75,0xee75,0xee55,
  0xee75,0xee75,0xee75,0xee55,0xee55,0xee54,0xee55,0xee34,0xee55,0xee54,0xee55,0xee54,0xee55,0xe634,0xee34,0xe613,
  0xe5f3,0xddd2,0xe5d3,0xd571,0xd550,0xdd91,0xb40c,0xc48d,0xccad,0xa389,0xc44c,0x9b08,0xab8a,0xabab,0x7a46,0x2800,
  0x38c1,0x61e4,0x9b8b,0xa36a,0xa308,0x9aa5,0xa2e8,0x8266,0x6182,0x48c0,0x5901,0x6163,0x5102,0x5984,0x5984,0x2000,
  0x5144,0x61a4,0x6163,0x5942,0x5100,0x5142,0x5943,0x3860,0x5102,0x4902,0x5943,0x4900,0x71e3,0xa388,0xa3a9,0xabea,
  0x9308,0x48c0,0x5122,0x5983,0x5963,0x40e1,0x4102,0x1840,0x1820,0x6225,0x9308,0x8ae6,0xa3cb,0x30a0,0x7aa7,0xabeb,
  0xa389,0xa3a8,0xabc9,0xabea,0xb40a,0xb40b,0xb42b,0x8ae7,0x7203,0x7a44,0x9b48,0xa368,0x9b48,0x9b67,0x92c5,0x69a0,
  0xad73,0xd698,0xdef9,0x9cb0,0x6b6b,0xd677,0xe6f9,0xded9,0xce57,0xad33,0x9cf1,0xce37,0xad33,0xce78,0xa512,0xce57,
  0xb5b4,0xbdd5,0xd677,0x9490,0x9490,0xce57,0xded8,0xe6d9,0xe6f9,0xe6f9,0xe6f8,0xe6f9,0xded8,0xe6d9,0xdef8,0xe6f9,
  0xe6f9,0xe6f9,0xe6f9,0xef19,0xe6f9,0xe6f9,0xe6f9,0xef19,0xef19,0xef1a,0xe719,0xef1a,0xef19,0xef3a,0xe719,0xef19,
  0xe6f9,0xef19,0xe6f8,0xef3a,0xce35,0xe6b8,0xdeb7,0xe6f8,0xe6f8,0xe6f8,0xe6d8,0xe6f9,0xe6d9,0xeef9,0xe6d8,0xe6d8,
  0xe6d8,0xe6d9,0xe6d8,0xe6d8,0xe6d8,0xeed8,0xe6d8,0xeef8,0xe6d8,0xeef9,0xe6d8,0xe6d8,0xe6b8,0xeed8,0xe6d8,0xeef9,
  0xe6f8,0xeef9,0xeef8,0xeef8,0xe6d8,0xe6d8,0xe6b7,0xe6d8,0xe6b8,0xeed8,0xe6b8,0xeed8,0xe6b7,0xeed8,0xe6d8,0xe6b7,
  0xe6b7,0xeef8,0xeef8,0xeef8,0xe6d7,0xeed8,0xe6d7,0xeed8,0xe6d7,0xeef8,0xeef8,0xeef8,0xeed8,0xeef8,0xe6d7,0xeed8,
  0xe6d7,0xeed8,0xe6b7,0xeed7,0xe6b7,0xeed7,0xe6b7,0xeed7,0xeed7,0xeed8,0xe6b7,0xeed8,0xeed7,0xeed8,0xe6d7,0xeed7,
  0xeed7,0xeef8,0xe6d7,0xeed8,0xe6d7,0xeef8,0xeed8,0xeef8,0xe6d7,0xeed8,0xf739,0xe6b7,0xbd72,0xe697,0xe697,0xeed8,
  0xde77,0x5a26,0x0800,0x6226,0xbcf0,0xa3cb,0x8ae7,0x9b69,0x9b89,0xa3aa,0x9b89,0x9b69,0x9b8a,0xb42d,0xabeb,0xbc2c,
  0xc46d,0xabeb,0xc4ae,0xcd0f,0xdd91,0xe5f3,0xddf3,0xee55,0xee75,0xee75,0xee75,0xee95,0xee75,0xee76,0xee75,0xee75,
  0xe655,0xee75,0xe655,0xee75,0xee75,0xee96,0xee75,0xee75,0xe655,0xee55,0xe654,0xee75,0xee75,0xee76,0xee75,0xee75,
  0xe654,0xee75,0xe675,0xee75,0xee75,0xee76,0xee75,0xee75,0xee75,0xee76,0xee75,0xee96,0xee75,0xee96,0xee75,0xee75,
  0xee75,0xf696,0xee75,0xee96,0xee75,0xee96,0xee75,0xee96,0xee75,0xf696,0xee75,0xee76,0xee75,0xee76,0xe655,0xee96,
  0xee75,0xee76,0xee55,0xee75,0xee55,0xee75,0xe655,0xee75,0xe655,0xee75,0xe655,0xee75,0xe655,0xee75,0xe655,0xee75,
  0xee75,0xee96,0xee75,0xee75,0xe655,0xee75,0xe654,0xee75,0xee75,0xee95,0xee75,0xee75,0xee75,0xee75,0xe654,0xee55,
  0xe654,0xee55,0xe654,0xee55,0xe654,0xee75,0xe654,0xee55,0xe654,0xee75,0xe654,0xee55,0xe634,0xee55,0xe634,0xee55,
  0xe634,0xee55,0xe654,0xee55,0xe654,0xee55,0xe633,0xe613,0xddf2,0xddb2,0xdd91,0xd571,0xcd0f,0xdd71,0xbc6c,0xccae,
  0xcc8d,0xb3ca,0xb3ea,0xabaa,0xb3eb,0x9b69,0x40c1,0x1800,0x61c5,0x932a,0x8ac8,0xb38a,0x9a85,0xaac6,0x9ac6,0x7a04,
  0x48e0,0x4900,0x5962,0x69c4,0x48c1,0x61c5,0x38c1,0x2840,0x5984,0x6164,0x6142,0x6141,0x48e0,0x5142,0x4901,0x4902,
  0x5122,0x5102,0x5122,0x69e4,0x9b48,0x9b68,0xa3a8,0xa3ca,0x6a04,0x5122,0x4902,0x61a4,0x5122,0x40c1,0x30c1,0x1020,
  0x3922,0x8b28,0x9327,0x9b68,0x8308,0x38c0,0x8b28,0xabca,0xa389,0xb40a,0xa3a8,0xabc9,0xabc9,0xabea,0xabca,0x7a44,
  0x7223,0x8ae7,0x9b68,0xa388,0x9b47,0xa388,0x8284,0x7a22,0xb594,0xd698,0xe6f9,0xc5f5,0x6b4b,0xa4f1,0xded8,0xe6f9,
  0xe6d9,0x9490,0xbdb5,0xc5f6,0xc5f6,0xad53,0xc616,0xce57,0xb594,0xc616,0xdeb8,0xa4f1,0x8c2e,0xbdd5,0xe719,0xded8,
  0xe719,0xe6f9,0xe719,0xe6f9,0xe6f9,0xe6f9,0xe719,0xe6f9,0xe6f9,0xe6d9,0xe6f9,0xe6f9,0xef3a,0xe719,0xef19,0xe6f9,
  0xef1a,0xe6f9,0xe6f9,0xe719,0xef3a,0xef19,0xef1a,0xe6f9,0xef19,0xef39,0xef3a,0xe6f9,0xeef9,0xce36,0xe6f9,0xe6f8,
  0xef3a,0xe6f9,0xef3a,0xeef9,0xef1a,0xef19,0xef1a,0xef19,0xef19,0xe6f9,0xef1a,0xeef9,0xeed9,0xe6b8,0xeef9,0xef19,
  0xeef9,0xeef9,0xeef9,0xe6d8,0xeef9,0xeef8,0xeef9,0xe6d8,0xeef9,0xeef8,0xef19,0xeef9,0xeef9,0xe6d8,0xeef9,0xeef8,
  0xf719,0xeef9,0xeef9,0xeed8,0xeef9,0xeef8,0xeef9,0xeed8,0xeef9,0xeef8,0xf719,0xef18,0xf719,0xe6d7,0xeef8,0xeef8,
  0xeef8,0xeef8,0xeef8,0xeed8,0xeef8,0xeed8,0xeef8,0xeef8,0xf719,0xeef8,0xeef8,0xe6d7,0xeed8,0xeed7,0xeed8,0xeed8,
  0xf6f8,0xeed8,0xeed8,0xe6d7,0xeef8,0xeed7,0xeed8,0xe6b7,0xeed8,0xeed8,0xeed8,0xe6d7,0xeed8,0xeed8,0xeef8,0xeed8,
  0xeed8,0xeed8,0xf6f9,0xcdf4,0xd5f5,0xde35,0xe697,0xe697,0xd616,0x2060,0x30a0,0x72a8,0xc4f0,0x9349,0x9b8a,0x8ae7,
  0xb40c,0x9b49,0xbc4d,0xa3ca,0xabec,0x8b28,0xa3cb,0xc48e,0xabeb,0xa3ca,0xbc6d,0xc4cf,0xe5d3,0xddb2,0xe613,0xee54,
  0xf696,0xee75,0xee95,0xee95,0xf6b6,0xee75,0xee96,0xee75,0xee76,0xee55,0xee75,0xee75,0xf696,0xee96,0xf696,0xee75,
  0xee96,0xee75,0xee75,0xee75,0xee76,0xee75,0xee96,0xe655,0xee75,0xee96,0xee96,0xe655,0xee76,0xee75,0xee76,0xee75,
  0xee76,0xee75,0xf696,0xee95,0xf696,0xee75,0xee96,0xee75,0xf696,0xf696,0xf6b6,0xee96,0xf696,0xee75,0xee96,0xee75,
  0xf696,0xee75,0xee76,0xee75,0xf696,0xee76,0xee75,0xee96,0xf696,0xee75,0xf696,0xee96,0xf696,0xee76,0xf696,0xee75,
  0xf696,0xee75,0xee96,0xee75,0xee96,0xee75,0xee75,0xee75,0xf696,0xee75,0xee76,0xe655,0xee75,0xee75,0xee75,0xee75,
  0xf696,0xee75,0xee95,0xee75,0xee75,0xee75,0xf696,0xee75,0xee75,0xee75,0xf6b6,0xee75,0xee75,0xee75,0xee75,0xe654,
  0xee55,0xee55,0xee55,0xe654,0xee55,0xee54,0xee55,0xee54,0xee55,0xee55,0xee55,0xe634,0xee54,0xe634,0xee34,0xe613,
  0xe614,0xddd2,0xe5d2,0xddb1,0xd550,0xd52f,0xccef,0xccce,0xcc8d,0xab69,0xcc8d,0xac0b,0xbc4d,0x61a4,0x2000,0x7247,
  0xabcd,0x9b2a,0xa329,0xa328,0xa2a6,0xb348,0x8a04,0x6121,0x69a4,0x5121,0x7205,0x5102,0x6164,0x6a06,0x2840,0x4103,
  0x61c5,0x5922,0x6122,0x5941,0x5921,0x48e1,0x40c1,0x5143,0x5123,0x5102,0x5121,0x8aa6,0x9b48,0x9b88,0xac0a,0x8b07,
  0x6183,0x5142,0x61a5,0x5984,0x5142,0x40e2,0x38c2,0x0800,0x59a4,0xa3aa,0x9327,0x9348,0x4102,0x38e1,0xabec,0xa3aa,
  0xb3ca,0xb3ea,0xabe9,0xa3c9,0xabea,0xa3a9,0xabca,0x69c2,0x82a5,0xa389,0xaba9,0x9b68,0x9b48,0x9327,0x7223,0x7a64,
  0xb594,0xdeb8,0xdeb8,0xe719,0x9cf1,0x8c4e,0xce56,0xe6f9,0xded8,0xce36,0xa532,0xbdb5,0xc636,0xbdb5,0xce57,0xad32,
  0xbdf5,0xbdd5,0xce56,0xce57,0xb5b4,0xa512,0xd6b8,0xe6f9,0xdef8,0xe6f9,0xe6f9,0xef1a,0xdef8,0xe6f9,0xe6d8,0xe6f9,
  0xe6f9,0xe6f9,0xe6f9,0xef3a,0xe719,0xe6f9,0xded8,0xe6f9,0xe6f9,0xef1a,0xe719,0xef19,0xe719,0xef3a,0xe719,0xef3a,
  0xef3a,0xef3a,0xe719,0xef19,0xe6d8,0xdeb8,0xde97,0xe6d8,0xe6f9,0xef19,0xeef9,0xeef9,0xe6f9,0xeef9,0xe6d9,0xeef9,
  0xe6d8,0xeed9,0xeef9,0xeef9,0xe6b8,0xe6b8,0xe6b8,0xeef9,0xeef9,0xeef9,0xeef9,0xeef9,0xe6d8,0xeef9,0xe6d8,0xeef9,
  0xe6f8,0xeef9,0xe6d8,0xeef9,0xe6d8,0xeef9,0xe6d8,0xeef8,0xe6d8,0xeef9,0xeef8,0xeef9,0xef19,0xef19,0xe6d8,0xeef8,
  0xe6f8,0xeef8,0xe6d8,0xeef8,0xe6d8,0xeed8,0xeed8,0xeed8,0xe6b7,0xeed8,0xeed8,0xeed8,0xe6b7,0xe6b8,0xe6b7,0xeed8,
  0xeed8,0xeef8,0xeed8,0xeef8,0xeef8,0xeef8,0xe6d7,0xeed8,0xe6d7,0xeef8,0xeed8,0xeef8,0xe6d8,0xeed8,0xe6b7,0xeed8,
  0xe6b7,0xeed7,0xeed7,0xeef8,0xeef8,0xeef8,0xeed8,0xeed8,0xeef8,0xe676,0xc592,0xcdb3,0xd635,0xeeb7,0xe676,0xee97,
  0x6ac9,0x2060,0x3902,0x7ac9,0x8b4a,0x9bab,0xa3eb,0x8ae7,0xa3ca,0xa38a,0x9328,0xabcb,0x9baa,0xa3cb,0xb42c,0xbc6d,
  0xb44c,0xa3eb,0xac2c,0xd571,0xc4ef,0xe5f3,0xe614,0xee55,0xe675,0xee96,0xee95,0xee76,0xe675,0xee96,0xee75,0xee75,
  0xee75,0xf696,0xee75,0xee76,0xee55,0xee75,0xee55,0xee55,0xe655,0xee75,0xe634,0xee75,0xee75,0xee76,0xee55,0xee55,
  0xe654,0xee75,0xe655,0xee55,0xee55,0xee75,0xee75,0xee76,0xe655,0xee75,0xee55,0xee76,0xee75,0xee96,0xee75,0xee76,
  0xee76,0xee76,0xee75,0xee76,0xee75,0xee96,0xee55,0xee55,0xee76,0xf696,0xee76,0xf696,0xee76,0xee76,0xee75,0xf696,
  0xee96,0xf696,0xee55,0xee76,0xee75,0xee76,0xee55,0xee55,0xe655,0xee75,0xee55,0xee75,0xee75,0xee55,0xe634,0xee75,
  0xee55,0xee75,0xe655,0xee75,0xee55,0xe655,0xe634,0xee55,0xe655,0xee75,0xee55,0xee75,0xee55,0xee75,0xe655,0xee55,
  0xe654,0xee55,0xee55,0xee75,0xee75,0xee76,0xee75,0xee76,0xe655,0xee55,0xe634,0xee55,0xee75,0xee75,0xee55,0xee75,
  0xe654,0xee75,0xee54,0xee55,0xe634,0xee34,0xe634,0xee34,0xddf3,0xe5f3,0xe5f2,0xdd91,0xd570,0xd550,0xcd0f,0xccce,
  0xb40c,0xabaa,0xbc6d,0xbc6e,0x6a25,0x3040,0x5121,0x9b28,0xabaa,0xab69,0xab48,0xa2c7,0xa2e7,0x9286,0x6942,0x6122,
  0x5922,0x5922,0x6184,0x48e2,0x69e5,0x4903,0x2840,0x59a4,0x5163,0x5102,0x5101,0x5921,0x48e0,0x40c1,0x38a0,0x5943,
  0x5983,0x48e0,0x61a2,0x9b48,0x9b47,0xa3a9,0x9b68,0x7224,0x5162,0x4922,0x5983,0x4922,0x4142,0x3924,0x1800,0x3060,
  0x7245,0xab88,0x9306,0x938a,0x2880,0x4964,0xa3ec,0xabca,0xabc9,0xabc9,0xa3c9,0xabea,0xabea,0xb42c,0x8265,0x7a24,
  0x8ae6,0xa388,0xa388,0x9b68,0x9b68,0x7a44,0x69e3,0x7204,0xad53,0xded8,0xded9,0xded8,0xe6f9,0x8c4e,0xce36,0xef5a,
  0xe6f9,0xd6b8,0xa512,0xad53,0xded9,0xc616,0xce37,0xa532,0xc5f5,0xad52,0xce57,0xc615,0xce36,0xa511,0xce36,0xe719,
  0xe6d9,0xe719,0xe6d9,0xe719,0xe6f9,0xe6d8,0xe6d9,0xe6d8,0xef19,0xe6f9,0xeef9,0xe6f9,0xef1a,0xe6f9,0xeef9,0xe6f9,
  0xef3a,0xef19,0xef1a,0xe6f9,0xef1a,0xe719,0xef1a,0xe6f9,0xef1a,0xe6f9,0xef1a,0xef1a,0xef3a,0xe6d9,0xe6d9,0xe6d8,
  0xeef9,0xe6f9,0xeefa,0xeef9,0xef1a,0xeef9,0xeefa,0xeef9,0xeef9,0xe6d8,0xeef9,0xeef9,0xeef9,0xe6d8,0xeed9,0xe6d9,
  0xeefa,0xeef9,0xeefa,0xeef9,0xeef9,0xeef9,0xeefa,0xeef9,0xef1a,0xeef9,0xef19,0xeef9,0xeef9,0xeef9,0xef19,0xeef9,
  0xeef9,0xeef8,0xeef9,0xe6d8,0xeef9,0xeef8,0xf719,0xeef8,0xeef9,0xe6d8,0xeef8,0xe6d8,0xeef9,0xeef9,0xf719,0xeef9,
  0xeef9,0xeef9,0xf719,0xeef8,0xe6b8,0xe6b7,0xeed8,0xeed8,0xeef8,0xeef8,0xeef8,0xeed8,0xeef8,0xeed8,0xeef8,0xeed8,
  0xeef8,0xeef8,0xf6f9,0xeed8,0xeed8,0xe6b7,0xeed8,0xeed8,0xeed8,0xe6b7,0xeef8,0xeed8,0xeef8,0xeed8,0xeef8,0xeeb7,
  0xf6f8,0xd615,0xacd0,0xd5f4,0xee97,0xde35,0xee97,0xc573,0x30e2,0x2060,0x4143,0x938c,0x9bac,0x8b29,0x9349,0x9b4a,
  0xabeb,0xac0b,0xabeb,0xa3aa,0xabeb,0xabec,0xb42d,0xbc6d,0x9308,0xac0c,0xabec,0xc4ef,0xddb2,0xde13,0xee55,0xe655,
  0xee75,0xee95,0xee96,0xee75,0xee75,0xee75,0xf676,0xee55,0xee75,0xee75,0xf696,0xee55,0xf696,0xee75,0xf676,0xee75,
  0xee76,0xee75,0xee75,0xee75,0xf696,0xee75,0xf676,0xee55,0xee75,0xee75,0xee76,0xee55,0xee76,0xee75,0xf696,0xee75,
  0xee76,0xee75,0xf676,0xee75,0xee76,0xee76,0xf696,0xee76,0xf696,0xee96,0xf696,0xee76,0xf696,0xee76,0xf696,0xee75,
  0xf696,0xee96,0xf696,0xee96,0xf696,0xee75,0xf676,0xee75,0xf696,0xee76,0xee76,0xee55,0xee76,0xee75,0xf676,0xee75,
  0xee76,0xee75,0xee75,0xee55,0xee75,0xe655,0xee55,0xee75,0xf696,0xee75,0xee76,0xee55,0xee76,0xee75,0xee76,0xee55,
  0xee75,0xee75,0xf676,0xee75,0xf696,0xee75,0xee76,0xee55,0xee75,0xee55,0xee75,0xe655,0xee56,0xee55,0xee76,0xee75,
  0xee75,0xe655,0xee55,0xee55,0xee75,0xee75,0xee75,0xee55,0xee75,0xee75,0xee55,0xee34,0xee55,0xe634,0xee34,0xe613,
  0xe613,0xe5f3,0xe5f3,0xdd91,0xddb1,0xdd70,0xdd70,0xcd0f,0xcccf,0xa3aa,0xcd10,0x82e8,0x3060,0x5982,0x9b29,0xa348,
  0xb3aa,0xa2e6,0xa2e7,0xab28,0x9ac7,0x8225,0x6943,0x6122,0x6984,0x5943,0x5122,0x6184,0x59a5,0x2820,0x40e1,0x59a4,
  0x5963,0x4901,0x5122,0x5101,0x48e1,0x38a0,0x4902,0x5142,0x5121,0x5120,0x92e7,0xa389,0xa3a9,0xa3a9,0x9308,0x5982,
  0x5142,0x6205,0x38c1,0x38c0,0x4122,0x28c3,0x2041,0x3881,0x92c7,0xa346,0xabca,0x6a66,0x2020,0x7b0b,0xac0e,0xa389,
  0xb40a,0xabe9,0xb40a,0xabc9,0xb3eb,0xa369,0x7a04,0x7a44,0x9b48,0xa388,0xa3a8,0x9b68,0x9327,0x69e3,0x7a45,0x6a05,
  0x83ed,0xded9,0xded9,0xe6f9,0xdef9,0xce36,0xad52,0xdeb8,0xded8,0xe6f9,0xbdd5,0xa512,0xc636,0xd698,0xce77,0xb594,
  0xbdd4,0xb594,0xc615,0xd677,0xce57,0xb594,0xb593,0xef3a,0xdeb8,0xef1a,0xdeb8,0xe719,0xded8,0xe6f9,0xdeb8,0xe6d9,
  0xe6f9,0xef19,0xded8,0xdeb8,0xe6d8,0xe6f9,0xe6f9,0xef19,0xe719,0xef1a,0xe719,0xef19,0xe719,0xef1a,0xe719,0xef19,
  0xe719,0xef19,0xe6f9,0xef19,0xef3a,0xef19,0xe6d8,0xe6d9,0xe6f9,0xeef9,0xe6d8,0xeef9,0xeef9,0xeef9,0xe6d8,0xeed9,
  0xe6d8,0xeed9,0xe6f9,0xef1a,0xeef9,0xeef9,0xe6d8,0xe6d9,0xe6d9,0xeef9,0xe6d9,0xeef9,0xeef9,0xef1a,0xeef9,0xeef9,
  0xeef9,0xeef9,0xeef9,0xeef9,0xeef9,0xeef9,0xe6d8,0xe6d9,0xe6d8,0xeef8,0xe6d8,0xe6d8,0xe6d8,0xeef9,0xeef8,0xeef8,
  0xe6d8,0xe6d8,0xe6d7,0xeef8,0xe6f8,0xeef9,0xeef8,0xeef9,0xe6d8,0xeef9,0xeed8,0xeef8,0xe6b7,0xe6b8,0xe6b7,0xeed8,
  0xeed8,0xeef8,0xe6d7,0xef19,0xeef8,0xf719,0xeed8,0xeed8,0xe6b7,0xeed8,0xe6b7,0xeed8,0xe6b7,0xe6b8,0xe6b7,0xeed8,
  0xe6b7,0xeeb8,0xe6d7,0xeed8,0xeed7,0xeef8,0xeed7,0xeed8,0xeeb7,0xeeb7,0xde76,0xe676,0xe696,0xe676,0xd614,0x836b,
  0x4143,0x30c1,0x3922,0x9bcd,0x8b2a,0x936a,0x9349,0x9308,0x9b6a,0x9b49,0xabeb,0x9b8a,0xa3ab,0xabec,0x9349,0xa3cb,
  0x9b8a,0x9349,0xcd50,0xbcce,0xee34,0xe634,0xe654,0xee75,0xee75,0xf696,0xee75,0xee96,0xee75,0xee76,0xee75,0xee75,
  0xe655,0xee76,0xee75,0xee75,0xee55,0xee75,0xe655,0xee55,0xee55,0xee75,0xe634,0xee75,0xee75,0xee76,0xee75,0xee75,
  0xee55,0xee75,0xee55,0xee75,0xee75,0xee76,0xee75,0xee75,0xee75,0xee76,0xee55,0xee75,0xee75,0xee76,0xee75,0xee76,
  0xee76,0xee76,0xee55,0xee55,0xee55,0xee76,0xee55,0xee76,0xee76,0xf696,0xee75,0xee96,0xee75,0xee76,0xee55,0xee76,
  0xee76,0xf696,0xee75,0xee76,0xee76,0xee76,0xee75,0xee75,0xee75,0xee75,0xe655,0xee55,0xee55,0xee55,0xe654,0xee75,
  0xee75,0xee76,0xee55,0xee75,0xee55,0xee76,0xee55,0xee55,0xe634,0xee55,0xe655,0xee75,0xee75,0xee76,0xee75,0xee75,
  0xee55,0xee55,0xe634,0xe655,0xe635,0xee55,0xe655,0xee75,0xee55,0xee55,0xe655,0xee75,0xee55,0xee75,0xe654,0xee55,
  0xee75,0xee75,0xe634,0xee54,0xe634,0xee54,0xe633,0xe613,0xe5f3,0xe613,0xddd2,0xe5d2,0xe5d1,0xdd91,0xd550,0xd50f,
  0xc4ce,0xb42d,0xa3aa,0x40e1,0x48e1,0xa3cb,0xa389,0xab69,0xab68,0xa307,0xa2e7,0xab28,0x9286,0x71a3,0x6162,0x69a4,
  0x69a4,0x71e5,0x48e1,0x61c5,0x4923,0x2820,0x5162,0x59a4,0x5142,0x5122,0x5121,0x5101,0x48c0,0x48e1,0x5142,0x61c4,
  0x40c0,0x8286,0x9b68,0xb3ea,0xabca,0x9b69,0x7224,0x5141,0x5183,0x5983,0x3080,0x3080,0x28a0,0x1821,0x1820,0x5143,
  0xa369,0xab88,0xa3c9,0x59c3,0x30c0,0x8b6c,0xa3cb,0xabea,0xb40a,0xbc2a,0xac09,0xabea,0xabca,0x8aa6,0x69c2,0x8ac6,
  0xa368,0xa388,0x9b67,0xa368,0x7223,0x6a03,0x6a04,0x7225,0x62ea,0xd698,0xef3a,0xded9,0xded9,0xef3a,0xbdd4,0xce77,
  0xef3a,0xded9,0xdeb8,0xa511,0xb574,0xc616,0xce57,0xbdf5,0xad53,0xc5f5,0xb573,0xd698,0xc5d5,0xce56,0xbdb4,0xe6f9,
  0xe6f9,0xe6f9,0xe6f9,0xe719,0xe6f9,0xe6f9,0xe6f9,0xe6f9,0xe6f9,0xe6f9,0xe6f9,0xded8,0xe6f9,0xe6f9,0xef19,0xe719,
  0xef19,0xe6f9,0xef1a,0xe719,0xef1a,0xef19,0xef3a,0xef19,0xef1a,0xef19,0xeef9,0xe6f9,0xef1a,0xe6f9,0xeef9,0xe6f9,
  0xef1a,0xef19,0xef1a,0xef19,0xf71a,0xeef9,0xeef9,0xe6d8,0xeed9,0xeef9,0xef1a,0xef19,0xf71a,0xeef9,0xeef9,0xeef9,
  0xeefa,0xeef9,0xeef9,0xeef9,0xef1a,0xeef9,0xef1a,0xeef9,0xeefa,0xeef9,0xeef9,0xeef9,0xeef9,0xeed9,0xeed9,0xe6b8,
  0xe6d8,0xe6d8,0xeef8,0xe6d8,0xeef9,0xeef8,0xeef9,0xe6f8,0xeef9,0xe6d8,0xeef8,0xe6f8,0xeef9,0xeef8,0xeef9,0xeed8,
  0xeed9,0xeed8,0xeef8,0xeed8,0xeed8,0xe6b8,0xeed8,0xe6b7,0xeed8,0xeed8,0xeed8,0xeef8,0xf719,0xeef8,0xeef8,0xeed8,
  0xeed8,0xeed8,0xeed8,0xe6b7,0xeed8,0xe6b7,0xeed8,0xeed8,0xeed8,0xeeb7,0xeef8,0xeed7,0xeef8,0xeef8,0xf6f8,0xeed8,
  0xf6d8,0xe697,0xeed8,0xde56,0xe676,0xde56,0xbd11,0x51e5,0x4964,0x2060,0x3902,0x72a8,0x938b,0x8b09,0xabec,0xa3aa,
  0xa3ab,0x9308,0xa3cb,0x9328,0xabec,0xa38a,0x9349,0x9baa,0xbc8e,0xac0c,0xc4ef,0xe614,0xee35,0xe634,0xee75,0xee75,
  0xee96,0xee75,0xee96,0xee75,0xee76,0xee75,0xf696,0xee75,0xee76,0xee75,0xf696,0xee75,0xee76,0xee75,0xee75,0xee55,
  0xee76,0xee75,0xee55,0xee55,0xee76,0xee55,0xee75,0xee55,0xee75,0xee55,0xee76,0xee75,0xf676,0xee75,0xee76,0xee55,
  0xee76,0xee55,0xee76,0xee55,0xee76,0xee76,0xee76,0xee75,0xf696,0xee76,0xee76,0xee75,0xf676,0xee76,0xee76,0xee75,
  0xf676,0xee76,0xf696,0xee76,0xf676,0xee76,0xee76,0xee55,0xf676,0xee76,0xf696,0xee75,0xf696,0xee76,0xee75,0xee55,
  0xee76,0xee75,0xee75,0xee55,0xf676,0xee75,0xee75,0xee75,0xf676,0xee55,0xee75,0xee55,0xee76,0xee75,0xee76,0xee75,
  0xee76,0xee55,0xee75,0xee55,0xee76,0xee75,0xee76,0xee75,0xee76,0xee55,0xee55,0xe655,0xee56,0xee55,0xee75,0xee55,
  0xee76,0xee55,0xee55,0xee55,0xee75,0xee55,0xee75,0xe654,0xee75,0xee54,0xe634,0xe634,0xee34,0xee34,0xee54,0xe633,
  0xe614,0xe613,0xe5f3,0xe5d2,0xe5d2,0xd550,0xd530,0xc4ce,0xc48e,0xac0c,0x69e4,0x5962,0xabcb,0xabcb,0xabaa,0xb3ca,
  0xa307,0xab28,0xab48,0x9286,0x8246,0x5922,0x71e5,0x7a05,0x50e1,0x6183,0x71e6,0x61c5,0x2800,0x38a1,0x59a4,0x5143,
  0x4902,0x4902,0x5942,0x48e0,0x48a0,0x5101,0x6183,0x5942,0x7224,0x9307,0xb3eb,0xa3a9,0xabaa,0x9b48,0x5982,0x5162,
  0x61e4,0x4901,0x38a0,0x3901,0x30e2,0x1820,0x2820,0x6a05,0x9b49,0xa368,0x9369,0x38e1,0x6206,0x9bcc,0xabcb,0xb40b,
  0xb40a,0xb42a,0xb40a,0xabc9,0xa3a9,0x7203,0x7a24,0x9b48,0xaba9,0x9b68,0xa388,0x8ac6,0x7203,0x7204,0x7245,0x7a46,
  0x4a27,0xb574,0xd6b8,0xdeb9,0xe6f9,0xd698,0xe719,0xe6f9,0xe719,0xdeb8,0xd6b8,0xc5f5,0xa532,0xce57,0xce57,0xd677,
  0xad52,0xc616,0xad32,0xce57,0xbdb4,0xe719,0xc636,0xdeb8,0xe719,0xe6d8,0xe6f9,0xef1a,0xe6f9,0xe6f9,0xe6f9,0xe6f9,
  0xdeb8,0xe6d8,0xe6d8,0xe6f9,0xe6d8,0xe6f9,0xe6f9,0xef19,0xe6f9,0xef19,0xef19,0xef1a,0xe6f9,0xef19,0xe719,0xef1a,
  0xe6f9,0xe6f9,0xe6f9,0xef1a,0xe6f9,0xe6f9,0xe6f9,0xef1a,0xe6f9,0xeef9,0xef19,0xef1a,0xef19,0xef19,0xe6f9,0xef19,
  0xe6f9,0xef19,0xeef9,0xef1a,0xe6f9,0xef19,0xeef9,0xef1a,0xeef9,0xeef9,0xeef9,0xeef9,0xe6d9,0xeef9,0xe6d9,0xeef9,
  0xeef9,0xeef9,0xeef9,0xeef9,0xe6f8,0xeef9,0xe6d8,0xe6d8,0xe6d8,0xeef9,0xeef8,0xeef9,0xe6f8,0xeef9,0xe6d8,0xeef9,
  0xe6f8,0xeef8,0xe6d8,0xe6d8,0xe6d8,0xeef9,0xeed8,0xeed8,0xe6d8,0xeed8,0xeed8,0xeef9,0xeed8,0xeef8,0xe6b7,0xeed8,
  0xe6d7,0xeed8,0xe6b7,0xeed8,0xe6d7,0xeed8,0xeed8,0xeed8,0xe6d8,0xeef8,0xe6d8,0xeed8,0xe6b7,0xeed8,0xeeb8,0xeed8,
  0xe6b7,0xeed8,0xeed8,0xeed8,0xe6d7,0xeef8,0xeed7,0xeeb7,0xe6b7,0xeeb7,0xd5f4,0xde35,0xde35,0xd5f4,0x7b49,0x4163,
  0x28a0,0x30a1,0x2020,0x830a,0x9bcc,0x8b09,0xa3eb,0xb40c,0xb40c,0xb42c,0x9328,0x9b49,0xa3cb,0xa3cb,0x8ae8,0xbc6d,
  0xa3eb,0xc4ef,0xcd51,0xee34,0xe634,0xee55,0xe654,0xee55,0xe655,0xee75,0xe655,0xee55,0xe654,0xee75,0xee75,0xee75,
  0xe655,0xee75,0xee75,0xee75,0xee75,0xee75,0xee55,0xee75,0xee75,0xee76,0xee55,0xee75,0xee55,0xee75,0xee55,0xee75,
  0xe655,0xee75,0xee55,0xee75,0xee55,0xee75,0xee55,0xee75,0xe655,0xee75,0xee75,0xee76,0xee75,0xee96,0xee75,0xf696,
  0xee76,0xee75,0xee75,0xf696,0xee75,0xee76,0xee55,0xee76,0xee55,0xee76,0xee75,0xee76,0xee75,0xee76,0xee75,0xee55,
  0xe655,0xee76,0xee55,0xee55,0xee55,0xee75,0xe655,0xee75,0xe655,0xee75,0xe655,0xee75,0xee55,0xee76,0xee75,0xee75,
  0xe654,0xee55,0xe655,0xee75,0xee75,0xee55,0xee55,0xee76,0xee75,0xee76,0xee55,0xee75,0xee55,0xee75,0xee75,0xee76,
  0xee75,0xee75,0xee75,0xee76,0xe655,0xee55,0xe655,0xee55,0xe654,0xee55,0xe634,0xee55,0xe654,0xee75,0xe654,0xee55,
  0xe654,0xe634,0xe613,0xe634,0xe613,0xee34,0xe633,0xe634,0xe613,0xe613,0xddd2,0xe5d2,0xdd91,0xdd71,0xdd51,0xd510,
  0xcd10,0x82a7,0x5120,0x9b6a,0xb42c,0xb3cb,0xa368,0xab48,0xa307,0xa307,0x9ac6,0x8a66,0x69a3,0x6183,0x69c4,0x71a4,
  0x6163,0x69a4,0x7226,0x5123,0x2840,0x59a4,0x5163,0x4902,0x38a0,0x4901,0x5122,0x48e1,0x40a0,0x5121,0x5121,0x5941,
  0x8ac6,0xa38a,0xa389,0xabca,0xa389,0x8286,0x4920,0x59a3,0x5183,0x4922,0x30a0,0x38e2,0x2880,0x2020,0x3080,0x92e9,
  0x9328,0xabeb,0x82e7,0x3080,0x82e8,0xb42d,0xabca,0xabca,0xa3c9,0xb44b,0xac0a,0xabea,0x9307,0x7203,0x8ac6,0xa389,
  0x9b48,0xa389,0x9b68,0x7223,0x69e2,0x7a45,0x69e3,0x7a45,0x18c1,0x7bad,0xd678,0xded9,0xded9,0xded9,0xe6fa,0xe719,
  0xded9,0xded8,0xe6f9,0xce36,0x8c4f,0xb594,0xce57,0xd698,0xc5f5,0xbdd4,0xbdb4,0xb5b4,0xc616,0xdef9,0xded8,0xdeb8,
  0xef1a,0xded8,0xe719,0xe6f9,0xef1a,0xe6f9,0xef19,0xe6d8,0xe6d8,0xe6d8,0xeef9,0xe6f9,0xe6f9,0xe6f9,0xef1a,0xef19,
  0xef1a,0xe719,0xef3a,0xef1a,0xef1a,0xe719,0xef3a,0xef1a,0xef1a,0xe6f9,0xef1a,0xef1a,0xef1a,0xe6f9,0xef1a,0xef19,
  0xeef9,0xe6d9,0xeef9,0xeef9,0xeef9,0xe6f9,0xeef9,0xeef9,0xef1a,0xef19,0xef1a,0xeef9,0xef19,0xeef9,0xf71a,0xef19,
  0xef1a,0xeef9,0xef1a,0xeef9,0xeef9,0xe6d9,0xeef9,0xeef9,0xeef9,0xeef9,0xeef9,0xeef9,0xeef9,0xeef9,0xef19,0xeef9,
  0xeef9,0xef19,0xf719,0xeef9,0xeef9,0xeef8,0xeef9,0xeef9,0xef19,0xe6d8,0xeed8,0xe6d8,0xeed8,0xeed8,0xeed8,0xe6d8,
  0xeed8,0xe6d8,0xeed8,0xeef8,0xf719,0xeef8,0xeef9,0xeef8,0xeef9,0xeef8,0xeef8,0xeed8,0xeef9,0xeef8,0xf6f9,0xeed8,
  0xeed8,0xe6b7,0xeed8,0xeed8,0xeed8,0xe6d8,0xeed8,0xeed8,0xeed8,0xeed7,0xeef8,0xe6b7,0xeed8,0xeed7,0xeed8,0xe697,
  0xe676,0xde76,0xe656,0xc572,0xcdb4,0xcdb3,0x59e5,0x30e1,0x4163,0x28a1,0x2020,0x6a87,0x9bcc,0x936a,0x8b08,0xa38a,
  0xb40c,0xbc6d,0xa36a,0x9308,0xa3ab,0xabec,0xac0d,0x82c7,0xb44d,0xcd51,0xee55,0xe634,0xee75,0xe654,0xee75,0xee75,
  0xf696,0xee95,0xf696,0xee75,0xee75,0xee55,0xee76,0xee55,0xee55,0xe655,0xee76,0xee55,0xee75,0xee55,0xee75,0xee55,
  0xee75,0xee75,0xee55,0xee75,0xee76,0xee55,0xee76,0xee75,0xee76,0xee75,0xee76,0xee55,0xee76,0xee75,0xf676,0xee75,
  0xee75,0xee75,0xf676,0xee75,0xf696,0xee96,0xf696,0xee96,0xf696,0xee55,0xf676,0xee76,0xee76,0xee55,0xee56,0xee55,
  0xee76,0xee75,0xf696,0xee76,0xf696,0xee75,0xf676,0xee76,0xf696,0xee96,0xf696,0xee76,0xf696,0xee76,0xee76,0xee75,
  0xee76,0xee75,0xee75,0xee55,0xee75,0xee75,0xf696,0xee55,0xee55,0xe655,0xee75,0xee75,0xee76,0xe634,0xee55,0xee55,
  0xee76,0xee75,0xee76,0xee55,0xee76,0xee75,0xee76,0xee75,0xee76,0xee75,0xf696,0xee75,0xee76,0xee55,0xee55,0xee55,
  0xee55,0xe634,0xee55,0xee55,0xee75,0xee75,0xee75,0xee55,0xee75,0xe654,0xe634,0xe634,0xee54,0xe654,0xee54,0xe634,
  0xee54,0xe634,0xe5f3,0xddd2,0xe5b2,0xdd91,0xe5b2,0xcccf,0x8ae8,0x40a0,0xbc4d,0xb42c,0xb40b,0xc44c,0xa328,0xa2e7,
  0xb389,0x92a6,0x9286,0x8225,0x6983,0x7205,0x6984,0x5921,0x69a4,0x6183,0x69a4,0x40a0,0x38a1,0x59a4,0x5964,0x4901,
  0x48c1,0x5102,0x5943,0x48e1,0x50e1,0x5941,0x6161,0x7a04,0xab8a,0xab89,0xb3ca,0xb3eb,0xa369,0x5141,0x5942,0x61c4,
  0x4922,0x30a0,0x38e2,0x28c1,0x2080,0x2840,0x61c4,0x9309,0x9b49,0xa3eb,0x59e4,0x5182,0xa3cb,0x9b69,0xb3ea,0xabc9,
  0xabea,0xbc6c,0xbc4b,0xb3ea,0x8ae6,0x8285,0xa389,0xa389,0x9b48,0x9b68,0x8ae6,0x6181,0x69e3,0x69e3,0x69a3,0x69e3,
  0x0840,0x5268,0xce57,0xd698,0xd698,0xded9,0xded8,0xdef9,0xded8,0xe6f9,0xe719,0xded9,0xad53,0xad32,0xbdd4,0xd6b8,
  0xce56,0xbdb4,0xc615,0xad32,0xce36,0xce57,0xe6f9,0xe6f9,0xded8,0xe719,0xdeb8,0xe6f9,0xe719,0xef19,0xe6f8,0xe6d9,
  0xded8,0xef19,0xe719,0xe6f9,0xded8,0xe6f9,0xe6f9,0xef3a,0xef19,0xef1a,0xe6f9,0xe6f9,0xe6f9,0xef19,0xef19,0xef3a,
  0xe6f9,0xef1a,0xe6f9,0xeef9,0xef19,0xeef9,0xe6d9,0xe6f9,0xe6d8,0xe6f9,0xe6f9,0xeef9,0xe6d8,0xe6d9,0xe6d8,0xeef9,
  0xeef9,0xeef9,0xe6f9,0xeef9,0xe6f9,0xef19,0xe6f9,0xeef9,0xeef9,0xeef9,0xe6d9,0xeef9,0xe6d8,0xeed9,0xe6d8,0xe6d9,
  0xe6b8,0xeed9,0xe6d8,0xeef9,0xe6d8,0xeef9,0xeef9,0xeef9,0xeef9,0xef19,0xeef9,0xeef9,0xe6d8,0xeef9,0xe6d8,0xeef8,
  0xe6d8,0xeed8,0xe6d8,0xeef8,0xe6d8,0xeed8,0xe6b7,0xe6b8,0xe6b8,0xeed8,0xe6b8,0xeef9,0xeed8,0xeed8,0xe6d7,0xeed8,
  0xeed8,0xeef8,0xeef8,0xeed8,0xeed8,0xeef9,0xeef8,0xeef8,0xe6d8,0xeed8,0xe6b7,0xeed8,0xe6d8,0xeed8,0xe6b7,0xeed8,
  0xe6b7,0xeeb7,0xe6b7,0xe6b7,0xe697,0xeed7,0xe6b7,0xeeb7,0xe696,0xde35,0xd615,0xcd93,0xc593,0xb511,0x51e4,0x30e0,
  0x4143,0x3923,0x1800,0x4943,0x9bcc,0x9b6b,0x8b28,0x8b08,0xabcb,0xabeb,0xb40c,0x9b49,0x9329,0xabcc,0xbcae,0x8b08,
  0xa40c,0xddd3,0xe654,0xee75,0xee55,0xee55,0xe654,0xee75,0xee95,0xf696,0xee75,0xee75,0xe655,0xee75,0xee75,0xee75,
  0xe634,0xee55,0xee55,0xee75,0xee55,0xee75,0xe655,0xee55,0xee55,0xee76,0xe655,0xee75,0xee55,0xee55,0xe654,0xee55,
  0xee55,0xee75,0xe654,0xee55,0xee75,0xee76,0xee75,0xee76,0xee55,0xee75,0xe655,0xee55,0xee55,0xee76,0xee55,0xee76,
  0xee76,0xee76,0xee75,0xee76,0xee55,0xee55,0xe655,0xee76,0xee76,0xf696,0xee76,0xee96,0xee75,0xee76,0xe655,0xee76,
  0xee96,0xf696,0xee75,0xee76,0xee76,0xf696,0xee55,0xee75,0xee75,0xee75,0xe655,0xee55,0xee55,0xee76,0xee75,0xee75,
  0xee55,0xee75,0xee75,0xee76,0xee75,0xee55,0xe655,0xee55,0xee55,0xee75,0xe655,0xee75,0xe655,0xee55,0xe654,0xee55,
  0xee55,0xee75,0xee75,0xee76,0xee55,0xee75,0xe655,0xee55,0xe655,0xee55,0xe655,0xee75,0xee75,0xee75,0xe654,0xee75,
  0xee75,0xee75,0xe634,0xe654,0xe634,0xee54,0xe633,0xee54,0xe633,0xe613,0xddb2,0xddd2,0xddb2,0xe5b2,0xd550,0xa3cb,
  0x5982,0xac0c,0xbc8d,0xabcb,0xbc0b,0xbbca,0xa307,0xab68,0xab48,0x92a6,0x8a86,0x71c4,0x6183,0x7206,0x5963,0x5101,
  0x69e5,0x69e5,0x4901,0x3040,0x5142,0x5143,0x5142,0x4902,0x40c1,0x5102,0x48e1,0x48e1,0x5121,0x5921,0x6161,0xa349,
  0xaba9,0xabaa,0xabea,0xb3eb,0x7a24,0x5962,0x5162,0x4942,0x38e1,0x2860,0x38e2,0x28c2,0x1800,0x2840,0x8b08,0x8ac7,
  0x9369,0xa40c,0x4122,0x61e5,0x9baa,0xabca,0xab88,0xb3ea,0xb42b,0xb42b,0xac0a,0xabc9,0x7a64,0x8ae7,0xa3a9,0xa369,
  0x9b68,0x9b48,0x7224,0x5940,0x61a2,0x6161,0x61a2,0x69c3,0x0820,0x3184,0x9cb1,0xdeb9,0xded9,0xe6f9,0xe71a,0xded8,
  0xe719,0xe6f9,0xe719,0xdef9,0xce57,0xa512,0xa511,0xce56,0xdeb8,0xb5b4,0xd677,0xa532,0xc5f5,0xce56,0xef5a,0xded8,
  0xe6d9,0xe719,0xe6d9,0xe6f9,0xef1a,0xe6f9,0xef19,0xe6f9,0xef19,0xe719,0xef19,0xe6d8,0xe6f9,0xe6f9,0xef1a,0xe6f9,
  0xeef9,0xe6f9,0xef19,0xe6f9,0xeef9,0xe6f9,0xef19,0xe6f9,0xef1a,0xe6f9,0xef1a,0xe6f9,0xef1a,0xeef9,0xef1a,0xe6f9,
  0xeef9,0xe6d9,0xeef9,0xeef9,0xef1a,0xeef9,0xef1a,0xeef9,0xeef9,0xeef9,0xef19,0xeef9,0xef1a,0xeef9,0xef19,0xef19,
  0xf73a,0xeef9,0xeef9,0xe6f9,0xef1a,0xeef9,0xeef9,0xeef9,0xef1a,0xeef9,0xeef9,0xeef9,0xef19,0xeef9,0xef1a,0xeef9,
  0xeef9,0xeef9,0xeef9,0xe6d8,0xeed9,0xe6d8,0xeef9,0xeef8,0xeef9,0xeef8,0xeef9,0xe6d8,0xeef9,0xe6d8,0xeed8,0xeed8,
  0xf6f9,0xeef8,0xeef8,0xeed8,0xeed8,0xeed8,0xeed8,0xe6d8,0xeed8,0xe6d7,0xeed8,0xeed8,0xf6f9,0xeef8,0xeef8,0xeef8,
  0xf6f9,0xeed8,0xeed8,0xeed8,0xeef9,0xeed8,0xeef8,0xeed8,0xeed8,0xeeb7,0xeed8,0xe6d7,0xeed8,0xeed7,0xeed8,0xde76,
  0xde35,0xde35,0xc572,0xbd31,0xc573,0xc572,0x8b8b,0x30e0,0x4123,0x3902,0x2040,0x4964,0xa3ed,0x936a,0x9b8a,0xabcb,
  0xabcb,0xabcb,0xb42d,0x9349,0x9b4a,0xabec,0xac2d,0xa40c,0xcd31,0xee55,0xe634,0xe655,0xee76,0xee75,0xee55,0xee75,
  0xf696,0xee96,0xf696,0xee75,0xee76,0xee55,0xee76,0xee75,0xee76,0xee75,0xee75,0xee55,0xee76,0xee75,0xee75,0xee55,
  0xee76,0xee75,0xee75,0xe655,0xee55,0xee55,0xee75,0xee75,0xee76,0xee55,0xee76,0xee75,0xf676,0xee75,0xee76,0xee75,
  0xf676,0xee75,0xee76,0xee75,0xf676,0xee76,0xee76,0xee55,0xee76,0xee55,0xee76,0xee76,0xf696,0xee55,0xee55,0xee75,
  0xf696,0xee76,0xf696,0xee75,0xf676,0xee76,0xf696,0xee76,0xf696,0xee76,0xee76,0xee75,0xee76,0xee75,0xee76,0xee55,
  0xee75,0xee75,0xf696,0xee55,0xee75,0xee55,0xee75,0xee55,0xee75,0xee75,0xee76,0xee75,0xf676,0xee75,0xee76,0xee75,
  0xf676,0xee75,0xee76,0xee75,0xee76,0xee75,0xee75,0xee55,0xf696,0xee75,0xee75,0xee55,0xee56,0xee55,0xee75,0xee75,
  0xf676,0xee75,0xee55,0xee55,0xee75,0xee55,0xee75,0xe654,0xf696,0xee75,0xee54,0xe654,0xee54,0xe654,0xee54,0xe633,
  0xe634,0xe5f3,0xe5f3,0xddb1,0xedf3,0xdd71,0xd530,0x82a6,0xac0c,0xc4ce,0xc48d,0xbc2b,0xbc0b,0xa307,0xb368,0xab48,
  0x9ac7,0x92a7,0x8a66,0x6162,0x69c4,0x6184,0x5122,0x7205,0x7226,0x7226,0x4060,0x40a0,0x6184,0x5983,0x5963,0x5102,
  0x50e1,0x5101,0x48e1,0x48c0,0x5921,0x50e0,0x8245,0xb3eb,0xab89,0xabaa,0xb3eb,0x9328,0x69c3,0x5962,0x61c4,0x4942,
  0x38e1,0x30a0,0x4123,0x1820,0x1800,0x5183,0x9328,0x8b08,0xa3cc,0x7ac8,0x38c0,0x7aa7,0xabcb,0xabc9,0xaba8,0xaba9,
  0xbc4c,0xb40b,0xbc6c,0x9327,0x7a64,0x9b68,0xa3a9,0x9b68,0xa369,0x92e7,0x69a2,0x6182,0x6182,0x6182,0x69c3,0x69c3,
  0x0000,0x1061,0x62ea,0xc617,0xded9,0xe6fa,0xded8,0xe6f9,0xdef9,0xded8,0xded8,0xe6f9,0xd677,0xad53,0xa511,0xc636,
  0xded8,0xc616,0xbdd5,0xbdb4,0xb594,0xd677,0xded8,0xe71a,0xdef8,0xe6f9,0xe6f9,0xe6f9,0xe6f9,0xe719,0xe6f9,0xe6f9,
  0xe6f9,0xe719,0xe6d8,0xe6d9,0xe6f8,0xe719,0xe719,0xef19,0xe6f8,0xe6f9,0xe6f9,0xef19,0xe6f9,0xe6f9,0xe6d9,0xe6f9,
  0xe6f9,0xe719,0xe6f9,0xef1a,0xe6f9,0xef1a,0xef19,0xef1a,0xe6f9,0xef1a,0xeef9,0xef1a,0xe6f9,0xeef9,0xe6f9,0xef1a,
  0xef19,0xef19,0xeef9,0xef1a,0xe6f9,0xeef9,0xe6f9,0xef19,0xef19,0xeef9,0xe6f9,0xeef9,0xe6f9,0xef19,0xeef9,0xef1a,
  0xe6f9,0xe6f9,0xe6d8,0xeef9,0xe6f8,0xeef9,0xeef9,0xeef9,0xe6d8,0xeef9,0xe6d8,0xeed9,0xe6b8,0xeed8,0xe6d8,0xeef9,
  0xe6d8,0xeef8,0xe6d8,0xeef9,0xe6d8,0xeed8,0xe6d8,0xeed8,0xe6d8,0xeed8,0xe6d8,0xeed8,0xe6b7,0xe6d8,0xe6b7,0xeed8,
  0xe6b7,0xeed8,0xe6d7,0xeed8,0xeed8,0xeef8,0xeed8,0xeef8,0xeef8,0xeed8,0xe6d8,0xeef8,0xe6d7,0xeed8,0xe6b7,0xeed8,
  0xe6b7,0xeed8,0xe6d7,0xeed8,0xe6b7,0xeed8,0xeed7,0xe697,0xd5f4,0xcdd4,0xcdd4,0xc572,0xbd31,0xb4f0,0xbd11,0x51c4,
  0x3943,0x4984,0x2040,0x4963,0x8b6a,0xa3cc,0x9b8a,0x9b49,0xa3cb,0xabeb,0x8ae7,0xac0c,0x9329,0x8b08,0x938a,0xc510,
  0xe614,0xe634,0xe614,0xee76,0xee75,0xee96,0xee75,0xee96,0xee75,0xee75,0xee75,0xee76,0xee55,0xee55,0xee55,0xee75,
  0xe655,0xee55,0xe655,0xee55,0xee75,0xee75,0xee55,0xee75,0xe655,0xee75,0xee55,0xee55,0xe634,0xee55,0xee55,0xee75,
  0xee55,0xee75,0xee55,0xee76,0xee55,0xee75,0xee75,0xee76,0xee75,0xee76,0xee55,0xee76,0xee55,0xee76,0xee55,0xee76,
  0xe655,0xee55,0xe655,0xee76,0xee75,0xee76,0xee55,0xee76,0xee75,0xee96,0xee76,0xf696,0xee75,0xee76,0xee55,0xee76,
  0xee75,0xee76,0xee76,0xf696,0xee75,0xee76,0xee75,0xee75,0xe655,0xee76,0xee75,0xee75,0xe655,0xee75,0xee55,0xee75,
  0xe655,0xee75,0xee55,0xee75,0xee55,0xee55,0xee55,0xee75,0xee55,0xee75,0xee55,0xee75,0xee55,0xee75,0xe655,0xee55,
  0xe655,0xee55,0xe655,0xee76,0xee55,0xee75,0xee55,0xee75,0xee55,0xee75,0xee55,0xee75,0xe654,0xee75,0xe654,0xee75,
  0xee75,0xee75,0xe654,0xee54,0xe654,0xee54,0xe634,0xee34,0xe633,0xe634,0xddd2,0xee13,0xddb2,0xd551,0x7a86,0xac0c,
  0xcd10,0xbc8e,0xc4ae,0xcc8d,0xa348,0xa327,0xab88,0xab28,0x9b28,0x8a86,0x6162,0x5922,0x61a3,0x5122,0x5122,0x7a87,
  0x6a05,0x5943,0x3040,0x5122,0x5983,0x5963,0x4901,0x5122,0x5101,0x48c1,0x48c0,0x5942,0x5941,0x71c2,0x9b07,0xb3ca,
  0xaba9,0xabca,0xabca,0x7a45,0x48e0,0x69e4,0x59a3,0x4922,0x30a0,0x4123,0x2040,0x30e2,0x1800,0x7266,0x8ae7,0x8ae8,
  0x9bab,0x61e6,0x30a0,0x9b6a,0xabca,0xabc9,0xabc8,0xabc9,0xb42b,0xb42b,0xb40b,0x8265,0x8ae6,0xa3a9,0xa389,0xa3a9,
  0x9327,0x7224,0x5961,0x6182,0x5941,0x6182,0x61a2,0x6182,0x39a6,0x0820,0x3985,0x9cb1,0xe71a,0xe6f9,0xded9,0xe6f9,
  0xe71a,0xded8,0xe6f9,0xe719,0xded9,0xce56,0xa512,0x9cf1,0xd698,0xce77,0xb573,0xdef9,0xbdb4,0xce36,0xded9,0xe719,
  0xe719,0xded8,0xef3a,0xdeb8,0xef1a,0xe719,0xef1a,0xe719,0xef1a,0xe6f9,0xeef9,0xe6f9,0xe6f9,0xe6f9,0xef1a,0xe6f9,
  0xe6f9,0xe6f9,0xef1a,0xe6f9,0xef1a,0xe6f9,0xeefa,0xe6f9,0xef1a,0xe6f9,0xeefa,0xe6f9,0xeefa,0xe6f9,0xef1a,0xeefa,
  0xef1a,0xe6f9,0xef1a,0xef19,0xef19,0xe6d8,0xef19,0xef19,0xef3a,0xef19,0xef3a,0xef19,0xef1a,0xe6f9,0xef1a,0xe6f9,
  0xeef9,0xe6f9,0xeef9,0xeef9,0xeef9,0xe6f9,0xef1a,0xeef9,0xeef9,0xe6d8,0xeed9,0xe6d8,0xef19,0xeef9,0xef1a,0xeed9,
  0xeef9,0xe6d9,0xeed9,0xe6b8,0xe6d8,0xe6d8,0xeef9,0xe6d8,0xeef9,0xe6d8,0xeef9,0xeef8,0xeef9,0xeef8,0xeef9,0xeed8,
  0xeed8,0xe6d8,0xeed8,0xeed8,0xeed8,0xe6b7,0xeed8,0xe6b8,0xeed8,0xeed8,0xeef8,0xeed8,0xeef8,0xeef8,0xeef9,0xeef8,
  0xeef9,0xe6b7,0xeed8,0xeed8,0xeed8,0xe6b7,0xeeb8,0xe6b7,0xeed8,0xeed7,0xeef8,0xeed8,0xeed8,0xeed7,0xeef8,0xeeb7,
  0xe676,0xc592,0xc573,0xc593,0xcdb4,0xb511,0xb4d0,0x7b29,0x30c1,0x28a0,0x2880,0x5164,0xac0d,0x82e8,0xb40d,0xa3cb,
  0x9b8a,0xb44d,0xabec,0xac0c,0xac2d,0xbcaf,0xbcaf,0xddf4,0xf696,0xe614,0xee55,0xee96,0xf6b6,0xee96,0xee96,0xee96,
  0xee96,0xee75,0xee76,0xee75,0xee95,0xee55,0xee76,0xee75,0xee75,0xee55,0xee55,0xe655,0xee75,0xee55,0xee76,0xee55,
  0xee75,0xee55,0xee75,0xee55,0xee55,0xee55,0xee75,0xee55,0xee76,0xee75,0xf676,0xee75,0xee76,0xee75,0xf676,0xee75,
  0xf696,0xee75,0xee56,0xee55,0xee76,0xee75,0xee76,0xee55,0xee76,0xee55,0xee56,0xee75,0xf696,0xee76,0xf696,0xee76,
  0xee76,0xee76,0xf696,0xee96,0xf696,0xee75,0xee76,0xee55,0xee76,0xee75,0xf696,0xee76,0xf696,0xee75,0xee76,0xee55,
  0xee55,0xee75,0xf676,0xee55,0xee55,0xee55,0xee76,0xee75,0xee76,0xee75,0xee76,0xee75,0xee76,0xee55,0xee75,0xee55,
  0xee76,0xee75,0xee76,0xee75,0xee75,0xee55,0xee76,0xee55,0xee55,0xe655,0xee55,0xee76,0xee76,0xee55,0xee76,0xee75,
  0xee76,0xee55,0xee76,0xee75,0xee75,0xee75,0xee75,0xee75,0xee75,0xee75,0xee75,0xee55,0xee75,0xe654,0xee55,0xe634,
  0xe634,0xe613,0xee34,0xd571,0xdd91,0x9349,0xa3cb,0xcccf,0xd530,0xbc6d,0xc46d,0xbc2b,0xa327,0xa327,0xa307,0x9ac6,
  0xab8a,0x7204,0x6162,0x7205,0x69a4,0x48c0,0x7205,0x7a67,0x69e5,0x2800,0x48c1,0x5943,0x69c5,0x48e1,0x50e1,0x48e1,
  0x5942,0x48c0,0x48a0,0x69c4,0x6182,0x92c6,0xb3ca,0xab89,0xb3ca,0xb3eb,0x9308,0x5961,0x5962,0x61e4,0x4922,0x3901,
  0x30c1,0x38e2,0x2861,0x2881,0x38c1,0x8b08,0x9b69,0x9b69,0x8309,0x40e2,0x59a4,0xabeb,0xb3ea,0xabe9,0xb3ea,0xabe9,
  0xb42b,0xb42b,0xa369,0x7a44,0xa3a9,0xa3a9,0xabca,0x9b89,0x8ac7,0x5941,0x6183,0x6162,0x6141,0x6182,0x69a2,0x6161,
  0x5aaa,0x1882,0x1061,0x6b4c,0xd698,0xe6fa,0xded9,0xded9,0xe6f9,0xe719,0xded8,0xded8,0xdeb8,0xded8,0xc615,0x9cd0,
  0xc636,0xded9,0xbdf5,0xd677,0xb594,0xce36,0xdef8,0xe6f9,0xe6f9,0xef1a,0xe719,0xded8,0xe6f9,0xe6f9,0xe6f8,0xe6f9,
  0xe6f9,0xef19,0xe6f9,0xe6f9,0xe6d8,0xe6f9,0xe6f9,0xe6f9,0xe6f9,0xe6f9,0xe6f9,0xef1a,0xe719,0xef1a,0xe6f9,0xef1a,
  0xe6f9,0xef1a,0xe6f9,0xeefa,0xe6f9,0xeefa,0xe6f9,0xe6f9,0xe6f9,0xe6f9,0xe6d8,0xef3a,0xef19,0xef1a,0xe6f9,0xef19,
  0xe6f9,0xef1a,0xe719,0xef1a,0xe6f9,0xef19,0xe6f9,0xef19,0xe6b8,0xeef9,0xe6f9,0xeef9,0xe6d8,0xe6d9,0xe6d8,0xeef9,
  0xe6d9,0xe6d9,0xe6d8,0xeef9,0xe6f9,0xeef9,0xe6d8,0xeed9,0xe6d8,0xeed9,0xe6b8,0xe6b8,0xe6b8,0xeed9,0xe6d8,0xe6d8,
  0xe6b8,0xeed8,0xe6d8,0xeef8,0xe6d8,0xeef9,0xeed8,0xeed8,0xe6d8,0xeed8,0xe6d8,0xeef8,0xe6b7,0xeed8,0xe6b7,0xe6d8,
  0xe6b7,0xeed8,0xe6d7,0xeed8,0xe6d8,0xeef8,0xe6d8,0xeef8,0xeed8,0xeed8,0xe6b7,0xeed8,0xe6b7,0xeed8,0xe6b7,0xeeb8,
  0xeeb7,0xeed8,0xe6d7,0xeef8,0xe6b7,0xeed8,0xeed7,0xeed8,0xeeb7,0xe697,0xb4f0,0xa48f,0xc572,0xcdb3,0xa48e,0xc552,
  0x51e5,0x2860,0x38e1,0x59c4,0x8329,0xa3cb,0x9349,0xa3eb,0x9369,0xa3eb,0xbcae,0x9bcb,0xb48e,0xbccf,0xc551,0xee55,
  0xe634,0xee76,0xee75,0xe655,0xeeb6,0xee96,0xe675,0xee96,0xee95,0xf696,0xee75,0xee75,0xee55,0xee75,0xee55,0xee75,
  0xee75,0xee75,0xe655,0xee55,0xee75,0xee76,0xee75,0xee75,0xee55,0xee76,0xee75,0xee75,0xe655,0xee55,0xe655,0xee75,
  0xee55,0xee75,0xee75,0xf696,0xee75,0xf696,0xee75,0xee75,0xee75,0xee76,0xe655,0xee76,0xee55,0xee76,0xee55,0xee75,
  0xee55,0xee76,0xe655,0xee76,0xee76,0xf696,0xee96,0xf696,0xee75,0xf696,0xee75,0xf696,0xee76,0xee76,0xe655,0xee76,
  0xee75,0xee76,0xee75,0xee96,0xee75,0xf696,0xee75,0xee75,0xee55,0xee75,0xee55,0xee75,0xe655,0xee55,0xe655,0xee75,
  0xee55,0xee75,0xee55,0xee75,0xee75,0xee75,0xee55,0xee75,0xee55,0xee76,0xee75,0xee75,0xee55,0xee76,0xee75,0xee75,
  0xe655,0xee55,0xee55,0xee76,0xe655,0xee55,0xe655,0xee75,0xee75,0xee76,0xee75,0xee75,0xe654,0xee75,0xee75,0xee75,
  0xee55,0xee75,0xe655,0xee75,0xee55,0xee55,0xe634,0xe634,0xe634,0xee34,0xe613,0xe613,0xb44c,0xc4cf,0xdd71,0xd530,
  0xc4ef,0xbc4d,0xbc6c,0xb3ca,0xb3ca,0xb389,0x92c6,0xa328,0xa369,0x69c4,0x69a3,0x71e4,0x50e0,0x71c4,0x9309,0x6a26,
  0x40c0,0x2800,0x4902,0x61a4,0x5942,0x5122,0x48c0,0x5101,0x5942,0x48e0,0x5121,0x5962,0x69e3,0xa348,0xaba9,0xabca,
  0xabca,0xabeb,0x61c2,0x5961,0x7246,0x59a4,0x40e1,0x38e1,0x3902,0x2881,0x30c1,0x2020,0x5183,0x9b49,0x9b89,0x9baa,
  0x6205,0x2860,0x7a87,0xb40c,0xabca,0xabe9,0xa3ea,0xabea,0xb3ea,0xb40b,0x8285,0x9307,0xabca,0xabc9,0xabc9,0x9327,
  0x7224,0x5941,0x6183,0x6162,0x6142,0x69a3,0x6161,0x6161,0x41e7,0x20e3,0x0820,0x3185,0xb554,0xe71a,0xe6fa,0xded8,
  0xe6fa,0xe6f9,0xded9,0xdeb8,0xe6d9,0xe6f9,0xd698,0xb593,0xb573,0xded8,0xbdd5,0xc636,0xc5f6,0xbdb4,0xd697,0xe719,
  0xef1a,0xe6f9,0xe6f9,0xe719,0xe6d9,0xe6d8,0xe6f9,0xe6d8,0xeef9,0xe6f9,0xef19,0xe6f9,0xef19,0xe6f9,0xef19,0xe6f9,
  0xef1a,0xef19,0xef1a,0xef1a,0xef3a,0xef1a,0xef3a,0xe71a,0xef1a,0xe6f9,0xef1a,0xef1a,0xef1a,0xeefa,0xef1a,0xef19,
  0xef1a,0xe6f9,0xe6f9,0xef19,0xef3a,0xef19,0xef1a,0xe6f9,0xef19,0xef19,0xef3a,0xef19,0xef1a,0xef19,0xef19,0xe6f9,
  0xeef9,0xeef9,0xef1a,0xeef9,0xeef9,0xe6d9,0xeef9,0xe6f9,0xeef9,0xeef9,0xef19,0xef19,0xef19,0xeef9,0xeef9,0xeef9,
  0xeef9,0xeef9,0xeef9,0xe6b8,0xeed9,0xeef9,0xeef9,0xe6d8,0xeed9,0xe6d8,0xeed9,0xe6d8,0xeef9,0xeed8,0xeef9,0xeed8,
  0xeef9,0xeed8,0xeef8,0xeed8,0xeed8,0xe6d8,0xeed8,0xe6d8,0xeed8,0xeed8,0xeef8,0xe6d8,0xeed8,0xe6d8,0xeef8,0xeef8,
  0xeed8,0xe6b8,0xeed8,0xe6d8,0xeef9,0xeed8,0xeed8,0xeed8,0xeed8,0xeeb7,0xeed8,0xe6d7,0xeed8,0xeeb7,0xeef8,0xeed8,
  0xf6d8,0xeed7,0xe656,0xb4d0,0xbd11,0xacd0,0xbd11,0xb4d0,0xa44f,0x38e1,0x4102,0x4963,0x7ac8,0xa3ec,0xa3eb,0x9b8a,
  0xb46d,0xb44d,0x938a,0xac6d,0xb4af,0xd5b3,0xee55,0xe635,0xe635,0xee96,0xee76,0xe655,0xf6b7,0xe675,0xee96,0xee75,
  0xf696,0xee75,0xf696,0xee75,0xf696,0xee55,0xee55,0xee55,0xf676,0xee75,0xee76,0xee55,0xf696,0xee96,0xf696,0xee75,
  0xf696,0xee76,0xf696,0xee75,0xee76,0xee55,0xee75,0xee55,0xf676,0xee75,0xee76,0xee75,0xf696,0xee75,0xee76,0xee75,
  0xee76,0xee75,0xf696,0xee76,0xf696,0xee76,0xee76,0xee75,0xee76,0xee55,0xee76,0xee55,0xf676,0xf696,0xf696,0xee96,
  0xf696,0xee76,0xf696,0xee76,0xf676,0xee76,0xf696,0xee96,0xf697,0xee96,0xf696,0xee76,0xf696,0xee96,0xf696,0xee75,
  0xf676,0xee75,0xee76,0xee75,0xee76,0xee55,0xee55,0xee55,0xf676,0xee75,0xee76,0xee75,0xf696,0xee75,0xee76,0xee75,
  0xee75,0xee55,0xee75,0xee75,0xee76,0xee75,0xf696,0xee75,0xee75,0xee55,0xee76,0xee75,0xee76,0xe655,0xee55,0xe655,
  0xee75,0xee55,0xee75,0xe655,0xee55,0xee55,0xee75,0xee75,0xee75,0xee55,0xee76,0xee75,0xee75,0xe654,0xe634,0xe613,
  0xe634,0xe5f3,0xe613,0xcd50,0xd571,0xe5d2,0xdd91,0xc4ce,0xc4ae,0xb42c,0xbc2c,0xbc0b,0xbbeb,0x9b07,0xa328,0xab8a,
  0x7a25,0x69a3,0x7205,0x69a3,0x6962,0x8245,0x8ac8,0x5183,0x3020,0x3881,0x69e5,0x5983,0x5943,0x5962,0x50e1,0x5942,
  0x5942,0x48c0,0x6183,0x5121,0x9b28,0xa389,0xabca,0xb3ea,0xbc4d,0x9308,0x5941,0x61a3,0x7226,0x59a4,0x40e1,0x30c1,
  0x4123,0x30a1,0x2860,0x2820,0x7a46,0x9348,0x9b89,0x8b69,0x5164,0x38c1,0x9b6a,0xb3eb,0xb3ea,0xac0a,0xac2b,0xabea,
  0xbc0b,0xa348,0x8aa6,0xa3aa,0xabca,0xa3a9,0xa3ca,0x82c6,0x69c3,0x61a3,0x69a4,0x5942,0x69a3,0x6982,0x6161,0x6181,
  0x3165,0x39c6,0x1060,0x0840,0x630b,0xce37,0xdef9,0xe71a,0xdef9,0xdef9,0xded8,0xe719,0xe719,0xe6f9,0xdef9,0xc615,
  0xa511,0xd677,0xe6f9,0xc5f5,0xd677,0xb594,0xbdd4,0xef3a,0xe719,0xe6d9,0xded8,0xef3a,0xded8,0xe6f9,0xe6d8,0xe6f9,
  0xe6f9,0xef1a,0xe719,0xef1a,0xe6f9,0xef19,0xe6f9,0xef19,0xe719,0xef19,0xe719,0xef1a,0xe6f9,0xef1a,0xe71a,0xef1a,
  0xe6f9,0xef1a,0xe6f9,0xeefa,0xe6f9,0xeefa,0xe6f9,0xef1a,0xe719,0xef1a,0xe6f9,0xef19,0xe6f8,0xe6f9,0xe719,0xef1a,
  0xe6f9,0xef19,0xe6f9,0xef19,0xe719,0xef19,0xe6f9,0xe6f9,0xeef9,0xef1a,0xeef9,0xef1a,0xe6f9,0xeef9,0xe6f9,0xeef9,
  0xe6f9,0xeef9,0xeef9,0xef1a,0xeef9,0xeef9,0xe6f9,0xeef9,0xe6d9,0xeef9,0xeef9,0xeef9,0xe6f9,0xeef9,0xe6d8,0xeef9,
  0xe6d8,0xeed9,0xe6d8,0xeed8,0xe6d8,0xeed8,0xe6d8,0xeed8,0xe6d8,0xeed8,0xe6d8,0xeed8,0xe6b7,0xe6d8,0xe6d8,0xeef8,
  0xe6d8,0xeef8,0xeed8,0xeed8,0xe6b7,0xe6d8,0xeed8,0xeef8,0xe6b7,0xeed8,0xe6b7,0xeed8,0xeed8,0xeef8,0xeed8,0xeed8,
  0xe6b7,0xeed8,0xe6b7,0xeed7,0xe6b7,0xeed8,0xeed7,0xf6f8,0xeed7,0xeeb7,0xeed8,0xeeb7,0xb4f0,0xacaf,0xb4f0,0xb4f0,
  0xb4f1,0x7ae9,0x3901,0x38e1,0x6a46,0x938b,0xb48e,0xa3cb,0xa42c,0xa40c,0x9beb,0xbcf0,0xc571,0xde14,0xee96,0xee55,
  0xe655,0xee96,0xe655,0xeeb6,0xee96,0xe655,0xee96,0xee76,0xe654,0xee75,0xee75,0xf696,0xee75,0xe635,0xe655,0xee75,
  0xe655,0xee75,0xee55,0xee75,0xee75,0xee75,0xee55,0xee75,0xe655,0xee75,0xee55,0xee75,0xee55,0xee75,0xee75,0xee76,
  0xee55,0xee75,0xe655,0xee55,0xee75,0xee75,0xee55,0xee75,0xee75,0xee96,0xee76,0xf696,0xee75,0xee76,0xee75,0xee76,
  0xe655,0xee55,0xee55,0xee55,0xe655,0xee76,0xee76,0xee76,0xee75,0xee76,0xee75,0xee76,0xee75,0xee96,0xee76,0xf696,
  0xee75,0xee76,0xee55,0xee55,0xe655,0xee75,0xee55,0xee75,0xe655,0xee55,0xe655,0xee75,0xe634,0xe655,0xe655,0xee76,
  0xee75,0xee75,0xee75,0xee76,0xee75,0xee75,0xee55,0xee55,0xe654,0xee55,0xe655,0xee55,0xe655,0xee75,0xee55,0xee75,
  0xe655,0xee75,0xee55,0xf696,0xee55,0xee55,0xe634,0xee55,0xe634,0xee55,0xe634,0xee55,0xe654,0xee75,0xee55,0xee75,
  0xee75,0xee75,0xee55,0xee76,0xe675,0xe655,0xe634,0xe634,0xde13,0xe613,0xd591,0xcd30,0xd591,0xe5d2,0xd570,0xccef,
  0xc4ce,0xc48d,0xb40b,0xcc8d,0xab68,0x9ae7,0xab8a,0x92e8,0x5962,0x7a67,0x69e4,0x6982,0x8224,0xa328,0x69e4,0x40c1,
  0x2820,0x5984,0x69c5,0x6184,0x48e1,0x5942,0x5921,0x50e1,0x48c0,0x5121,0x4900,0x8286,0xa389,0xa389,0xabaa,0xabca,
  0xabeb,0x69e3,0x4900,0x61c4,0x61c4,0x5163,0x2860,0x3902,0x28a1,0x28a1,0x2040,0x3040,0x8ac7,0xa3aa,0x9368,0x8b49,
  0x30a0,0x6206,0xabec,0xb3ca,0xabea,0xac2b,0xa42b,0xac2c,0xb3ca,0x92c6,0x9308,0xabca,0xa389,0xa3a9,0x9348,0x7a64,
  0x5961,0x69c4,0x6163,0x6142,0x61a3,0x6162,0x6161,0x69a2,0x39a7,0x41e7,0x18c2,0x1061,0x3165,0x9470,0xdeb9,0xe6f9,
  0xe6f9,0xe719,0xe71a,0xe719,0xe719,0xe6f9,0xded9,0xce77,0xb5b4,0xbdf5,0xd698,0xad53,0xce57,0xb5b4,0xce36,0xdeb8,
  0xe6f9,0xe6f9,0xe6f9,0xded8,0xef3a,0xe6f9,0xef19,0xe6f9,0xef1a,0xe719,0xef19,0xe6f9,0xef19,0xe6f9,0xef1a,0xe6f9,
  0xef19,0xe6f9,0xef1a,0xe6f9,0xef1a,0xe71a,0xef3a,0xef1a,0xef3a,0xef3a,0xef3a,0xef1a,0xef1a,0xe6f9,0xef1a,0xef1a,
  0xef1a,0xef19,0xef3a,0xe6f9,0xe6f9,0xe6f9,0xef3a,0xef19,0xef19,0xe6f9,0xef19,0xe6f9,0xef1a,0xef19,0xef1a,0xe6f9,
  0xef1a,0xe6f9,0xeef9,0xeef9,0xef1a,0xeef9,0xeef9,0xeef9,0xef1a,0xeef9,0xef19,0xef19,0xef19,0xe6f9,0xef1a,0xeef9,
  0xeef9,0xeef9,0xf71a,0xeef9,0xeefa,0xeef9,0xeef9,0xeef9,0xeef9,0xeef9,0xef19,0xeef9,0xeef9,0xeed8,0xeef9,0xeed8,
  0xeef9,0xeed8,0xeed8,0xe6d8,0xeed8,0xeed8,0xf6f9,0xeef8,0xeef9,0xeed8,0xeed8,0xeed8,0xeed8,0xe6b7,0xeed8,0xeed8,
  0xeed8,0xeed8,0xeed8,0xeed8,0xeef9,0xeed8,0xeed8,0xeeb8,0xeed8,0xeed8,0xeed8,0xe6b7,0xeed8,0xeed8,0xf6f8,0xeed8,
  0xf6f8,0xeed8,0xeeb7,0xf6d8,0xd5f4,0xacaf,0xa46e,0xc552,0xa42e,0x93cd,0x51a4,0x51a4,0x8b4a,0xac2d,0xac0c,0xc4ef,
  0xb44d,0x9bcb,0xac6d,0xbcef,0xe675,0xe676,0xee76,0xee96,0xf6b7,0xe655,0xee96,0xeeb6,0xee76,0xeeb6,0xee96,0xee75,
  0xee96,0xee75,0xf675,0xee75,0xf696,0xe655,0xee76,0xee75,0xee75,0xee55,0xee76,0xee55,0xee76,0xee75,0xee76,0xee55,
  0xee75,0xee75,0xee76,0xee75,0xee76,0xee75,0xf696,0xee75,0xee76,0xee75,0xee76,0xee75,0xf696,0xee96,0xf676,0xee75,
  0xf696,0xee75,0xf696,0xee76,0xf696,0xee76,0xf696,0xee76,0xee76,0xee55,0xf696,0xee76,0xee76,0xee75,0xf696,0xee76,
  0xee76,0xee75,0xf696,0xee96,0xf696,0xee96,0xf696,0xee76,0xf696,0xee76,0xf696,0xee75,0xee76,0xee55,0xf676,0xee76,
  0xf696,0xee55,0xee75,0xee75,0xee75,0xe655,0xee76,0xee76,0xf696,0xee75,0xee76,0xee75,0xf696,0xee75,0xf676,0xee55,
  0xee55,0xe655,0xee55,0xe655,0xee76,0xee75,0xee76,0xee75,0xf696,0xee75,0xf676,0xee76,0xee76,0xe655,0xee55,0xee55,
  0xee75,0xee55,0xee75,0xee55,0xee95,0xee75,0xee75,0xee75,0xee75,0xee55,0xee76,0xee96,0xee96,0xe655,0xe655,0xe634,
  0xee75,0xe633,0xddb2,0xddf2,0xddd2,0xdd91,0xe5b2,0xccef,0xccce,0xbc4c,0xc44c,0xb3ca,0xa348,0x9ae7,0xa349,0x6162,
  0x7a67,0x7a46,0x5942,0x7a04,0x9ac7,0x92a6,0x6163,0x2000,0x40e2,0x5163,0x69e5,0x5122,0x5102,0x5942,0x6142,0x48a0,
  0x50e0,0x5941,0x69e3,0xa38a,0xabcb,0xabca,0xb3eb,0xb3eb,0x9308,0x5982,0x48e0,0x5962,0x5983,0x38c0,0x30a1,0x30c1,
  0x28a1,0x2881,0x2020,0x5984,0x8ac7,0x9b89,0xa3ca,0x6245,0x38e1,0x8b29,0xbc2d,0xb3ca,0xb42b,0xac4b,0xac6d,0xb44c,
  0xab89,0x9ae6,0xa369,0xabca,0xa3a9,0x9b68,0x9b68,0x5981,0x5961,0x6183,0x6984,0x6163,0x69a4,0x6162,0x69a2,0x69a2,
  0x39e7,0x4a49,0x39e7,0x0840,0x1081,0x62ea,0xce57,0xe71a,0xe71a,0xe6f9,0xe719,0xded8,0xded8,0xe71a,0xded8,0xe73a,
  0xb5b4,0xa512,0xce77,0xce77,0xce57,0xd698,0xad52,0xc5f5,0xe719,0xef3a,0xdef8,0xdeb8,0xe719,0xe6d9,0xded8,0xe6d9,
  0xe6f9,0xef1a,0xe6f9,0xe6f9,0xe6f9,0xe6f9,0xe6f8,0xef1a,0xe719,0xef19,0xe6f9,0xe6f9,0xe6f9,0xef3a,0xef3a,0xef3a,
  0xef19,0xef3a,0xef3a,0xef3a,0xef1a,0xef1a,0xe6f9,0xe6f9,0xe6f9,0xef1a,0xe6f9,0xeef9,0xe6f9,0xef1a,0xef19,0xef1a,
  0xe6f9,0xef1a,0xe6f9,0xe6f9,0xe6f9,0xef1a,0xe6f9,0xe6f9,0xe6f9,0xe6f9,0xe6f8,0xef19,0xe6f9,0xef19,0xe6f9,0xef19,
  0xe6f8,0xe6f9,0xe6f8,0xe6f9,0xe6f8,0xeef9,0xe6d8,0xe6d9,0xe6d8,0xeed9,0xe6d8,0xe6d9,0xe6d8,0xeef9,0xe6d8,0xeef9,
  0xeef9,0xeef9,0xe6d8,0xeef9,0xeed9,0xeef9,0xe6f8,0xeef8,0xe6d8,0xeed8,0xe6d8,0xeed8,0xeed8,0xeef9,0xe6d8,0xeef8,
  0xe6d8,0xeed8,0xe6b7,0xeef8,0xe6d8,0xeed8,0xe6d7,0xeed8,0xe6d7,0xeed8,0xe6b7,0xe6d7,0xe6b7,0xeed8,0xe6b7,0xeed8,
  0xeed8,0xeed8,0xe6d7,0xeef8,0xeed7,0xeed8,0xeed8,0xeed8,0xe697,0xeed8,0xe6b7,0xe6b7,0xeeb7,0xc552,0x93ec,0x9c0d,
  0xd5b4,0xb48f,0x6a46,0x4962,0x8b49,0xb4af,0xa40c,0xb48e,0xa42c,0xa40c,0x9beb,0xd5b3,0xe635,0xee76,0xde14,0xee96,
  0xee96,0xee96,0xee95,0xee76,0xe675,0xf6b6,0xe675,0xee75,0xe655,0xee75,0xee75,0xee75,0xe655,0xee75,0xe655,0xee75,
  0xee75,0xee76,0xee75,0xee75,0xee75,0xee76,0xee75,0xee75,0xee75,0xee76,0xee75,0xe655,0xe655,0xee76,0xee75,0xee75,
  0xee55,0xee55,0xee75,0xf696,0xee96,0xf696,0xee75,0xee76,0xee75,0xee76,0xe655,0xee76,0xee75,0xee76,0xee75,0xee96,
  0xee75,0xee96,0xee75,0xee76,0xee55,0xee76,0xee75,0xee76,0xe655,0xee55,0xe655,0xee76,0xee76,0xee76,0xee75,0xee76,
  0xee55,0xee76,0xee55,0xee76,0xee55,0xee76,0xe655,0xee96,0xee75,0xee76,0xee75,0xf696,0xee75,0xee75,0xe675,0xee75,
  0xee75,0xee75,0xe654,0xee55,0xee75,0xee96,0xee75,0xee75,0xee55,0xee75,0xe655,0xee75,0xe655,0xee55,0xe654,0xee75,
  0xee75,0xee96,0xee75,0xee75,0xe655,0xee75,0xe675,0xee75,0xe655,0xee55,0xe655,0xee75,0xee75,0xee75,0xe654,0xee55,
  0xe655,0xee55,0xe655,0xee75,0xe655,0xee55,0xe634,0xe634,0xe634,0xee34,0xddd2,0xe5f2,0xdd91,0xdd91,0xcd2f,0xc4ee,
  0xccee,0xabca,0xbc2b,0xa368,0xa348,0xa36a,0x7225,0x7205,0x8ac8,0x71c4,0x8224,0xa308,0x92e8,0x7a26,0x3880,0x2820,
  0x5142,0x61a4,0x5983,0x5122,0x48c1,0x5943,0x5121,0x4080,0x5100,0x6182,0x92e7,0xabca,0xabea,0xb40a,0xabea,0xabeb,
  0x7a66,0x5943,0x5142,0x5963,0x38a0,0x4942,0x38e1,0x30a1,0x28a2,0x30a2,0x2040,0x82c8,0x92e7,0x9b69,0x8b69,0x51a3,
  0x5183,0xabec,0xabaa,0xb3c9,0xac0a,0xb44b,0xac4c,0xac0b,0x9b47,0x92c5,0xab88,0xaba9,0xa389,0x9b89,0x6a24,0x5982,
  0x5982,0x6163,0x5962,0x6983,0x6182,0x6142,0x6182,0x69c3,0x4a69,0x4248,0x4a68,0x2964,0x1060,0x39a5,0xb594,0xef3a,
  0xe6fa,0xdeb8,0xe6d9,0xdef9,0xded8,0xdef9,0xdef9,0xe6f9,0xded9,0x9cd1,0xb573,0xded9,0xd657,0xc616,0x9cd0,0xc636,
  0xe6f9,0xded8,0xe6f9,0xded8,0xe719,0xe6d9,0xe6f9,0xe6f9,0xef1a,0xef1a,0xef3a,0xef1a,0xef3a,0xe6d9,0xe6f9,0xef1a,
  0xef3a,0xe6f9,0xef1a,0xe6f9,0xef1a,0xef3a,0xef3a,0xef19,0xef3a,0xef19,0xef3a,0xef19,0xef1a,0xef19,0xef19,0xe6f9,
  0xef1a,0xef1a,0xef1a,0xef19,0xef1a,0xef1a,0xef3a,0xef19,0xef1a,0xef1a,0xef1a,0xe6f9,0xeefa,0xef19,0xef1a,0xe6f9,
  0xef1a,0xe6f9,0xef1a,0xef19,0xef1a,0xe6f9,0xef1a,0xef19,0xef19,0xe719,0xef19,0xe719,0xef19,0xef19,0xeef9,0xe6d8,
  0xeef9,0xe6d8,0xeef9,0xe6d8,0xeef9,0xeed9,0xeef9,0xeef9,0xeef9,0xeef9,0xeef9,0xeed8,0xeef9,0xeef9,0xeef9,0xe6f8,
  0xeef9,0xeef8,0xeef9,0xeef8,0xeef9,0xeef9,0xeef9,0xe6d8,0xeed8,0xeed8,0xeed8,0xeef8,0xeef8,0xeef8,0xeef8,0xeef8,
  0xeef8,0xe6d7,0xeef8,0xe6d7,0xeed8,0xe6d7,0xeed8,0xe6d7,0xeef8,0xeed8,0xf6f9,0xf718,0xf6f8,0xeed8,0xeef8,0xeed8,
  0xeeb8,0xeed8,0xf6f8,0xeed8,0xf719,0xe697,0xc572,0xacaf,0xac8f,0xbcf0,0x8309,0x5182,0x8b4a,0xa42d,0xbcd0,0xbcf0,
  0xa42d,0xa44d,0xd592,0xe635,0xee55,0xee75,0xee76,0xe675,0xf6b7,0xee96,0xee76,0xe675,0xee96,0xee76,0xee96,0xe655,
  0xee55,0xee75,0xee76,0xee75,0xee76,0xe655,0xee55,0xe655,0xee76,0xee75,0xee76,0xe655,0xee76,0xee75,0xee96,0xee75,
  0xee96,0xee76,0xee96,0xe655,0xee76,0xee76,0xee76,0xee75,0xee76,0xe655,0xee96,0xee96,0xee76,0xee76,0xee96,0xee96,
  0xee96,0xee75,0xee96,0xee75,0xee96,0xee76,0xee96,0xee76,0xf696,0xee96,0xee96,0xee75,0xf696,0xee96,0xf696,0xee96,
  0xf696,0xee76,0xee76,0xee76,0xf696,0xee76,0xf696,0xee76,0xf696,0xee76,0xf696,0xee76,0xf696,0xee76,0xee96,0xee95,
  0xf696,0xee75,0xee96,0xee95,0xee96,0xee75,0xee96,0xee75,0xf696,0xee75,0xee76,0xee75,0xf696,0xee75,0xf696,0xee75,
  0xee76,0xee55,0xee76,0xee75,0xee75,0xe655,0xee55,0xee75,0xee96,0xee75,0xee75,0xe675,0xee75,0xee75,0xee96,0xee75,
  0xee75,0xee55,0xee76,0xee75,0xee76,0xee75,0xee75,0xee55,0xee76,0xee75,0xee75,0xe655,0xee55,0xee55,0xee55,0xe634,
  0xe614,0xe613,0xee34,0xddd2,0xddb2,0xddb2,0xdd91,0xcd0e,0xbc4c,0xb42b,0xab88,0xbc0b,0xab8a,0x932a,0x5983,0x8ae9,
  0x8a67,0x7982,0xa2e7,0x9ac7,0x8246,0x61c5,0x3040,0x3880,0x6183,0x61a4,0x5983,0x5102,0x5102,0x5122,0x5101,0x5942,
  0x6162,0x7a44,0xa369,0xb3c9,0xb3ea,0xabe9,0xabea,0x9328,0x7205,0x5143,0x5984,0x4923,0x4902,0x4922,0x38c1,0x2040,
  0x38c2,0x2040,0x51a5,0x8ac7,0x9b28,0x9bab,0x8b4a,0x3901,0x6a25,0xb40c,0xbc0b,0xb3ea,0xb40b,0xb42c,0xac2c,0xa3ea,
  0x9b27,0x9b26,0xb3c9,0xa388,0xa369,0x8b08,0x5162,0x59a3,0x61a3,0x5921,0x6983,0x6982,0x6142,0x5942,0x61a4,0x61a4,
  0x4aaa,0x4268,0x3a27,0x5aca,0x0840,0x1081,0x630a,0xd657,0xe6d9,0xe6d9,0xdeb8,0xef5a,0xded8,0xded8,0xded8,0xe6f9,
  0xded9,0xb574,0x94b0,0xce36,0xd698,0xc5f5,0xad73,0xbdb4,0xd6b7,0xded9,0xe6f9,0xe739,0xd6b7,0xe6f9,0xe6f9,0xef1a,
  0xe6f9,0xe6f9,0xe6f9,0xef1a,0xe719,0xe6f9,0xe6f9,0xef1a,0xe6f9,0xe6f9,0xe6f9,0xe6f9,0xe6f9,0xef19,0xe719,0xef1a,
  0xe6f9,0xef1a,0xe719,0xef1a,0xe719,0xef1a,0xe719,0xef1a,0xe719,0xef3a,0xef19,0xef1a,0xe6f9,0xef19,0xef19,0xef1a,
  0xe6f9,0xe6f9,0xe6f9,0xef1a,0xe6f9,0xe6f9,0xe6f9,0xef3a,0xe719,0xef19,0xe719,0xef1a,0xe6f9,0xe6f9,0xe6f9,0xef19,
  0xe719,0xef19,0xe719,0xef19,0xe719,0xef19,0xe6f8,0xeef9,0xe6f8,0xeef9,0xe6f8,0xeef9,0xe6f8,0xef19,0xeef9,0xef19,
  0xeef9,0xeef9,0xe6d8,0xeef9,0xe6d8,0xeef9,0xeef8,0xeef9,0xe6f8,0xeef9,0xeef8,0xeef9,0xeef8,0xeef9,0xeef8,0xeed9,
  0xe6d8,0xeed8,0xeed8,0xeed8,0xe6d8,0xeed8,0xeed8,0xeef8,0xe6d8,0xeed8,0xeed8,0xeef8,0xe6d8,0xeef8,0xeed8,0xeef8,
  0xe6d8,0xeef8,0xeef8,0xeef9,0xeed8,0xeed8,0xe6b7,0xeed8,0xeed8,0xeeb7,0xeed7,0xeeb7,0xe6b7,0xeef8,0xe696,0xd5f5,
  0xc572,0xbd11,0xa42d,0x8b4a,0x9bec,0xbcf0,0xa42d,0xb4af,0xac8e,0xcd92,0xf6b7,0xee96,0xe655,0xeeb6,0xee96,0xee96,
  0xee96,0xee76,0xe655,0xee76,0xe675,0xee96,0xe675,0xee76,0xe655,0xee75,0xee75,0xee96,0xee75,0xee96,0xe655,0xee75,
  0xe655,0xee76,0xe655,0xee75,0xee75,0xee96,0xee75,0xee76,0xee75,0xee96,0xee76,0xee96,0xee75,0xee96,0xee75,0xee76,
  0xee75,0xee96,0xee75,0xee76,0xe655,0xee75,0xee75,0xee96,0xee75,0xee96,0xee96,0xee96,0xee75,0xee76,0xee75,0xee96,
  0xee75,0xee96,0xee75,0xee96,0xee75,0xee96,0xee76,0xf696,0xee96,0xf696,0xee76,0xf696,0xee75,0xee75,0xee75,0xf696,
  0xee76,0xee96,0xee76,0xf696,0xee96,0xf696,0xee96,0xf696,0xee75,0xee75,0xe655,0xee76,0xee75,0xee75,0xe655,0xee76,
  0xee95,0xf696,0xee75,0xee96,0xee95,0xee75,0xee75,0xee96,0xee75,0xee75,0xee75,0xee76,0xee95,0xee75,0xe655,0xee75,
  0xe675,0xee75,0xe655,0xee75,0xe655,0xee75,0xe675,0xee96,0xe675,0xee96,0xee75,0xee75,0xee75,0xee96,0xee75,0xee76,
  0xee75,0xee75,0xe655,0xee75,0xe655,0xee75,0xe654,0xee34,0xe633,0xee34,0xddd2,0xe5f3,0xe5d2,0xddb1,0xd550,0xd52f,
  0xb42b,0xbc4c,0xa389,0xbc2c,0x9328,0x7a46,0x7205,0x7a26,0x7a04,0x9286,0x9ac7,0x92a7,0x7225,0x40a1,0x3020,0x5121,
  0x5983,0x5963,0x5122,0x5102,0x4901,0x48e1,0x48e1,0x69a3,0x69e3,0xa369,0xaba9,0xbc0b,0xabc9,0xb40a,0xa3ca,0x7245,
  0x5982,0x61a4,0x4923,0x40e2,0x4922,0x30a0,0x2860,0x3081,0x30c1,0x2020,0x6a68,0x9308,0x9307,0xa3cb,0x72a8,0x30a0,
  0x8329,0xb40b,0xb40a,0xbc0a,0xac0a,0xb42c,0xac0b,0xa3ca,0x9306,0xb3e9,0xaba8,0xa368,0x8b07,0x7224,0x5162,0x5963,
  0x5962,0x5901,0x69a3,0x6982,0x5100,0x6183,0x6183,0x5102,0x29a6,0x5b4c,0x4248,0x31a6,0x31a5,0x0000,0x3144,0x9cb1,
  0xef3b,0xded9,0xe6fa,0xe6f9,0xe6f9,0xdef8,0xe71a,0xdeb8,0xe6f9,0xd698,0xa512,0xb5b4,0xd677,0xded9,0xbdb4,0xad32,
  0xe6f9,0xe719,0xdeb8,0xe6f9,0xef3a,0xdeb8,0xeef9,0xe6f9,0xe6f9,0xe6d8,0xe6f9,0xe719,0xef3a,0xe6f9,0xef1a,0xe6f9,
  0xe6f9,0xe6d8,0xeefa,0xe6f9,0xe6f9,0xe6f9,0xef19,0xe6f9,0xef1a,0xe719,0xef3a,0xef19,0xef3a,0xef19,0xef1a,0xe719,
  0xef3a,0xef19,0xef1a,0xeef9,0xeef9,0xe6d9,0xef1a,0xef1a,0xef1a,0xe6f9,0xef1a,0xef19,0xeef9,0xe6d9,0xef1a,0xef1a,
  0xef1a,0xe719,0xef1a,0xe719,0xef19,0xe6f9,0xef19,0xef19,0xef19,0xe6f9,0xe6f9,0xe6d8,0xeef9,0xe6f9,0xef19,0xeef9,
  0xef19,0xeef9,0xef19,0xeef9,0xef19,0xeef9,0xef19,0xeef9,0xef19,0xeef9,0xeef9,0xeed9,0xeef9,0xe6f8,0xeef9,0xeef8,
  0xeef9,0xeef8,0xeef9,0xeef9,0xeef9,0xeed8,0xeef9,0xeed8,0xeed8,0xeed8,0xeef9,0xeed8,0xeed8,0xe6d8,0xeed8,0xeed8,
  0xeef8,0xeed8,0xeed8,0xe6d8,0xeef8,0xeed8,0xeef9,0xeef8,0xeef9,0xeef8,0xeed8,0xe6b7,0xeed8,0xeef8,0xeed8,0xe6b7,
  0xeef8,0xeed8,0xf6f8,0xeeb7,0xeeb7,0xeef8,0xf6f8,0xde56,0xcd72,0xcd92,0xcd72,0xb4af,0xbd10,0xcd72,0xcd72,0xb4af,
  0xd5d3,0xe655,0xee76,0xee96,0xee96,0xee76,0xee96,0xee76,0xee76,0xe655,0xee96,0xee96,0xee96,0xee76,0xee96,0xee96,
  0xf696,0xee75,0xf696,0xee96,0xf6b6,0xee96,0xf696,0xee75,0xee76,0xee75,0xee96,0xee76,0xee96,0xee75,0xee76,0xee75,
  0xee76,0xee75,0xf696,0xee76,0xf696,0xee76,0xee76,0xee76,0xee96,0xee76,0xee76,0xee75,0xee76,0xee75,0xf696,0xee76,
  0xee96,0xee96,0xf6b7,0xee96,0xee96,0xee75,0xee76,0xee76,0xee96,0xee75,0xf696,0xee76,0xee76,0xee75,0xee96,0xee96,
  0xf696,0xee76,0xf696,0xee76,0xee76,0xee55,0xf696,0xee76,0xee76,0xee75,0xf696,0xee96,0xf696,0xee76,0xf696,0xee75,
  0xee76,0xe655,0xee75,0xee75,0xf696,0xee75,0xee76,0xee75,0xf696,0xee95,0xee76,0xee75,0xee96,0xee75,0xf696,0xee75,
  0xf696,0xee96,0xf696,0xee96,0xf696,0xee75,0xee76,0xee75,0xee96,0xee75,0xee76,0xee75,0xee75,0xe655,0xee76,0xee75,
  0xee75,0xee75,0xf696,0xee75,0xee96,0xee75,0xf696,0xee75,0xee76,0xee55,0xee75,0xe655,0xee75,0xe654,0xee55,0xe634,
  0xee34,0xee34,0xe5f3,0xddd2,0xddd2,0xd570,0xd530,0xc4ee,0xb44c,0xb42b,0xccae,0xabca,0x8aa7,0x69e4,0x8246,0x6983,
  0x8a66,0xab49,0x9ae8,0x8246,0x7205,0x2800,0x40a1,0x6183,0x61a4,0x5122,0x5122,0x5102,0x5122,0x40c0,0x5922,0x5941,
  0x92c7,0xb3ca,0xb3ca,0xb3ca,0xbc2b,0xbc2b,0x9b48,0x5982,0x5962,0x61c4,0x5144,0x4923,0x38c2,0x30c1,0x2860,0x4102,
  0x3060,0x4102,0x82e9,0x9b49,0x9b48,0xa3cb,0x4942,0x4122,0xa3ec,0xac0b,0xabaa,0xb3ca,0xb40b,0xb42b,0xbc4d,0x9b68,
  0xabc9,0xaba9,0xab89,0x9b48,0x82c6,0x5982,0x61a3,0x5983,0x6163,0x6162,0x71a4,0x5921,0x5942,0x61c4,0x5963,0x2800,
  0x29a5,0x530b,0x4ac9,0x3a07,0x2944,0x10a1,0x0000,0x5288,0xc616,0xef3b,0xded9,0xdeb8,0xded8,0xe6f9,0xdef9,0xe71a,
  0xded8,0xef3a,0xbdf5,0xa4f1,0xbdd5,0xd698,0xc635,0xa511,0xb593,0xef3a,0xef3a,0xded8,0xdef9,0xe6f9,0xe6d8,0xe6f9,
  0xe6f9,0xef19,0xe6f9,0xef19,0xe719,0xef1a,0xe6f9,0xe6f9,0xe6d9,0xe6f9,0xe6f9,0xe6f9,0xe6d9,0xe6f9,0xe6d8,0xe6f9,
  0xe6f9,0xef1a,0xe719,0xef1a,0xe719,0xef1a,0xe719,0xef1a,0xe6f9,0xeef9,0xe6f9,0xef1a,0xe6f9,0xe6f9,0xe6f9,0xef19,
  0xe6f9,0xeef9,0xe6f9,0xeef9,0xe6f9,0xef1a,0xe6f9,0xef1a,0xe719,0xef19,0xe6f9,0xef19,0xe6f9,0xe6f9,0xe6f9,0xef1a,
  0xef19,0xef19,0xdeb8,0xe6d8,0xe6f8,0xef19,0xe6f9,0xef19,0xe6f9,0xeef9,0xe6f8,0xeef9,0xe6f8,0xeef9,0xeef9,0xeef9,
  0xeef9,0xeef9,0xeef9,0xeef9,0xe6d8,0xeef9,0xe6d8,0xeef8,0xe6d8,0xeef9,0xe6d8,0xeef8,0xe6b8,0xeed8,0xe6d8,0xeef8,
  0xe6d8,0xeef9,0xeed8,0xeed8,0xe6b7,0xeed8,0xe6d7,0xeed8,0xe6d8,0xeef8,0xe6d7,0xe6d8,0xe6d8,0xeed8,0xe6d8,0xeed8,
  0xe6b7,0xeed8,0xe6b7,0xe697,0xe6b7,0xf719,0xe6d8,0xeed7,0xeed7,0xeed8,0xe6b7,0xeed8,0xeed7,0xeed8,0xeed7,0xeed8,
  0xe696,0xd5b3,0xd5f4,0xcdb3,0xc572,0xe635,0xbd31,0xcd92,0xee76,0xe656,0xe676,0xe676,0xee96,0xee76,0xee96,0xee76,
  0xe675,0xee76,0xee76,0xeeb6,0xee96,0xee76,0xe675,0xee96,0xee75,0xee96,0xee75,0xee96,0xee95,0xee76,0xe675,0xee76,
  0xe655,0xee76,0xee75,0xee96,0xee75,0xee76,0xe655,0xee75,0xe655,0xee76,0xee75,0xee75,0xee75,0xee76,0xe675,0xee76,
  0xee75,0xee76,0xe655,0xee76,0xee76,0xf696,0xee75,0xee96,0xee75,0xee76,0xee75,0xee96,0xee75,0xee76,0xee75,0xee96,
  0xee76,0xee76,0xee75,0xee96,0xee75,0xee75,0xe655,0xee76,0xee75,0xee76,0xee75,0xee76,0xee55,0xee76,0xee75,0xee96,
  0xee75,0xee76,0xee76,0xf696,0xee96,0xf696,0xee75,0xee75,0xee75,0xee75,0xe675,0xee96,0xee75,0xee96,0xee95,0xee96,
  0xee95,0xee96,0xee75,0xee75,0xee75,0xee75,0xe675,0xee96,0xee75,0xee96,0xee75,0xee75,0xee75,0xee76,0xee75,0xee96,
  0xee75,0xee76,0xe655,0xee95,0xe675,0xee75,0xe675,0xe675,0xe655,0xee76,0xee75,0xee96,0xee75,0xee76,0xee55,0xee75,
  0xe655,0xee55,0xe654,0xee75,0xe654,0xee55,0xe634,0xee34,0xe613,0xe613,0xe613,0xe5d2,0xd591,0xe5d2,0xd550,0xbc8d,
  0xbc6c,0xccce,0xabeb,0x8286,0x69c3,0x7a25,0x7a24,0x9b08,0x9ae7,0x9ae8,0x92c8,0x8287,0x40c1,0x3020,0x5142,0x61a4,
  0x5142,0x4901,0x4901,0x5122,0x48e1,0x5101,0x48c0,0x7a45,0xa38a,0xabaa,0xabc9,0xab89,0xbc2b,0xb3eb,0x7a45,0x5982,
  0x5982,0x5983,0x4142,0x4123,0x30a1,0x30a2,0x3080,0x38a2,0x2000,0x61e5,0x8b29,0x9308,0x9348,0x936a,0x2020,0x6225,
  0xa3cb,0xb40b,0xaba9,0xb3ca,0xb40b,0xb44c,0xa3ea,0xa389,0xb40a,0xa389,0x9b69,0x9b69,0x6a04,0x5942,0x59a3,0x61a3,
  0x5941,0x69a3,0x6162,0x5901,0x5962,0x61a4,0x40c1,0x2000,0x4aca,0x42a9,0x52eb,0x636c,0x2965,0x1902,0x0820,0x2123,
  0x83ce,0xe6d9,0xdeb9,0xe6f9,0xe6f9,0xe6f9,0xded9,0xe71a,0xe6fa,0xe6f9,0xded9,0xad32,0xc616,0xbdf5,0xe6f9,0xb593,
  0xce36,0xded8,0xe6f9,0xe719,0xe6f9,0xe6f9,0xe6f9,0xe6d9,0xef1a,0xef19,0xef1a,0xe6f9,0xef1a,0xe6f9,0xef1a,0xe6f9,
  0xef1a,0xe6f9,0xe6f9,0xe6f9,0xe6f9,0xe6d9,0xe6f9,0xe6f9,0xef1a,0xe719,0xef19,0xe6f9,0xef1a,0xe6f9,0xef1a,0xef19,
  0xef1a,0xe6f9,0xef3a,0xef3a,0xef3a,0xe6f9,0xef1a,0xe6f9,0xeef9,0xe6d9,0xe6f9,0xe6f9,0xef1a,0xef1a,0xef3a,0xef19,
  0xef1a,0xe719,0xef1a,0xe719,0xef1a,0xe719,0xef3a,0xef19,0xf73a,0xef19,0xe6d8,0xdeb8,0xef19,0xef19,0xef19,0xeef9,
  0xef19,0xeef9,0xef19,0xeef9,0xeef9,0xeef9,0xef19,0xeef9,0xf71a,0xef19,0xf71a,0xeef9,0xef19,0xeef8,0xeef9,0xeef8,
  0xeef9,0xeef8,0xeef9,0xeed8,0xeed8,0xeed8,0xeef9,0xeef8,0xeef9,0xeef9,0xf719,0xeef8,0xeef9,0xeed8,0xeef8,0xeed8,
  0xeef8,0xeed8,0xeef8,0xeed8,0xeef8,0xeed8,0xeed8,0xe6b7,0xe6b8,0xe6b7,0xeed8,0xe697,0xeef8,0xf719,0xf6f9,0xeed8,
  0xeed8,0xeeb7,0xeeb8,0xeed7,0xf6f8,0xe6b7,0xe6b7,0xeed7,0xeeb7,0xeeb7,0xee97,0xe656,0xe656,0xee76,0xee96,0xeeb7,
  0xe656,0xf6b7,0xee97,0xe675,0xf6b7,0xeeb7,0xee96,0xeeb6,0xf6b7,0xee96,0xee96,0xee96,0xee96,0xe675,0xee96,0xee75,
  0xee96,0xee75,0xee96,0xee75,0xee96,0xee75,0xee96,0xee75,0xee76,0xee76,0xee96,0xee96,0xf696,0xee76,0xee96,0xee75,
  0xee76,0xee75,0xee96,0xe655,0xee76,0xee75,0xee76,0xee75,0xee96,0xee75,0xee76,0xee76,0xf696,0xee96,0xf696,0xee75,
  0xee76,0xee76,0xf696,0xee96,0xf696,0xee96,0xf6b6,0xee96,0xf6b7,0xee96,0xf696,0xee96,0xee96,0xee75,0xee76,0xee75,
  0xf696,0xee76,0xee76,0xee75,0xee76,0xee55,0xf696,0xee76,0xf696,0xee76,0xf696,0xee96,0xf696,0xee76,0xf696,0xee95,
  0xf696,0xee75,0xee96,0xee75,0xee75,0xee75,0xf696,0xee75,0xf696,0xee75,0xee96,0xee95,0xf6b6,0xee75,0xee96,0xee75,
  0xee96,0xee75,0xee75,0xe655,0xee76,0xee75,0xee96,0xee75,0xf696,0xee75,0xee75,0xee75,0xee96,0xe675,0xee96,0xe675,
  0xee76,0xee75,0xf696,0xee95,0xee96,0xee75,0xee75,0xee55,0xee55,0xee55,0xee75,0xee75,0xee75,0xee55,0xee55,0xe634,
  0xee55,0xee34,0xe5d3,0xe5f2,0xee13,0xd570,0xc4ce,0xbc8d,0xccce,0xbc8d,0x9b8a,0x82e7,0x8ac8,0x71e3,0x9285,0xab49,
  0xa328,0x92e8,0x82a8,0x6a06,0x2820,0x4902,0x61c5,0x5983,0x5122,0x48e1,0x5122,0x5121,0x5101,0x48c0,0x5921,0x9b49,
  0xbc4d,0xabaa,0xb3ca,0xbc2b,0xbc0b,0x9b08,0x7204,0x61a2,0x61c4,0x4962,0x4943,0x30c1,0x30a2,0x2020,0x4123,0x2840,
  0x38a1,0x7265,0x9b69,0x9348,0x9b8a,0x61e4,0x3081,0x8b6a,0xb44d,0xabeb,0xbc0b,0xb3ea,0xbc4c,0xb40b,0x9b48,0xabea,
  0xaba9,0xa3a9,0xa3ab,0x8ae7,0x5982,0x5121,0x6183,0x6183,0x6142,0x6182,0x6142,0x5942,0x61a4,0x5122,0x3060,0x30a0,
  0x3a68,0x530a,0x3a68,0x3a28,0x52c9,0x2123,0x1081,0x1081,0x39c5,0x9cb1,0xe6d9,0xe6d9,0xded8,0xe6f9,0xe6d9,0xe6d9,
  0xdef9,0xe71a,0xd6b8,0xded9,0xb594,0xc616,0xdef9,0xc616,0xc615,0xe719,0xe719,0xef3a,0xd6b8,0xef19,0xded8,0xe6d9,
  0xded8,0xe6f9,0xe6d9,0xe6f9,0xe6f9,0xe719,0xe6f9,0xef19,0xe719,0xef1a,0xe6f9,0xe6f9,0xe6f9,0xe6f9,0xe6f9,0xef1a,
  0xe6f9,0xe6f9,0xe6d8,0xe6f9,0xe6f9,0xe719,0xe719,0xef3a,0xe719,0xe6f9,0xe6f9,0xf73a,0xef1a,0xef1a,0xe6f9,0xe6f9,
  0xded8,0xe6f9,0xe6f9,0xef1a,0xef19,0xef1a,0xe6f9,0xeef9,0xe719,0xef19,0xe6f9,0xef1a,0xe6f9,0xe719,0xe719,0xef19,
  0xef19,0xef1a,0xded8,0xe6d8,0xe6f8,0xe6f9,0xe6f9,0xef19,0xe6f8,0xef19,0xeef9,0xef19,0xe6f9,0xef19,0xeef9,0xeef9,
  0xeef9,0xef19,0xeef9,0xeef9,0xe6d8,0xeef9,0xeef8,0xef19,0xeef8,0xeef8,0xeed8,0xeed8,0xe6d8,0xeef8,0xeed8,0xeef9,
  0xeed8,0xeef8,0xeed8,0xf719,0xeef8,0xeef9,0xeef8,0xeef8,0xeed8,0xeef8,0xeef8,0xf719,0xeef8,0xeef8,0xe6d8,0xeed8,
  0xe6b7,0xe6d8,0xe6d8,0xeef8,0xeef8,0xeef8,0xe6d8,0xeed8,0xeed8,0xf6f8,0xeef8,0xe697,0xe6b7,0xeed8,0xe696,0xeed8,
  0xe6b7,0xeed7,0xeeb7,0xeeb7,0xe676,0xeeb7,0xee96,0xeeb7,0xe696,0xee96,0xee96,0xee76,0xeeb6,0xeeb6,0xeeb6,0xf6d7,
  0xee96,0xee96,0xee76,0xee96,0xee96,0xee96,0xee76,0xee76,0xee75,0xee96,0xee96,0xee96,0xe655,0xee75,0xee75,0xee96,
  0xee75,0xee96,0xee76,0xee96,0xee75,0xee96,0xee75,0xee96,0xee75,0xee75,0xe655,0xee76,0xee75,0xee76,0xe655,0xee76,
  0xee75,0xee96,0xee75,0xee96,0xee75,0xee76,0xe655,0xee75,0xee75,0xee96,0xee76,0xf696,0xee96,0xf6b6,0xee96,0xee96,
  0xee75,0xee76,0xee75,0xee76,0xee75,0xee96,0xee75,0xee76,0xee75,0xee55,0xe655,0xee76,0xee75,0xee76,0xee76,0xee76,
  0xee75,0xee76,0xee75,0xee76,0xee75,0xee76,0xee75,0xee96,0xee75,0xee75,0xee75,0xee96,0xee75,0xee75,0xee75,0xee75,
  0xee75,0xee96,0xe655,0xee55,0xe675,0xee96,0xee75,0xee75,0xee75,0xee96,0xee75,0xee76,0xee75,0xee96,0xee75,0xee75,
  0xe675,0xee75,0xee75,0xee75,0xe654,0xe675,0xe675,0xee96,0xe675,0xee75,0xee95,0xf696,0xe675,0xee75,0xe655,0xee55,
  0xe655,0xee75,0xe654,0xee75,0xe675,0xee74,0xe634,0xee34,0xe634,0xee34,0xddd2,0xddd2,0xd570,0xbcae,0xb44c,0xc4ce,
  0xbc6c,0xa3ca,0x7ac7,0x7246,0x61c3,0x71c3,0xa327,0x9aa6,0xa328,0x92e9,0x7247,0x40c2,0x3080,0x61a4,0x61a4,0x5963,
  0x4901,0x4901,0x5121,0x5121,0x48c0,0x5100,0x7a65,0xabaa,0xabca,0xb3eb,0xb40a,0xbc2b,0xa348,0x8245,0x69c3,0x5942,
  0x4921,0x4982,0x4163,0x30a1,0x1820,0x2882,0x4103,0x2000,0x4922,0x9348,0x9347,0x9b89,0x8b29,0x38a0,0x4921,0xb44d,
  0xac2c,0xb40b,0xabea,0xbc2b,0xb40a,0xabca,0xa389,0xabaa,0xa368,0x9b89,0x9b8a,0x6a05,0x40e0,0x5962,0x5962,0x5941,
  0x6162,0x6162,0x5101,0x5942,0x5963,0x40e1,0x2840,0x5164,0x42a9,0x4ac9,0x530b,0x29a5,0x4248,0x39c6,0x2124,0x1060,
  0x18c2,0x6b2b,0xcdf6,0xde98,0xe6d9,0xe6d9,0xe6f9,0xdef9,0xe6f9,0xdef9,0xef1a,0xe6f9,0xd677,0xad32,0xc5f5,0xdef9,
  0xc5f5,0xb5b4,0xe6f9,0xdeb8,0xef5b,0xe719,0xef1a,0xe6f9,0xe6f9,0xe6f9,0xe6f9,0xe6d9,0xe6f9,0xe6d9,0xeef9,0xe719,
  0xef3a,0xe719,0xef1a,0xe6f9,0xe6f9,0xe6f9,0xeef9,0xe719,0xef1a,0xe6f9,0xef1a,0xe6f9,0xef1a,0xe6f9,0xef1a,0xef1a,
  0xef3a,0xe6f9,0xef1a,0xef1a,0xf73a,0xef1a,0xef1a,0xe6f9,0xeef9,0xe6f9,0xef1a,0xef1a,0xef1a,0xef19,0xeefa,0xe6f9,
  0xef1a,0xe719,0xef1a,0xef1a,0xef3a,0xe719,0xef3a,0xef19,0xef3a,0xef19,0xeef9,0xe6f9,0xef19,0xe6f9,0xef19,0xe6f9,
  0xeef9,0xe6f9,0xef19,0xef19,0xef1a,0xeef9,0xef1a,0xeef9,0xeef9,0xeef9,0xeef9,0xeed9,0xeef9,0xef19,0xef19,0xeef9,
  0xeef9,0xe6f8,0xeef9,0xeed8,0xeed8,0xeef8,0xf6f9,0xeef9,0xeef9,0xe6b8,0xeed9,0xeef8,0xf719,0xef19,0xf719,0xeed8,
  0xeef8,0xeef8,0xf719,0xef19,0xf719,0xeef8,0xeef9,0xeed8,0xeef9,0xeed8,0xeef9,0xeef8,0xf6f9,0xeef8,0xeef8,0xeed8,
  0xeef8,0xeed8,0xeef8,0xe697,0xeeb7,0xeeb7,0xeeb7,0xeeb7,0xeed8,0xeef8,0xee97,0xeeb7,0xf6d8,0xe696,0xee96,0xee96,
  0xeeb7,0xe655,0xeeb7,0xeeb7,0xee96,0xeeb6,0xf6d8,0xee96,0xf6b7,0xee96,0xf697,0xee96,0xf6b7,0xeeb6,0xee96,0xee76,
  0xf696,0xee96,0xf696,0xee76,0xee76,0xee75,0xee96,0xee76,0xee76,0xe655,0xee76,0xee75,0xee76,0xee76,0xf696,0xee76,
  0xee96,0xee75,0xee76,0xee76,0xee96,0xee75,0xee76,0xee76,0xf696,0xee96,0xf696,0xee75,0xee76,0xe655,0xee76,0xee55,
  0xee76,0xee76,0xee96,0xee76,0xf696,0xee96,0xf6b7,0xee96,0xee96,0xee75,0xee76,0xee75,0xee76,0xee76,0xf696,0xee76,
  0xee76,0xe635,0xee55,0xee75,0xf696,0xee76,0xf697,0xee96,0xf696,0xee76,0xf696,0xee76,0xee76,0xee75,0xf696,0xee75,
  0xee96,0xee75,0xf696,0xee96,0xf696,0xee75,0xf696,0xee76,0xf696,0xee75,0xee75,0xe655,0xee55,0xee75,0xee75,0xee55,
  0xee96,0xee95,0xf6b6,0xf696,0xee96,0xee75,0xee75,0xe655,0xee75,0xe655,0xee75,0xe675,0xee75,0xe675,0xee96,0xee75,
  0xee96,0xee75,0xf696,0xee75,0xee76,0xe655,0xee55,0xee55,0xee76,0xee55,0xee75,0xee75,0xee75,0xee54,0xee54,0xe634,
  0xe634,0xddf2,0xee13,0xddb1,0xcd30,0xc4ee,0xcd10,0xbc8d,0xac0b,0x9b69,0x7ac8,0x7a87,0x5983,0x92e7,0xb369,0x9ac6,
  0xab8a,0x8287,0x59a5,0x2000,0x4923,0x61c5,0x61a5,0x5963,0x5102,0x5121,0x5942,0x4900,0x48c0,0x61a2,0x9b49,0xabaa,
  0xabcb,0xb40b,0xbc2c,0xabaa,0x92e7,0x71c4,0x69c4,0x48e0,0x40e0,0x51c3,0x4122,0x2080,0x1800,0x38e3,0x38a2,0x2820,
  0x7205,0xa3a9,0xa388,0x9369,0x7aa7,0x3060,0x8ae8,0xb44c,0xac0b,0xb40b,0xb40b,0xb42b,0xb40b,0xa389,0xbc2b,0xa389,
  0xab89,0x9b49,0x8b09,0x5142,0x5121,0x6183,0x6162,0x5921,0x69a3,0x5941,0x5922,0x5122,0x5984,0x3080,0x3081,0x51a5,
  0x3a88,0x42c9,0x530a,0x52ea,0x29a5,0x31a6,0x39e6,0x18a2,0x0020,0x4a07,0x83ee,0xe6d9,0xdeb8,0xe6d9,0xdeb8,0xe719,
  0xe6f9,0xded9,0xdef9,0xef3a,0xe6f9,0xbdb4,0xad52,0xe719,0xce57,0x9cb0,0xce77,0xef5b,0xded8,0xef19,0xe6f9,0xe719,
  0xe6f9,0xe6f9,0xe6f9,0xe719,0xdeb8,0xe6d9,0xe6d8,0xe6f9,0xe6f9,0xe6f9,0xe719,0xe6f9,0xe6d9,0xe6f9,0xe6d8,0xef19,
  0xe719,0xef1a,0xe719,0xef1a,0xe6f9,0xef19,0xe6f9,0xef19,0xe6f9,0xef3a,0xef1a,0xef1a,0xef1a,0xef1a,0xe6f9,0xe6fa,
  0xef1a,0xe6f9,0xe6f9,0xeefa,0xe6f9,0xef1a,0xe6f9,0xeefa,0xe6f9,0xef19,0xe719,0xef3a,0xef3a,0xef3a,0xe719,0xef3a,
  0xef19,0xef19,0xe6f8,0xe6f9,0xef19,0xef1a,0xe719,0xef19,0xe6f9,0xeef9,0xe6f8,0xe6f9,0xe6f8,0xeef9,0xe6f9,0xef19,
  0xe6f9,0xeef9,0xe6f8,0xeef9,0xeef9,0xef19,0xe6d8,0xeef9,0xeef9,0xeef9,0xeed8,0xeef9,0xeed8,0xeef9,0xeef9,0xeef9,
  0xeed8,0xeed9,0xe6d8,0xeed8,0xeed8,0xeef9,0xeed8,0xeed8,0xe6d7,0xeef8,0xeef8,0xeef8,0xeef8,0xeef9,0xeed8,0xeef8,
  0xeef8,0xeef9,0xeed8,0xeed8,0xeeb8,0xeef8,0xeef8,0xeef8,0xeed8,0xeed8,0xeed7,0xeed8,0xeeb7,0xeed8,0xe6b7,0xeed8,
  0xeeb7,0xeeb8,0xeed7,0xeeb7,0xe696,0xeeb7,0xeeb7,0xeeb7,0xe696,0xee97,0xe696,0xee96,0xee96,0xee97,0xe676,0xee96,
  0xee76,0xee97,0xee96,0xeeb6,0xee96,0xf6b6,0xe675,0xee76,0xee76,0xf696,0xe675,0xee76,0xee76,0xf696,0xee76,0xee76,
  0xe655,0xee56,0xe655,0xee76,0xe655,0xee76,0xee75,0xee76,0xee76,0xf696,0xee75,0xee56,0xe655,0xee76,0xee75,0xee76,
  0xee75,0xee76,0xe655,0xee76,0xe655,0xee76,0xee75,0xee76,0xe655,0xee56,0xe675,0xee75,0xe655,0xee76,0xee96,0xf6b6,
  0xee96,0xee96,0xee96,0xee96,0xee75,0xee76,0xe675,0xee76,0xe655,0xee76,0xee75,0xee76,0xee75,0xee76,0xee76,0xf696,
  0xee75,0xee76,0xee75,0xee76,0xe655,0xee76,0xee75,0xee76,0xee75,0xee76,0xee75,0xee76,0xee75,0xf696,0xee95,0xee96,
  0xee55,0xee75,0xee55,0xee75,0xe655,0xee75,0xe655,0xee75,0xe655,0xee75,0xee75,0xf696,0xee75,0xee96,0xe655,0xee75,
  0xe655,0xee75,0xe654,0xee75,0xee75,0xee96,0xe675,0xee96,0xee95,0xf696,0xee75,0xee75,0xe655,0xee75,0xe655,0xee55,
  0xe635,0xee55,0xe654,0xee55,0xe654,0xee55,0xe634,0xe634,0xe613,0xee14,0xddb2,0xe5d2,0xe5b2,0xd550,0xc4ef,0xb42c,
  0xabeb,0x82a7,0x6a45,0x7246,0x7245,0xa348,0xa306,0xab28,0x9ae7,0x7226,0x2860,0x2861,0x5163,0x61a4,0x5163,0x5963,
  0x48e1,0x5963,0x5101,0x48e0,0x5921,0x8aa6,0x9b48,0xabaa,0xb40b,0xb3eb,0xb3ea,0xabaa,0x7a25,0x71c5,0x5963,0x48e1,
  0x4942,0x59e4,0x28a0,0x1840,0x2881,0x38e3,0x2020,0x40e2,0x8b28,0xa388,0xa3a8,0x9baa,0x59a3,0x40e1,0xb46d,0xb42c,
  0xb42c,0xb42c,0xb42b,0xb40b,0xabc9,0xaba9,0xaba9,0xb3ca,0x9b68,0x9349,0x61e4,0x4901,0x5962,0x6183,0x5121,0x6182,
  0x6162,0x5101,0x5942,0x5984,0x4902,0x2840,0x38c1,0x4964,0x4288,0x42a9,0x4aa9,0x52ea,0x4248,0x31e6,0x39e7,0x2123,
  0x0840,0x0840,0x5aa9,0xc5f6,0xe6d9,0xe6d9,0xe719,0xe6f9,0xe6f9,0xded8,0xded9,0xe6f9,0xe71a,0xe719,0xbdb4,0xb593,
  0xd698,0xc616,0xb573,0xe71a,0xe6f9,0xe6f9,0xe6f9,0xe6f9,0xeef9,0xe6f9,0xef19,0xe6f9,0xef1a,0xe6f9,0xe6f9,0xe6d9,
  0xe6d9,0xe6d9,0xef19,0xe6f9,0xeefa,0xe6f9,0xef1a,0xe719,0xef3a,0xe719,0xef3a,0xef1a,0xef1a,0xe6f9,0xef1a,0xe6f9,
  0xef1a,0xe6f9,0xe6f9,0xe6d9,0xeefa,0xe6f9,0xeefa,0xe6f9,0xef1a,0xeefa,0xef1a,0xe6f9,0xef1a,0xe6f9,0xeefa,0xe6f9,
  0xef3a,0xef1a,0xef1a,0xef19,0xef3a,0xef1a,0xef3a,0xef19,0xef1a,0xe6f9,0xeef9,0xe6f9,0xef3a,0xef1a,0xef3a,0xef19,
  0xef1a,0xe6f9,0xeef9,0xe6f8,0xeef9,0xe6f9,0xef19,0xeef9,0xef19,0xeef9,0xeef9,0xeef9,0xef19,0xeef9,0xeed9,0xe6d8,
  0xeef9,0xeef9,0xeef9,0xeef9,0xf71a,0xeef9,0xeed9,0xeed8,0xf719,0xeef9,0xeef9,0xeed8,0xeef9,0xeed8,0xeef9,0xeef9,
  0xf719,0xeef9,0xeef9,0xeed8,0xf719,0xeef9,0xf719,0xeef8,0xeef9,0xeed8,0xeef9,0xe6d8,0xeed8,0xeed8,0xeed8,0xeed8,
  0xeef8,0xeed8,0xeef8,0xeed8,0xeed8,0xeeb7,0xeed8,0xeeb7,0xeed8,0xeed8,0xeef8,0xeed7,0xeed7,0xeeb7,0xeeb7,0xee96,
  0xeeb7,0xeeb7,0xf6d7,0xeeb7,0xeeb7,0xee96,0xee97,0xee96,0xee97,0xee96,0xf6b7,0xee96,0xee96,0xee96,0xee96,0xee96,
  0xf6b7,0xf6b6,0xf6b6,0xee96,0xf696,0xee76,0xf696,0xee96,0xf6b7,0xee76,0xf696,0xee76,0xee76,0xee76,0xee76,0xee55,
  0xee76,0xee76,0xee76,0xe635,0xee76,0xee76,0xf696,0xee76,0xee76,0xe655,0xee76,0xee75,0xee76,0xee76,0xf696,0xee76,
  0xee76,0xee55,0xee76,0xee75,0xee76,0xee55,0xee96,0xf6b6,0xf6b7,0xee96,0xf696,0xee96,0xf696,0xee76,0xee75,0xe655,
  0xf696,0xee76,0xf696,0xee76,0xf696,0xee76,0xf696,0xee96,0xf696,0xee96,0xf696,0xee76,0xee76,0xee76,0xf696,0xee75,
  0xee76,0xee55,0xee75,0xee75,0xf696,0xf696,0xf696,0xee75,0xee75,0xee55,0xee75,0xee55,0xee96,0xee75,0xee76,0xee75,
  0xee76,0xee75,0xf696,0xee96,0xf696,0xee96,0xee96,0xee75,0xee96,0xee96,0xee76,0xee75,0xee96,0xee75,0xee96,0xee95,
  0xf696,0xee96,0xf696,0xee75,0xee76,0xe655,0xee55,0xe655,0xee76,0xee55,0xee55,0xe654,0xee55,0xee34,0xee54,0xe634,
  0xee34,0xee13,0xe5d3,0xddb2,0xdd92,0xc4ef,0xb42c,0xb42c,0x9328,0x7204,0x7225,0x7a66,0xa36a,0xa369,0xab68,0xa328,
  0x8266,0x4902,0x2820,0x5184,0x61c5,0x5143,0x5963,0x5142,0x5943,0x5101,0x5101,0x48e0,0x8ac7,0xa3aa,0xa3aa,0xabaa,
  0xb3eb,0xb40c,0xb3ec,0x92e8,0x69c4,0x61a4,0x5122,0x40e1,0x59a4,0x4102,0x2860,0x1800,0x3923,0x38c2,0x2840,0x6a05,
  0xa38a,0x9b48,0xabc9,0x93aa,0x4101,0x61e3,0xb42b,0xb3ea,0xbc2b,0xb42b,0xb42b,0xb42b,0xabaa,0xb3ca,0xaba9,0xaba9,
  0xa38a,0x7a86,0x59a4,0x5983,0x5963,0x5921,0x5921,0x6182,0x5942,0x5121,0x61a4,0x5163,0x3060,0x3060,0x4943,0x4122,
  0x3a67,0x4ac9,0x3a68,0x4268,0x4268,0x3a28,0x3a07,0x4228,0x10a1,0x0840,0x18c2,0x83cd,0xdeb9,0xe6fa,0xded8,0xded8,
  0xded8,0xded9,0xded8,0xded9,0xdef9,0xe71a,0xd677,0xc5f5,0xce56,0xbdd4,0xc5f5,0xe6f9,0xef5a,0xe6f9,0xe6f9,0xef1a,
  0xe6f9,0xe6f9,0xe6d9,0xe6f9,0xe6f9,0xe6f9,0xe6f9,0xe6f9,0xded8,0xe6f9,0xe6f9,0xe6f9,0xe6d9,0xe6f9,0xe6f9,0xef1a,
  0xe6f9,0xe71a,0xe6f9,0xef1a,0xe6f9,0xe6f9,0xe6f9,0xef1a,0xe719,0xe6fa,0xdeb8,0xe6d9,0xe6d9,0xeefa,0xe6f9,0xef1a,
  0xe719,0xe6f9,0xe6f9,0xeefa,0xe6f9,0xeefa,0xe6f9,0xef1a,0xef1a,0xef3a,0xef1a,0xef1a,0xe719,0xef1a,0xe719,0xef1a,
  0xe6f9,0xef19,0xe6f9,0xef19,0xe719,0xef3a,0xe6f9,0xef19,0xe6f9,0xef19,0xe6f8,0xeef9,0xe6f9,0xef19,0xe6f9,0xef19,
  0xe6f9,0xeef9,0xe6f8,0xeef9,0xe6f9,0xeef9,0xe6d8,0xeef9,0xe6d8,0xeef9,0xe6d8,0xeef9,0xeef9,0xeed8,0xe697,0xe6b8,
  0xe6d8,0xeed9,0xe6b8,0xeef9,0xeef8,0xeef8,0xeed8,0xf719,0xef19,0xeef9,0xeed8,0xeef9,0xeed8,0xeef9,0xeed8,0xeef9,
  0xeef8,0xeef9,0xeef8,0xeed9,0xe6d8,0xeed8,0xeeb8,0xeef8,0xeed8,0xeef8,0xeed8,0xeed8,0xe6b7,0xeed8,0xe6b7,0xeed8,
  0xe6b7,0xeed8,0xeed7,0xeed8,0xe6b6,0xeeb7,0xe696,0xeeb7,0xeeb7,0xf6d7,0xeeb7,0xeeb7,0xee96,0xee97,0xee96,0xeeb7,
  0xee76,0xee96,0xee96,0xf6b7,0xee96,0xee96,0xee76,0xee96,0xee96,0xf6b6,0xee96,0xf696,0xee96,0xee96,0xee76,0xee76,
  0xee75,0xee76,0xee76,0xf696,0xee76,0xee96,0xee55,0xee76,0xee75,0xee76,0xe635,0xee56,0xee75,0xee96,0xee76,0xee76,
  0xe655,0xee76,0xee75,0xee76,0xee75,0xee76,0xee76,0xee76,0xe655,0xee55,0xe655,0xee76,0xee75,0xee76,0xee75,0xee96,
  0xee96,0xee76,0xee75,0xee76,0xee75,0xee76,0xe655,0xee55,0xee75,0xee76,0xee75,0xee76,0xee55,0xee76,0xee75,0xee76,
  0xee75,0xf696,0xee96,0xee76,0xee55,0xee76,0xee75,0xee75,0xe655,0xee55,0xee55,0xee76,0xee75,0xf696,0xee75,0xee75,
  0xe654,0xee55,0xee55,0xee76,0xee75,0xee96,0xee75,0xee76,0xee75,0xee96,0xee75,0xf696,0xee75,0xee75,0xe655,0xee75,
  0xee75,0xee96,0xe655,0xee96,0xe675,0xee75,0xe675,0xee75,0xe675,0xee75,0xee75,0xee76,0xe675,0xee75,0xe655,0xee55,
  0xe655,0xee75,0xe654,0xee54,0xe634,0xee34,0xe634,0xee34,0xe613,0xe5f3,0xddb2,0xddb2,0xd571,0xc4cf,0xac2c,0xabcb,
  0x7a65,0x69e4,0x7a86,0x9b49,0xa369,0x9b28,0x9b28,0x92e8,0x61a3,0x3880,0x38a1,0x6a47,0x5183,0x4901,0x5983,0x5102,
  0x5122,0x5101,0x48c0,0x69c3,0xa3aa,0xa3a9,0xabca,0xabca,0xabea,0xb42c,0x9b69,0x7a46,0x6183,0x5983,0x38a0,0x4923,
  0x4122,0x30a1,0x1800,0x2881,0x30c1,0x30a0,0x38c1,0x8b09,0x9b49,0x9b68,0xaba9,0x82e7,0x3080,0x8b07,0xb40a,0xb3e9,
  0xb40a,0xbc4b,0xac0b,0xb42b,0xaba9,0xaba9,0xaba9,0xa369,0x9348,0x61a3,0x5142,0x61a4,0x5141,0x5921,0x5941,0x6162,
  0x5121,0x5983,0x5984,0x4902,0x2000,0x3881,0x4901,0x5163,0x21a5,0x42a9,0x4aca,0x3207,0x5b0b,0x4aaa,0x4228,0x31a6,
  0x3185,0x1061,0x1060,0x3984,0xb554,0xef1a,0xdeb8,0xded8,0xe6f9,0xe719,0xe71a,0xded9,0xe6f9,0xe719,0xef5b,0xc5f5,
  0xbdb4,0xce77,0xbdb5,0xd677,0xe6f9,0xded8,0xe6f9,0xe6f9,0xef1a,0xe719,0xef1a,0xe6f9,0xef19,0xe6f9,0xef1a,0xe6f9,
  0xe6f9,0xe6f9,0xef1a,0xe6f9,0xe6fa,0xe6f9,0xef1a,0xef1a,0xef3a,0xef1a,0xef1a,0xe6f9,0xe6fa,0xe6f9,0xef1a,0xef1a,
  0xef3a,0xe719,0xeefa,0xe6f9,0xeefa,0xe6f9,0xef1a,0xeefa,0xef1a,0xef1a,0xef1a,0xef1a,0xef1a,0xef1a,0xef3a,0xef1a,
  0xef3a,0xef1a,0xef3a,0xef3a,0xef3a,0xe719,0xef1a,0xef19,0xef1a,0xe6f9,0xeef9,0xe6f9,0xef1a,0xef19,0xef19,0xe719,
  0xef19,0xe719,0xef19,0xef19,0xef19,0xef19,0xef19,0xef19,0xef19,0xeef9,0xef19,0xeef9,0xef19,0xeef9,0xeef9,0xeef9,
  0xeef9,0xe6d8,0xeef9,0xeef9,0xeef9,0xe6d8,0xeed8,0xe6b8,0xeed9,0xe6b8,0xeeb8,0xeed8,0xeef9,0xeef8,0xeef9,0xeef8,
  0xeef9,0xeef8,0xf719,0xeef9,0xeef9,0xeed8,0xeef9,0xeef8,0xf719,0xeef9,0xf6f9,0xeef9,0xf6f9,0xeed8,0xeef9,0xeed8,
  0xeed9,0xeed8,0xf6f9,0xeed8,0xeed8,0xeed8,0xeed8,0xeed8,0xeed8,0xeed7,0xf6d8,0xeeb7,0xeeb7,0xeeb7,0xeeb7,0xeeb7,
  0xf6d7,0xeeb7,0xf6b7,0xee97,0xeeb7,0xeeb7,0xf6b7,0xee96,0xee96,0xee96,0xf6b7,0xee97,0xee97,0xee96,0xf6b7,0xee96,
  0xee96,0xee76,0xf696,0xee96,0xf697,0xf696,0xf697,0xee76,0xee76,0xee76,0xf696,0xee76,0xf696,0xee96,0xee76,0xee55,
  0xee76,0xee76,0xee76,0xe655,0xee76,0xee75,0xee76,0xe655,0xee56,0xee76,0xf696,0xee76,0xee76,0xee55,0xee76,0xee55,
  0xee96,0xee55,0xee76,0xee96,0xf696,0xee76,0xee76,0xee75,0xee96,0xee76,0xee76,0xee75,0xee76,0xee75,0xee96,0xee75,
  0xee76,0xee75,0xf696,0xee76,0xee76,0xee76,0xf696,0xee76,0xf696,0xf696,0xf697,0xee76,0xee76,0xee76,0xee76,0xee55,
  0xee76,0xee75,0xf696,0xee75,0xee76,0xee75,0xf676,0xee75,0xee76,0xee75,0xf696,0xee75,0xee76,0xee75,0xf696,0xee75,
  0xee96,0xee75,0xf696,0xee75,0xf696,0xee95,0xee96,0xee75,0xf696,0xee96,0xf696,0xee95,0xee96,0xe675,0xee75,0xe655,
  0xee75,0xe655,0xee75,0xee75,0xee76,0xee75,0xee55,0xe655,0xee55,0xee55,0xee75,0xe654,0xe654,0xe634,0xee34,0xe613,
  0xe613,0xe5d2,0xe5d3,0xdd91,0xdd71,0xc4ef,0xccef,0x9349,0x69e4,0x7204,0x92c7,0xab69,0x9b07,0xa349,0xa36a,0x7225,
  0x48e1,0x2840,0x61c4,0x6a26,0x5983,0x5142,0x5122,0x5142,0x5942,0x5101,0x48e0,0x8ac6,0xb3eb,0xa3a9,0xb3ca,0xabca,
  0xb40c,0xabcb,0x8287,0x69c3,0x69c4,0x5143,0x40c1,0x4943,0x38c2,0x2020,0x2000,0x3902,0x4123,0x2020,0x61c4,0x9329,
  0x9308,0xa389,0xbc4c,0x5183,0x4922,0xa3aa,0xbc2b,0xb3c9,0xbc2a,0xb42b,0xb42b,0xac0b,0xabea,0xa389,0xb3eb,0xa369,
  0x82a7,0x5142,0x61a4,0x5963,0x5921,0x5941,0x71c4,0x5921,0x5942,0x59a4,0x5984,0x3060,0x3040,0x40e1,0x48e1,0x6183,
  0x1963,0x4ac9,0x4aa9,0x3207,0x5b2b,0x5b0c,0x3a07,0x3186,0x39e7,0x2124,0x0840,0x18a1,0x5ac9,0xd657,0xe6f9,0xdef9,
  0xded8,0xe6f9,0xdef8,0xe6f9,0xdef9,0xef3a,0xdef9,0xd697,0xbdd4,0xb574,0xbdb4,0xce57,0xded8,0xe6d9,0xded8,0xe6f9,
  0xe6f9,0xe6f9,0xe6f9,0xe6f9,0xded8,0xe6d9,0xe6f9,0xe6f9,0xe6f9,0xe6d9,0xe6f9,0xe6f9,0xe6f9,0xe6fa,0xe6f9,0xe71a,
  0xe719,0xef3a,0xe719,0xe71a,0xe6f9,0xe6f9,0xe6f9,0xe71a,0xe6f9,0xeefa,0xe6f9,0xef1a,0xe6f9,0xe6f9,0xe6f9,0xe6f9,
  0xe6f9,0xef3a,0xe719,0xef1a,0xe6f9,0xeefa,0xe6f9,0xe6f9,0xe6f9,0xef1a,0xe719,0xef3a,0xe71a,0xef1a,0xe6f9,0xef19,
  0xef19,0xef1a,0xe6f9,0xe6f9,0xe6f9,0xeef9,0xe719,0xef39,0xe719,0xef19,0xe719,0xef19,0xe6f9,0xeef9,0xe6f9,0xef19,
  0xeef9,0xef19,0xe6f8,0xeef9,0xeef9,0xeef9,0xe6d8,0xeef9,0xeef9,0xeed9,0xe6d8,0xeef9,0xeed8,0xeef9,0xeef8,0xeef9,
  0xe6d8,0xeed9,0xe6d8,0xeef9,0xeef9,0xf719,0xeef8,0xeed8,0xeed8,0xf719,0xeef8,0xeef9,0xeef9,0xf719,0xeef8,0xeef9,
  0xeed8,0xeef9,0xeed8,0xeef9,0xeef8,0xeef9,0xe6d8,0xeed8,0xe6b8,0xeed8,0xeed8,0xeed8,0xeeb8,0xeed8,0xeed8,0xeed8,
  0xeeb7,0xeed8,0xeed7,0xeed8,0xeeb7,0xeeb7,0xeeb7,0xeeb7,0xeeb7,0xeeb7,0xee96,0xee97,0xee96,0xf6b7,0xee96,0xeeb7,
  0xee96,0xee97,0xee96,0xee96,0xee76,0xee96,0xee96,0xf696,0xee76,0xee76,0xee96,0xf696,0xee96,0xf696,0xee76,0xf696,
  0xee96,0xee96,0xe655,0xe655,0xee76,0xf696,0xee75,0xee76,0xee55,0xee76,0xee75,0xe655,0xe655,0xee76,0xee76,0xee76,
  0xee55,0xee76,0xee75,0xee76,0xee75,0xee76,0xe655,0xee76,0xee76,0xee96,0xee75,0xee96,0xee75,0xee75,0xe655,0xee76,
  0xee96,0xf6b7,0xee75,0xee76,0xee75,0xee96,0xee75,0xee96,0xee75,0xf696,0xee76,0xee96,0xee75,0xee76,0xee76,0xee96,
  0xee96,0xf696,0xee96,0xf696,0xee96,0xf696,0xee55,0xee75,0xee75,0xf696,0xee75,0xee76,0xee55,0xee75,0xee55,0xee75,
  0xee75,0xf696,0xee75,0xee76,0xee55,0xee76,0xee75,0xee75,0xee75,0xee76,0xee75,0xee96,0xee75,0xee96,0xee75,0xee75,
  0xee95,0xf696,0xee95,0xee75,0xe675,0xee75,0xe675,0xee75,0xe655,0xee75,0xe654,0xee55,0xee75,0xee75,0xe654,0xe655,
  0xe634,0xee55,0xe654,0xe654,0xe633,0xe614,0xddf3,0xddd2,0xddb2,0xe5d2,0xd591,0xcd0f,0xc4ce,0xbc8e,0xbc8d,0x8ae7,
  0x7a86,0x9b28,0x9b07,0xa307,0x92c6,0xabaa,0x82a7,0x5183,0x3080,0x3080,0x6a05,0x61a3,0x5142,0x5962,0x40c0,0x5943,
  0x5101,0x4080,0x7244,0x9b69,0xabea,0xb3ea,0xabca,0xb3ea,0xabeb,0x9b49,0x69c3,0x6183,0x61a4,0x4922,0x4122,0x4943,
  0x30a2,0x1800,0x2861,0x3902,0x4122,0x2020,0x7285,0x9b89,0x9328,0xabaa,0x9b69,0x38a0,0x6a46,0xb40b,0xbc0a,0xbbe8,
  0xbc09,0xb42b,0xac0a,0xac2b,0xa3a9,0xaba9,0xaba9,0xa369,0x61c3,0x5983,0x61c3,0x5942,0x5101,0x6142,0x69a3,0x5101,
  0x5143,0x5964,0x4943,0x2840,0x38a1,0x5142,0x48e0,0x6182,0x3a47,0x42a9,0x3a47,0x31e6,0x4a89,0x4a89,0x39e7,0x39e7,
  0x39c7,0x4207,0x18a1,0x0860,0x2923,0x8c0e,0xdeb8,0xded8,0xded9,0xded8,0xded9,0xded8,0xe719,0xded8,0xe6f9,0xe71a,
  0xded9,0x9cd1,0xbdb5,0xc615,0xded9,0xe6f9,0xe6f9,0xe6f9,0xe6f9,0xe6f9,0xe6f9,0xe6f9,0xe6f9,0xe6d9,0xe6f9,0xe6f9,
  0xe6f9,0xe6d9,0xef19,0xe6f9,0xef1a,0xe6f9,0xe6f9,0xe6d9,0xeefa,0xe71a,0xef1a,0xe719,0xef1a,0xe6f9,0xef1a,0xe71a,
  0xef1a,0xe6fa,0xef1a,0xeefa,0xeefa,0xe6d9,0xeefa,0xe6fa,0xeefa,0xef1a,0xef1a,0xeefa,0xeefa,0xe6fa,0xe6fa,0xe6d9,
  0xef1a,0xe6f9,0xef1a,0xe71a,0xef1a,0xe6f9,0xef19,0xe719,0xef1a,0xef19,0xeef9,0xe6f9,0xef1a,0xe6f9,0xef19,0xe719,
  0xef19,0xe719,0xef19,0xef19,0xeef9,0xe6f8,0xef19,0xe719,0xef19,0xeef9,0xeef9,0xe6f9,0xef19,0xeef9,0xeef9,0xeef9,
  0xef19,0xe6d9,0xeef9,0xeef9,0xeef9,0xeef9,0xeef9,0xeef9,0xf6f9,0xeef9,0xf6f9,0xeef9,0xf719,0xeef9,0xf719,0xeef8,
  0xf6f9,0xf719,0xf719,0xeef8,0xf719,0xeef9,0xf719,0xeef8,0xeef9,0xeed8,0xf6f9,0xeef8,0xf6f9,0xeed8,0xeed8,0xeed8,
  0xf6f9,0xeed8,0xeed8,0xeed8,0xeed8,0xeed8,0xf6f9,0xeed8,0xeed8,0xeed8,0xeed8,0xeeb7,0xeed8,0xeeb7,0xf6d8,0xeeb7,
  0xf6b7,0xee97,0xee97,0xee97,0xf697,0xee97,0xf6b7,0xeeb7,0xf6d7,0xeeb7,0xee97,0xee76,0xf697,0xee96,0xee96,0xee96,
  0xf697,0xee96,0xf6b7,0xf696,0xf697,0xee76,0xee96,0xee76,0xf697,0xf697,0xf697,0xee56,0xf697,0xee96,0xf697,0xe655,
  0xee56,0xee56,0xee76,0xe655,0xee76,0xee76,0xf697,0xee96,0xf697,0xee56,0xee76,0xee76,0xf697,0xee76,0xee96,0xee76,
  0xee76,0xee96,0xf6b6,0xee75,0xee76,0xee75,0xee96,0xee96,0xf6b7,0xee96,0xee96,0xee75,0xf696,0xee96,0xf696,0xee96,
  0xf696,0xf696,0xf696,0xee76,0xf696,0xee76,0xf696,0xee96,0xf697,0xee76,0xee76,0xee96,0xf6b7,0xee76,0xee76,0xee55,
  0xf696,0xee76,0xf696,0xee75,0xf696,0xee75,0xee76,0xee75,0xf676,0xee75,0xf696,0xee75,0xee76,0xee75,0xee96,0xee75,
  0xee96,0xee75,0xee96,0xee75,0xee76,0xee75,0xee75,0xe655,0xf696,0xee96,0xee96,0xe655,0xee75,0xe675,0xee75,0xe675,
  0xee75,0xe655,0xee75,0xe655,0xee96,0xee75,0xee55,0xe634,0xee55,0xe654,0xee55,0xe634,0xee34,0xe613,0xe613,0xddd2,
  0xddd2,0xdd91,0xd571,0xbcae,0xbc6d,0xbc8e,0x9b69,0x82c7,0x9b4a,0xabab,0xb389,0xa306,0xab68,0x9b49,0x7246,0x38e1,
  0x3060,0x5183,0x69e4,0x5942,0x5942,0x4901,0x5142,0x4901,0x48c0,0x5961,0xa38a,0xa3a9,0xb42b,0xb42b,0xbc2b,0xabea,
  0xa38a,0x7a45,0x6183,0x5963,0x5122,0x40e1,0x5164,0x40e2,0x2861,0x2040,0x38e3,0x3902,0x3080,0x4921,0x9369,0x9ba9,
  0xa38a,0xabcb,0x71e5,0x3060,0x8b6a,0xbc4b,0xbc0a,0xb3c8,0xbc09,0xb42a,0xb44b,0xac0b,0xabca,0xa389,0xab89,0x8286,
  0x5101,0x61a4,0x69c4,0x5942,0x6142,0x6142,0x5921,0x5121,0x6184,0x4923,0x38c2,0x2840,0x40e2,0x4901,0x5121,0x6182,
  0x29c6,0x3a27,0x31e6,0x3a48,0x4aca,0x52ea,0x52ea,0x31a6,0x2985,0x4227,0x39e6,0x0840,0x1060,0x4a07,0xad53,0xdeb8,
  0xded8,0xdef9,0xded8,0xe6f9,0xe6f9,0xe6f9,0xe6f9,0xef3a,0xdeb8,0xe73a,0x8c4f,0xc5f5,0xbdd5,0xe6f9,0xe6d8,0xe6f9,
  0xe6f9,0xe719,0xe719,0xef3a,0xe6f9,0xe6f9,0xe6d9,0xe6f9,0xded8,0xe6f9,0xe6f9,0xef1a,0xe6f9,0xef1a,0xe6f9,0xe6f9,
  0xe6f9,0xef1a,0xe719,0xef1a,0xe6f9,0xef1a,0xe719,0xef1a,0xef3a,0xef1a,0xe6f9,0xef1a,0xe6f9,0xe6fa,0xe6f9,0xef1a,
  0xe6fa,0xef1a,0xef1a,0xef1b,0xef1a,0xef1a,0xe6fa,0xeefa,0xe6f9,0xef1a,0xe6f9,0xef1a,0xe6f9,0xef19,0xe6f9,0xeefa,
  0xe6f9,0xef19,0xe6f9,0xe6f9,0xe6f9,0xe6f9,0xe6f9,0xe6f9,0xded8,0xe6f9,0xe719,0xef3a,0xe6f8,0xe6f8,0xe6f8,0xef19,
  0xe6f9,0xeef9,0xe6f8,0xeef9,0xe6d8,0xeed9,0xe6d8,0xeef9,0xeef9,0xeef9,0xeef9,0xf719,0xe6d8,0xeed9,0xe6d8,0xeed9,
  0xeed8,0xeef9,0xeef9,0xeef9,0xe6d8,0xeed8,0xe6d8,0xeef9,0xeef8,0xeef9,0xeef9,0xf719,0xeef8,0xeef8,0xe6d8,0xeed8,
  0xeed8,0xeef9,0xeed8,0xeef9,0xeed8,0xeed8,0xe6b8,0xeed9,0xeed8,0xeeb8,0xeeb8,0xeed8,0xeed8,0xeed8,0xeed8,0xf6f9,
  0xe6b7,0xeed7,0xeeb7,0xeeb7,0xe6b7,0xeeb7,0xeed7,0xf6d8,0xeeb7,0xeeb7,0xee97,0xf6b7,0xee96,0xee77,0xe676,0xee96,
  0xee96,0xeeb7,0xee76,0xee76,0xee96,0xee96,0xe655,0xf696,0xee96,0xf696,0xee96,0xf696,0xee76,0xf697,0xee76,0xee76,
  0xee76,0xf6b7,0xee96,0xf6b7,0xee76,0xf697,0xee76,0xee56,0xe635,0xee56,0xee76,0xee76,0xee76,0xee76,0xee55,0xee76,
  0xe655,0xee76,0xe655,0xee76,0xee96,0xf6b7,0xee96,0xee96,0xee75,0xee76,0xee75,0xee76,0xe675,0xee96,0xee76,0xf696,
  0xee75,0xee75,0xe655,0xee75,0xee75,0xf6b6,0xee96,0xee96,0xee76,0xf696,0xee96,0xee76,0xee75,0xee76,0xee55,0xf696,
  0xee75,0xee76,0xee55,0xf696,0xee96,0xee76,0xee55,0xee75,0xee75,0xee75,0xee75,0xee76,0xee75,0xee96,0xee55,0xee75,
  0xe655,0xee75,0xee75,0xee76,0xee75,0xee75,0xee75,0xee75,0xe675,0xee75,0xee75,0xee96,0xe675,0xee75,0xe655,0xee75,
  0xee75,0xee96,0xee75,0xee75,0xe655,0xee75,0xe655,0xee55,0xe634,0xe634,0xe654,0xee75,0xe675,0xee75,0xe655,0xee55,
  0xe654,0xee75,0xe634,0xee34,0xe613,0xe634,0xe613,0xe5f3,0xddd2,0xddb2,0xcd50,0xc4cf,0xbc8e,0xbc6d,0x7a85,0x9b69,
  0xa3aa,0xb3ca,0xb3a9,0xab48,0xab89,0x7a66,0x5162,0x2000,0x3080,0x7246,0x5982,0x6162,0x5141,0x4902,0x5963,0x48e1,
  0x48c0,0x9349,0x9b48,0xabaa,0xabca,0xbc4c,0xb40b,0xb3eb,0x8ac7,0x69c4,0x5942,0x5943,0x38a0,0x38e1,0x4123,0x38c2,
  0x1000,0x38c3,0x38e2,0x4102,0x1800,0x7aa6,0x9ba9,0x9b68,0x9b48,0xabec,0x40c2,0x4942,0x9bca,0xbc4b,0xb3e9,0xb3c8,
  0xb3e9,0xb42a,0xb44b,0xabeb,0xabea,0xa389,0x9b48,0x6182,0x48c0,0x61c4,0x61a3,0x6163,0x5142,0x5942,0x4080,0x5943,
  0x5984,0x5143,0x2000,0x3081,0x38e1,0x40c0,0x5121,0x71e3,0x2124,0x4248,0x4a89,0x29c6,0x4aa9,0x4aa9,0x52ea,0x29c5,
  0x4248,0x31a6,0x6b4c,0x2944,0x1061,0x1061,0x6b0b,0xc616,0xe6fa,0xded9,0xe6d9,0xef19,0xe6d8,0xef19,0xef19,0xe6f9,
  0xef3a,0xe6f9,0xce37,0xad33,0xc5f6,0xdeb8,0xe6f9,0xe6f9,0xe6f9,0xe6f9,0xe6f9,0xded8,0xe6f9,0xe6f9,0xe6f9,0xe6f9,
  0xef1a,0xe719,0xe6f9,0xe6d9,0xe6f9,0xe6f9,0xeefa,0xe6d9,0xeefa,0xef1a,0xef1a,0xeefa,0xef1a,0xe6f9,0xeefa,0xe6d9,
  0xeefa,0xe6f9,0xef1a,0xef19,0xef1a,0xe6d9,0xeef9,0xef1a,0xef1a,0xe6f9,0xef1a,0xef1a,0xef1a,0xef1a,0xef1a,0xe6f9,
  0xf73b,0xef1a,0xef1a,0xeefa,0xef1a,0xe6f9,0xef1a,0xe6f9,0xeefa,0xe6d9,0xeefa,0xe6f9,0xeefa,0xe6d9,0xeef9,0xe6f9,
  0xeef9,0xe6f9,0xef1a,0xef19,0xef19,0xe6f9,0xeef9,0xe6f9,0xef1a,0xeef9,0xef1a,0xeef9,0xeef9,0xe6d9,0xeef9,0xeef9,
  0xeef9,0xeef9,0xeef9,0xeef9,0xeed9,0xeed9,0xf6fa,0xeed9,0xeef9,0xeef9,0xeef9,0xeed9,0xeef9,0xeef9,0xef19,0xeef9,
  0xf719,0xeef9,0xf719,0xeef9,0xf719,0xeef9,0xeed9,0xe6b8,0xeed9,0xeed8,0xeed9,0xeeb8,0xf6d9,0xeed9,0xf6f9,0xeeb8,
  0xeed8,0xeeb8,0xeed9,0xeed8,0xf6f9,0xeed8,0xeed8,0xeed8,0xeed8,0xeed7,0xeed8,0xeed8,0xeed8,0xeeb7,0xeeb8,0xeeb7,
  0xeeb8,0xee97,0xee97,0xee77,0xee97,0xee97,0xf6b7,0xee96,0xeeb7,0xeeb6,0xf6b7,0xee76,0xee96,0xee96,0xee97,0xee96,
  0xf6b7,0xee96,0xf697,0xee76,0xee96,0xee76,0xf676,0xee55,0xee76,0xee55,0xee76,0xee55,0xf6b7,0xee96,0xf676,0xee55,
  0xee76,0xee75,0xf696,0xee76,0xee76,0xee76,0xee76,0xee55,0xee56,0xe655,0xee76,0xee76,0xee76,0xee76,0xf697,0xee96,
  0xee76,0xee75,0xf696,0xee55,0xee76,0xee75,0xf676,0xee76,0xee76,0xee75,0xf696,0xee76,0xf696,0xee96,0xf696,0xee76,
  0xf696,0xee75,0xf676,0xee96,0xf696,0xee96,0xf696,0xee76,0xee76,0xee75,0xf696,0xee96,0xf696,0xee75,0xee76,0xee76,
  0xee76,0xee55,0xee76,0xee75,0xee76,0xee75,0xf696,0xee75,0xee76,0xee76,0xf676,0xee75,0xee76,0xee75,0xee76,0xee55,
  0xee75,0xee55,0xee76,0xee75,0xf696,0xee75,0xee76,0xee55,0xee75,0xee75,0xf696,0xee75,0xee76,0xee55,0xee75,0xee55,
  0xee75,0xee75,0xee75,0xee55,0xee55,0xee75,0xee96,0xee75,0xee55,0xe634,0xee54,0xe633,0xe634,0xe613,0xe613,0xddd3,
  0xe5d3,0xddb2,0xcd10,0xbc6d,0xc4ae,0x8ac7,0x9b69,0xb3eb,0xbbcb,0x9ae7,0xb389,0xa328,0xa36a,0x7266,0x38c1,0x2020,
  0x7246,0x69c3,0x6162,0x6983,0x5142,0x4102,0x5943,0x48c0,0x8a87,0xa36a,0xab8a,0xab89,0xbbeb,0xbc0b,0xbc0b,0xa38a,
  0x7204,0x61a3,0x61c4,0x4922,0x40e1,0x3902,0x30e2,0x2060,0x30a2,0x38a2,0x40c2,0x2840,0x3081,0x8308,0xa368,0xa367,
  0xabaa,0x7aa7,0x2020,0x8b29,0xb40b,0xabc9,0xbbea,0xb3ea,0xbc0a,0xbc2b,0xb40b,0xabea,0xabaa,0xa3aa,0x8ac7,0x50e0,
  0x69c4,0x69a3,0x69a3,0x5962,0x5142,0x4902,0x5123,0x5963,0x5943,0x4081,0x2800,0x38c2,0x40e2,0x4901,0x6162,0x79c2,
  0x2144,0x3a07,0x3a07,0x31c6,0x4268,0x4289,0x4aea,0x4268,0x29a5,0x4a89,0x4a68,0x3185,0x1081,0x1041,0x18a1,0x8c0e,
  0xd657,0xdeb9,0xded9,0xded8,0xded8,0xe6f9,0xe6f8,0xef19,0xe6f9,0xef3a,0xe71a,0xce37,0xad53,0xce36,0xd697,0xe6f9,
  0xded8,0xef19,0xe6f9,0xe6f9,0xe6f9,0xe719,0xe6f9,0xe719,0xe719,0xef1a,0xe719,0xe6f9,0xe6d9,0xeefa,0xe6f9,0xeefa,
  0xe6f9,0xeefa,0xe6f9,0xef1a,0xe6f9,0xef1a,0xe6f9,0xeefa,0xe6f9,0xeefa,0xe6f9,0xef1a,0xe6f9,0xeef9,0xe6f9,0xeef9,
  0xe6f9,0xe6f9,0xe6d9,0xeefa,0xe6f9,0xef1a,0xe6f9,0xef1a,0xef1a,0xef1a,0xe6f9,0xe6f9,0xe6f9,0xef1a,0xef1a,0xef1a,
  0xe6f9,0xeefa,0xe6f9,0xe6f9,0xe6d9,0xe6d9,0xe6d8,0xef19,0xe6f9,0xef1a,0xe719,0xef19,0xe6f9,0xef19,0xe6f9,0xeef9,
  0xe6f9,0xeef9,0xe6f9,0xeef9,0xe6f9,0xeef9,0xeef9,0xeef9,0xeef9,0xeef9,0xe6d8,0xe6d9,0xe6b8,0xeed9,0xe6d8,0xeed9,
  0xe6d8,0xeed9,0xe6b8,0xeef9,0xe6d8,0xeef9,0xe6f8,0xeef9,0xeef9,0xf719,0xeef9,0xeef9,0xeef9,0xeef9,0xeed8,0xeef9,
  0xeed9,0xf6f9,0xeed8,0xf6f9,0xeed9,0xf6f9,0xeed8,0xeed8,0xe6b8,0xeeb8,0xe6b8,0xeef8,0xeed8,0xeef8,0xe6b7,0xeeb8,
  0xe6b7,0xeeb8,0xe6b7,0xeed8,0xeeb7,0xeeb8,0xe6b7,0xeeb7,0xe697,0xee97,0xe676,0xee97,0xeeb7,0xf6b8,0xeeb7,0xeeb6,
  0xee96,0xeeb6,0xe676,0xee76,0xee96,0xee97,0xe675,0xee96,0xee96,0xf697,0xee96,0xf697,0xee96,0xf696,0xee75,0xee76,
  0xee55,0xee76,0xe655,0xee76,0xee55,0xee76,0xee75,0xee76,0xee55,0xee76,0xe655,0xee76,0xee75,0xee76,0xee75,0xee76,
  0xe655,0xee76,0xee75,0xee76,0xee55,0xee56,0xe655,0xee55,0xee75,0xee96,0xee75,0xee76,0xee55,0xee76,0xee75,0xee76,
  0xee55,0xee76,0xee75,0xf696,0xee76,0xee76,0xee75,0xee76,0xee75,0xee76,0xe655,0xee75,0xee75,0xee76,0xee75,0xee75,
  0xee55,0xee76,0xee75,0xee76,0xee55,0xee76,0xee75,0xf696,0xee76,0xee76,0xe655,0xee76,0xee55,0xee76,0xee75,0xee76,
  0xee75,0xee76,0xee75,0xee76,0xee55,0xee75,0xee75,0xee96,0xee75,0xee76,0xe655,0xee55,0xee55,0xee75,0xe655,0xee55,
  0xe655,0xee75,0xee55,0xee75,0xee55,0xee55,0xe654,0xee55,0xe655,0xee75,0xe655,0xee75,0xe654,0xee55,0xe654,0xee55,
  0xe634,0xe634,0xe613,0xe634,0xe633,0xe613,0xddd2,0xddd2,0xdd92,0xd571,0xccef,0xc4ae,0xa3aa,0xb40c,0xbc4d,0xb3cb,
  0xb3aa,0xb369,0xa328,0xab8a,0x82a7,0x4921,0x1800,0x5163,0x6a05,0x6162,0x5920,0x5921,0x40c0,0x40e2,0x3880,0x6183,
  0x9b49,0xb3cb,0xab8a,0xb3ca,0xbc2b,0xc44c,0xb40b,0x8aa7,0x61c3,0x5942,0x5142,0x40e1,0x38c1,0x3902,0x28a1,0x1800,
  0x30c2,0x38c2,0x3081,0x2840,0x4962,0x9348,0xa3a8,0xab88,0xa3a9,0x5184,0x3922,0x9baa,0xb3ea,0xb3ea,0xb3ea,0xb3ea,
  0xabea,0xb40a,0xabc9,0xb3eb,0x9b69,0x92e7,0x6182,0x5942,0x61a3,0x5941,0x5941,0x5962,0x4922,0x40e2,0x4943,0x5964,
  0x5102,0x2800,0x3081,0x4103,0x40e2,0x5943,0x69a2,0x71c2,0x2944,0x2985,0x31c6,0x4268,0x4269,0x29c6,0x4aa9,0x4268,
  0x3a27,0x4248,0x52a9,0x2123,0x3145,0x1061,0x1040,0x1881,0x9c91,0xdeb9,0xdeb9,0xdeb8,0xef1a,0xe6d9,0xef19,0xef19,
  0xef1a,0xdeb8,0xe6d9,0xded9,0xce37,0xad52,0xce56,0xded8,0xe6f9,0xe6f9,0xe6f9,0xe6f9,0xe6f9,0xe6f9,0xef1a,0xe6f9,
  0xef1a,0xe719,0xef3a,0xe6f9,0xeefa,0xe6d9,0xeefa,0xe6f9,0xef1a,0xe6d9,0xef1a,0xe6f9,0xeefa,0xe6f9,0xef1a,0xe6f9,
  0xef1a,0xeef9,0xef1a,0xef19,0xef1a,0xeef9,0xef1a,0xe6f9,0xef1a,0xe6f9,0xef1a,0xe6f9,0xef1a,0xef1a,0xef3a,0xef1a,
  0xef3a,0xef1a,0xeefa,0xe6d9,0xeefa,0xeefa,0xef1a,0xef1a,0xef1a,0xe6f9,0xef1a,0xe6f9,0xeefa,0xe6f9,0xe6f9,0xe6f9,
  0xef1a,0xef19,0xef1a,0xe719,0xef1a,0xef19,0xef3a,0xef19,0xef1a,0xeef9,0xef19,0xeef9,0xef1a,0xeef9,0xef1a,0xeef9,
  0xef1a,0xeef9,0xeef9,0xe6d9,0xeef9,0xeef9,0xf6f9,0xeed9,0xf6fa,0xeef9,0xeef9,0xeef9,0xef19,0xeef9,0xeef9,0xeef9,
  0xeef9,0xeef9,0xeef9,0xeef9,0xf71a,0xeef9,0xeef9,0xeef9,0xf6f9,0xeef9,0xf6f9,0xf6f9,0xf6f9,0xf6d8,0xf6d9,0xeed8,
  0xeeb8,0xe6b7,0xeed8,0xeed8,0xf6f9,0xeed8,0xeed8,0xe6b7,0xeed8,0xeeb8,0xeed8,0xeeb7,0xeed8,0xeeb7,0xeeb8,0xe697,
  0xee97,0xe676,0xee97,0xeeb7,0xf6d8,0xf6d8,0xf6d7,0xee96,0xee96,0xee96,0xee96,0xe676,0xf6b7,0xee96,0xee97,0xee96,
  0xf6b7,0xee96,0xf6b7,0xf697,0xf6b7,0xee96,0xf696,0xee76,0xf676,0xee76,0xee76,0xee76,0xee56,0xee55,0xee76,0xee76,
  0xee76,0xee55,0xee56,0xe655,0xee76,0xee76,0xf696,0xee76,0xee76,0xee76,0xee76,0xee75,0xf696,0xee76,0xee76,0xe655,
  0xee76,0xee76,0xee76,0xee55,0xee76,0xee76,0xee76,0xee75,0xee76,0xee55,0xee76,0xee75,0xee76,0xee76,0xee76,0xee55,
  0xf676,0xee75,0xee76,0xee55,0xee76,0xee76,0xf696,0xee76,0xf696,0xf696,0xf696,0xee76,0xf696,0xf696,0xf696,0xee76,
  0xf696,0xee55,0xee76,0xee75,0xee76,0xee55,0xee55,0xe655,0xee76,0xee55,0xee76,0xee75,0xee76,0xee76,0xee76,0xee75,
  0xee75,0xee55,0xee75,0xee55,0xee76,0xee55,0xee76,0xee75,0xee76,0xee75,0xee75,0xee55,0xee76,0xee55,0xee75,0xee55,
  0xee76,0xee75,0xee96,0xee75,0xee55,0xe654,0xee75,0xe654,0xee55,0xe634,0xee34,0xe633,0xe613,0xddf3,0xe5d3,0xddb2,
  0xddb2,0xcd30,0xd530,0xac0b,0xa38a,0xb40b,0xb3cb,0xb3eb,0xab49,0xb38a,0xa348,0x8ae8,0x7245,0x40e1,0x2860,0x6205,
  0x6a05,0x5941,0x50e0,0x5100,0x5942,0x40e1,0x48c0,0x8286,0xb3ec,0xb3eb,0xb3eb,0xb40b,0xc46d,0xc44c,0xabcb,0x7224,
  0x5942,0x5162,0x4922,0x4102,0x4102,0x28a1,0x2020,0x30a1,0x38c3,0x38e3,0x3081,0x2860,0x7a66,0x9b68,0xabc9,0xabea,
  0x9b69,0x38c0,0x7288,0xb42c,0xbc0a,0xb40a,0xb40a,0xb3ea,0xb3ea,0xabca,0xabea,0xa3a9,0xabaa,0x7203,0x5941,0x69c3,
  0x6183,0x5921,0x5942,0x5962,0x48e1,0x4902,0x5164,0x5163,0x38a1,0x2000,0x4902,0x4943,0x4922,0x6183,0x71c3,0x71c2,
  0x31a5,0x1903,0x2985,0x4aa9,0x29a5,0x3a07,0x3a47,0x4aa9,0x4288,0x4228,0x4227,0x2964,0x39e6,0x2103,0x1060,0x0000,
  0x3164,0xb554,0xdeb9,0xe6b9,0xded8,0xe6f9,0xded8,0xe6d8,0xe719,0xe6d9,0xdeb8,0xe6f9,0xd6b8,0xbdd4,0xc636,0xdeb8,
  0xe6f9,0xded8,0xdeb8,0xe6f9,0xded8,0xe6f9,0xe6f9,0xe719,0xe6f9,0xe719,0xe719,0xef1a,0xe6f9,0xe6f9,0xe6d9,0xeefa,
  0xe6f9,0xe6f9,0xe6d9,0xe6f9,0xe6f9,0xe6f9,0xe6d9,0xe6f9,0xe6f9,0xef1a,0xe6f9,0xeef9,0xe6d9,0xe6f9,0xe6d9,0xeef9,
  0xe6f9,0xe6fa,0xe6f9,0xef1a,0xe719,0xef1a,0xe6f9,0xef1a,0xe719,0xef1a,0xe6f9,0xeefa,0xe6f9,0xeefa,0xe6f9,0xe6f9,
  0xe6d9,0xe6f9,0xe6f9,0xef1a,0xe6f9,0xef1a,0xe6d9,0xe6f9,0xe719,0xef19,0xe6f9,0xef19,0xe719,0xef1a,0xef19,0xef1a,
  0xef19,0xef1a,0xeef9,0xef19,0xe6f9,0xef19,0xe6d9,0xeed9,0xe6d8,0xeed9,0xe6d9,0xeef9,0xe6f9,0xef19,0xeef9,0xeef9,
  0xeed9,0xeef9,0xeed9,0xeef9,0xe6f8,0xef19,0xeef9,0xef19,0xeef8,0xeef9,0xeef9,0xeef9,0xeef9,0xeef9,0xeef9,0xeef9,
  0xeed8,0xeed9,0xeed8,0xeed9,0xeed8,0xeed8,0xeeb8,0xeed8,0xe6b7,0xeed8,0xeed8,0xeed8,0xeed7,0xeed8,0xeed8,0xeed8,
  0xeed8,0xeed8,0xeed8,0xeed8,0xeeb7,0xeeb7,0xeeb7,0xee97,0xe676,0xe677,0xee96,0xf6b7,0xeeb7,0xf6b7,0xee96,0xee96,
  0xe696,0xee96,0xe676,0xee96,0xee96,0xeeb6,0xee96,0xee97,0xee96,0xee96,0xee96,0xf697,0xee96,0xee96,0xee76,0xee76,
  0xee75,0xee96,0xee76,0xf696,0xe655,0xee76,0xee55,0xee76,0xe655,0xee76,0xee55,0xee56,0xe655,0xee96,0xee76,0xee96,
  0xee75,0xee76,0xee75,0xee76,0xee75,0xee76,0xee76,0xee76,0xe655,0xee75,0xee55,0xee76,0xe655,0xee76,0xee55,0xee76,
  0xe655,0xee55,0xee55,0xee76,0xee75,0xee76,0xee76,0xee76,0xee75,0xee76,0xee75,0xee76,0xee75,0xee76,0xee76,0xf696,
  0xee76,0xee76,0xee55,0xee76,0xee75,0xf696,0xee75,0xee76,0xee75,0xee75,0xe655,0xee76,0xee55,0xee55,0xee55,0xee76,
  0xee55,0xee76,0xee75,0xee76,0xee75,0xf696,0xee75,0xee55,0xe634,0xee55,0xee75,0xf696,0xee55,0xee75,0xee75,0xf696,
  0xee75,0xee76,0xee55,0xee75,0xee55,0xee75,0xee55,0xee75,0xee75,0xee75,0xee75,0xee75,0xe654,0xee54,0xe654,0xee75,
  0xe634,0xee54,0xe633,0xe613,0xddd2,0xddf2,0xddd2,0xddb2,0xd550,0xdd71,0xb44c,0x9b48,0xb40b,0xbc4c,0x9b28,0xb3cb,
  0x9b07,0xa349,0x9b29,0x7a66,0x4942,0x2820,0x5983,0x7266,0x5982,0x5941,0x5121,0x5101,0x40c0,0x48e1,0x7204,0x9b28,
  0xabaa,0xabaa,0xb3eb,0xbc0b,0xbc2b,0xb40b,0x9308,0x61c3,0x5141,0x4942,0x4102,0x40e2,0x30c1,0x2020,0x1800,0x4922,
  0x38c2,0x3903,0x2040,0x40e1,0x9307,0xa367,0xa388,0xac0b,0x72a6,0x4921,0x936a,0xb42c,0xb3e9,0xb40a,0xb40a,0xb40a,
  0xabe9,0xabca,0xabea,0xabaa,0x9b48,0x5961,0x6182,0x7204,0x5141,0x5942,0x5962,0x5142,0x40c0,0x5163,0x4943,0x4923,
  0x2000,0x3060,0x40e1,0x4922,0x5122,0x6183,0x69a3,0x71e4,0x2985,0x31a5,0x2985,0x3a07,0x3a07,0x3a47,0x3a07,0x3a27,
  0x4248,0x52ca,0x2985,0x2124,0x3165,0x2944,0x18a2,0x0840,0x1040,0x4a27,0xd637,0xe6d9,0xe6f9,0xdeb8,0xe6f9,0xe6d8,
  0xef1a,0xe719,0xef3a,0xe719,0xe6f9,0xdeb8,0xce16,0xc615,0xe6d9,0xe6f9,0xe6f9,0xe6f9,0xe6f9,0xe6f9,0xef1a,0xe719,
  0xef1a,0xe719,0xef3a,0xef3a,0xef1a,0xe6f9,0xeefa,0xe6f9,0xef1a,0xef1a,0xeefa,0xe6f9,0xef1a,0xef1a,0xeefa,0xe6d9,
  0xeefa,0xe6f9,0xef1a,0xe6f9,0xeef9,0xe6f9,0xef1a,0xeef9,0xef1a,0xe6f9,0xef1a,0xef1a,0xef3a,0xef1a,0xeefa,0xe6d9,
  0xeefa,0xe6f9,0xef1a,0xef1a,0xef1a,0xef1a,0xef1a,0xe6f9,0xeefa,0xe6f9,0xeefa,0xeefa,0xef1a,0xe6f9,0xef1a,0xef1a,
  0xf73a,0xef3a,0xef3a,0xef19,0xef1a,0xe719,0xef3a,0xef19,0xf73a,0xef19,0xef1a,0xe6f9,0xeef9,0xef19,0xef1a,0xe6d9,
  0xeed9,0xe6d8,0xeef9,0xeef9,0xef1a,0xef19,0xef1a,0xeef9,0xf6f9,0xeef9,0xf6fa,0xeef9,0xeef9,0xeef9,0xf71a,0xef19,
  0xeef9,0xeed8,0xeef9,0xeed9,0xeef9,0xeef9,0xf6f9,0xeef9,0xeef9,0xeed8,0xeed9,0xeed8,0xeef9,0xeed8,0xeed8,0xeed8,
  0xeed8,0xeed8,0xf6f8,0xeed8,0xeed8,0xeed7,0xeed8,0xeed8,0xf6f8,0xeef8,0xf6f8,0xeed8,0xeed8,0xeeb7,0xeeb8,0xe676,
  0xee97,0xe696,0xeeb7,0xee97,0xf6b7,0xee96,0xee97,0xee96,0xeeb6,0xee96,0xee96,0xee96,0xeeb6,0xee96,0xee96,0xee76,
  0xee96,0xee96,0xf697,0xee96,0xf696,0xee75,0xee76,0xee55,0xee76,0xee76,0xf696,0xee96,0xf696,0xee76,0xee76,0xee55,
  0xee76,0xee75,0xf696,0xee55,0xee76,0xee76,0xf697,0xee76,0xee96,0xee76,0xf697,0xee76,0xee76,0xe655,0xee76,0xee76,
  0xee76,0xee75,0xee76,0xee76,0xf696,0xee75,0xf676,0xee75,0xee76,0xee75,0xf696,0xee76,0xf696,0xee76,0xf696,0xee76,
  0xf696,0xee75,0xf676,0xee76,0xee76,0xee75,0xf696,0xf696,0xee76,0xe655,0xee55,0xee55,0xf696,0xee76,0xee76,0xee76,
  0xf696,0xee75,0xf676,0xee76,0xf696,0xee76,0xf696,0xee96,0xf696,0xee75,0xee76,0xee55,0xee76,0xee75,0xf696,0xee76,
  0xf696,0xee75,0xf676,0xee75,0xee76,0xee75,0xf696,0xf696,0xf696,0xee75,0xf676,0xee75,0xee76,0xee75,0xee76,0xee75,
  0xee75,0xee75,0xf696,0xee75,0xee75,0xee54,0xee75,0xee75,0xee55,0xe654,0xee54,0xe613,0xe5f3,0xe5f2,0xe5f3,0xd550,
  0xccef,0xcd0f,0xabeb,0xabca,0xccae,0xb40b,0xabaa,0xab89,0xab89,0xa349,0x7a66,0x59a4,0x38c1,0x3060,0x7225,0x69e4,
  0x5982,0x5141,0x5142,0x48e0,0x40a0,0x6182,0xa349,0xa348,0xb3ca,0xabca,0xbc2b,0xb40b,0xbc2c,0xa3aa,0x7a66,0x59a3,
  0x5142,0x4101,0x4923,0x30a1,0x2040,0x1820,0x38e2,0x38c1,0x4964,0x30c2,0x2840,0x6a05,0xa368,0xa347,0xa3a9,0x938a,
  0x51a3,0x6204,0xabeb,0xabea,0xb40a,0xb40a,0xbc0b,0xb40a,0xb40b,0xabea,0xabca,0xabcb,0x71e3,0x5941,0x69c3,0x61a3,
  0x5962,0x5122,0x6184,0x48c1,0x5122,0x5162,0x5183,0x30a1,0x1800,0x30c1,0x38c1,0x48e1,0x6183,0x6183,0x71e5,0x7205,
  0x10a1,0x4248,0x2964,0x2985,0x4aa9,0x39e7,0x29a5,0x4a89,0x52a9,0x52aa,0x2144,0x2965,0x2124,0x18c2,0x18c2,0x1061,
  0x0000,0x18a2,0x6b2a,0xde98,0xdeb8,0xdeb8,0xded8,0xef3a,0xe6d8,0xe6d8,0xe6f9,0xe719,0xe719,0xe6f9,0xce36,0xc615,
  0xd677,0xe6f9,0xe719,0xe719,0xe6f9,0xe6f9,0xe6f9,0xe719,0xe6f9,0xe719,0xe719,0xef1a,0xe719,0xef1a,0xe719,0xef1a,
  0xe6f9,0xef1a,0xe6f9,0xe71a,0xe71a,0xef1a,0xe6f9,0xe6f9,0xe6f9,0xef1a,0xe719,0xef1a,0xef19,0xef1a,0xef19,0xef3a,
  0xef19,0xef1a,0xef1a,0xef3a,0xef1a,0xef1a,0xe6f9,0xe6f9,0xe6d9,0xe6f9,0xe6f9,0xef1a,0xe6f9,0xef1a,0xe719,0xef1a,
  0xe6f9,0xef1a,0xe6f9,0xef1a,0xe6f9,0xe6f9,0xe719,0xef3a,0xef3a,0xef3a,0xef19,0xef3a,0xe6f9,0xef19,0xe719,0xef19,
  0xeef9,0xef1a,0xe6f9,0xeef9,0xe6f9,0xf73a,0xef19,0xeef9,0xe6d9,0xeef9,0xe6f9,0xeef9,0xeef9,0xef1a,0xeef9,0xeef9,
  0xeef9,0xf71a,0xeef9,0xeef9,0xeef9,0xeef9,0xeef9,0xef19,0xeef9,0xeef9,0xeed8,0xeef9,0xeed8,0xeef9,0xeef8,0xeef9,
  0xeef9,0xeef9,0xeed8,0xeef9,0xeef8,0xeef8,0xeed8,0xeed8,0xeed8,0xf6f8,0xeed8,0xeed8,0xeed7,0xeed8,0xeed7,0xeed8,
  0xeed7,0xeed8,0xeeb7,0xeed7,0xeeb7,0xeeb7,0xe696,0xee96,0xe696,0xeeb7,0xe696,0xee96,0xe676,0xee97,0xee96,0xeeb7,
  0xee96,0xee96,0xee96,0xf6b7,0xeeb6,0xee96,0xe675,0xee76,0xee76,0xee96,0xee96,0xee96,0xee76,0xee76,0xee75,0xee76,
  0xee55,0xee76,0xee75,0xee76,0xee96,0xf696,0xee55,0xee55,0xe655,0xee76,0xee75,0xee76,0xee76,0xf696,0xee76,0xee96,
  0xee76,0xf696,0xee76,0xee76,0xe655,0xee56,0xe655,0xee76,0xee75,0xee76,0xee75,0xee96,0xee76,0xf696,0xee75,0xee76,
  0xee75,0xee76,0xee55,0xee76,0xee75,0xee76,0xe655,0xee55,0xee55,0xee76,0xee75,0xee76,0xee55,0xee76,0xee75,0xee96,
  0xee75,0xee76,0xee75,0xee96,0xee76,0xee76,0xee75,0xee96,0xee75,0xee76,0xee75,0xee96,0xee76,0xee76,0xee75,0xee76,
  0xee75,0xee55,0xe635,0xee55,0xe655,0xee75,0xee75,0xf696,0xee96,0xf696,0xe655,0xee55,0xee55,0xee75,0xee75,0xee96,
  0xee75,0xee76,0xe655,0xee75,0xe655,0xee75,0xe655,0xee75,0xe654,0xee75,0xe654,0xee75,0xe654,0xee55,0xe654,0xee74,
  0xe634,0xe634,0xe613,0xe613,0xddd2,0xe5d2,0xddb1,0xd530,0xbc8d,0xbc6d,0xbc4c,0xc46d,0xc46c,0xa348,0xaba9,0xa348,
  0x8aa6,0xa38a,0x7246,0x38c1,0x2020,0x5983,0x7245,0x5961,0x5982,0x5142,0x40e0,0x40c0,0x5121,0x8aa6,0xa368,0xab89,
  0xb3ea,0xbc2b,0xbc2b,0xbc2b,0xabeb,0x8ae7,0x69e3,0x61a3,0x40c0,0x4943,0x38e1,0x2880,0x1800,0x30a1,0x4943,0x38a1,
  0x4943,0x2881,0x38a0,0x8ae8,0x9b06,0xab88,0xac2b,0x7ac7,0x2880,0x82e7,0xb44b,0xb40a,0xabe9,0xb40a,0xb40a,0xb40b,
  0xabca,0xabca,0xa389,0x9328,0x48c0,0x6182,0x61a3,0x5962,0x5962,0x5142,0x4922,0x48c1,0x5942,0x5963,0x4942,0x2040,
  0x2040,0x30e2,0x38c0,0x5142,0x69a2,0x71e4,0x71e5,0x6183,0x2103,0x2144,0x39e6,0x2143,0x4207,0x3a07,0x3a07,0x31a5,
  0x4a89,0x39e6,0x2124,0x2144,0x20e3,0x2944,0x3165,0x2924,0x1061,0x0820,0x2923,0x9470,0xe6d9,0xdeb8,0xe6d9,0xe6f9,
  0xe6d9,0xe6f9,0xe6f9,0xded8,0xe71a,0xe6f9,0xe719,0xded8,0xde98,0xdeb8,0xe6f9,0xded8,0xef3a,0xe6f9,0xe6f9,0xe6f9,
  0xef1a,0xe6f9,0xe6f9,0xe6d9,0xef1a,0xef1a,0xef3a,0xe719,0xef1a,0xe6f9,0xe6f9,0xe6d9,0xe6f9,0xe6f9,0xef1a,0xe719,
  0xef1a,0xe6f9,0xeef9,0xe6f9,0xef1a,0xef1a,0xef3a,0xef19,0xef1a,0xef1a,0xef1a,0xe6f9,0xef1a,0xe6f9,0xef1a,0xe6f9,
  0xef1a,0xe6f9,0xeefa,0xe6f9,0xeefa,0xe6f9,0xef1a,0xe6f9,0xef1a,0xeefa,0xef1a,0xef1a,0xef1a,0xeefa,0xef1a,0xe719,
  0xef1a,0xef19,0xef3a,0xef3a,0xef3a,0xef19,0xef3a,0xef19,0xef1a,0xeef9,0xef1a,0xef19,0xef1a,0xe6d9,0xeef9,0xe6f9,
  0xeef9,0xeef9,0xeef9,0xe6d9,0xeef9,0xeef9,0xeef9,0xe6d9,0xeef9,0xeef9,0xeef9,0xeef9,0xef19,0xeef9,0xeef9,0xe6d8,
  0xeef9,0xeef9,0xf71a,0xef19,0xf6f9,0xeef9,0xeef9,0xeef9,0xf6f9,0xeef9,0xf719,0xef19,0xf719,0xeef8,0xeef8,0xeed8,
  0xf6f9,0xeed8,0xf6f8,0xeed8,0xf6f8,0xeed8,0xeed8,0xeed8,0xeeb7,0xeeb7,0xeeb7,0xee97,0xeeb7,0xee97,0xeeb7,0xee96,
  0xeeb7,0xeeb7,0xee97,0xe676,0xee96,0xeeb7,0xf6d7,0xeeb7,0xf6b7,0xee96,0xeeb7,0xf6d7,0xf6d7,0xee96,0xee96,0xee96,
  0xf6b7,0xee96,0xee96,0xee76,0xee96,0xf696,0xf696,0xee76,0xf676,0xee76,0xf696,0xee76,0xf697,0xee76,0xee76,0xee75,
  0xee76,0xee76,0xee76,0xee76,0xf697,0xee96,0xf696,0xee76,0xf696,0xee96,0xee76,0xee55,0xf697,0xee96,0xf696,0xee75,
  0xee76,0xee75,0xee76,0xee76,0xf696,0xee76,0xee76,0xee75,0xf676,0xee55,0xee76,0xee75,0xf696,0xee76,0xf696,0xee76,
  0xee76,0xee76,0xf696,0xee76,0xf676,0xee76,0xf696,0xee55,0xf676,0xf696,0xf6b7,0xee96,0xf676,0xee76,0xee76,0xee76,
  0xf696,0xee75,0xee76,0xee75,0xf676,0xee55,0xee76,0xee76,0xf676,0xee55,0xee76,0xee75,0xf676,0xee75,0xee76,0xee55,
  0xee75,0xee55,0xee55,0xe634,0xee55,0xee55,0xee75,0xee55,0xee75,0xee55,0xee55,0xe654,0xee75,0xee55,0xee75,0xe654,
  0xee75,0xe654,0xee55,0xe634,0xee54,0xe654,0xee74,0xe654,0xee54,0xe613,0xe613,0xe5f2,0xddb2,0xdd91,0xdd91,0xd52f,
  0xccce,0xbc4c,0xccce,0xbc2c,0xbc0b,0xa368,0xa348,0xa348,0xa349,0x82a7,0x4922,0x2840,0x4944,0x7aa7,0x5941,0x6161,
  0x61a3,0x4901,0x5983,0x40e0,0x6162,0xab89,0xab88,0xaba8,0xb3ea,0xbc2b,0xc46c,0xbc2c,0xa3aa,0x61c3,0x6a25,0x4942,
  0x40c1,0x38e2,0x3902,0x1820,0x2840,0x40e2,0x38e2,0x4123,0x30c1,0x2000,0x5162,0x9b28,0xab68,0x9b27,0xac0b,0x59e4,
  0x4122,0xa3ca,0xbc2b,0xac0a,0xb40a,0xb3ea,0xb40b,0xabea,0xabca,0xa389,0xabaa,0x69e3,0x48e0,0x61a3,0x69c4,0x5983,
  0x5942,0x5143,0x40c1,0x5122,0x6183,0x5963,0x40e1,0x1820,0x30c2,0x28a1,0x4922,0x5962,0x69a3,0x69c3,0x69e5,0x3880,
  0x2123,0x2944,0x39e6,0x3185,0x2985,0x4a48,0x31a5,0x3a07,0x39e6,0x4a68,0x2123,0x2965,0x2103,0x2123,0x2103,0x3186,
  0x2103,0x1061,0x0000,0x41c6,0xad33,0xdeb9,0xde98,0xe6f9,0xded8,0xe6f8,0xe719,0xe6f8,0xe719,0xe6f9,0xe6f9,0xe6f9,
  0xded8,0xded8,0xded8,0xe6f9,0xded8,0xe719,0xe6f9,0xe6f9,0xded8,0xe6f9,0xe6f9,0xe6f9,0xded9,0xe6f9,0xe719,0xef3a,
  0xe719,0xe6f9,0xe6d9,0xef1a,0xe6f9,0xe71a,0xe6d9,0xe6f9,0xe6f9,0xef19,0xe6f9,0xeef9,0xe6f9,0xef1a,0xe6f9,0xef1a,
  0xe6f9,0xef3a,0xef1a,0xef1a,0xe6f9,0xef1a,0xef1a,0xf73b,0xe6f9,0xef1a,0xe6f9,0xef1a,0xe6f9,0xe6f9,0xe6f9,0xef1a,
  0xe719,0xef1a,0xe6f9,0xe6f9,0xe6f9,0xef1a,0xe719,0xef19,0xe6f9,0xef19,0xe6f9,0xef1a,0xe719,0xeef9,0xe6d9,0xeef9,
  0xe6f9,0xeef9,0xeef9,0xeef9,0xe6f9,0xe6f9,0xe6d9,0xeef9,0xe6f9,0xef19,0xeef9,0xef19,0xef19,0xef19,0xeef9,0xeef9,
  0xe6d8,0xeef9,0xeef9,0xeef9,0xe6d8,0xeef9,0xe6d8,0xeef9,0xe6d8,0xeef9,0xeef9,0xeef9,0xe6d8,0xeed8,0xe6b8,0xeed9,
  0xeed8,0xf719,0xeef9,0xf73a,0xe6d8,0xeef8,0xe6b7,0xeed8,0xe6d7,0xf6f8,0xeed8,0xeed8,0xeed7,0xf6f8,0xeef8,0xeeb7,
  0xeeb7,0xee97,0xeeb7,0xe677,0xee97,0xee96,0xe676,0xf6b7,0xee96,0xee96,0xe676,0xee96,0xe676,0xee96,0xeeb7,0xee97,
  0xeeb7,0xeeb7,0xeeb7,0xf6d7,0xeeb7,0xee76,0xeeb6,0xf6b7,0xeeb6,0xee96,0xee75,0xf6b7,0xe675,0xf6b7,0xee76,0xee76,
  0xe655,0xee76,0xee96,0xf6b7,0xee76,0xf696,0xee96,0xf696,0xee75,0xee76,0xee75,0xee96,0xee96,0xf696,0xee96,0xf696,
  0xee76,0xee96,0xee75,0xee76,0xe655,0xee76,0xee55,0xee76,0xee75,0xee96,0xee96,0xf696,0xee75,0xee96,0xee76,0xf696,
  0xee76,0xee76,0xee76,0xf696,0xee76,0xee96,0xee75,0xee76,0xee75,0xee76,0xee75,0xf696,0xee75,0xee76,0xee76,0xee76,
  0xee75,0xf696,0xee96,0xf696,0xee55,0xee55,0xee55,0xee76,0xe675,0xee76,0xee75,0xee76,0xe655,0xee76,0xee96,0xee76,
  0xe675,0xee75,0xee75,0xee96,0xee75,0xee55,0xe655,0xee75,0xee55,0xee55,0xe655,0xee55,0xee75,0xee75,0xe655,0xee55,
  0xe634,0xee55,0xee55,0xee55,0xe654,0xee74,0xe674,0xee75,0xe654,0xee54,0xee54,0xee74,0xe654,0xee75,0xee54,0xe634,
  0xde13,0xe613,0xddf2,0xe5f3,0xd591,0xdd71,0xd550,0xd50f,0xccce,0xccae,0xbc2b,0xabaa,0xb3ca,0xaba9,0xa348,0x9b28,
  0x82c6,0x5962,0x38e1,0x30a1,0x7287,0x7225,0x6181,0x69c2,0x5940,0x5141,0x4100,0x5141,0x9307,0xaba9,0xaba8,0xaba9,
  0xabc9,0xbc4b,0xc48c,0xabeb,0x7245,0x61e4,0x61e4,0x4942,0x30a0,0x38e2,0x28a1,0x1820,0x3902,0x40e1,0x38e2,0x4144,
  0x2060,0x3080,0x7a44,0xa368,0x9b47,0xa389,0x8b28,0x40e0,0x7285,0xb46c,0xabea,0xb40a,0xb40a,0xb42b,0xb42b,0xabea,
  0xabca,0xabca,0x8ac7,0x6162,0x61a2,0x61c3,0x61a3,0x6183,0x5142,0x3880,0x40e1,0x6184,0x5121,0x59a3,0x1800,0x2881,
  0x28a1,0x30a0,0x4942,0x69a3,0x69c3,0x71e4,0x5143,0x3040,0x2944,0x2123,0x3185,0x39e6,0x3185,0x39e6,0x4227,0x31c6,
  0x4207,0x1903,0x3185,0x18c2,0x2124,0x18e2,0x2965,0x2104,0x20e3,0x18a2,0x0800,0x1060,0x41e6,0xbdd5,0xeefa,0xdeb8,
  0xe6f9,0xe719,0xe6d8,0xe6f8,0xe719,0xe6f9,0xef1a,0xe6f9,0xe6f9,0xded8,0xe6f9,0xe6f9,0xe6f9,0xe6f9,0xe6f9,0xe6f9,
  0xe719,0xe719,0xef1a,0xe6f9,0xef1a,0xe71a,0xef3a,0xef1a,0xef1a,0xe6f9,0xeefa,0xe6f9,0xef1a,0xe6f9,0xeefa,0xe6f9,
  0xef1a,0xe719,0xef1a,0xeef9,0xef1a,0xe6f9,0xeef9,0xe6f9,0xeef9,0xef1a,0xef1a,0xeefa,0xef1a,0xef1a,0xef1a,0xef1a,
  0xef1a,0xef1a,0xef1a,0xef1a,0xef1a,0xe6f9,0xeefa,0xeefa,0xef1a,0xef1a,0xef1a,0xef1a,0xef1a,0xef1a,0xef1a,0xef19,
  0xef3a,0xef19,0xef1a,0xef19,0xef1a,0xef1a,0xef3a,0xef1a,0xf73a,0xef1a,0xf71a,0xef1a,0xef1a,0xe6f9,0xeef9,0xe6d9,
  0xeef9,0xe6f9,0xef1a,0xef1a,0xef1a,0xeef9,0xeef9,0xeed9,0xeef9,0xeef9,0xf71a,0xeef9,0xeef9,0xeef9,0xeef9,0xeed9,
  0xeef9,0xeed8,0xeef9,0xeed8,0xeef9,0xeef9,0xeef9,0xeed8,0xeed8,0xeed8,0xf719,0xe6b8,0xf73a,0xeef9,0xeed8,0xe697,
  0xeed8,0xeeb8,0xeef9,0xeed8,0xeeb7,0xe676,0xe677,0xeeb7,0xeeb7,0xf6f8,0xeeb7,0xe676,0xf6d8,0xe696,0xee97,0xe676,
  0xe676,0xe676,0xee97,0xe676,0xee96,0xee97,0xf6d8,0xe676,0xee97,0xeeb7,0xeeb7,0xe676,0xf6b7,0xf6b7,0xf6b7,0xee96,
  0xf6d7,0xeeb6,0xee76,0xee96,0xf6b7,0xee76,0xf696,0xee76,0xee76,0xee76,0xee76,0xee76,0xf696,0xee96,0xf697,0xee96,
  0xf696,0xee76,0xf697,0xee76,0xf696,0xee96,0xf697,0xee76,0xee76,0xee75,0xee76,0xee76,0xee76,0xee55,0xee76,0xee76,
  0xee76,0xee76,0xf696,0xee76,0xf696,0xee76,0xf696,0xee76,0xf696,0xee76,0xf696,0xee76,0xf696,0xee76,0xf676,0xee76,
  0xf696,0xee75,0xf676,0xee76,0xee76,0xee75,0xf696,0xee75,0xf696,0xee96,0xf696,0xee96,0xf696,0xee76,0xf696,0xee76,
  0xee96,0xee76,0xf696,0xee96,0xee96,0xee75,0xf696,0xee75,0xee76,0xe655,0xee76,0xee75,0xee76,0xee75,0xf696,0xee96,
  0xf696,0xee75,0xee76,0xee55,0xee76,0xee75,0xee76,0xee55,0xee75,0xee55,0xee75,0xe654,0xe654,0xe654,0xee75,0xee54,
  0xee54,0xe654,0xee75,0xee34,0xee54,0xee54,0xee54,0xe613,0xe613,0xe613,0xddd2,0xddb2,0xddb1,0xdd70,0xe591,0xccae,
  0xc48d,0xc46c,0xb3ca,0x9b27,0xabaa,0xabaa,0xb3cb,0x8ac7,0x7a66,0x59a3,0x3060,0x5183,0x7267,0x5982,0x6161,0x6161,
  0x5941,0x5141,0x4901,0x8b28,0xabaa,0xab68,0xb3c9,0xb3c9,0xbc0a,0xb40a,0xb42b,0x8b07,0x59a3,0x59c4,0x59a4,0x38e1,
  0x3902,0x30c1,0x1800,0x38e2,0x4102,0x38c1,0x4944,0x28a1,0x1800,0x5142,0x9b27,0xa347,0xa389,0x9b8a,0x6a05,0x5162,
  0xbc6c,0xa3ea,0xb42b,0xb42b,0xb40a,0xac0a,0xbc2b,0xb40b,0xb3eb,0x9b69,0x69e4,0x5962,0x69e4,0x5142,0x61a4,0x5963,
  0x5101,0x5122,0x5143,0x5963,0x5984,0x3880,0x2020,0x3923,0x30c1,0x3901,0x5983,0x6182,0x69c3,0x69e4,0x40c2,0x2840,
  0x2102,0x2923,0x2123,0x39e6,0x2964,0x2964,0x4247,0x31a6,0x2965,0x1081,0x2144,0x10c2,0x2124,0x2944,0x10a1,0x39e7,
  0x18c2,0x2103,0x1060,0x0840,0x1040,0x4a06,0xc5d5,0xe6d9,0xde98,0xe6d9,0xdeb8,0xe6f9,0xe719,0xe6f9,0xe6f9,0xe719,
  0xe6f9,0xe6f9,0xded8,0xe6f9,0xe6f9,0xe6f9,0xded8,0xe6f9,0xe719,0xef3a,0xe6f9,0xe6f9,0xe6f9,0xef1a,0xe6f9,0xe6f9,
  0xded9,0xe6f9,0xe6f9,0xe6f9,0xe6d9,0xe6f9,0xe6f9,0xef1a,0xe6f9,0xe6f9,0xe6f9,0xef19,0xe6f9,0xeef9,0xe6f9,0xe6f9,
  0xe6d9,0xef1a,0xe6f9,0xef1a,0xef1a,0xef1a,0xe6f9,0xeefa,0xe6f9,0xef1a,0xe719,0xef1a,0xef1a,0xef1a,0xe6f9,0xef1a,
  0xe6f9,0xef1a,0xef1a,0xef3a,0xef1a,0xef1a,0xe6f9,0xef3a,0xef1a,0xef1a,0xe6f9,0xef19,0xef19,0xef1a,0xe6f9,0xef1a,
  0xef19,0xef1a,0xeef9,0xef1a,0xeef9,0xef3a,0xe719,0xef19,0xe6f9,0xef19,0xef19,0xef3a,0xe6f9,0xeef9,0xe6f9,0xef19,
  0xeef9,0xf71a,0xef19,0xef1a,0xeef9,0xef19,0xe6f8,0xeef9,0xe6d8,0xeef9,0xe6d8,0xeed8,0xe6d8,0xeef9,0xe6d8,0xeed8,
  0xe6b8,0xf719,0xef19,0xf73a,0xe6b8,0xef19,0xeed8,0xf71a,0xeed8,0xe6b7,0xd635,0xde76,0xcdb4,0xb4f1,0xb4f0,0xd5d4,
  0xcdb3,0xe656,0xd5f4,0xe656,0xee97,0xe676,0xeeb7,0xeeb7,0xe696,0xe656,0xde14,0xde15,0xde35,0xe676,0xe676,0xeeb7,
  0xe676,0xee97,0xe696,0xee97,0xe655,0xeeb7,0xeeb7,0xe655,0xe676,0xf6d7,0xe676,0xee96,0xe675,0xee76,0xee76,0xf696,
  0xee96,0xf696,0xee75,0xee76,0xee76,0xee96,0xee76,0xee96,0xee76,0xf696,0xee96,0xf696,0xee96,0xf696,0xee76,0xee96,
  0xee76,0xee76,0xe655,0xee76,0xee55,0xee76,0xe655,0xee76,0xee75,0xee76,0xee75,0xf696,0xee76,0xee76,0xe655,0xee76,
  0xee76,0xee76,0xee75,0xee76,0xee75,0xee76,0xee75,0xee76,0xee75,0xee76,0xee75,0xee76,0xee75,0xee76,0xee75,0xee76,
  0xee55,0xee76,0xee55,0xee76,0xee75,0xf676,0xee75,0xee96,0xee75,0xee96,0xee75,0xee96,0xee75,0xee76,0xee75,0xee76,
  0xee75,0xee76,0xe675,0xee76,0xee75,0xee75,0xee75,0xee96,0xee75,0xf696,0xee75,0xee96,0xee55,0xee75,0xee75,0xee75,
  0xee75,0xee75,0xe654,0xe654,0xe634,0xe654,0xe654,0xee54,0xe633,0xe654,0xe633,0xee54,0xe633,0xee54,0xe633,0xe613,
  0xddf2,0xe5f3,0xddb1,0xdd91,0xd570,0xd52f,0xccce,0xccce,0xccad,0xabaa,0xabca,0xabaa,0xa389,0xa38a,0x9b28,0x69e3,
  0x59a3,0x38a1,0x3080,0x7246,0x61e4,0x5961,0x69a2,0x5100,0x5941,0x5100,0x7245,0xa3ca,0xaba9,0xbc2b,0xb409,0xbc0a,
  0xbc2a,0xb40b,0x9b69,0x69e4,0x4101,0x59a3,0x4102,0x38e2,0x3902,0x2020,0x1820,0x4164,0x3902,0x4122,0x3902,0x1820,
  0x2860,0x7a85,0xaba8,0xaba8,0xabeb,0x9b8a,0x4101,0x7245,0xb42b,0xabea,0xb42b,0xb40a,0xac0a,0xb40a,0xa3c9,0xb40b,
  0xabca,0x7a86,0x5120,0x69c4,0x5142,0x61a3,0x5142,0x5122,0x5142,0x48c1,0x61c4,0x5984,0x4922,0x2820,0x2880,0x38e2,
  0x3902,0x5142,0x5983,0x6183,0x61c4,0x59a4,0x2040,0x2061,0x2103,0x2943,0x3185,0x2964,0x39c6,0x2944,0x39e6,0x39e6,
  0x2103,0x18e2,0x18e2,0x18e3,0x2144,0x2103,0x18c2,0x2964,0x41e7,0x2124,0x2923,0x18c2,0x1040,0x1881,0x5a88,0xce37,
  0xf75b,0xd697,0xef1a,0xded8,0xe6d9,0xe6f9,0xe719,0xe6f9,0xe719,0xe6f9,0xe6f9,0xded8,0xe719,0xe719,0xef1a,0xe6f9,
  0xef1a,0xe719,0xe719,0xe6f9,0xe6fa,0xe6f9,0xe6fa,0xe6f9,0xef1a,0xe6f9,0xef1a,0xe719,0xe6f9,0xe6f9,0xef1a,0xe719,
  0xeefa,0xe6f9,0xef1a,0xe6f9,0xef1a,0xeef9,0xef1a,0xe6f9,0xeefa,0xeefa,0xef1a,0xef1a,0xef3a,0xef1a,0xef3a,0xef1a,
  0xf73b,0xef1a,0xef1a,0xe6f9,0xef1a,0xef1a,0xef1a,0xe6f9,0xef1a,0xeefa,0xef1a,0xef1a,0xef3a,0xe6f9,0xef1a,0xe719,
  0xef1a,0xeef9,0xef1a,0xef19,0xef1a,0xe6f9,0xef19,0xeef9,0xef1a,0xef1a,0xf71a,0xef1a,0xf71a,0xef3a,0xef3a,0xef19,
  0xef1a,0xef19,0xef1a,0xef19,0xf71a,0xef19,0xef1a,0xef19,0xf71a,0xef1a,0xf73a,0xef19,0xf73a,0xef19,0xef19,0xeef9,
  0xf719,0xeef9,0xf719,0xeef9,0xeef9,0xeed9,0xeef9,0xe6d8,0xf6f9,0xeed9,0xeed9,0xef19,0xff7b,0xff5b,0xde77,0xb532,
  0x9c2e,0x62a8,0x5a26,0x51e5,0x72c8,0x8bcc,0xa48f,0xb4f1,0xa44f,0xa46e,0x9c0d,0xa44e,0xbcf1,0xbd11,0xac8f,0xacaf,
  0xbd11,0xbd31,0xc572,0xcd92,0xd5b3,0xcd72,0xc532,0xcd93,0xddf5,0xe656,0xf6d8,0xf6f8,0xf6b8,0xee97,0xee97,0xee97,
  0xf697,0xf6b7,0xee97,0xeeb7,0xf6d7,0xee76,0xf697,0xee96,0xf6b7,0xee96,0xf696,0xee76,0xf696,0xee76,0xf696,0xee76,
  0xf696,0xee76,0xf697,0xee76,0xf696,0xee76,0xee76,0xee76,0xee76,0xee76,0xee76,0xee75,0xee76,0xee76,0xee76,0xee75,
  0xee76,0xee76,0xf696,0xee96,0xf696,0xee75,0xee76,0xee75,0xf696,0xee55,0xee76,0xee75,0xf696,0xee76,0xf696,0xee96,
  0xf696,0xee76,0xf696,0xee76,0xf696,0xee76,0xf696,0xee75,0xf676,0xee76,0xee76,0xee55,0xee76,0xee76,0xf696,0xee75,
  0xee96,0xee76,0xee96,0xee76,0xee96,0xee75,0xee96,0xee76,0xf696,0xee96,0xf696,0xee96,0xf696,0xee55,0xee75,0xee75,
  0xf696,0xee76,0xf696,0xee96,0xf676,0xee75,0xf696,0xee75,0xf676,0xee55,0xee75,0xe654,0xe654,0xe654,0xee75,0xe654,
  0xee54,0xe634,0xee54,0xe654,0xee54,0xee34,0xee34,0xe5f3,0xe5f3,0xe5d2,0xe5d3,0xcd0f,0xd530,0xdd50,0xccce,0xcccd,
  0xc46d,0xaba9,0xa389,0xb40b,0xa369,0xabeb,0x8ae8,0x61a3,0x4101,0x1800,0x61e4,0x7245,0x61a2,0x6161,0x69c3,0x5941,
  0x5121,0x61a2,0xa38a,0x9b68,0xb3ea,0xbc2a,0xbc4b,0xb40a,0xbc2b,0xabea,0x82c7,0x59a2,0x5143,0x4943,0x38e2,0x3902,
  0x30a1,0x1800,0x4143,0x3902,0x4123,0x30c2,0x1840,0x1000,0x5162,0x8b07,0xa368,0xaba9,0x9b8a,0x82e8,0x4901,0x9b69,
  0xb3ca,0xb40a,0xb42b,0xac0a,0xbc4b,0xb40a,0xabc9,0xb42b,0x9b49,0x5141,0x6182,0x69e4,0x5942,0x5983,0x5983,0x4902,
  0x48c1,0x5122,0x6184,0x5984,0x38a2,0x2840,0x38c2,0x3902,0x4902,0x5963,0x61a3,0x61a4,0x69e5,0x38c1,0x2881,0x1840,
  0x18c1,0x3164,0x39c5,0x2923,0x39c5,0x3185,0x2944,0x31a5,0x18c2,0x2103,0x10a2,0x18e3,0x1903,0x18e3,0x18e2,0x1903,
  0x2124,0x2964,0x4a28,0x39c6,0x1060,0x1060,0x20e2,0x7b6c,0xd678,0xe6f9,0xdeb8,0xe719,0xe6f9,0xe6f9,0xe6f9,0xef1a,
  0xe6f9,0xe6f9,0xe6f9,0xe6f9,0xded8,0xe719,0xe719,0xe719,0xdef8,0xe6f9,0xe6f9,0xe6f9,0xded9,0xe6f9,0xe6f9,0xef1a,
  0xef3a,0xef3a,0xe71a,0xef1a,0xdef9,0xe6f9,0xe6f9,0xef1a,0xe6f9,0xe6f9,0xef19,0xef1a,0xe6f9,0xef19,0xe6f9,0xe6f9,
  0xe6d9,0xef1a,0xe6f9,0xeefa,0xe6f9,0xef1a,0xef1a,0xef1a,0xef1a,0xef1a,0xe6d9,0xeefa,0xe6f9,0xef1a,0xef1a,0xef1a,
  0xe6f9,0xef1a,0xe6f9,0xef1a,0xe6f9,0xef1a,0xe719,0xef19,0xe6d8,0xe6f9,0xe6f9,0xef1a,0xe6d9,0xe6f9,0xef19,0xef1a,
  0xeef9,0xef1a,0xeef9,0xef1a,0xeef9,0xef19,0xe6f9,0xef1a,0xe719,0xef19,0xeef9,0xeef9,0xef19,0xef1a,0xef19,0xef1a,
  0xef19,0xef19,0xeef9,0xef19,0xeef9,0xef19,0xeef9,0xeef9,0xeef9,0xeef9,0xeef9,0xf719,0xeef9,0xf719,0xeef9,0xeef9,
  0xe6b8,0xeef9,0xeef9,0xf75b,0xa4d0,0x6aa8,0x28e1,0x3963,0x3122,0x3963,0x41a4,0x6ac9,0x6aa8,0x4163,0x49e5,0x8bac,
  0xa48f,0xa44e,0x9c0d,0x9c0d,0x836a,0xa46f,0xa42e,0xb4d0,0xbd31,0xb4f0,0x8bab,0x6a87,0x49c4,0x4984,0x3922,0x4163,
  0x49a5,0x72c8,0x93cc,0xb4d0,0xd5d4,0xf6d8,0xff19,0xf6f8,0xe656,0xeeb7,0xeeb7,0xf6b7,0xee96,0xf696,0xee96,0xee96,
  0xee76,0xee96,0xee96,0xf697,0xee76,0xee96,0xee76,0xee76,0xe655,0xee76,0xee76,0xee76,0xe655,0xee55,0xe655,0xee76,
  0xe655,0xee76,0xee75,0xee76,0xe655,0xee76,0xee55,0xee76,0xe655,0xee76,0xee55,0xee76,0xee76,0xee76,0xee55,0xee76,
  0xee75,0xee75,0xee55,0xee76,0xee75,0xee96,0xee76,0xf696,0xee75,0xf696,0xee76,0xee76,0xee75,0xf696,0xee75,0xf696,
  0xee76,0xf696,0xee75,0xee76,0xee55,0xee76,0xee76,0xee96,0xee75,0xee96,0xee76,0xee96,0xee75,0xee76,0xee75,0xee76,
  0xee75,0xee96,0xee96,0xf696,0xee96,0xee75,0xee75,0xee76,0xee75,0xee75,0xee75,0xee75,0xee75,0xee76,0xee75,0xee76,
  0xee55,0xee75,0xee75,0xee75,0xe653,0xe654,0xe654,0xee75,0xe654,0xe654,0xe633,0xee54,0xe633,0xe633,0xe613,0xe613,
  0xddd2,0xddd2,0xe5b2,0xc4ae,0xccee,0xdd91,0xc4ad,0xccce,0xabca,0xb3ea,0x9b48,0xa38a,0x9348,0x9b49,0x6a24,0x4901,
  0x2020,0x4943,0x7a86,0x71e3,0x6161,0x6182,0x5940,0x5121,0x5961,0x9307,0xa388,0xaba9,0xb40a,0xb40a,0xb42a,0xbc2b,
  0xb40a,0x8b07,0x59a3,0x61c4,0x4942,0x30c1,0x38e2,0x30a2,0x1000,0x38e2,0x4143,0x38e2,0x3923,0x1861,0x0800,0x2880,
  0x7264,0x9b88,0x9b88,0xac0b,0x9baa,0x5983,0x5982,0xabca,0xb3ea,0xb40a,0xb42a,0xbc4b,0xac0a,0xac0a,0xac0a,0xb42b,
  0x7224,0x5100,0x69e4,0x6183,0x5962,0x5962,0x5963,0x48e1,0x3060,0x6a05,0x5943,0x5143,0x2860,0x2881,0x30c2,0x4902,
  0x40c0,0x6983,0x6163,0x61c5,0x4963,0x1820,0x1861,0x1020,0x20e2,0x2964,0x39c6,0x2943,0x3185,0x39c6,0x2944,0x18c2,
  0x18c2,0x18c2,0x18e3,0x10c2,0x2124,0x1903,0x2124,0x2103,0x2103,0x2124,0x4207,0x39a6,0x39a5,0x1081,0x20e2,0x20e2,
  0x8c2f,0xef1a,0xdeb8,0xdeb8,0xe719,0xe6f9,0xef1a,0xe719,0xe719,0xe6f9,0xe71a,0xe6f9,0xe6f9,0xe6f9,0xef1a,0xe6f9,
  0xe719,0xe6f9,0xe719,0xe6d9,0xe6d9,0xded8,0xe6f9,0xe6f9,0xef1a,0xe71a,0xef3a,0xe71a,0xe71a,0xe6f9,0xef1a,0xe71a,
  0xe71a,0xe6f9,0xef1a,0xef19,0xef1a,0xe6f9,0xeefa,0xe6f9,0xeef9,0xef1a,0xef1a,0xe6f9,0xeefa,0xe6f9,0xef1a,0xef1a,
  0xef3a,0xe6f9,0xeefa,0xe6f9,0xef1a,0xef1a,0xef1a,0xef1a,0xef1a,0xef1a,0xef1a,0xef1a,0xef1a,0xe6f9,0xef1a,0xe6f9,
  0xeef9,0xe6f9,0xef1a,0xeef9,0xeef9,0xe6f9,0xef1a,0xeef9,0xef1a,0xeef9,0xef1a,0xeef9,0xef1a,0xe6f9,0xef1a,0xef19,
  0xef3a,0xef19,0xef3a,0xef19,0xef1a,0xef19,0xef1a,0xef19,0xef1a,0xeef9,0xeef9,0xeef9,0xeef9,0xeef9,0xef19,0xeef9,
  0xeef9,0xeef9,0xf719,0xeef9,0xf71a,0xf719,0xf71a,0xeef9,0xeed9,0xeef9,0xe6b8,0xc5b4,0x9c90,0x944e,0xa490,0xb512,
  0xbd73,0xd636,0xd616,0xe698,0xee98,0xb511,0xac90,0xbd32,0xcd73,0xc552,0xcd73,0xc532,0xac8f,0xacb0,0xac6f,0x93ec,
  0x8b8b,0x7309,0x6a87,0x72c8,0x8b8c,0x93cd,0x9bed,0x7b2a,0x5a07,0x4142,0x38e1,0x4122,0x6226,0x836a,0xc552,0xe656,
  0xf6d8,0xfef8,0xf6d8,0xee96,0xeeb7,0xf696,0xf697,0xee76,0xee76,0xee76,0xf696,0xee96,0xf696,0xee96,0xf697,0xee76,
  0xee76,0xee76,0xf696,0xee76,0xee76,0xee75,0xee76,0xee76,0xf696,0xee96,0xf696,0xee76,0xee96,0xee76,0xf696,0xee76,
  0xee76,0xee75,0xee76,0xee76,0xf696,0xee76,0xf676,0xee76,0xf696,0xee75,0xf676,0xee75,0xee76,0xee76,0xf696,0xee76,
  0xf696,0xee96,0xf696,0xee76,0xf696,0xee96,0xf696,0xee55,0xee76,0xee76,0xf696,0xee75,0xee76,0xee55,0xf696,0xee96,
  0xf696,0xee96,0xf696,0xee96,0xee96,0xee75,0xee76,0xee75,0xee76,0xee75,0xf696,0xee96,0xf696,0xee95,0xf696,0xee76,
  0xee76,0xee75,0xee76,0xee55,0xf696,0xee75,0xf696,0xee75,0xee76,0xee75,0xee76,0xee75,0xee54,0xe654,0xee75,0xee74,
  0xee54,0xe634,0xee54,0xe633,0xe633,0xe5f3,0xee13,0xe613,0xddd2,0xdd91,0xe5b2,0xccef,0xcd0f,0xc4ad,0xb40b,0xccad,
  0xbc0b,0x9b68,0xabaa,0xa3aa,0xa3ab,0x7a66,0x61a3,0x38a0,0x2860,0x72a7,0x7a25,0x69a2,0x71a1,0x6981,0x5941,0x48e0,
  0x82c7,0xabca,0xabca,0xb3c9,0xb40a,0xc48c,0xc46c,0xbc4b,0xa389,0x69e3,0x5121,0x5163,0x38e1,0x2880,0x38e3,0x2020,
  0x2040,0x4984,0x38e2,0x38c1,0x30c2,0x0000,0x1020,0x5162,0x8b07,0x9b88,0xa3ca,0xac2c,0xa3cb,0x3860,0x92e7,0xa3aa,
  0xabcb,0xb42b,0xbc4b,0xbc4a,0xb42a,0xabc9,0xb42b,0x9b48,0x6182,0x5962,0x69e4,0x5142,0x5963,0x5983,0x48c1,0x4080,
  0x5983,0x6183,0x69c4,0x38c1,0x2881,0x28a2,0x4124,0x3880,0x6183,0x6982,0x6983,0x5963,0x30a1,0x0800,0x1861,0x0820,
  0x18a1,0x2903,0x2943,0x3185,0x20e2,0x39c6,0x3185,0x0860,0x0881,0x2103,0x0881,0x10a2,0x10c2,0x10c2,0x10c2,0x10c2,
  0x2985,0x4228,0x4207,0x4207,0x39c6,0x2923,0x18a1,0x20e2,0x3164,0x944f,0xded9,0xded9,0xded8,0xe6f9,0xded8,0xe6f9,
  0xded8,0xe6f9,0xded8,0xe6f9,0xded8,0xe6f9,0xdef8,0xe6f9,0xe719,0xef1a,0xe6f9,0xe6d9,0xded9,0xe6f9,0xe6f9,0xe6f9,
  0xe6f9,0xef1a,0xe719,0xe71a,0xe6f9,0xe71a,0xe719,0xef1a,0xe71a,0xef1a,0xe6f9,0xef1a,0xe6f9,0xef1a,0xe6f9,0xef1a,
  0xe6f9,0xef3a,0xef1a,0xef1a,0xe6f9,0xeefa,0xe6f9,0xe6f9,0xe6f9,0xeefa,0xe6f9,0xef1a,0xef1a,0xef1a,0xe6d9,0xef1a,
  0xef1a,0xf73b,0xef1a,0xef1a,0xe6f9,0xef1a,0xe6f9,0xef19,0xef1a,0xef1a,0xe6f9,0xeef9,0xef19,0xef1a,0xe6f9,0xef19,
  0xeef9,0xef1a,0xeef9,0xef1a,0xef19,0xef3a,0xe719,0xef19,0xe6f9,0xe6f9,0xe6d8,0xe6f9,0xeef9,0xef19,0xef19,0xef1a,
  0xef19,0xef19,0xe6f9,0xeef9,0xeef9,0xef19,0xeef9,0xef19,0xeed8,0xeed9,0xeef8,0xeef9,0xeed8,0xeef9,0xeef9,0xeef9,
  0xeef9,0xf71a,0xe6b8,0xde77,0xef1a,0xffbc,0xffbc,0xf73a,0xf73a,0xf6fa,0xeed8,0xeef9,0xeed9,0xf71a,0xf719,0xf6f9,
  0xeeb8,0xe636,0xde15,0xde36,0xde15,0xcd73,0xbd11,0xbcf0,0xbd11,0xc552,0xc572,0xe656,0xff39,0xff5a,0xff19,0xeed8,
  0xe677,0xd5d5,0xcd93,0xc573,0x9c2d,0x7b09,0x8bab,0x9bec,0xac8f,0xe635,0xeeb7,0xeeb7,0xeeb7,0xf6b7,0xee96,0xee76,
  0xe655,0xee76,0xe655,0xee76,0xee76,0xf696,0xee96,0xf696,0xee76,0xf696,0xee76,0xee76,0xee75,0xee76,0xe655,0xee76,
  0xee76,0xf696,0xee75,0xee96,0xee76,0xee96,0xee76,0xee76,0xee75,0xee76,0xe675,0xee76,0xee75,0xf696,0xee96,0xee96,
  0xee75,0xf696,0xee75,0xee76,0xee55,0xee76,0xe655,0xee76,0xee75,0xf696,0xee75,0xee76,0xee75,0xf696,0xee75,0xee55,
  0xee55,0xf696,0xee96,0xf696,0xee76,0xee76,0xee75,0xee96,0xee76,0xee96,0xee75,0xee96,0xee75,0xee76,0xee96,0xee96,
  0xe675,0xee76,0xe675,0xee96,0xee75,0xee75,0xe655,0xee75,0xee55,0xee75,0xee75,0xee75,0xee55,0xee76,0xee75,0xf696,
  0xee75,0xee75,0xe654,0xee75,0xe654,0xe654,0xe654,0xee74,0xe654,0xee54,0xe653,0xee54,0xe5f3,0xe5f3,0xddf2,0xe5f2,
  0xd570,0xd550,0xd550,0xd50f,0xccee,0xbc2b,0xabea,0xbc4c,0xb40b,0xabca,0xabca,0xa3aa,0x8b07,0x6a05,0x38c0,0x2020,
  0x51c5,0x7aa8,0x69e3,0x6981,0x6961,0x6161,0x5120,0x7245,0x9349,0xbc2c,0xb3ea,0xb3e9,0xb40a,0xbc4b,0xc4ad,0xb40b,
  0x7a65,0x5141,0x5162,0x4922,0x2860,0x4103,0x2881,0x1800,0x3902,0x4144,0x3922,0x2880,0x1000,0x0820,0x1820,0x7264,
  0x9b88,0x9b67,0x9bca,0xac4d,0x61e4,0x5121,0xa389,0xabeb,0xa3aa,0xb3ea,0xb42a,0xb40a,0xb42a,0xabea,0x9b88,0x7244,
  0x5120,0x61c3,0x5121,0x5962,0x61a3,0x48e1,0x3880,0x4902,0x61c4,0x61a4,0x5142,0x2820,0x28a2,0x30c2,0x30a1,0x5122,
  0x6163,0x6963,0x6163,0x4902,0x1000,0x1821,0x1020,0x1882,0x2903,0x20e2,0x3143,0x3184,0x2903,0x31a5,0x2944,0x0861,
  0x0841,0x2944,0x10a2,0x10a2,0x1082,0x1081,0x18c2,0x10a2,0x2965,0x5289,0x4207,0x4227,0x39a6,0x2964,0x2944,0x2943,
  0x18a1,0x3164,0x9470,0xe6d9,0xeefa,0xded9,0xded9,0xe6f9,0xe6f9,0xded8,0xef5a,0xe719,0xe6f9,0xded8,0xe6f9,0xded8,
  0xe71a,0xe6f9,0xe6f9,0xded9,0xe6f9,0xe6f9,0xe6f9,0xe6f9,0xef1a,0xe6f9,0xe6f9,0xe6f9,0xe6f9,0xe719,0xef3a,0xe719,
  0xef1a,0xe6f9,0xeefa,0xef1a,0xef1a,0xef1a,0xef1a,0xef1a,0xef1a,0xeefa,0xef3a,0xef1a,0xef1a,0xe6d9,0xe6f9,0xe6f9,
  0xef3b,0xe71a,0xef1a,0xe71a,0xef1a,0xe6f9,0xef1a,0xe71a,0xef1a,0xef3a,0xef3a,0xef1a,0xef1a,0xe6f9,0xe6f9,0xe6f9,
  0xef1a,0xef19,0xeef9,0xe6f9,0xef3a,0xef1a,0xef1a,0xe6d9,0xeef9,0xeef9,0xf73a,0xef3a,0xf73b,0xef19,0xef3a,0xef1a,
  0xef1a,0xe6f9,0xeef9,0xe719,0xef3a,0xef1a,0xef1a,0xef19,0xef1a,0xeef9,0xef19,0xeef9,0xeef9,0xe6d9,0xeef9,0xef19,
  0xf71a,0xeef9,0xeef9,0xeef9,0xeed9,0xeed8,0xf719,0xef19,0xf71a,0xef19,0xf71a,0xf73a,0xf71a,0xeed9,0xeed9,0xeef9,
  0xeef9,0xeed9,0xeef9,0xe6b8,0xeed9,0xeed8,0xe677,0xe6b7,0xf6d8,0xeeb7,0xeeb8,0xeed8,0xf6d8,0xf6b8,0xf6f8,0xee97,
  0xf6b8,0xf6d8,0xf6d8,0xeeb7,0xee97,0xe656,0xee97,0xee97,0xf6d8,0xf6d8,0xff19,0xff19,0xf6d8,0xe676,0xe655,0xcdb3,
  0xcd72,0xddf4,0xeeb7,0xf6b7,0xf6b7,0xee76,0xee96,0xee96,0xf696,0xe675,0xee76,0xee96,0xf696,0xee76,0xf696,0xee96,
  0xf696,0xee76,0xf696,0xee55,0xee76,0xee76,0xee76,0xee76,0xee76,0xee76,0xf696,0xee76,0xee76,0xee76,0xf696,0xee96,
  0xf696,0xee76,0xee76,0xee75,0xee76,0xee75,0xee96,0xee96,0xf696,0xee76,0xf696,0xee75,0xee76,0xee75,0xee76,0xee75,
  0xf696,0xee76,0xee76,0xee75,0xf696,0xee96,0xf696,0xee75,0xf696,0xee96,0xee96,0xee75,0xee76,0xee76,0xee76,0xee75,
  0xee76,0xee75,0xf696,0xee76,0xf696,0xee75,0xee76,0xe655,0xee56,0xee75,0xf696,0xee96,0xf696,0xee75,0xee96,0xee75,
  0xee76,0xee55,0xee76,0xee75,0xf676,0xee75,0xf696,0xee75,0xee76,0xee75,0xf696,0xee75,0xee75,0xe654,0xee54,0xee54,
  0xee54,0xe613,0xe633,0xe633,0xe5f3,0xe5d2,0xe5f3,0xddb1,0xcd30,0xddd2,0xd550,0xc4ad,0xdd0f,0xbc2c,0xbc0b,0xb3eb,
  0xbc2c,0xa389,0xbc2c,0x9b27,0x7a45,0x61c3,0x2020,0x30c2,0x7ae9,0x7245,0x69c3,0x6181,0x5920,0x5920,0x69c2,0x9328,
  0xabaa,0xb3ea,0xb3ea,0xb40a,0xbc4b,0xb42b,0xc48c,0x9b89,0x7224,0x4100,0x59c5,0x30c1,0x38c2,0x30a1,0x2000,0x2861,
  0x59a5,0x4123,0x2881,0x1000,0x1000,0x0800,0x4122,0x9328,0x9b48,0x9b67,0xa40b,0x93cb,0x30a0,0x7286,0xa3aa,0xb40b,
  0xb3ca,0xb3ca,0xbc4c,0xb42a,0xb40b,0xb3ea,0x9328,0x5141,0x6205,0x61e4,0x5142,0x69a4,0x5901,0x48e0,0x40a0,0x5963,
  0x61a5,0x59c5,0x2882,0x1820,0x4103,0x40c1,0x40c0,0x5962,0x6183,0x5983,0x5184,0x2060,0x1800,0x1841,0x1820,0x2061,
  0x20c1,0x2902,0x2903,0x3124,0x2123,0x2944,0x1081,0x0840,0x1081,0x10a2,0x18c2,0x18a2,0x1081,0x2103,0x1081,0x2103,
  0x4228,0x31a6,0x4a89,0x39e7,0x3a07,0x31a5,0x2944,0x2964,0x18a1,0x18a1,0x3984,0x9c91,0xde98,0xd698,0xded8,0xded8,
  0xe719,0xe739,0xdef8,0xd6b7,0xdef8,0xdef8,0xded8,0xe6f9,0xdef9,0xe71a,0xdef9,0xe6f9,0xded8,0xe6f9,0xe6f9,0xe719,
  0xe6f9,0xe6f9,0xe6f9,0xe719,0xe6f9,0xe719,0xe6f9,0xef1a,0xe6f9,0xe6f9,0xe6d9,0xef1a,0xe6f9,0xeefa,0xe6f9,0xef1a,
  0xe6f9,0xe6f9,0xe6f9,0xef1a,0xe6f9,0xe6f9,0xe6f9,0xef1a,0xe719,0xe6f9,0xe6f9,0xef1a,0xe6f9,0xef1a,0xef1a,0xef1a,
  0xe719,0xef3a,0xef1a,0xef3a,0xe719,0xe71a,0xe6f9,0xef1a,0xe719,0xef1a,0xe6f9,0xeef9,0xe6f9,0xef1a,0xef1a,0xef1a,
  0xe6f9,0xef1a,0xef19,0xef3a,0xef19,0xef1a,0xef1a,0xef3a,0xe719,0xef19,0xe6f9,0xef1a,0xe719,0xef3a,0xef19,0xf73a,
  0xef19,0xeef9,0xe6d8,0xeef9,0xe6d8,0xe6d9,0xeef9,0xf71a,0xef19,0xf73a,0xef19,0xeef9,0xe6d8,0xeef8,0xeef8,0xf719,
  0xef19,0xf719,0xeef9,0xeef9,0xe6d8,0xeef9,0xeef9,0xeef9,0xe6d8,0xeed8,0xf719,0xeed8,0xde77,0xde77,0xde56,0xeed8,
  0xe697,0xeed8,0xeeb7,0xf6f8,0xe697,0xeeb7,0xe696,0xee96,0xe676,0xee76,0xee76,0xee97,0xee96,0xeeb7,0xee96,0xeeb7,
  0xee96,0xeeb7,0xee96,0xee97,0xee96,0xf6b7,0xeeb6,0xeeb6,0xe676,0xee96,0xeeb6,0xee96,0xe655,0xee76,0xe675,0xee96,
  0xee96,0xee96,0xee76,0xf696,0xee76,0xee96,0xee76,0xee96,0xee75,0xee76,0xee76,0xee76,0xee76,0xee96,0xee76,0xee76,
  0xe655,0xee76,0xee55,0xee76,0xee75,0xee96,0xee76,0xf696,0xee75,0xee76,0xe675,0xee76,0xe675,0xee76,0xe675,0xee96,
  0xee96,0xee96,0xee96,0xee76,0xe655,0xee76,0xee75,0xee76,0xee75,0xee76,0xee75,0xee76,0xee75,0xee96,0xee76,0xf6b6,
  0xee96,0xee96,0xee96,0xee96,0xee75,0xee96,0xee75,0xee76,0xee55,0xee76,0xee76,0xf696,0xee75,0xee76,0xee55,0xee76,
  0xee75,0xee96,0xee96,0xf696,0xee76,0xee96,0xee76,0xee96,0xee75,0xee76,0xee75,0xee76,0xee75,0xee76,0xee75,0xee55,
  0xe634,0xee55,0xee55,0xee55,0xe654,0xe654,0xe634,0xee54,0xe633,0xe633,0xe5f3,0xe5f3,0xe5f2,0xe5d2,0xddb2,0xcd2f,
  0xc4ce,0xd550,0xc4ce,0xccee,0xccad,0xbbeb,0xbbeb,0xc46e,0xa369,0xabca,0xb3ea,0x92e6,0x7203,0x40e1,0x1800,0x6207,
  0x7ac7,0x7a65,0x61a2,0x61a2,0x5120,0x6161,0x8ac6,0xab89,0xa388,0xb3ea,0xb40a,0xbc2b,0xb44a,0xbc6b,0xabea,0x82c6,
  0x5141,0x59c4,0x38e1,0x4103,0x30e2,0x2020,0x2020,0x4923,0x4984,0x30a1,0x1000,0x1000,0x1000,0x1820,0x6a25,0xa3aa,
  0x9b47,0x9b68,0xa40b,0x6245,0x2080,0xa40c,0xac0b,0xaba9,0xb3ea,0xbc0b,0xb3ea,0xb3ea,0xa3c9,0xa389,0x5141,0x4942,
  0x51c4,0x4983,0x4922,0x5942,0x50e0,0x48c0,0x4901,0x61a4,0x61a4,0x4123,0x1821,0x30a2,0x30a0,0x40c0,0x5921,0x6183,
  0x5983,0x59a4,0x30c2,0x1800,0x1000,0x1820,0x1820,0x30e3,0x20c2,0x2923,0x3124,0x20e2,0x3164,0x18c2,0x0820,0x0840,
  0x18c2,0x0020,0x18c2,0x1081,0x18a2,0x18e3,0x10a2,0x31a6,0x39e7,0x4227,0x4a48,0x4248,0x4248,0x39e6,0x3165,0x3165,
  0x3185,0x1081,0x20a2,0x41c6,0xa4d2,0xded9,0xe6f9,0xde98,0xe6d8,0xded8,0xe719,0xe6f9,0xe719,0xdef8,0xe719,0xe6f9,
  0xe71a,0xe6f9,0xe6fa,0xe6f9,0xe6f9,0xe6f9,0xe6f9,0xe6f9,0xe719,0xe6f9,0xef1a,0xe719,0xe719,0xe6f9,0xe719,0xe6f9,
  0xe719,0xe6f9,0xeefa,0xef1a,0xef1a,0xe6f9,0xef1a,0xef1a,0xef1a,0xe6f9,0xef1a,0xeefa,0xeefa,0xe6d9,0xeefa,0xeefa,
  0xef1a,0xe6f9,0xef1a,0xef1a,0xef1a,0xe71a,0xef3a,0xef1a,0xef1a,0xe71a,0xef1a,0xef1a,0xef3a,0xef1a,0xef1a,0xef1a,
  0xef1a,0xef1a,0xef1a,0xef1a,0xef1a,0xe6f9,0xef1a,0xef1a,0xef1a,0xef1a,0xef1a,0xef1a,0xf73a,0xef1a,0xf73a,0xef3a,
  0xef3a,0xef19,0xef3a,0xef1a,0xef3a,0xef19,0xf73a,0xef1a,0xef1a,0xeef9,0xeef9,0xef19,0xef1a,0xeef9,0xef1a,0xeef9,
  0xef19,0xeef9,0xf71a,0xeef9,0xeef9,0xeed8,0xeef9,0xeef9,0xf739,0xef19,0xf71a,0xeef9,0xf719,0xeef9,0xf71a,0xeef9,
  0xf6f9,0xeef8,0xf719,0xd615,0xc573,0xbd52,0xd5f5,0xde77,0xf6f9,0xf719,0xeeb8,0xe697,0xe676,0xe697,0xe656,0xee97,
  0xeeb7,0xee96,0xee97,0xee96,0xeeb7,0xeeb7,0xf6b7,0xeeb7,0xeeb7,0xee96,0xf6b7,0xee96,0xee97,0xee96,0xf6b7,0xee96,
  0xee96,0xee96,0xf6b7,0xee96,0xee96,0xee96,0xee96,0xee76,0xf6b7,0xee96,0xf697,0xee96,0xf6b7,0xee96,0xf696,0xee76,
  0xf676,0xee76,0xf696,0xee76,0xf696,0xee96,0xf697,0xee76,0xee76,0xe655,0xee56,0xee55,0xf696,0xee96,0xf697,0xee76,
  0xee96,0xee75,0xee96,0xee96,0xee96,0xee96,0xee96,0xee96,0xf6b6,0xee96,0xf6b7,0xee96,0xee96,0xee96,0xf696,0xee76,
  0xee96,0xee76,0xf696,0xee76,0xee96,0xee76,0xf696,0xf696,0xf696,0xee76,0xf696,0xee96,0xf6b6,0xee96,0xf696,0xee76,
  0xee76,0xee76,0xf696,0xee96,0xf696,0xee96,0xf697,0xee76,0xf696,0xee96,0xf697,0xee96,0xf696,0xee76,0xf696,0xee96,
  0xee96,0xee75,0xee96,0xee76,0xf696,0xee75,0xf696,0xee75,0xee75,0xe655,0xee75,0xe655,0xee75,0xe654,0xee54,0xe633,
  0xe634,0xe613,0xee34,0xddd2,0xee13,0xe5d2,0xedf3,0xcd2f,0xd52f,0xcd0e,0xc4ad,0xccce,0xccce,0xabab,0xc44d,0xbc2c,
  0xa36a,0xb40b,0x8ae7,0x7a65,0x5982,0x2000,0x40e2,0x7aa9,0x7aa7,0x6a04,0x7224,0x5961,0x5120,0x8265,0xabaa,0xabca,
  0xb3c9,0xbc2a,0xc44c,0xb42a,0xb42b,0xac0a,0x9327,0x59a2,0x5162,0x4121,0x30a1,0x30e2,0x30a2,0x1800,0x38c2,0x5185,
  0x38e2,0x1800,0x1840,0x1020,0x1000,0x4102,0x9b6a,0xa3ca,0xa389,0x9ba9,0x9baa,0x38e0,0x5a04,0xac4c,0xb40b,0xab88,
  0xbbea,0xb3ea,0xbc2c,0xb40b,0xb40b,0x7a65,0x40c0,0x59a3,0x59c4,0x4101,0x5983,0x5122,0x5101,0x4080,0x6183,0x5984,
  0x59a5,0x2040,0x2062,0x38e3,0x38a0,0x48e0,0x69a3,0x61a3,0x61a4,0x4963,0x2020,0x1000,0x1820,0x1000,0x2861,0x3903,
  0x1860,0x3103,0x2923,0x20e2,0x3144,0x1081,0x0840,0x10a1,0x0840,0x1061,0x0860,0x1081,0x10a2,0x1081,0x2944,0x39c6,
  0x2144,0x5289,0x39e6,0x4248,0x4a89,0x4a48,0x39e6,0x39c6,0x4227,0x2924,0x1081,0x18a1,0x39c5,0xa4f2,0xe71a,0xe6d9,
  0xd676,0xe719,0xdef8,0xdef8,0xe6f8,0xe719,0xe6f9,0xe719,0xe6f9,0xe6f9,0xded8,0xe6f9,0xe6f9,0xe6f9,0xdef8,0xe6f9,
  0xe6f9,0xe6f9,0xe6f9,0xe719,0xe6f9,0xe6f9,0xdef8,0xe6f9,0xe6f9,0xe6f9,0xe6d9,0xeefa,0xe6f9,0xeefa,0xe6f9,0xe6f9,
  0xe6f9,0xef1a,0xe719,0xef1a,0xe6d9,0xe6f9,0xe6d9,0xeefa,0xe6f9,0xef1a,0xe6f9,0xef1a,0xe6f9,0xe6f9,0xe6d9,0xe6f9,
  0xe6f9,0xef1a,0xe6f9,0xef1a,0xe719,0xef1a,0xe719,0xef1a,0xe6d9,0xeefa,0xe719,0xef3a,0xef1a,0xef1a,0xe6d9,0xef1a,
  0xe6f9,0xef1a,0xe6f9,0xef1a,0xef1a,0xef3a,0xef19,0xef3a,0xef1a,0xef1a,0xe719,0xef3a,0xef3a,0xef1a,0xe6f9,0xeef9,
  0xe6f9,0xef19,0xef19,0xef1a,0xef19,0xef1a,0xe6f9,0xeed9,0xe6d8,0xeed9,0xe6f8,0xeef9,0xeed8,0xeef9,0xe6d8,0xeef8,
  0xeef8,0xf719,0xeef9,0xeef9,0xeef9,0xf719,0xeef9,0xef19,0xeef9,0xf719,0xe6b8,0xde77,0xe6b8,0xff3a,0xe6b8,0xcdf5,
  0xde56,0xeeb7,0xe697,0xf6f8,0xeed7,0xeeb8,0xe676,0xeeb7,0xeeb7,0xee97,0xe676,0xe676,0xe676,0xee96,0xee96,0xeeb7,
  0xee96,0xeeb7,0xee96,0xee96,0xe676,0xee97,0xeeb7,0xeeb6,0xe675,0xee76,0xe675,0xee96,0xee96,0xee96,0xe675,0xee96,
  0xee96,0xee96,0xee96,0xf696,0xee96,0xf696,0xee76,0xee76,0xee76,0xee76,0xee76,0xee76,0xee76,0xf696,0xee76,0xee76,
  0xee55,0xee56,0xe655,0xee76,0xee76,0xf696,0xee75,0xee76,0xee76,0xee76,0xe675,0xee96,0xee96,0xee96,0xee96,0xee96,
  0xee96,0xee96,0xee96,0xee96,0xee96,0xee96,0xee96,0xee96,0xee75,0xee96,0xee96,0xee96,0xee75,0xee76,0xee75,0xee96,
  0xee75,0xee76,0xe675,0xee96,0xee75,0xee76,0xee75,0xee76,0xee75,0xee76,0xee75,0xee96,0xee76,0xf696,0xee96,0xf696,
  0xee76,0xf696,0xee75,0xee76,0xee75,0xee76,0xee75,0xee96,0xee75,0xee76,0xe675,0xee76,0xe655,0xee75,0xee75,0xee75,
  0xee55,0xee75,0xe655,0xee75,0xe674,0xee55,0xe633,0xe613,0xddf2,0xe5f3,0xe613,0xdd91,0xd570,0xddb1,0xdd91,0xd530,
  0xc4ee,0xcd0e,0xc48c,0xc48d,0xc48e,0xb3cb,0xbc2c,0xa328,0xb3eb,0x9b28,0x6a04,0x6a05,0x3080,0x2800,0x6a26,0x8287,
  0x6a04,0x7204,0x69e3,0x5941,0x69e2,0xa369,0xa388,0xaba9,0xabc9,0xbc2b,0xbc4b,0xbc4b,0xb40b,0x9348,0x69e3,0x5982,
  0x4941,0x3080,0x2880,0x30c2,0x1000,0x2881,0x3903,0x38e2,0x1000,0x1800,0x1860,0x0800,0x1820,0x7266,0xa3ca,0xa389,
  0x9348,0xabeb,0x7286,0x4121,0x9bcb,0xa3cb,0xabc9,0xb3e9,0xab88,0xb3eb,0xac0b,0xb40b,0x9328,0x4920,0x4941,0x61c4,
  0x4942,0x4902,0x5142,0x5983,0x3860,0x5102,0x5983,0x59a4,0x4102,0x2020,0x28a1,0x30a1,0x40c1,0x5963,0x5962,0x5983,
  0x5983,0x38c2,0x0800,0x1820,0x1020,0x1800,0x2881,0x38c2,0x2081,0x28c2,0x2923,0x20e2,0x2903,0x0820,0x1081,0x1081,
  0x0861,0x1081,0x1081,0x1081,0x18c2,0x10a2,0x39e6,0x39c5,0x39c6,0x3185,0x5289,0x4207,0x630b,0x3a06,0x3a07,0x31c6,
  0x2924,0x4a48,0x2103,0x1081,0x20e3,0x41e6,0xc5d5,0xd677,0xdeb8,0xded8,0xe6f9,0xdeb8,0xe6f9,0xe6f9,0xe719,0xe6f9,
  0xeefa,0xe6f9,0xe6f9,0xe6f9,0xef1a,0xe719,0xe719,0xe6f9,0xe719,0xe719,0xe719,0xe6f9,0xef1a,0xe719,0xef1a,0xe719,
  0xe719,0xe6f9,0xeefa,0xe6d9,0xeefa,0xe6f9,0xeefa,0xe6d9,0xeefa,0xef1a,0xef1a,0xe6f9,0xeefa,0xe6f9,0xef1a,0xe6f9,
  0xef1a,0xef1a,0xef3a,0xef1a,0xef1a,0xe6f9,0xe6f9,0xe6f9,0xef1a,0xe71a,0xef3a,0xef1a,0xef1a,0xe6f9,0xef1a,0xef1a,
  0xeefa,0xe6f9,0xef1a,0xef3a,0xf73b,0xef1a,0xef1a,0xef1a,0xef3a,0xeefa,0xeefa,0xe6f9,0xeefa,0xef19,0xef3a,0xef1a,
  0xef3a,0xef1a,0xef1a,0xef19,0xf75a,0xef3a,0xef1a,0xeef9,0xef1a,0xeef9,0xef1a,0xe6d9,0xeef9,0xeef9,0xeef9,0xe6d8,
  0xeef9,0xeef9,0xeef9,0xeef9,0xef19,0xeef9,0xeef9,0xeef9,0xeef9,0xeef9,0xf719,0xeef9,0xeef9,0xeef9,0xeef9,0xeef9,
  0xf6f9,0xeef9,0xf6f9,0xe697,0xde56,0xe697,0xf6f9,0xeef8,0xeed8,0xe6b7,0xeeb8,0xe6b7,0xde36,0xde35,0xf6f8,0xe697,
  0xee97,0xe696,0xeeb7,0xe676,0xee97,0xee96,0xf6b7,0xeeb7,0xf6b7,0xee97,0xee97,0xee96,0xee97,0xee76,0xee96,0xee96,
  0xf6b7,0xee96,0xee96,0xee76,0xf697,0xee96,0xf6b7,0xeeb6,0xf6b7,0xee76,0xee96,0xee96,0xf696,0xee76,0xf696,0xee76,
  0xf697,0xee96,0xf697,0xee76,0xf696,0xee76,0xf696,0xee76,0xee76,0xe655,0xee76,0xee96,0xf696,0xee76,0xee76,0xee55,
  0xee76,0xee76,0xee96,0xee96,0xf6b7,0xee96,0xee96,0xee96,0xf696,0xee96,0xee96,0xee96,0xf6b7,0xee96,0xee96,0xee96,
  0xf696,0xee96,0xf696,0xee76,0xee76,0xee76,0xf696,0xee76,0xf696,0xee96,0xf696,0xee75,0xf696,0xee96,0xf696,0xee76,
  0xf696,0xee76,0xee76,0xee75,0xf676,0xee76,0xf696,0xee96,0xf696,0xee76,0xf696,0xee75,0xf676,0xee75,0xee76,0xee75,
  0xee76,0xee75,0xee75,0xee75,0xee75,0xee55,0xee76,0xee55,0xee55,0xe654,0xee55,0xee54,0xee75,0xee54,0xee34,0xe613,
  0xe613,0xddf2,0xe613,0xddb1,0xdd91,0xddb1,0xd52f,0xcd0f,0xd50f,0xc4ad,0xc46b,0xc48c,0xb40c,0xb42c,0xbc2c,0xa328,
  0xab8a,0x7a24,0x7246,0x4963,0x2040,0x4943,0x8aa7,0x8265,0x71e4,0x7224,0x5941,0x61a2,0xa368,0xa368,0xabc9,0xaba8,
  0xb3c9,0xb40a,0xbc4b,0xbc4c,0xb3eb,0x7a65,0x61a2,0x59a3,0x40e1,0x30a0,0x3902,0x1840,0x2061,0x3903,0x3903,0x1820,
  0x1000,0x1860,0x2061,0x0800,0x3902,0x9328,0xa38a,0x9b69,0xa3cb,0xa3ec,0x4942,0x6204,0xac0c,0xac0b,0xbc0a,0xb3e9,
  0xb3ea,0xb42b,0xabeb,0xabeb,0x69e4,0x4921,0x59c3,0x61c4,0x5943,0x5942,0x5142,0x40e0,0x40c0,0x5983,0x69c5,0x5184,
  0x2060,0x2880,0x38c2,0x2840,0x5122,0x5983,0x5983,0x59a4,0x4943,0x1800,0x1800,0x1820,0x1000,0x2040,0x38e3,0x30a1,
  0x20a1,0x28c2,0x28e2,0x28e3,0x1060,0x0820,0x1081,0x1081,0x1081,0x1081,0x1081,0x0840,0x0860,0x2103,0x2943,0x5268,
  0x3184,0x31a5,0x39e6,0x5aca,0x4247,0x4a88,0x4247,0x39e6,0x31c6,0x39c6,0x39c6,0x3185,0x0020,0x18c1,0x4206,0xbdb5,
  0xe6f9,0xd697,0xe6f9,0xded8,0xdeb8,0xe6d9,0xded9,0xe6f9,0xe6f9,0xe71a,0xe6f9,0xef1a,0xe719,0xef1a,0xe719,0xe719,
  0xe6f9,0xe719,0xe6f9,0xe6f9,0xe719,0xef3a,0xe719,0xef1a,0xe6f9,0xef1a,0xe6f9,0xeefa,0xe6f9,0xef1a,0xe6f9,0xeefa,
  0xe6f9,0xe6f9,0xe6f9,0xeefa,0xe6f9,0xef1a,0xef1a,0xef1a,0xe6f9,0xef3a,0xef1a,0xef1a,0xe71a,0xef3a,0xe719,0xe6fa,
  0xe6f9,0xef1a,0xef1a,0xef1a,0xe719,0xef1a,0xef1a,0xef1a,0xe6f9,0xeefa,0xe6f9,0xef1a,0xe6f9,0xef1a,0xe6f9,0xef1a,
  0xe719,0xef1a,0xef1a,0xef1a,0xe719,0xef1a,0xe719,0xef1a,0xe719,0xef1a,0xef19,0xef1a,0xef19,0xef3a,0xef1a,0xf73a,
  0xef19,0xeef9,0xe6d8,0xeef9,0xe6f9,0xeef9,0xe6f9,0xeed9,0xe6d8,0xeed9,0xe6d9,0xeef9,0xe6f8,0xeef9,0xeef9,0xef19,
  0xeed8,0xeef9,0xeef9,0xeef9,0xeef8,0xeef9,0xeef9,0xf719,0xeef8,0xeef9,0xeef9,0xeed8,0xd615,0xcdf5,0xd615,0xde36,
  0xde97,0xe697,0xe696,0xde56,0xc593,0xcdb3,0xe697,0xe697,0xe676,0xee97,0xe696,0xee97,0xe696,0xeeb7,0xeeb7,0xeeb7,
  0xee96,0xeeb7,0xee96,0xee96,0xe676,0xee96,0xee76,0xee97,0xee96,0xee96,0xee76,0xee96,0xee96,0xee96,0xee96,0xf6b7,
  0xee96,0xee76,0xee75,0xf697,0xee75,0xee76,0xee76,0xf696,0xee96,0xf696,0xee96,0xf696,0xee76,0xee96,0xee76,0xee96,
  0xe655,0xe655,0xee55,0xee96,0xee75,0xee76,0xe655,0xee76,0xee75,0xee76,0xee75,0xee96,0xee96,0xee96,0xee76,0xee96,
  0xee96,0xee96,0xee75,0xee96,0xee96,0xee96,0xee75,0xee96,0xee75,0xee76,0xee75,0xee96,0xee75,0xee96,0xee76,0xee76,
  0xee75,0xee96,0xee75,0xee76,0xee75,0xee96,0xee76,0xee76,0xee75,0xee76,0xee55,0xee76,0xee55,0xee76,0xee75,0xf696,
  0xee96,0xee96,0xee75,0xee76,0xee75,0xee96,0xee75,0xee96,0xe675,0xee75,0xee75,0xee76,0xee75,0xee76,0xee75,0xee75,
  0xe634,0xe654,0xe634,0xee54,0xe634,0xe634,0xe613,0xe613,0xddf2,0xe5f3,0xddb1,0xd550,0xd570,0xe5b2,0xc4ce,0xd50f,
  0xcd0f,0xbc6c,0xbc4b,0xc4ad,0x9b89,0xc48d,0xabca,0xab8a,0x8a86,0x7205,0x59c4,0x2040,0x30a1,0x7a87,0x8265,0x7a04,
  0x69c3,0x5941,0x6161,0x8285,0xa368,0xaba8,0xabc8,0xb3c9,0xb3e9,0xb42a,0xb42b,0xb40b,0x8ae7,0x61a3,0x5162,0x5183,
  0x2020,0x3902,0x2081,0x1840,0x3924,0x3924,0x2081,0x1000,0x1000,0x2060,0x1000,0x1860,0x5a05,0x9b69,0x9b68,0xa3cb,
  0xa40c,0x8329,0x38e0,0x82e8,0x9b8a,0xb3ea,0xb3a8,0xbbc9,0xb409,0xac0a,0xb44d,0x9b6a,0x5142,0x5182,0x5182,0x5962,
  0x61a3,0x5922,0x5142,0x3080,0x5183,0x61c4,0x61a5,0x40e2,0x0800,0x28a0,0x38a0,0x40a0,0x5122,0x5963,0x59a3,0x5184,
  0x2880,0x1000,0x1820,0x1000,0x1000,0x2881,0x3902,0x38e2,0x20a2,0x20a1,0x28e3,0x20c2,0x0820,0x1060,0x1061,0x1061,
  0x1061,0x0861,0x1081,0x0860,0x1081,0x2964,0x3185,0x3184,0x4206,0x3184,0x39e6,0x4227,0x4a68,0x4227,0x4248,0x4248,
  0x4a68,0x31c6,0x4a69,0x4a69,0x4227,0x0000,0x18a1,0x5288,0xc5f5,0xe6f9,0xdeb9,0xdeb8,0xe6f9,0xe6d9,0xef1a,0xe6f9,
  0xe6f9,0xe6f9,0xef1a,0xe6f9,0xef1a,0xe719,0xef1a,0xe6f9,0xe6f9,0xe719,0xef1a,0xe6f9,0xef1a,0xe6f9,0xe6f9,0xe6f9,
  0xe719,0xe719,0xef1a,0xe6d9,0xef1a,0xef1a,0xef1a,0xe6f9,0xef1a,0xe6f9,0xeefa,0xe6f9,0xef1a,0xef1a,0xef1a,0xef1a,
  0xef1a,0xef1a,0xef3a,0xe71a,0xef1a,0xef1a,0xef1a,0xe6f9,0xef1a,0xe6f9,0xef1a,0xe71a,0xef3a,0xef3a,0xef1a,0xe6d9,
  0xef1a,0xef1a,0xf73b,0xef1a,0xef1a,0xe6f9,0xef1a,0xeefa,0xef1a,0xef1a,0xef1a,0xef1a,0xef1a,0xef1a,0xef3a,0xef1a,
  0xef3a,0xef1a,0xef1a,0xef19,0xef1a,0xe6f9,0xef1a,0xef19,0xef1a,0xef19,0xf71a,0xeef9,0xeef9,0xe6f9,0xeef9,0xe6f9,
  0xef19,0xeef9,0xef1a,0xeef9,0xeed9,0xe6d8,0xeef9,0xeef9,0xf719,0xeef9,0xf719,0xeed9,0xeef9,0xeef9,0xf71a,0xef19,
  0xf719,0xeed8,0xeed8,0xf719,0xf71a,0xeed8,0xeed8,0xd615,0xde56,0xde76,0xe677,0xe697,0xde76,0xde76,0xe697,0xe676,
  0xeeb7,0xe6b7,0xeeb7,0xe696,0xee97,0xeeb6,0xf6d8,0xeeb7,0xeeb7,0xee97,0xee97,0xee96,0xee96,0xee76,0xee96,0xe676,
  0xee97,0xee96,0xee97,0xee96,0xf6b7,0xee96,0xee96,0xee96,0xf6b7,0xee96,0xf696,0xee96,0xee96,0xee76,0xf697,0xf696,
  0xf6b7,0xee96,0xf696,0xee76,0xee76,0xee75,0xee76,0xee76,0xf696,0xee76,0xee76,0xee55,0xee76,0xee75,0xf696,0xee76,
  0xee96,0xee75,0xf696,0xee96,0xf696,0xee76,0xf696,0xee96,0xf696,0xee75,0xee76,0xee76,0xf6b6,0xee75,0xee76,0xee75,
  0xee96,0xee75,0xee76,0xee76,0xf696,0xee96,0xf696,0xee96,0xee96,0xee76,0xee96,0xee76,0xf696,0xee96,0xf696,0xee76,
  0xf696,0xee75,0xee56,0xee55,0xee76,0xee55,0xee55,0xee75,0xf696,0xee75,0xee76,0xee76,0xee96,0xee96,0xf696,0xee76,
  0xee75,0xe655,0xee76,0xee75,0xf696,0xee75,0xf695,0xee55,0xee55,0xe654,0xee75,0xee54,0xee54,0xe613,0xe613,0xe5f3,
  0xe5f3,0xddb2,0xe5d2,0xcd0f,0xd570,0xdd71,0xd50f,0xd52f,0xc4ae,0xb40a,0xd4ee,0xa368,0xabaa,0xb40b,0xa369,0x8265,
  0x7a46,0x7266,0x38e2,0x1800,0x59c5,0x82a7,0x8a66,0x79c2,0x6962,0x5120,0x7a45,0x9b48,0xa368,0xaba8,0xbc0a,0xb3e9,
  0xbc2a,0xb40a,0xbc4c,0xa3aa,0x69e4,0x5141,0x61c4,0x4102,0x3902,0x2881,0x1800,0x28c2,0x3945,0x3103,0x1020,0x0800,
  0x1840,0x1820,0x1000,0x28c1,0x8b29,0xa368,0xabc9,0xa3ca,0xb44d,0x51c4,0x5163,0x938a,0xa3aa,0xa368,0xc40a,0xbbe9,
  0xb40a,0xac0b,0xa3ec,0x61e4,0x5983,0x5183,0x4921,0x5142,0x5962,0x5101,0x48e1,0x40c0,0x61e5,0x61e5,0x5144,0x1800,
  0x2061,0x30a0,0x3880,0x4901,0x5963,0x5983,0x61c5,0x4102,0x2020,0x1820,0x2061,0x0800,0x2061,0x30c2,0x38c2,0x40e2,
  0x1881,0x20a2,0x1881,0x1040,0x0000,0x1861,0x0840,0x1061,0x1081,0x0860,0x0020,0x1080,0x18c2,0x3185,0x3184,0x2943,
  0x3184,0x4206,0x2122,0x39e6,0x3a06,0x4227,0x4247,0x4aa9,0x4a89,0x4228,0x31c6,0x4268,0x5aca,0x5268,0x0860,0x18a1,
  0x4a27,0xbdb5,0xe71a,0xded9,0xdeb8,0xef1a,0xdeb8,0xe6f9,0xe719,0xe6d9,0xe6f9,0xe71a,0xe6f9,0xe719,0xe719,0xe719,
  0xe6f9,0xe6f9,0xdef8,0xe6f9,0xded8,0xe6f9,0xe6f9,0xe719,0xe6f9,0xe6f9,0xded8,0xe6d9,0xe6d9,0xe6f9,0xe6d9,0xeefa,
  0xe6f9,0xe6f9,0xe6f9,0xef1a,0xef1a,0xef1a,0xe6f9,0xef1a,0xe6f9,0xef3a,0xef1a,0xef1a,0xef1a,0xef1a,0xe6f9,0xe6f9,
  0xe6d9,0xe6f9,0xe6f9,0xef1a,0xe6f9,0xef1a,0xe6f9,0xe6f9,0xe6f9,0xef1a,0xe719,0xef1a,0xe6f9,0xef1a,0xe6f9,0xef1a,
  0xef1a,0xef1a,0xe6f9,0xe6f9,0xe6d9,0xef3a,0xe719,0xef1a,0xef1a,0xef3a,0xef19,0xef1a,0xe6f9,0xef1a,0xe6f9,0xef19,
  0xef19,0xef1a,0xef19,0xe6f9,0xe6d9,0xeef9,0xe6f9,0xef19,0xeef9,0xef1a,0xeef9,0xeef9,0xe6d8,0xeed9,0xe6d8,0xeef9,
  0xe6d8,0xeef9,0xeef9,0xf719,0xeef9,0xeef9,0xe6d8,0xeef9,0xeed8,0xe6b8,0xe6b8,0xeef9,0xeed8,0xeef9,0xeef9,0xf719,
  0xeef9,0xeed8,0xe6b7,0xeeb8,0xeef8,0xeed8,0xde76,0xeeb7,0xe6b7,0xe697,0xe676,0xe676,0xe696,0xeeb7,0xee96,0xeeb7,
  0xeeb7,0xeeb7,0xee96,0xee97,0xee76,0xee97,0xee96,0xee96,0xee96,0xf6b7,0xee96,0xee96,0xee96,0xf6d7,0xee96,0xee96,
  0xee96,0xee96,0xee75,0xee76,0xee76,0xee96,0xee76,0xee96,0xee76,0xf696,0xee76,0xee96,0xee55,0xee76,0xee76,0xee96,
  0xee76,0xee76,0xee75,0xee76,0xee75,0xee76,0xee75,0xee96,0xee76,0xee76,0xee75,0xee96,0xee75,0xee76,0xee75,0xee76,
  0xee75,0xee76,0xee75,0xee96,0xee96,0xf696,0xee75,0xee96,0xee75,0xee76,0xe655,0xee76,0xee75,0xf696,0xee75,0xee96,
  0xee75,0xee76,0xee75,0xee96,0xee96,0xee76,0xee75,0xf696,0xee75,0xee76,0xee75,0xee76,0xee75,0xee55,0xe634,0xe655,
  0xe655,0xee76,0xe655,0xee75,0xee76,0xee96,0xee75,0xee75,0xe655,0xee75,0xe675,0xee96,0xee55,0xee55,0xe654,0xee55,
  0xe654,0xee55,0xe654,0xee54,0xe613,0xe613,0xe613,0xe5f3,0xdd91,0xdd91,0xcd50,0xdd71,0xdd91,0xccef,0xcd0f,0xd52f,
  0xb42b,0xc4ae,0xbc8d,0x9b48,0xbc0a,0xbbea,0x8285,0x8286,0x7287,0x6a47,0x1800,0x38c2,0x82c8,0x8266,0x7a03,0x71a2,
  0x5920,0x71e4,0x92e7,0xa348,0xa388,0xaba8,0xb3e9,0xb409,0xb40a,0xb42b,0xabea,0x7aa6,0x5983,0x61e5,0x5183,0x3902,
  0x30c2,0x1000,0x28a1,0x3944,0x4186,0x1041,0x0800,0x1020,0x1820,0x1000,0x1000,0x6a87,0x936a,0xa388,0xa388,0xac2c,
  0x8328,0x2860,0x72a7,0xa3cb,0xa368,0xab68,0xbbe9,0xc42a,0xb40a,0xb44c,0x72a6,0x59c4,0x61c4,0x4922,0x5142,0x5962,
  0x4901,0x5101,0x3880,0x5122,0x61c4,0x59c5,0x30c1,0x1820,0x28c1,0x30a1,0x40a0,0x5962,0x5963,0x5984,0x5184,0x2040,
  0x1000,0x2061,0x1020,0x1840,0x2061,0x38e2,0x38c1,0x4923,0x28c2,0x20a2,0x1861,0x0000,0x1041,0x1081,0x1061,0x0860,
  0x1061,0x0860,0x1040,0x0840,0x2944,0x3185,0x3985,0x39a4,0x3164,0x39c5,0x4a47,0x18e1,0x4207,0x52a9,0x4248,0x4268,
  0x4aa9,0x3a07,0x4aa9,0x3a47,0x5289,0x5aa9,0x39c6,0x2102,0x18c2,0x4a48,0xbdd5,0xef3a,0xe6fa,0xe6d9,0xe6f9,0xded8,
  0xe6f9,0xe6f9,0xef1a,0xe719,0xef1a,0xe719,0xef3a,0xe719,0xef1a,0xded8,0xe6f9,0xe6f9,0xe6f9,0xe6f9,0xef1a,0xe719,
  0xe6f9,0xe6d9,0xeefa,0xe6f9,0xeefa,0xe6d9,0xe6f9,0xe6f9,0xef1a,0xe6f9,0xef1a,0xef1a,0xef3a,0xef1a,0xef1a,0xef1a,
  0xef1a,0xef3a,0xf75b,0xef1a,0xef1a,0xef1a,0xef1a,0xeef9,0xef1a,0xe6f9,0xef1a,0xe6f9,0xeefa,0xe6f9,0xef1a,0xe6f9,
  0xeefa,0xe6f9,0xef1a,0xef1a,0xef1a,0xe6f9,0xeefa,0xef1a,0xf73b,0xef1a,0xef1a,0xe6f9,0xeefa,0xef1a,0xef1a,0xef1a,
  0xef1a,0xef1a,0xef1a,0xe6f9,0xef1a,0xef19,0xf71a,0xef19,0xef1a,0xeef9,0xeef9,0xe6f9,0xef1a,0xeef9,0xeefa,0xe6f9,
  0xeef9,0xeef9,0xef19,0xe6f9,0xeef9,0xe6d8,0xeef9,0xe6d8,0xeed9,0xeef9,0xf71a,0xeef9,0xeef9,0xeef9,0xeef9,0xeed8,
  0xeed9,0xe697,0xeef9,0xeed8,0xf6f9,0xeef9,0xeef9,0xe6d8,0xeeb8,0xe6b7,0xf6f9,0xe6b7,0xeed8,0xe6b7,0xeed8,0xeeb7,
  0xee97,0xe676,0xeeb7,0xe696,0xf6d8,0xe696,0xee97,0xee97,0xf6b7,0xeeb7,0xeeb7,0xee96,0xee97,0xee96,0xee97,0xee96,
  0xee97,0xee96,0xf6b7,0xeeb7,0xf6b7,0xf6d7,0xf6b7,0xee96,0xf6b7,0xeeb6,0xf6b7,0xee76,0xf696,0xee76,0xee76,0xee76,
  0xf696,0xf696,0xf6b7,0xf696,0xee76,0xee76,0xf6b7,0xee96,0xee76,0xee76,0xf696,0xee96,0xf697,0xee55,0xee76,0xee96,
  0xf697,0xee76,0xee96,0xee75,0xee96,0xee76,0xee96,0xee75,0xee96,0xee96,0xf696,0xee76,0xf696,0xee96,0xee96,0xee75,
  0xee96,0xee76,0xee96,0xee76,0xee96,0xee76,0xee96,0xee76,0xee96,0xee75,0xee96,0xee96,0xee96,0xe655,0xf696,0xee96,
  0xee76,0xee76,0xf696,0xee96,0xf676,0xee75,0xee76,0xe655,0xee76,0xee75,0xee55,0xee55,0xf696,0xee75,0xee76,0xee75,
  0xee76,0xee75,0xee96,0xee75,0xf696,0xee55,0xee55,0xee75,0xee75,0xee55,0xee75,0xe634,0xee34,0xe5f3,0xe613,0xe5f2,
  0xddb2,0xddb2,0xc4ef,0xd530,0xdd50,0xbc8d,0xd52f,0xccef,0xbc4c,0xc4ce,0xa3cb,0xa3a9,0xcc8d,0xab68,0x8aa5,0x7a86,
  0x6206,0x40e2,0x2820,0x61c5,0x8ac8,0x8245,0x7a24,0x6140,0x6982,0x8aa6,0xab89,0xa368,0xab88,0xb3c9,0xbc2a,0xb42a,
  0xb42a,0xb42b,0x9349,0x61c3,0x61c5,0x59a4,0x4102,0x3902,0x1800,0x2061,0x30e3,0x3944,0x2082,0x0800,0x1841,0x1020,
  0x1820,0x1000,0x4123,0x8b6a,0x9b69,0xa367,0xaba9,0xb44c,0x59e4,0x4102,0x9bab,0x9b69,0xab89,0xaba8,0xc44b,0xb3e9,
  0xbc2c,0x9b89,0x61e3,0x6225,0x61c5,0x48e1,0x5963,0x5101,0x5142,0x3880,0x40c1,0x5963,0x6a06,0x4964,0x2040,0x2060,
  0x38e2,0x3080,0x5101,0x5962,0x5983,0x5184,0x3902,0x1820,0x1820,0x1841,0x1000,0x1840,0x28a2,0x30c2,0x40e2,0x38c1,
  0x20a2,0x1861,0x0800,0x1020,0x1040,0x1081,0x0820,0x0840,0x0000,0x1061,0x0840,0x1881,0x2943,0x3985,0x3143,0x3985,
  0x31a4,0x39a5,0x4227,0x31a5,0x2984,0x3a06,0x4247,0x5b0b,0x31e6,0x39e7,0x4a89,0x39e7,0x4a89,0x52a9,0x4a47,0x3185,
  0x0840,0x18a1,0x5268,0xa512,0xe6fa,0xdeb9,0xe6f9,0xef1a,0xded8,0xef1a,0xe6d8,0xe6f9,0xe6f9,0xe719,0xe6f9,0xe6f9,
  0xded8,0xded8,0xe6f9,0xe719,0xdef8,0xe6f9,0xe6f9,0xe719,0xe719,0xef1a,0xe6f9,0xef1a,0xe6f9,0xe6f9,0xe6f9,0xef1a,
  0xe6f9,0xeefa,0xe6f9,0xef1a,0xef1a,0xef1a,0xef1a,0xef1a,0xef1a,0xf75b,0xef3a,0xef1a,0xe6f9,0xef1a,0xe6f9,0xef3a,
  0xef1a,0xef1a,0xe6f9,0xeefa,0xe6f9,0xe6f9,0xe6f9,0xeefa,0xe6d9,0xeefa,0xe6fa,0xef1a,0xe6fa,0xef1a,0xe6fa,0xef1a,
  0xe6fa,0xef1a,0xe6f9,0xeefa,0xe6f9,0xef1a,0xe6f9,0xef1a,0xe6f9,0xef1a,0xe6f9,0xe6f9,0xe6f9,0xef19,0xeef9,0xeefa,
  0xe6f9,0xeef9,0xe6d9,0xeef9,0xe6f9,0xef19,0xe6f9,0xeef9,0xe6d8,0xe6f9,0xe6d9,0xeef9,0xe6d8,0xeef9,0xeef9,0xeef9,
  0xe6f8,0xf719,0xef19,0xeed8,0xe6b8,0xef19,0xf719,0xf719,0xe6d8,0xeed8,0xe6b8,0xeeb8,0xe6b8,0xeed8,0xeed8,0xeed8,
  0xeed8,0xeeb8,0xe697,0xe677,0xde76,0xe676,0xe676,0xde35,0xe696,0xf6f8,0xee97,0xe676,0xeeb7,0xee96,0xe676,0xeeb7,
  0xee97,0xeeb7,0xee96,0xee97,0xee96,0xee96,0xe656,0xee96,0xe676,0xee97,0xee96,0xf6b7,0xee96,0xee96,0xee76,0xee76,
  0xee76,0xeeb6,0xee96,0xf696,0xe655,0xee76,0xee76,0xf696,0xee96,0xf696,0xee96,0xf697,0xee75,0xee76,0xee96,0xf696,
  0xee75,0xee76,0xee76,0xf696,0xee76,0xee76,0xee76,0xf696,0xee76,0xee76,0xee75,0xee76,0xee75,0xee76,0xee75,0xee76,
  0xee75,0xf696,0xee76,0xee96,0xee96,0xee96,0xee75,0xee76,0xee75,0xee96,0xee96,0xf696,0xee96,0xee96,0xee75,0xee75,
  0xe675,0xee96,0xee75,0xee76,0xe655,0xee75,0xee75,0xee76,0xee55,0xee76,0xee75,0xee76,0xee75,0xee96,0xee75,0xee76,
  0xee75,0xf696,0xe655,0xee55,0xee75,0xee75,0xe655,0xee75,0xe675,0xee75,0xee75,0xee75,0xee75,0xee75,0xe654,0xee75,
  0xe654,0xee55,0xe654,0xee54,0xe613,0xe613,0xddd2,0xe5d3,0xddb1,0xdd91,0xc4ee,0xd530,0xc4ad,0xc4ae,0xd52f,0xccce,
  0xb42b,0xbc8d,0x9349,0xabaa,0xb3c9,0x8aa5,0x7a44,0x6a46,0x3902,0x1800,0x4922,0x8aa8,0x8245,0x7a04,0x71c3,0x5920,
  0x7a44,0xa369,0xaba9,0xabc9,0xa388,0xbc0a,0xbc2a,0xbc4b,0xabea,0xabeb,0x6a04,0x5983,0x6205,0x4122,0x30c1,0x1820,
  0x2040,0x2081,0x28c2,0x1841,0x0800,0x1020,0x1040,0x1820,0x0800,0x2860,0x7287,0x8b49,0x9348,0xab88,0xabea,0x9369,
  0x40e0,0x8308,0xa3cb,0x9b68,0x9b26,0xab88,0xbc2b,0xb40b,0xabeb,0x7aa6,0x59e3,0x5a05,0x4963,0x5963,0x5922,0x5122,
  0x40e0,0x38a0,0x4902,0x6184,0x59a5,0x30a1,0x1000,0x30e2,0x30c1,0x40c1,0x5142,0x5963,0x5183,0x5184,0x1800,0x1840,
  0x1860,0x1861,0x1000,0x2061,0x30c2,0x38e2,0x4102,0x2820,0x18a2,0x0820,0x0800,0x1040,0x1882,0x1061,0x1041,0x0820,
  0x1081,0x0820,0x1040,0x2923,0x2903,0x3143,0x3984,0x3164,0x4a06,0x3184,0x3184,0x4a47,0x39c6,0x2984,0x3a07,0x4a89,
  0x4248,0x4268,0x4227,0x31a6,0x4227,0x73ad,0x4a68,0x31a5,0x5268,0x18c2,0x20e3,0x39a5,0xad33,0xded9,0xef1a,0xdeb8,
  0xef3a,0xe719,0xe6f9,0xe6f9,0xe719,0xe719,0xef1a,0xe6f9,0xe6f9,0xded8,0xe6f9,0xe6f9,0xe6f9,0xe6f9,0xe719,0xe719,
  0xef3a,0xe719,0xeefa,0xe6f9,0xeefa,0xe6f9,0xef1a,0xef1a,0xef1a,0xe6f9,0xeefa,0xe6f9,0xef1a,0xef1a,0xef1a,0xe6f9,
  0xef1a,0xef1a,0xef1a,0xeefa,0xef1a,0xef1a,0xef1a,0xef1a,0xef1a,0xef1a,0xef1a,0xef1a,0xef1a,0xe6f9,0xef1a,0xeefa,
  0xeefa,0xe6f9,0xef1a,0xeefa,0xef1a,0xeefa,0xef1a,0xeefa,0xef1a,0xef1a,0xef1b,0xeefa,0xef1a,0xe71a,0xef1a,0xeefa,
  0xef1a,0xef1a,0xef3a,0xef1a,0xeef9,0xe6f9,0xeefa,0xeef9,0xeefa,0xe6d9,0xeef9,0xe6f9,0xef1a,0xe6f9,0xef1a,0xe6d9,
  0xeef9,0xe6d8,0xef1a,0xef19,0xef19,0xeef9,0xf71a,0xeef9,0xef19,0xeef9,0xf719,0xeef9,0xeef9,0xeef9,0xf6f9,0xeef9,
  0xf71a,0xeef8,0xeef9,0xeed8,0xeed8,0xeef9,0xf6f9,0xeed8,0xe698,0xd635,0xacb0,0x6ac8,0x72e9,0x836a,0x7b29,0xa46e,
  0xb511,0xb4f0,0xbd32,0xc552,0xe656,0xeeb7,0xf6b8,0xee97,0xeeb7,0xee97,0xee97,0xee96,0xeeb7,0xee97,0xee97,0xee97,
  0xf6b7,0xeeb7,0xf6b7,0xee96,0xee97,0xee96,0xee96,0xe675,0xee76,0xee76,0xee76,0xee76,0xf696,0xee76,0xf697,0xee96,
  0xf696,0xee76,0xf676,0xee96,0xee96,0xee76,0xf697,0xee96,0xee76,0xee76,0xf696,0xee76,0xee96,0xee76,0xf697,0xf696,
  0xf696,0xee75,0xee76,0xee75,0xee76,0xee75,0xee76,0xee75,0xee96,0xee96,0xf696,0xee96,0xf696,0xee96,0xf696,0xee76,
  0xf696,0xee96,0xf696,0xee96,0xf696,0xee96,0xf696,0xee75,0xee76,0xee75,0xf696,0xee76,0xee76,0xee75,0xee76,0xee76,
  0xf696,0xee76,0xf676,0xee75,0xf696,0xee75,0xee76,0xee76,0xf696,0xf696,0xf676,0xee75,0xee96,0xee75,0xee76,0xee75,
  0xee76,0xee75,0xee75,0xee75,0xf696,0xee75,0xee75,0xee75,0xee75,0xe654,0xee55,0xe634,0xee34,0xe613,0xe5f3,0xe5d2,
  0xe5b2,0xcd0f,0xd530,0xdd71,0xc4ae,0xccef,0xd52f,0xbc4c,0xbc4c,0xabeb,0xa38b,0xbc2c,0x8285,0x7203,0x7245,0x6a47,
  0x2000,0x38a1,0x7a47,0x8a87,0x8a65,0x71e2,0x5940,0x69e3,0x9b48,0xab89,0xab89,0xabc9,0xb3c9,0xbc2a,0xbc2b,0xbc4b,
  0xb42c,0x7a86,0x5983,0x6205,0x6226,0x38e1,0x2041,0x2061,0x28a2,0x28a2,0x1840,0x1000,0x1861,0x1841,0x1841,0x1860,
  0x1000,0x4122,0x8b09,0x9b49,0xa369,0xa388,0xabca,0x6204,0x5162,0x9beb,0xabca,0x9b47,0xa367,0xa388,0xbc2c,0xbc8d,
  0x9369,0x59c2,0x6204,0x5183,0x59a4,0x5942,0x6163,0x5122,0x3060,0x4942,0x61a5,0x61a5,0x4923,0x1000,0x28a1,0x30e2,
  0x38a1,0x5122,0x61a4,0x5163,0x59a4,0x30c1,0x1000,0x1000,0x20a2,0x1861,0x1820,0x28a1,0x38e2,0x38e2,0x4923,0x1800,
  0x1040,0x0820,0x0800,0x1061,0x1061,0x0840,0x0820,0x0820,0x1040,0x0800,0x18a1,0x3964,0x28e2,0x28e2,0x3985,0x3985,
  0x39a5,0x3185,0x3184,0x39c5,0x31c5,0x39c5,0x31c5,0x4a68,0x52a9,0x4a89,0x4227,0x4227,0x4207,0x4a48,0x3a07,0x2964,
  0x5aeb,0x5aea,0x10a1,0x1060,0x39a5,0xb594,0xe71a,0xded8,0xe6d9,0xef1a,0xe719,0xe6f9,0xe6f9,0xef1a,0xe6f9,0xe6f9,
  0xded8,0xe6f9,0xded8,0xe6f9,0xe6f9,0xe719,0xe6f9,0xe719,0xe6f9,0xe6f9,0xe6d9,0xe6f9,0xe6f9,0xef1a,0xe6f9,0xef1a,
  0xe6f9,0xeefa,0xe6d9,0xe6f9,0xe6f9,0xef1a,0xe6f9,0xe6f9,0xe6f9,0xeefa,0xe6d9,0xe6f9,0xef1a,0xef3a,0xe6f9,0xeefa,
  0xe6f9,0xef1a,0xef1a,0xef1a,0xef1a,0xef1a,0xe6f9,0xeefa,0xe6d9,0xe6fa,0xe6d9,0xeefa,0xe6f9,0xeefa,0xe6fa,0xef1a,
  0xef1a,0xef3b,0xef1a,0xef1a,0xe6fa,0xef1a,0xe6f9,0xef1a,0xef1a,0xef3a,0xef1a,0xef1a,0xe6d9,0xeef9,0xe6f9,0xeef9,
  0xeef9,0xeefa,0xe6f9,0xe6f9,0xe6f9,0xeef9,0xe6f9,0xe6f9,0xe6d9,0xeef9,0xe6f9,0xef1a,0xeef9,0xef19,0xe6f9,0xeef9,
  0xe6d9,0xeed9,0xe6d8,0xeef9,0xeed8,0xeed8,0xe6b8,0xeed9,0xeef9,0xeef9,0xeed8,0xeed8,0xeed8,0xeef9,0xeed8,0xe6b8,
  0xb532,0xacd0,0xb511,0xacb0,0x836b,0x6a87,0x7b29,0x6ac8,0x5a46,0x834a,0xbd31,0xde56,0xe696,0xf6b7,0xeeb7,0xee97,
  0xee97,0xee97,0xe676,0xee97,0xee96,0xeeb7,0xee96,0xf6b7,0xeeb7,0xf6b7,0xee96,0xee96,0xee76,0xf6b7,0xee96,0xee96,
  0xee76,0xee96,0xee76,0xee96,0xee76,0xee96,0xee76,0xee96,0xee76,0xee76,0xee55,0xee76,0xee76,0xee96,0xee76,0xee76,
  0xee55,0xee76,0xee75,0xee76,0xee75,0xee96,0xee96,0xee96,0xee76,0xee76,0xee75,0xee76,0xee75,0xee76,0xee75,0xee76,
  0xee75,0xee76,0xee55,0xee76,0xee55,0xee76,0xee75,0xee76,0xee96,0xee96,0xee75,0xee76,0xee75,0xee96,0xee96,0xee76,
  0xe655,0xee75,0xe675,0xee96,0xee96,0xee96,0xee75,0xee96,0xee76,0xee76,0xee75,0xee76,0xee55,0xee76,0xe655,0xee76,
  0xee96,0xf696,0xee75,0xee76,0xee75,0xee75,0xe655,0xee75,0xee75,0xee75,0xe675,0xee75,0xee75,0xee75,0xe654,0xee75,
  0xe654,0xe654,0xe634,0xe5f3,0xe5d2,0xe5f3,0xddd2,0xe5d2,0xdd91,0xcd0f,0xcd0f,0xdd50,0xc48d,0xd50f,0xc4ad,0xbc2b,
  0xbc4c,0xb3eb,0xa36a,0x9b49,0x7a65,0x82c7,0x6204,0x38e1,0x2000,0x69c4,0x8287,0x8245,0x7a04,0x6982,0x61a2,0x9b48,
  0x9b47,0xa347,0xa388,0xaba9,0xb3c9,0xb3ea,0xb42b,0xb42c,0x9349,0x5983,0x59c4,0x7aa8,0x4122,0x2040,0x1000,0x3944,
  0x28c2,0x2061,0x0800,0x1000,0x2081,0x1840,0x1840,0x1020,0x1820,0x6205,0x8ae8,0xa349,0x9b48,0xa389,0x9369,0x5142,
  0x7a86,0xac2c,0xa388,0x9b26,0xa367,0xabc9,0xac4c,0xa40c,0x6a65,0x5982,0x5982,0x59c4,0x59c4,0x5121,0x5142,0x40a0,
  0x3880,0x5983,0x59a4,0x59a5,0x2020,0x1800,0x3902,0x30c1,0x38c1,0x5963,0x5983,0x59a4,0x4102,0x1800,0x1000,0x1020,
  0x1861,0x1020,0x1020,0x30e2,0x30c1,0x3902,0x30a1,0x1800,0x0820,0x0800,0x0840,0x0861,0x1041,0x0820,0x1041,0x0820,
  0x0800,0x1040,0x3944,0x3123,0x3944,0x2903,0x28e2,0x41e6,0x3144,0x3184,0x39a5,0x31a4,0x39c6,0x31a5,0x31a5,0x3a07,
  0x5289,0x5289,0x4227,0x4a68,0x4a48,0x39c6,0x2944,0x39e6,0x4228,0x5289,0x5aca,0x1081,0x0000,0x41e6,0xad53,0xef3a,
  0xef3a,0xe6f9,0xe719,0xe6f9,0xef1a,0xe719,0xef1a,0xe719,0xef1a,0xe6f9,0xe719,0xe719,0xef1a,0xe719,0xe719,0xe6f9,
  0xe6f9,0xe6f9,0xef1a,0xe6f9,0xef1a,0xeefa,0xef1a,0xe6f9,0xeefa,0xe6f9,0xef1a,0xe6f9,0xef1a,0xeefa,0xef1a,0xe6f9,
  0xef1a,0xe6f9,0xe6d9,0xe6f9,0xef1a,0xef1a,0xeefa,0xe6f9,0xef1a,0xef1a,0xef1a,0xef1a,0xef1a,0xe6f9,0xef1a,0xe6fa,
  0xeefa,0xe6d9,0xeefa,0xe6f9,0xeefa,0xeefa,0xef1a,0xeefa,0xef1b,0xef1a,0xf73b,0xef1a,0xef1a,0xef1a,0xef1a,0xe6f9,
  0xef1a,0xef1a,0xef1a,0xef1a,0xef1a,0xeef9,0xef1a,0xef19,0xf71a,0xef1a,0xf71a,0xe6f9,0xeef9,0xe6f9,0xef1a,0xe6f9,
  0xef1a,0xeef9,0xef1a,0xeef9,0xeef9,0xeef9,0xeef9,0xe6f9,0xeed9,0xeed9,0xf719,0xe6d8,0xeed9,0xeed9,0xeef9,0xeed8,
  0xeed8,0xeeb8,0xeed8,0xe6b8,0xeed8,0xeed8,0xeed8,0xe697,0xde36,0xd5f5,0xd5f5,0xb531,0xb511,0xacd0,0xbd11,0xa46e,
  0xac8f,0xb4f0,0xcd73,0xd5d4,0xee97,0xee76,0xee97,0xee97,0xeeb7,0xee97,0xee97,0xee97,0xf6b7,0xee97,0xee97,0xee97,
  0xf6b7,0xee97,0xf697,0xee96,0xee97,0xee96,0xf6b7,0xee96,0xf697,0xee96,0xf6b7,0xee96,0xf696,0xee76,0xee96,0xee76,
  0xf696,0xee76,0xf696,0xee76,0xf696,0xee76,0xf696,0xee76,0xee76,0xee76,0xee96,0xee76,0xf696,0xee96,0xf696,0xee76,
  0xee76,0xee76,0xf696,0xee76,0xf696,0xee76,0xf696,0xee76,0xf696,0xee76,0xee76,0xee55,0xf676,0xee76,0xf696,0xee75,
  0xf6b7,0xee96,0xee96,0xee75,0xee76,0xee76,0xee96,0xee76,0xee76,0xe655,0xee76,0xee96,0xf6b7,0xee96,0xf696,0xee96,
  0xf696,0xee76,0xee76,0xee75,0xee76,0xee75,0xee76,0xee76,0xf696,0xee76,0xee76,0xee55,0xee76,0xee55,0xee75,0xee75,
  0xee96,0xee75,0xee75,0xee75,0xee75,0xee55,0xee75,0xee54,0xee55,0xe634,0xe634,0xe5f3,0xe5f3,0xddd2,0xddb2,0xd571,
  0xd551,0xccef,0xcd0f,0xc4ce,0xc4ae,0xccce,0xbc4c,0xbc2b,0xb40b,0xab69,0x9ae8,0x82a6,0x7267,0x72c8,0x4963,0x1800,
  0x48e1,0x7a46,0x9287,0x8a45,0x71a3,0x69a1,0x9328,0x9b89,0x9b27,0xa367,0xbc0a,0xb3c9,0xbc0b,0xb3ea,0xbc4c,0x9b8a,
  0x69c4,0x6a05,0x6205,0x4983,0x30a1,0x1820,0x3923,0x30e3,0x28a2,0x1000,0x1820,0x1820,0x2061,0x1840,0x2061,0x0800,
  0x4144,0x7ac8,0x9b49,0xa348,0xab69,0xabab,0x82a7,0x5162,0x9349,0xac0b,0xaba8,0xab87,0xaba8,0xabc9,0xac2c,0x72a7,
  0x6205,0x5982,0x5100,0x59a3,0x61c4,0x5983,0x5121,0x3020,0x6183,0x61c5,0x59a5,0x38e2,0x1800,0x2881,0x38c2,0x38a1,
  0x5163,0x5163,0x59a4,0x51a4,0x3081,0x1000,0x2061,0x1861,0x1841,0x0800,0x28a1,0x3102,0x38e2,0x3902,0x2860,0x2860,
  0x0000,0x0000,0x0820,0x1041,0x0020,0x0820,0x0820,0x0820,0x0820,0x20e3,0x2903,0x2903,0x3103,0x3123,0x1881,0x3144,
  0x3164,0x3164,0x3184,0x2964,0x31c5,0x4227,0x31c5,0x2964,0x31c5,0x5288,0x5288,0x4227,0x4227,0x31a5,0x0881,0x4a69,
  0x52a9,0x3185,0x4a68,0x31a5,0x0840,0x0000,0x3184,0x9cd1,0xded8,0xe6f9,0xded8,0xe719,0xe6f9,0xe719,0xe6f9,0xef1a,
  0xe719,0xe719,0xe719,0xef1a,0xdef8,0xe719,0xe6f9,0xef1a,0xe6f9,0xe6f9,0xe6d9,0xe6f9,0xe6d9,0xeefa,0xe6f9,0xe6d9,
  0xded8,0xef1a,0xe6f9,0xef1a,0xe6f9,0xeefa,0xe6f9,0xef1a,0xe6d9,0xeefa,0xeef9,0xeef9,0xe6f9,0xef1a,0xeef9,0xef1a,
  0xe6f9,0xeefa,0xe6d9,0xeefa,0xe6f9,0xeefa,0xe6fa,0xeefa,0xe6d9,0xe6d9,0xe6d9,0xeefa,0xe6fa,0xef1a,0xeefa,0xeefa,
  0xe6d9,0xef1a,0xef1a,0xef1b,0xe6fa,0xef1a,0xe6fa,0xeefa,0xe6f9,0xef1a,0xef1a,0xef1a,0xe6f9,0xef1a,0xeef9,0xef1a,
  0xeef9,0xeef9,0xe6f9,0xeef9,0xe6f9,0xef1a,0xe6f9,0xef1a,0xe6f9,0xef1a,0xe6d9,0xe6d9,0xe6d8,0xeef9,0xe6f9,0xeef9,
  0xe6f9,0xeef9,0xeef9,0xeef9,0xe6d8,0xeef9,0xeef9,0xeef9,0xe6b8,0xeed8,0xeed8,0xeed9,0xe6b8,0xeed8,0xe6b8,0xeed8,
  0xeed8,0xe697,0xde57,0xd5f5,0xbd52,0xa44e,0x836b,0xb4f1,0xcd93,0xc552,0xb4d0,0xbd31,0xe676,0xeeb7,0xee96,0xeeb7,
  0xee97,0xeeb7,0xee97,0xee97,0xee97,0xee97,0xe676,0xee97,0xee96,0xee97,0xee76,0xee97,0xee76,0xee96,0xee76,0xee96,
  0xe675,0xee96,0xee76,0xf696,0xee76,0xee96,0xee76,0xee76,0xee75,0xee76,0xee75,0xee76,0xee76,0xf696,0xee76,0xee76,
  0xee75,0xee76,0xee96,0xf696,0xee96,0xf6b7,0xee75,0xee55,0xe655,0xee96,0xee75,0xee76,0xee75,0xee96,0xee76,0xf696,
  0xee75,0xf696,0xee75,0xee76,0xee75,0xee76,0xee75,0xee76,0xe675,0xee76,0xee75,0xee96,0xee75,0xee96,0xee75,0xee96,
  0xee75,0xee75,0xe655,0xee76,0xee75,0xee96,0xee76,0xee76,0xe655,0xee75,0xee75,0xee76,0xee75,0xee55,0xe655,0xee76,
  0xee55,0xee75,0xee55,0xee56,0xe655,0xee75,0xee75,0xee96,0xee75,0xee95,0xee75,0xee75,0xe654,0xe654,0xe634,0xee54,
  0xe633,0xe613,0xde13,0xddd2,0xddb1,0xddb2,0xdd91,0xd550,0xc4ee,0xc4ce,0xc4ce,0xbc6d,0xbc6c,0xc48d,0xb40b,0xc46d,
  0x9b68,0x7a03,0x7a03,0x8ae8,0x6a67,0x49c5,0x2080,0x2840,0x61a3,0x92a6,0x8a65,0x8204,0x6141,0x8286,0xa3a9,0x9b48,
  0x9b46,0xb3e9,0xb40a,0xbc2b,0xbc2b,0xb40b,0xa389,0x7204,0x5162,0x6a26,0x5183,0x38e2,0x2040,0x28c2,0x3943,0x2061,
  0x0800,0x1000,0x1820,0x2081,0x1000,0x2060,0x1000,0x1820,0x6226,0x9b6a,0x9b08,0xb389,0xaba9,0x9b6a,0x40c0,0x6a05,
  0x9baa,0xabca,0xaba8,0xbbe8,0xb3e8,0xac0a,0x8b69,0x5a05,0x5a05,0x5162,0x5100,0x5962,0x4921,0x59c3,0x2860,0x48e1,
  0x61a3,0x61a5,0x4943,0x1820,0x1820,0x38c2,0x38a1,0x48e2,0x5162,0x5183,0x59a4,0x4123,0x1000,0x1840,0x2081,0x1861,
  0x0800,0x1020,0x3102,0x30a2,0x3902,0x30c1,0x2020,0x3903,0x0800,0x0820,0x1041,0x0820,0x1040,0x0800,0x1020,0x0800,
  0x20a2,0x28e2,0x28e2,0x28e2,0x3102,0x3123,0x3964,0x1881,0x3985,0x3984,0x3164,0x3164,0x3184,0x4206,0x4a48,0x4206,
  0x3185,0x2984,0x5aca,0x4a47,0x4a69,0x2144,0x18e3,0x2965,0x6b6d,0x52aa,0x20e3,0x2124,0x39a5,0x1081,0x0000,0x2123,
  0x9cd1,0xe71a,0xef1a,0xe6f9,0xe71a,0xe6f9,0xef1a,0xe719,0xef1a,0xe719,0xef19,0xe719,0xe6f9,0xe6f9,0xe719,0xe719,
  0xef3a,0xe6f9,0xe6f9,0xe6d9,0xe6f9,0xe6d9,0xe6f9,0xe6d9,0xe6f9,0xef19,0xef1a,0xe6f9,0xeef9,0xe6f9,0xef1a,0xef1a,
  0xeed9,0xe6f9,0xef1a,0xeefa,0xef1a,0xeef9,0xef1a,0xeef9,0xeefa,0xe6d9,0xeefa,0xe6d9,0xeefa,0xeef9,0xeefa,0xe6f9,
  0xeefa,0xe6f9,0xef1a,0xef1a,0xef3b,0xef1a,0xef1b,0xeefa,0xeefa,0xe6f9,0xef1a,0xef1a,0xef1a,0xef1a,0xef1a,0xe6f9,
  0xef1a,0xef1a,0xef1a,0xef1a,0xef1a,0xeef9,0xef1a,0xeef9,0xef1a,0xeef9,0xeefa,0xe6f9,0xeef9,0xeef9,0xef1a,0xeef9,
  0xef1a,0xef19,0xeef9,0xe6d9,0xeef9,0xeef9,0xef1a,0xeef9,0xef1a,0xeed9,0xeed9,0xeed9,0xeef9,0xeef9,0xeef9,0xe6d8,
  0xeed9,0xeed8,0xf6f9,0xeed9,0xeed9,0xeed8,0xf6f9,0xeed8,0xeeb8,0xe6b7,0xee98,0xde36,0xde15,0xde15,0xe677,0xcdd4,
  0xb4f1,0x93cc,0xa42e,0xbd52,0xe676,0xeeb7,0xf6b8,0xeeb7,0xeeb8,0xeeb7,0xeeb7,0xee97,0xee97,0xee96,0xee97,0xee96,
  0xee97,0xee96,0xee97,0xee76,0xee96,0xee96,0xf6b7,0xee96,0xee76,0xee76,0xf696,0xee76,0xf696,0xee96,0xf676,0xee55,
  0xee76,0xee75,0xf676,0xee76,0xf697,0xee96,0xf696,0xee76,0xee96,0xee76,0xf6b7,0xf6b7,0xf6b7,0xee96,0xf696,0xe655,
  0xee76,0xee76,0xf676,0xee76,0xee76,0xee75,0xee76,0xee55,0xee76,0xee76,0xee76,0xee55,0xee76,0xee75,0xee76,0xee75,
  0xee76,0xee75,0xf696,0xee96,0xf696,0xee96,0xf696,0xee76,0xee96,0xee75,0xee76,0xee55,0xee76,0xee75,0xf696,0xee76,
  0xee76,0xee75,0xf676,0xee76,0xf696,0xee75,0xee76,0xee55,0xee76,0xee55,0xee76,0xee75,0xf676,0xee75,0xee76,0xee75,
  0xee96,0xee75,0xee75,0xee75,0xee55,0xe634,0xee34,0xe634,0xe634,0xe613,0xe5f3,0xd591,0xdd71,0xdd71,0xdd91,0xd550,
  0xccef,0xc4ce,0xd50f,0xb42c,0xc46d,0xc48d,0xb3cb,0xbc2c,0x92e7,0x71e3,0x8266,0x69e5,0x7ac9,0x4102,0x2000,0x4901,
  0x8ac7,0x92c6,0x9286,0x71a2,0x7a03,0x9b27,0xaba9,0x9327,0xa3a8,0xb409,0xbc0a,0xbc2b,0xbc4c,0xabca,0x8286,0x5162,
  0x61e5,0x59c4,0x4943,0x30a1,0x2061,0x3102,0x28a2,0x1000,0x1000,0x1840,0x2080,0x1040,0x1861,0x1020,0x1800,0x4943,
  0x9309,0x9b49,0x9b28,0xa388,0xb3eb,0x6a46,0x2821,0x8b28,0xb42c,0xabc9,0xb3e9,0xb3c8,0xabc9,0xa3a9,0x6a45,0x6a46,
  0x6206,0x5163,0x6183,0x5122,0x5983,0x40e1,0x3040,0x69c4,0x6184,0x5984,0x30a2,0x1820,0x28a2,0x30c2,0x4903,0x5122,
  0x5962,0x59a4,0x4984,0x2040,0x1000,0x1840,0x2082,0x1020,0x1000,0x28a1,0x3923,0x2881,0x3902,0x2860,0x2840,0x4123,
  0x0800,0x1061,0x0820,0x1020,0x1020,0x0800,0x0800,0x1861,0x2081,0x28e2,0x28e2,0x28e2,0x2902,0x3122,0x3143,0x2903,
  0x28e2,0x3164,0x3143,0x3164,0x3184,0x41e6,0x39c5,0x39e5,0x2964,0x31c5,0x3a05,0x5b0a,0x39e6,0x18c2,0x2964,0x39c6,
  0x4227,0x5aaa,0x2944,0x18e3,0x31a6,0x31a6,0x1081,0x0000,0x20e3,0x9451,0xc617,0xdeb9,0xd6b8,0xe6f9,0xdef9,0xe719,
  0xded8,0xe6f9,0xe719,0xe6f9,0xe6f8,0xe6f9,0xded8,0xe6f9,0xe6f9,0xe6f9,0xe6f9,0xe6f9,0xe6d9,0xe6f9,0xded8,0xe6f9,
  0xe6f9,0xef1a,0xef19,0xef19,0xe6d9,0xeef9,0xe6d9,0xeed9,0xe6d9,0xeed9,0xe6d9,0xef1a,0xef1a,0xeefa,0xe6b9,0xe6d9,
  0xe6d9,0xeefa,0xe6f9,0xeef9,0xe6d9,0xe6d9,0xe6d9,0xeefa,0xef19,0xef1a,0xef1a,0xef1a,0xef19,0xef1a,0xef19,0xef1a,
  0xe6f9,0xeefa,0xe6f9,0xeefa,0xe6f9,0xef1a,0xeef9,0xeefa,0xe6d9,0xeefa,0xeef9,0xef1a,0xeefa,0xef1a,0xeef9,0xef1a,
  0xeef9,0xef1a,0xeef9,0xeef9,0xe6f9,0xeef9,0xe6f9,0xef19,0xe6f9,0xeef9,0xe6f9,0xeef9,0xeef9,0xeef9,0xe6d9,0xeef9,
  0xeed9,0xeef9,0xe6d9,0xeed9,0xeef9,0xf71a,0xe6d8,0xeed8,0xe6d8,0xeed9,0xe6d8,0xeed9,0xeed8,0xeed8,0xe6b8,0xeed8,
  0xe6b7,0xf6f9,0xeed8,0xe697,0xcdf4,0xc573,0xacd0,0xb4f0,0xb511,0xb4d0,0xc572,0xe676,0xee97,0xeed8,0xeeb7,0xeeb7,
  0xeeb7,0xeeb7,0xe697,0xeeb7,0xee96,0xee97,0xe676,0xeeb7,0xee97,0xeeb7,0xee96,0xee96,0xe676,0xee76,0xee96,0xee76,
  0xe655,0xee76,0xee96,0xee96,0xee75,0xf696,0xee75,0xee76,0xee75,0xf696,0xee76,0xf696,0xee96,0xee76,0xe655,0xee76,
  0xee75,0xf696,0xee76,0xee96,0xee76,0xee76,0xee75,0xee76,0xee76,0xee96,0xee76,0xf696,0xee76,0xee76,0xe655,0xee55,
  0xe655,0xee76,0xee55,0xee76,0xee55,0xee76,0xee75,0xee76,0xee75,0xee76,0xee55,0xee76,0xee75,0xf676,0xee75,0xee76,
  0xee75,0xee76,0xee55,0xee76,0xee75,0xee76,0xee75,0xee76,0xee75,0xee76,0xee75,0xee76,0xee76,0xf696,0xee75,0xee75,
  0xee55,0xee75,0xe655,0xee75,0xee75,0xee75,0xee75,0xee75,0xee75,0xee55,0xe654,0xee54,0xe634,0xee54,0xe613,0xe613,
  0xddd2,0xe633,0xd591,0xddb1,0xdd70,0xdd91,0xcd0e,0xd52f,0xc4ad,0xccef,0xbc4c,0xb42c,0xbc6d,0xbc4d,0xabca,0x9308,
  0x71c3,0x82a7,0x6a47,0x7288,0x4943,0x2800,0x40c0,0x7a65,0x92e7,0x8aa6,0x69a1,0x8244,0x9b47,0xa388,0x92e6,0x9b47,
  0xaba8,0xabc9,0xb40a,0xbc6c,0xb40b,0x8b07,0x59a2,0x6a25,0x59e4,0x51a4,0x28a1,0x2020,0x3103,0x28c2,0x1000,0x1000,
  0x1820,0x2081,0x0820,0x1060,0x1060,0x0800,0x2860,0x82a7,0x9b07,0xa327,0x9b27,0x9ba9,0x93aa,0x3902,0x49a4,0xa40c,
  0x9b89,0xb3ea,0xabc9,0xb3ea,0xabea,0x82a6,0x59c3,0x6205,0x59a4,0x5963,0x4901,0x4943,0x5183,0x3040,0x4901,0x69c4,
  0x61c4,0x5163,0x1800,0x2881,0x28a2,0x38c2,0x4902,0x5963,0x5962,0x59a4,0x28a1,0x1000,0x1820,0x1861,0x2081,0x1000,
  0x1020,0x30e2,0x28a1,0x30e2,0x30a1,0x2020,0x2880,0x4102,0x1021,0x0820,0x0820,0x0820,0x1040,0x0800,0x0800,0x1881,
  0x28e3,0x28e2,0x30e2,0x28c2,0x3102,0x28e1,0x3123,0x2903,0x3124,0x20e2,0x2923,0x3984,0x3164,0x3164,0x4206,0x39c5,
  0x4227,0x31a5,0x39c5,0x4227,0x39e7,0x0861,0x39c6,0x2985,0x39e7,0x3185,0x10a2,0x2124,0x3185,0x2103,0x3165,0x10a2,
  0x0000,0x18c2,0x5aaa,0xad53,0xe71a,0xe6f9,0xef5b,0xded8,0xe6f9,0xe6f9,0xef19,0xe6f9,0xef19,0xe6f9,0xe6f9,0xe6d9,
  0xe6d9,0xe6d9,0xef19,0xe6f9,0xef1a,0xe6f9,0xe6f9,0xe6d9,0xeef9,0xe6f9,0xef3a,0xef3a,0xf73a,0xeef9,0xeef9,0xe6b8,
  0xeefa,0xe6f9,0xeefa,0xeef9,0xef1a,0xef1a,0xeefa,0xe6f9,0xef1a,0xeefa,0xeefa,0xe6f9,0xef1a,0xeefa,0xef1a,0xe6f9,
  0xef1a,0xef1a,0xef1a,0xef1a,0xef1a,0xe6fa,0xef1a,0xe6f9,0xeefa,0xe6f9,0xef1a,0xef1a,0xef1a,0xef1a,0xef1a,0xef1a,
  0xef1a,0xef1a,0xef3a,0xef1a,0xef1a,0xef1a,0xeefa,0xe6f9,0xef1a,0xeefa,0xef1a,0xeef9,0xef1a,0xeef9,0xef19,0xeef9,
  0xeef9,0xe6d9,0xeef9,0xeef9,0xeefa,0xeef9,0xef1a,0xeef9,0xf71a,0xeef9,0xf6fa,0xeef9,0xf71a,0xf71a,0xeef9,0xeef9,
  0xf6f9,0xeed9,0xeef9,0xeed8,0xeef9,0xeed8,0xeed9,0xe6b8,0xf6f9,0xeed8,0xeef8,0xeef8,0xf719,0xe697,0xd5f5,0xd5f4,
  0xee97,0xeed8,0xf6f9,0xeed8,0xee97,0xee97,0xeeb7,0xe697,0xeeb8,0xeeb7,0xeed8,0xeeb7,0xee97,0xee97,0xeeb7,0xeeb7,
  0xf6b7,0xeeb7,0xeeb7,0xee96,0xf697,0xe656,0xee76,0xe655,0xee56,0xee96,0xf6b7,0xee76,0xf696,0xee96,0xf696,0xee55,
  0xee76,0xee76,0xf696,0xee76,0xf696,0xee96,0xf696,0xee76,0xee76,0xee76,0xee76,0xee76,0xee76,0xee76,0xee76,0xee76,
  0xf696,0xee96,0xf697,0xee76,0xf696,0xee76,0xee76,0xee76,0xf697,0xee76,0xf696,0xee76,0xf696,0xee76,0xee76,0xee55,
  0xee76,0xee75,0xee76,0xe655,0xee76,0xee76,0xf6b7,0xee76,0xf696,0xee76,0xf696,0xee75,0xf676,0xee76,0xee76,0xee75,
  0xf696,0xee76,0xf696,0xee75,0xee76,0xee76,0xf696,0xee55,0xee75,0xee55,0xee55,0xee55,0xf676,0xee75,0xee75,0xee55,
  0xee75,0xee54,0xee55,0xee54,0xee54,0xee54,0xee34,0xddf2,0xe5f3,0xddb2,0xd571,0xdd70,0xdd91,0xd52f,0xcd0e,0xc4ad,
  0xc48d,0xbc6c,0xb42b,0xb42c,0xc46d,0xabeb,0x92e8,0x7a24,0x71e4,0x69e5,0x6206,0x6a47,0x3041,0x2800,0x7204,0x8ae7,
  0x8aa6,0x7a23,0x69a2,0x9306,0xbc2b,0x8284,0x9b27,0xb3ea,0xb3ea,0xb40a,0xbc4b,0xbc4c,0xa389,0x61c3,0x5182,0x6205,
  0x5183,0x2040,0x2060,0x3923,0x3924,0x1020,0x1000,0x1820,0x2061,0x1840,0x1040,0x0820,0x1040,0x1000,0x4122,0x8ae7,
  0xa307,0xab68,0xa368,0x9baa,0x7ac7,0x30a0,0x8b6a,0xa3eb,0xabca,0xaba9,0xb3ea,0xbc4b,0xabcb,0x5982,0x61c4,0x5142,
  0x61a4,0x5983,0x5122,0x59e5,0x3881,0x3880,0x69c5,0x6184,0x61a4,0x2020,0x2041,0x2881,0x4103,0x3081,0x5103,0x5984,
  0x6183,0x4122,0x1840,0x1000,0x2061,0x1860,0x1860,0x1000,0x2881,0x2881,0x2881,0x30e2,0x2861,0x1800,0x38e2,0x4123,
  0x0800,0x0800,0x0800,0x1020,0x0800,0x0800,0x1020,0x20a1,0x28c2,0x28e2,0x28c1,0x28e2,0x28e1,0x3102,0x28e2,0x3144,
  0x3143,0x20c2,0x2902,0x3984,0x2943,0x2943,0x3184,0x4227,0x3a06,0x39e6,0x31a5,0x3185,0x10a1,0x0841,0x31c6,0x2124,
  0x31a5,0x39e7,0x0881,0x4207,0x4a68,0x2964,0x18e2,0x3186,0x10a1,0x0000,0x0820,0x5248,0xad32,0xe6fa,0xdeb8,0xe6f9,
  0xe6f9,0xef19,0xe6f8,0xe6f9,0xe6f9,0xe719,0xe6f9,0xe6f9,0xded8,0xe6f9,0xe6f9,0xe6f9,0xe719,0xef1a,0xe6f9,0xe6d9,
  0xe6d8,0xe6f9,0xe6f9,0xef1a,0xe6f9,0xe6f9,0xe6f9,0xeef9,0xe6f9,0xe6f9,0xe6d9,0xeefa,0xe6f9,0xef1a,0xe6f9,0xef1a,
  0xe6f9,0xef1a,0xe6f9,0xef1a,0xe719,0xef1a,0xef1a,0xef1a,0xe719,0xef1a,0xef1a,0xef1a,0xe6f9,0xef1a,0xef1a,0xef1a,
  0xe6f9,0xeefa,0xe6f9,0xeefa,0xe6f9,0xef1a,0xe6f9,0xef1a,0xef1a,0xef1a,0xef1a,0xef1a,0xe719,0xe6f9,0xe6d9,0xe6f9,
  0xe6f9,0xeefa,0xe6f9,0xeed9,0xe6d8,0xeef9,0xe6f9,0xef19,0xe6f9,0xeef9,0xeef9,0xef1a,0xeef9,0xeef9,0xeef9,0xeef9,
  0xe6d9,0xeef9,0xeed9,0xeef9,0xeef9,0xf71a,0xeef9,0xeef9,0xeef9,0xeed9,0xe6b8,0xeed9,0xeed8,0xeef9,0xeed8,0xeed8,
  0xeef8,0xeef8,0xeeb8,0xeed8,0xe6d8,0xeed8,0xeed8,0xeed8,0xeed7,0xe697,0xe697,0xeeb8,0xeeb7,0xeeb8,0xe676,0xe697,
  0xe696,0xeeb7,0xe697,0xee97,0xe676,0xee97,0xee96,0xee97,0xe696,0xee96,0xe676,0xee96,0xe675,0xee76,0xe676,0xee76,
  0xe675,0xf697,0xf696,0xf696,0xee75,0xee96,0xee75,0xee55,0xe655,0xee76,0xee55,0xee76,0xee75,0xf696,0xee96,0xee96,
  0xee75,0xee76,0xee76,0xf6b7,0xee96,0xf696,0xee96,0xf696,0xee96,0xf696,0xee76,0xee76,0xee55,0xee55,0xee55,0xee76,
  0xee76,0xee76,0xee76,0xf696,0xee96,0xf696,0xee76,0xee76,0xee75,0xee96,0xee75,0xee76,0xe655,0xee76,0xf696,0xf696,
  0xee75,0xee76,0xee75,0xee76,0xee55,0xee76,0xee75,0xee76,0xee75,0xee76,0xee75,0xee76,0xe655,0xee76,0xee96,0xee76,
  0xee75,0xee75,0xe655,0xee75,0xee75,0xee75,0xe654,0xee55,0xe654,0xee54,0xe634,0xee34,0xe613,0xe613,0xe5f3,0xddb2,
  0xe5d2,0xdd91,0xd571,0xdd91,0xd54f,0xccee,0xc4cd,0xbc6c,0xbc6c,0x9b68,0xb40b,0xc48d,0xb40b,0x8ac7,0x69c3,0x8aa7,
  0x7205,0x69e5,0x7267,0x38a1,0x2000,0x4902,0x82c7,0x8286,0x8265,0x7203,0x9b27,0xaba9,0x92e5,0x8284,0xabc9,0xbc2a,
  0xb40a,0xbc2b,0xbc4c,0xabeb,0x7a85,0x5141,0x4942,0x5184,0x2880,0x1800,0x3102,0x4185,0x1840,0x1020,0x1000,0x1840,
  0x1040,0x1020,0x1040,0x1020,0x0800,0x2880,0x59a3,0x9308,0xa389,0xa348,0xa3ca,0x9b69,0x4941,0x59c4,0xa3ec,0xa3ab,
  0xa3ca,0xabca,0xb3ea,0xb42b,0x7aa6,0x61a3,0x5142,0x59a3,0x59a3,0x5142,0x5142,0x4942,0x2840,0x5122,0x69a5,0x69a5,
  0x3080,0x1820,0x28c1,0x38e2,0x38a1,0x40a2,0x5923,0x6184,0x5183,0x2880,0x1000,0x1841,0x1861,0x2081,0x1000,0x1000,
  0x28c1,0x28a1,0x28a1,0x38e2,0x1800,0x2861,0x38e2,0x4103,0x0820,0x0000,0x0800,0x0800,0x0800,0x1020,0x20a2,0x2081,
  0x28a2,0x28c2,0x30e2,0x28c1,0x30e2,0x3102,0x28e2,0x3123,0x3164,0x2902,0x3143,0x3143,0x3184,0x3163,0x3164,0x39c5,
  0x39c5,0x3a06,0x4a68,0x2123,0x0020,0x18e2,0x2924,0x2965,0x31a6,0x18e3,0x1903,0x2985,0x39e7,0x4a48,0x39e7,0x2123,
  0x3165,0x0861,0x0840,0x1060,0x39a5,0x9cb1,0xbd95,0xe71a,0xe6f9,0xe6d9,0xef1a,0xe6f9,0xef19,0xe6f9,0xeef9,0xe6f9,
  0xeef9,0xe6f9,0xe6f9,0xe6f9,0xef1a,0xef19,0xef1a,0xe6f9,0xeef9,0xe6f9,0xeefa,0xe6d9,0xe6f9,0xe6d9,0xeefa,0xef1a,
  0xef1a,0xe6f9,0xeefa,0xe6f9,0xef1a,0xef1a,0xef1a,0xe6f9,0xef1a,0xef1a,0xef1a,0xef1a,0xef1a,0xef1a,0xef1a,0xef1a,
  0xef1a,0xef1a,0xef1a,0xef1a,0xef1a,0xef1a,0xef1a,0xeefa,0xef1a,0xe6f9,0xef1a,0xe6d9,0xe6f9,0xe6d9,0xeefa,0xe6f9,
  0xef1a,0xe6f9,0xef1a,0xe6f9,0xef3a,0xe6f9,0xe6d9,0xe6f9,0xef1a,0xeefa,0xef1a,0xe6d9,0xeef9,0xeef9,0xef1a,0xef19,
  0xef1a,0xef19,0xf71a,0xeef9,0xef1a,0xeef9,0xeefa,0xeef9,0xeef9,0xe6d9,0xeef9,0xeed9,0xeef9,0xeef9,0xf6fa,0xeef9,
  0xf719,0xeef9,0xeef9,0xeed9,0xeef9,0xeed8,0xeed8,0xe6b8,0xeeb8,0xeed8,0xf6f9,0xeed8,0xeeb8,0xeeb7,0xf6f9,0xeed8,
  0xeed8,0xe697,0xeeb8,0xeeb7,0xf6d8,0xeed8,0xeeb8,0xeeb7,0xeeb7,0xeeb7,0xeeb8,0xee97,0xeeb7,0xee97,0xeeb7,0xee97,
  0xeeb7,0xee96,0xeeb7,0xee96,0xee96,0xee96,0xf6b7,0xee96,0xee97,0xee96,0xf6b7,0xf696,0xf696,0xee96,0xf696,0xee55,
  0xee76,0xee76,0xf696,0xee76,0xf696,0xee96,0xf697,0xee76,0xee96,0xee76,0xf697,0xf696,0xf6b7,0xee96,0xf697,0xee76,
  0xee96,0xee76,0xf697,0xee76,0xf696,0xee76,0xf676,0xee76,0xf696,0xee75,0xf696,0xee76,0xf696,0xee96,0xf696,0xee76,
  0xf696,0xf696,0xf6b7,0xee76,0xee76,0xee75,0xf6b7,0xee76,0xf696,0xee75,0xee76,0xee55,0xee76,0xee55,0xf676,0xee76,
  0xee76,0xee55,0xee76,0xee55,0xee75,0xee75,0xf696,0xee75,0xf696,0xee96,0xf676,0xee75,0xee75,0xee75,0xee75,0xe654,
  0xee55,0xee54,0xee54,0xe634,0xe613,0xe5f3,0xe5d2,0xd570,0xe5d2,0xd570,0xdd91,0xdd91,0xd50f,0xccee,0xbc6c,0xbc2b,
  0xc48d,0xa368,0xbc2c,0xb3eb,0x8ac6,0x69c3,0x7a46,0x69e4,0x61a4,0x7ac8,0x59c5,0x2000,0x3060,0x7a66,0x9329,0x7a45,
  0x7a24,0x8285,0xab89,0xa368,0x8aa5,0xa368,0xbc0a,0xb40a,0xbc0a,0xbc2b,0xbc4c,0x9348,0x61e4,0x59c3,0x5184,0x30e1,
  0x2060,0x28c1,0x4165,0x20a1,0x1000,0x1820,0x2040,0x1840,0x1841,0x1021,0x1882,0x0800,0x1820,0x4122,0x8287,0x9b68,
  0xa389,0x9b69,0x9b49,0x8b08,0x40e0,0x8b49,0xa3cb,0xa3ca,0xabea,0xabea,0xb42b,0x9b48,0x7225,0x6a25,0x4922,0x59a4,
  0x61a4,0x5963,0x61a4,0x2840,0x40e1,0x61a4,0x69a5,0x5944,0x2000,0x2061,0x3122,0x3902,0x40a1,0x50e3,0x6144,0x5964,
  0x4102,0x1800,0x2041,0x2082,0x2081,0x2081,0x1000,0x1840,0x30e2,0x28a1,0x4123,0x2881,0x2000,0x38e2,0x4103,0x38e2,
  0x0820,0x0820,0x0800,0x0800,0x0800,0x1861,0x20a1,0x2081,0x20a1,0x30e2,0x28c1,0x28c1,0x28e1,0x3102,0x28c1,0x2903,
  0x2923,0x3143,0x2923,0x2902,0x3143,0x3184,0x2943,0x3184,0x31a5,0x41e6,0x39e5,0x18c2,0x1081,0x18e3,0x10a1,0x2965,
  0x2964,0x1903,0x1923,0x2985,0x2144,0x39e6,0x39e6,0x39c6,0x2964,0x2965,0x10a1,0x0840,0x1040,0x39a5,0x7bcd,0xce37,
  0xe71a,0xef1a,0xded9,0xe6f9,0xe6f9,0xe6f9,0xe6d8,0xe6f9,0xe6d9,0xe6f9,0xded8,0xe6f9,0xe6f9,0xef1a,0xe6f9,0xe6f9,
  0xe6f9,0xef1a,0xe6f9,0xef1a,0xe6f9,0xe6f9,0xe6d8,0xe6f9,0xe6f9,0xeefa,0xe6f9,0xe6f9,0xe6f9,0xeefa,0xe6f9,0xe6f9,
  0xe6f9,0xef1a,0xe719,0xef1a,0xef1a,0xef1a,0xe6f9,0xef1a,0xe6f9,0xef1a,0xe6f9,0xef1a,0xe6f9,0xeefa,0xe6d9,0xef1a,
  0xef1a,0xef3a,0xef1a,0xef1a,0xe6f9,0xeefa,0xe6f9,0xef1a,0xe6f9,0xef1a,0xe6f9,0xef1a,0xef1a,0xef1a,0xe6f9,0xef1a,
  0xef1a,0xef1a,0xe6f9,0xef1a,0xeef9,0xef1a,0xeef9,0xef19,0xeef9,0xef19,0xe6f9,0xeef9,0xeef9,0xef1a,0xeef9,0xef19,
  0xeef9,0xeef9,0xe6f9,0xeef9,0xeed9,0xeef9,0xeef9,0xf719,0xeef9,0xeed9,0xe6d8,0xeed9,0xeed8,0xeef9,0xeed8,0xeef9,
  0xeed8,0xeed8,0xe6b7,0xeed8,0xeed8,0xeeb8,0xe697,0xeeb7,0xeeb7,0xeed8,0xeef8,0xeed8,0xeed8,0xf6d8,0xeeb7,0xeed8,
  0xeeb7,0xeeb7,0xe697,0xeeb7,0xee97,0xee97,0xe676,0xee97,0xee96,0xeeb7,0xee96,0xeeb7,0xee96,0xee96,0xee96,0xeeb7,
  0xee76,0xee76,0xee75,0xee96,0xee76,0xf696,0xee75,0xee76,0xe655,0xee76,0xee75,0xee96,0xee76,0xf696,0xee76,0xee76,
  0xee75,0xee96,0xee75,0xee76,0xee76,0xf696,0xee76,0xee76,0xee76,0xee96,0xee75,0xee96,0xee96,0xf696,0xee75,0xee76,
  0xee75,0xee76,0xee75,0xee76,0xee75,0xee76,0xe655,0xee55,0xee76,0xf696,0xee96,0xf696,0xee75,0xee76,0xee75,0xee76,
  0xee75,0xee76,0xe655,0xee75,0xee55,0xee76,0xee75,0xee96,0xee55,0xee76,0xe655,0xee75,0xee75,0xee75,0xe654,0xee55,
  0xee75,0xf696,0xee55,0xee75,0xe654,0xee75,0xe654,0xe654,0xe634,0xee34,0xe613,0xe633,0xee34,0xe5f3,0xddb1,0xd550,
  0xd570,0xd550,0xd550,0xdd70,0xc4ce,0xd50f,0xa3a9,0xbc4c,0xb40b,0xbc2b,0xbc4c,0x9307,0x7a45,0x8286,0x6a04,0x61c4,
  0x7aa8,0x6a26,0x3060,0x2000,0x61c4,0x9329,0x82a6,0x7a45,0x7a44,0xa348,0x9b47,0x92e5,0x9b26,0xab88,0xb3e9,0xbc2b,
  0xb40a,0xbc2b,0xac0b,0x7a86,0x59a3,0x59e5,0x3902,0x1820,0x28a1,0x3944,0x1861,0x0800,0x1840,0x2061,0x1000,0x1860,
  0x1861,0x1062,0x0821,0x0800,0x3080,0x7225,0x8b07,0x9b68,0x9b68,0xa3aa,0xa3eb,0x4921,0x5162,0xabcb,0xa3aa,0xb40b,
  0xa3a9,0xabcb,0x9b89,0x7245,0x61e4,0x5963,0x5162,0x5163,0x5963,0x61c4,0x40c0,0x3060,0x4942,0x69c5,0x5964,0x3861,
  0x2020,0x2080,0x28e1,0x3902,0x4902,0x6144,0x5943,0x5164,0x1840,0x1840,0x1861,0x28a2,0x1840,0x2061,0x1000,0x28a1,
  0x28a1,0x28a1,0x3902,0x2040,0x2861,0x4923,0x3902,0x38e2,0x0840,0x0800,0x1020,0x0800,0x1020,0x28c2,0x28c2,0x28a1,
  0x30c2,0x30c2,0x30e2,0x30e2,0x3903,0x28e2,0x30e2,0x28e2,0x28e2,0x3123,0x3123,0x2102,0x2923,0x3163,0x39a5,0x2122,
  0x2944,0x39e6,0x3184,0x0860,0x0840,0x0861,0x2144,0x2144,0x2965,0x18e2,0x2965,0x4248,0x29a5,0x2965,0x2965,0x31a5,
  0x4207,0x2103,0x31a6,0x2944,0x1041,0x1081,0x3164,0x736c,0xc5f6,0xded9,0xdeb9,0xded8,0xef1a,0xe6f9,0xeef9,0xe6d8,
  0xe6f9,0xe6f9,0xe6f9,0xe6f9,0xe719,0xe6f9,0xe6f9,0xe6f9,0xef1a,0xe719,0xef1a,0xef19,0xef1a,0xe6f9,0xe6d9,0xe6d9,
  0xef1a,0xe6f9,0xeefa,0xe6f9,0xeefa,0xe6f9,0xeefa,0xe6f9,0xeefa,0xe6f9,0xef1a,0xef1a,0xef1a,0xef1a,0xef1a,0xef1a,
  0xef1a,0xeefa,0xef1a,0xe6f9,0xef1a,0xeefa,0xef1a,0xef1a,0xef1a,0xef1a,0xef1a,0xef1a,0xef3a,0xef1a,0xef3a,0xef1a,
  0xef1a,0xef1a,0xef1a,0xe6f9,0xef1a,0xef1a,0xef3a,0xef1a,0xef3a,0xef1a,0xef1a,0xe6f9,0xef1a,0xef19,0xef1a,0xeef9,
  0xef1a,0xeef9,0xeef9,0xe6f9,0xf71a,0xef19,0xf71a,0xef19,0xf71a,0xeef9,0xf71a,0xef19,0xeefa,0xeef9,0xef1a,0xeef9,
  0xeef9,0xe6b8,0xeef9,0xeef9,0xeef9,0xeed8,0xf6f9,0xf719,0xf719,0xeed8,0xeeb8,0xe6b7,0xeed8,0xeed8,0xf6f9,0xeed8,
  0xeeb8,0xe697,0xeed8,0xeeb7,0xf6f9,0xf6d8,0xeeb7,0xeeb7,0xeeb8,0xee97,0xeeb7,0xee97,0xf6b7,0xee96,0xee97,0xe676,
  0xee97,0xee96,0xee97,0xee96,0xee97,0xee96,0xee97,0xee96,0xf697,0xee76,0xee96,0xee76,0xee76,0xee76,0xee76,0xe655,
  0xee76,0xee76,0xee96,0xee76,0xf696,0xee96,0xf696,0xee76,0xee76,0xee76,0xee96,0xee76,0xf697,0xee96,0xf696,0xee76,
  0xf697,0xee76,0xee76,0xee76,0xf697,0xee76,0xf696,0xee76,0xf696,0xee76,0xf696,0xee76,0xee76,0xee55,0xee75,0xe655,
  0xf696,0xee76,0xf696,0xee76,0xf696,0xee75,0xee76,0xee75,0xee76,0xee75,0xee76,0xee75,0xee76,0xee75,0xee76,0xee75,
  0xee76,0xee75,0xee76,0xee75,0xee76,0xee75,0xee75,0xee55,0xf695,0xee75,0xee75,0xe654,0xee75,0xe654,0xee54,0xee54,
  0xee54,0xe613,0xe613,0xe613,0xee13,0xdd91,0xd571,0xd550,0xd550,0xd550,0xd550,0xc4ce,0xc4ce,0xb42b,0xabca,0xbc4c,
  0xaba9,0xab89,0x8265,0x71e3,0x8286,0x5962,0x5983,0x7288,0x6a26,0x2840,0x2000,0x4922,0x8b09,0x8ac7,0x7a65,0x7203,
  0xa348,0xaba9,0x92c5,0x8263,0xb3ea,0xaba8,0xc46c,0xb3e9,0xc44c,0xb42b,0x9348,0x61c3,0x51a3,0x3922,0x2060,0x1020,
  0x30e3,0x20a2,0x0800,0x1020,0x2881,0x2060,0x1840,0x1840,0x1861,0x1021,0x1001,0x1800,0x5984,0x9308,0x9b27,0x9b47,
  0xa3ca,0x9bcb,0x934a,0x2820,0x8aa7,0xa389,0xb3ea,0xb3ea,0xb3eb,0xabca,0x7a66,0x61c3,0x5983,0x4901,0x5984,0x5163,
  0x6184,0x5942,0x3000,0x4101,0x59c4,0x5984,0x40c2,0x2000,0x2881,0x2081,0x30c1,0x4101,0x6184,0x6164,0x5944,0x38a1,
  0x1820,0x1861,0x2882,0x2081,0x2061,0x1820,0x2040,0x28c2,0x28c2,0x30c2,0x30a1,0x2020,0x38e2,0x4102,0x4102,0x4102,
  0x0000,0x0800,0x0800,0x0800,0x1860,0x3103,0x28c1,0x28c2,0x28c1,0x28c2,0x28c2,0x3923,0x3102,0x28c2,0x28e2,0x3103,
  0x20c1,0x3123,0x2902,0x2903,0x2102,0x20e2,0x2923,0x3164,0x3184,0x3164,0x18e2,0x0860,0x10a1,0x1081,0x1903,0x2944,
  0x10e2,0x1903,0x31e6,0x3a07,0x29a5,0x31e6,0x31c6,0x4248,0x4227,0x4248,0x2964,0x41e7,0x2103,0x1061,0x0020,0x20c2,
  0x4a47,0xad13,0xc616,0xdeb8,0xded8,0xef19,0xe6d9,0xeef9,0xe6d8,0xe6f9,0xe6f9,0xe6d9,0xe6f9,0xe719,0xe6f9,0xe6f9,
  0xe6f9,0xe6f9,0xe6d9,0xeef9,0xe6f9,0xe6d9,0xe6d8,0xeef9,0xe6f9,0xe6f9,0xe6f9,0xe6fa,0xe6d9,0xe6f9,0xe6f9,0xeefa,
  0xe6f9,0xeefa,0xe6f9,0xef1a,0xe719,0xef3a,0xef1a,0xef3a,0xef1a,0xef1a,0xe6f9,0xeefa,0xe6f9,0xef1a,0xe6f9,0xeefa,
  0xe6f9,0xe6f9,0xe6d9,0xe6f9,0xe6d9,0xef1a,0xe6f9,0xeefa,0xe6f9,0xe6f9,0xe6d9,0xe6f9,0xe6f9,0xef1a,0xef1a,0xef1a,
  0xe719,0xef1a,0xe6f9,0xeef9,0xe6f9,0xeef9,0xe6f9,0xeefa,0xe6f9,0xef19,0xeef9,0xef1a,0xef19,0xef1a,0xef19,0xef1a,
  0xeef9,0xef1a,0xef19,0xf71a,0xe6f9,0xeed9,0xe6d9,0xeef9,0xe6d8,0xef19,0xeef9,0xf719,0xeed8,0xeeb8,0xe6b8,0xeed8,
  0xe6b7,0xeeb8,0xe6b7,0xeed8,0xe6b7,0xeeb8,0xeed8,0xeed8,0xe6b7,0xeeb7,0xeed7,0xee97,0xeeb7,0xeed8,0xe697,0xeeb7,
  0xeeb7,0xeeb7,0xeeb7,0xeeb8,0xeeb7,0xeeb7,0xee96,0xee97,0xe696,0xee96,0xe676,0xee76,0xe676,0xee96,0xee76,0xee96,
  0xee96,0xee97,0xee76,0xee76,0xee76,0xee96,0xee76,0xee76,0xee75,0xee96,0xee96,0xee76,0xee76,0xee96,0xee76,0xee96,
  0xee75,0xee76,0xee76,0xf696,0xee76,0xee96,0xee76,0xee76,0xee75,0xee76,0xee76,0xf696,0xee96,0xf696,0xee96,0xf696,
  0xee96,0xee96,0xee75,0xee76,0xee75,0xee76,0xee75,0xee96,0xee75,0xee96,0xee76,0xee76,0xee75,0xee76,0xee75,0xee76,
  0xee75,0xee76,0xee55,0xee76,0xee75,0xee76,0xee55,0xee76,0xee75,0xee76,0xee75,0xee76,0xee75,0xee75,0xee75,0xee75,
  0xe654,0xee75,0xe654,0xee75,0xe654,0xe634,0xe634,0xee54,0xe613,0xe613,0xe5f3,0xe5f3,0xd571,0xcd50,0xc4ee,0xdd71,
  0xccee,0xdd70,0xccef,0xbc8d,0xbc6c,0x9b48,0xb40b,0xc46d,0x9307,0x71e3,0x8aa6,0x8aa7,0x7204,0x69e4,0x61e5,0x6a47,
  0x4122,0x1000,0x38c1,0x82a7,0x8ae8,0x8286,0x7204,0x92c6,0xaba9,0x8a85,0x8243,0xb3c9,0xabc9,0xb3ea,0xb3e9,0xc46c,
  0xbc4c,0xabeb,0x6a04,0x59a3,0x4962,0x2081,0x1820,0x28e3,0x20a2,0x0800,0x0800,0x2081,0x1000,0x1840,0x2060,0x1860,
  0x1040,0x0801,0x1001,0x40e3,0x7a67,0xa369,0x9b26,0xa388,0x9bca,0x9bcb,0x3080,0x5963,0xa38a,0xa369,0xb3ca,0xabca,
  0xb40b,0x9b69,0x59a3,0x61c4,0x5162,0x5983,0x5142,0x5963,0x5142,0x40a0,0x3860,0x61a4,0x59c3,0x4963,0x1800,0x1820,
  0x2060,0x30c2,0x3080,0x5122,0x5963,0x5963,0x40e2,0x1800,0x1840,0x1861,0x2061,0x2061,0x1860,0x1000,0x20a1,0x30e3,
  0x28c1,0x3903,0x2020,0x3081,0x38e1,0x40e2,0x40e2,0x4923,0x0800,0x0800,0x0800,0x1020,0x28c2,0x3103,0x28a2,0x2881,
  0x38e2,0x28c1,0x30c2,0x30e2,0x30c2,0x28c1,0x3103,0x28e2,0x3103,0x2902,0x28e2,0x3143,0x3984,0x20e2,0x2102,0x39c5,
  0x39a5,0x2964,0x18a1,0x0840,0x1081,0x18e3,0x2945,0x2944,0x10a2,0x10c2,0x4228,0x3a27,0x2985,0x2164,0x4a69,0x3a27,
  0x2985,0x3a07,0x4228,0x39c6,0x41e7,0x2103,0x1061,0x1061,0x1060,0x41c5,0x9cb1,0xd698,0xde98,0xe6d9,0xeef9,0xeef9,
  0xeef9,0xe6d9,0xef19,0xded8,0xe6f9,0xe6f9,0xef1a,0xef19,0xe6f9,0xe6d8,0xe6f9,0xe6f9,0xeef9,0xe6f9,0xeef9,0xe6d9,
  0xe6f9,0xe6f9,0xef1a,0xe71a,0xef3a,0xef1a,0xef3a,0xe6f9,0xef1a,0xe719,0xef1a,0xe6f9,0xef1a,0xe71a,0xef3b,0xef1a,
  0xef3a,0xef1a,0xef1a,0xe6f9,0xef1a,0xef1a,0xef1a,0xe6f9,0xef1a,0xef1a,0xef3a,0xe6f9,0xe6f9,0xe719,0xef1a,0xef1a,
  0xef1a,0xe6f9,0xef1a,0xef1a,0xef1a,0xe6f9,0xef1a,0xe6f9,0xef1a,0xe719,0xef1a,0xef1a,0xef1a,0xe6f9,0xeefa,0xe6f9,
  0xef1a,0xeef9,0xef1a,0xef19,0xef1a,0xef19,0xef19,0xeef9,0xf71a,0xef19,0xeefa,0xeef9,0xef1a,0xeef9,0xeef9,0xeef9,
  0xef19,0xef19,0xeef9,0xeef9,0xeef9,0xeef8,0xeef9,0xeed8,0xeed8,0xeed8,0xeed8,0xeed8,0xf6f9,0xeeb8,0xeeb8,0xeed8,
  0xeed8,0xeeb7,0xeed8,0xeeb7,0xeed8,0xeed8,0xf6d8,0xeeb7,0xeeb7,0xee97,0xeeb8,0xee97,0xeeb7,0xee97,0xeeb7,0xee97,
  0xeeb7,0xee96,0xee97,0xee76,0xee76,0xe676,0xf6b7,0xee97,0xee97,0xee96,0xf6b7,0xee76,0xf6b7,0xee96,0xee76,0xee55,
  0xee76,0xee96,0xf6b7,0xee76,0xee76,0xee96,0xf697,0xee96,0xf696,0xee76,0xf696,0xee96,0xee76,0xee75,0xf696,0xee76,
  0xf696,0xee76,0xf697,0xee96,0xf697,0xee96,0xee96,0xee76,0xf696,0xf6b6,0xf696,0xee75,0xf696,0xee96,0xf6b6,0xee96,
  0xee76,0xee96,0xf6b7,0xf696,0xf696,0xee75,0xee76,0xee76,0xf696,0xee76,0xf696,0xee76,0xee76,0xee75,0xf696,0xee75,
  0xee76,0xee75,0xee76,0xee75,0xf676,0xee75,0xf695,0xee75,0xee75,0xe654,0xee75,0xee75,0xee75,0xee34,0xee54,0xe634,
  0xe613,0xddf2,0xee34,0xddb1,0xddb2,0xcd2f,0xdd51,0xd550,0xd52f,0xcd2f,0xccef,0xc4ae,0xb42c,0xa3a9,0xbc2c,0xa348,
  0x8224,0x8a86,0x8a86,0x7205,0x71e4,0x61c4,0x82c9,0x61e5,0x2040,0x2020,0x61a3,0x8ae8,0x8286,0x8285,0x9b28,0x9b48,
  0xa348,0x7a23,0x9b27,0xb3ea,0xb3c9,0xabc9,0xb40a,0xbc4c,0xb42c,0x7224,0x5162,0x4962,0x30c1,0x1820,0x3924,0x28e3,
  0x1041,0x0000,0x1020,0x1840,0x1840,0x1840,0x2081,0x1860,0x1861,0x1000,0x1820,0x61e6,0xa34a,0x9b48,0xa347,0x9b68,
  0xa40b,0x72c7,0x30a1,0x932a,0xa36a,0xab88,0xb3ca,0xb40b,0xa3aa,0x61c3,0x69e4,0x5163,0x59a4,0x59a4,0x59a4,0x5983,
  0x48e1,0x3860,0x5963,0x69e5,0x5984,0x2880,0x1000,0x2060,0x30a2,0x3061,0x48e2,0x5943,0x5984,0x4922,0x2840,0x1820,
  0x2882,0x2082,0x2061,0x1840,0x2061,0x1000,0x30e3,0x30c2,0x3903,0x30c1,0x2020,0x30c1,0x4102,0x4922,0x4902,0x4902,
  0x0800,0x0800,0x0800,0x2080,0x28c1,0x30c2,0x28a1,0x30c1,0x28a1,0x28a1,0x28c1,0x30e2,0x2081,0x28c2,0x28c2,0x20c1,
  0x28c1,0x28e2,0x20e1,0x3123,0x2923,0x28e2,0x20c1,0x2943,0x3185,0x2923,0x0020,0x0861,0x2103,0x2103,0x18e3,0x18e3,
  0x0840,0x10c2,0x2985,0x2144,0x3a27,0x2144,0x3a27,0x52ca,0x29a5,0x31e6,0x31e6,0x3185,0x5289,0x4a28,0x2964,0x18c2,
  0x0000,0x1061,0x2943,0x946f,0xd678,0xce16,0xd697,0xe6f9,0xef1a,0xe6d8,0xded8,0xef3a,0xe6f9,0xdeb8,0xded8,0xe719,
  0xe6d9,0xe6f9,0xe6d8,0xe6f9,0xe6d9,0xe6f9,0xe6f9,0xe6f9,0xe6d9,0xe6f9,0xe6f9,0xe71a,0xe6f9,0xef1a,0xe71a,0xe71a,
  0xe6f9,0xef1a,0xe719,0xef1a,0xe6f9,0xe6fa,0xe6f9,0xef1a,0xef1a,0xef3a,0xef1a,0xef1a,0xe6d9,0xeefa,0xe6f9,0xe6f9,
  0xe6f9,0xef1a,0xe719,0xef1a,0xe6f9,0xef1a,0xe6f9,0xef1a,0xe6f9,0xef1a,0xe71a,0xef3a,0xe71a,0xef1a,0xe719,0xef1a,
  0xe719,0xef1a,0xe719,0xe6fa,0xe6f9,0xeef9,0xe6f9,0xef1a,0xef19,0xf73a,0xef19,0xef1a,0xeef9,0xef19,0xe6f8,0xeef9,
  0xeef9,0xef19,0xe6f9,0xeef9,0xe6d9,0xeef9,0xeef9,0xeef9,0xe6d8,0xeef9,0xeef8,0xeef9,0xeed8,0xeed8,0xe6d8,0xf719,
  0xeed8,0xeed8,0xe6b7,0xeeb8,0xe6b7,0xeeb8,0xeeb7,0xf6d8,0xeeb7,0xeeb8,0xeeb7,0xeeb7,0xee97,0xeeb8,0xeeb7,0xeeb7,
  0xe697,0xeeb7,0xe697,0xee97,0xe676,0xee97,0xeeb7,0xeeb7,0xeeb7,0xf6b7,0xee96,0xee96,0xe676,0xee96,0xee96,0xee96,
  0xee76,0xee97,0xee96,0xee76,0xee96,0xee96,0xe675,0xee76,0xee76,0xf696,0xee96,0xee76,0xee76,0xf6b7,0xee96,0xee76,
  0xee75,0xf696,0xee96,0xf696,0xee76,0xee76,0xee75,0xee76,0xee75,0xee76,0xe675,0xee76,0xee76,0xee76,0xe675,0xee76,
  0xee75,0xf696,0xee75,0xee96,0xee96,0xf696,0xee95,0xee96,0xee76,0xf696,0xee75,0xee76,0xee75,0xee76,0xee75,0xee76,
  0xee75,0xee76,0xee75,0xee76,0xee75,0xee76,0xee75,0xee75,0xee75,0xee76,0xee75,0xee75,0xee55,0xee75,0xe654,0xee75,
  0xee55,0xee75,0xe654,0xee55,0xe654,0xee74,0xe613,0xd5b1,0xddd2,0xee33,0xddb2,0xd591,0xd570,0xdd71,0xcd0f,0xd50f,
  0xd50f,0xc4ae,0xbc8d,0xc4ae,0xabeb,0xbc4c,0x8ae6,0x69c2,0x8ac7,0x92e7,0x7204,0x6162,0x61c4,0x7226,0x6a46,0x3081,
  0x1000,0x4901,0x7a86,0x8ae7,0x7a44,0x8265,0xabca,0xb3eb,0x7202,0x8264,0xb3e9,0xabc9,0xabc9,0xb3ea,0xabea,0xb42b,
  0x7a86,0x5142,0x4942,0x30a0,0x1000,0x3123,0x2903,0x1041,0x0800,0x0800,0x1040,0x2081,0x1860,0x2060,0x1860,0x1860,
  0x1020,0x1000,0x2881,0x7a87,0xa38a,0xab89,0xa388,0xa3a9,0x9369,0x4962,0x59e4,0xa3cb,0xa369,0xaba9,0xabc9,0xabea,
  0x7a86,0x6a05,0x5162,0x5163,0x5183,0x59a4,0x5143,0x5963,0x3040,0x4902,0x61c4,0x69c5,0x48e2,0x1820,0x1860,0x2080,
  0x2881,0x3881,0x50e2,0x5943,0x5183,0x2880,0x1020,0x2060,0x1820,0x28a2,0x1840,0x2081,0x1000,0x2061,0x28a1,0x30e2,
  0x3922,0x2861,0x2020,0x38e1,0x4943,0x4902,0x40e1,0x4922,0x1020,0x0800,0x1840,0x28c2,0x30c2,0x2881,0x30a1,0x30c1,
  0x30a1,0x28a1,0x30e2,0x28e2,0x28a1,0x28c2,0x28e2,0x20a1,0x28e2,0x28c2,0x28e2,0x2902,0x2902,0x2902,0x2923,0x20e2,
  0x3164,0x18a1,0x0820,0x1061,0x2903,0x18a2,0x2103,0x2103,0x0861,0x18e3,0x39e7,0x2985,0x3a07,0x4268,0x3a07,0x3a07,
  0x4a89,0x31c6,0x4248,0x2985,0x4208,0x52aa,0x2965,0x4207,0x2103,0x0820,0x0820,0x1081,0x8c2f,0xbdd5,0xde98,0xde98,
  0xe6d9,0xf75b,0xef1a,0xe6f9,0xef1a,0xef3a,0xe719,0xded8,0xe6f9,0xe6f9,0xe6f9,0xe6f9,0xe6f9,0xe6f9,0xef19,0xe6f9,
  0xef1a,0xe6f9,0xef1a,0xe719,0xef3a,0xef1a,0xef3b,0xe719,0xef1a,0xef1a,0xef3a,0xef1a,0xef1a,0xef1a,0xef1a,0xe6f9,
  0xeefa,0xef1a,0xef3a,0xef1a,0xef1a,0xef1a,0xf73b,0xef1a,0xef1a,0xe6f9,0xeefa,0xe6d9,0xeefa,0xef1a,0xef1a,0xe719,
  0xef1a,0xef1a,0xef3a,0xef3a,0xf73b,0xef3a,0xef3a,0xef1a,0xef3a,0xef1a,0xef3a,0xef1a,0xef1a,0xeefa,0xef1a,0xef19,
  0xef3a,0xef1a,0xf73a,0xef1a,0xef1a,0xeef9,0xef19,0xeef9,0xeef9,0xeef9,0xef1a,0xeef9,0xf71a,0xf71a,0xf73a,0xef19,
  0xef19,0xeef9,0xeef9,0xeef9,0xeef9,0xe6d8,0xeef9,0xef19,0xeed8,0xeed8,0xeed8,0xe6b7,0xeeb8,0xe697,0xeeb8,0xeeb7,
  0xeeb8,0xeeb7,0xeed8,0xeed8,0xf6d8,0xf6d8,0xf6f8,0xeed8,0xf6d8,0xeed8,0xf6d8,0xeeb7,0xeeb7,0xeeb7,0xf6b7,0xeeb7,
  0xf6d8,0xeeb7,0xee97,0xe676,0xee76,0xee96,0xee96,0xe676,0xee97,0xee96,0xf6b7,0xee96,0xee96,0xee96,0xee96,0xee76,
  0xee97,0xee96,0xf696,0xee75,0xf696,0xf696,0xf697,0xee75,0xee76,0xee96,0xf697,0xee96,0xf697,0xee76,0xee76,0xe655,
  0xee56,0xee55,0xee96,0xee75,0xf696,0xee76,0xee96,0xee76,0xee96,0xee55,0xee96,0xee96,0xf6b6,0xee96,0xf696,0xee95,
  0xf696,0xee76,0xee76,0xee75,0xf696,0xee76,0xf696,0xee75,0xee76,0xee76,0xf696,0xee76,0xf696,0xee76,0xf696,0xee75,
  0xf696,0xee76,0xf696,0xee75,0xf696,0xee75,0xee75,0xee75,0xee75,0xee55,0xee55,0xe634,0xe634,0xe633,0xe634,0xd571,
  0xddb2,0xe5f3,0xddb1,0xd591,0xcd0f,0xd570,0xd52f,0xccef,0xd50f,0xc48d,0xc48d,0xc4ad,0xbc2c,0x9b48,0x7a24,0x9328,
  0x8aa7,0x69e4,0x7205,0x7205,0x7a47,0x6a05,0x2840,0x1800,0x3081,0x6a25,0x9308,0x7a65,0x8ac6,0x9b48,0xabaa,0x8264,
  0x7a03,0xa368,0xabca,0xabea,0xb42b,0xabca,0xac0b,0x9369,0x59a4,0x6205,0x4102,0x1820,0x3903,0x3103,0x1841,0x0800,
  0x1040,0x1841,0x1861,0x1840,0x2061,0x2081,0x2081,0x1020,0x1000,0x1800,0x5983,0x9329,0xb3eb,0xabca,0xa3aa,0xac0c,
  0x82e7,0x38c0,0x936a,0x9baa,0xabca,0xab89,0xb3ea,0x9b48,0x69e4,0x6a25,0x5163,0x4942,0x5163,0x5984,0x5963,0x40a1,
  0x3020,0x5143,0x6a06,0x5984,0x3060,0x1820,0x20c1,0x20a0,0x38a1,0x5103,0x6124,0x6164,0x4923,0x1840,0x1860,0x1860,
  0x2882,0x2061,0x2061,0x1840,0x1000,0x2081,0x30e3,0x30e2,0x30e2,0x1800,0x38c2,0x4943,0x4923,0x40e1,0x4922,0x4922,
  0x0800,0x1020,0x1861,0x30e2,0x28c1,0x28a1,0x2880,0x30a1,0x28a1,0x30c1,0x28c1,0x28c2,0x20a1,0x20c2,0x20a1,0x28c2,
  0x20c1,0x28e2,0x28c1,0x2902,0x20c1,0x2902,0x2943,0x28e2,0x18e2,0x0820,0x0820,0x1081,0x1081,0x18a2,0x18a2,0x18c2,
  0x0020,0x2144,0x39e6,0x2985,0x31c6,0x3a27,0x4aa9,0x4248,0x31c6,0x4268,0x5b0b,0x4248,0x39c6,0x18c2,0x10c2,0x4228,
  0x4a69,0x18c2,0x0861,0x0000,0x10a1,0x738c,0xb573,0xef1a,0xce56,0xe6d9,0xef3a,0xef3a,0xdeb8,0xdeb8,0xded8,0xe6f9,
  0xe6f9,0xe6f9,0xe6f9,0xe6f9,0xe6f9,0xe6f9,0xe6f9,0xe6f9,0xe6f9,0xe71a,0xe6f9,0xef1a,0xe719,0xef3a,0xef1a,0xef1a,
  0xe6f9,0xef1a,0xe6f9,0xef1a,0xe719,0xef3a,0xef1a,0xef1a,0xe6f9,0xef1a,0xe6f9,0xef1a,0xef3a,0xef3a,0xe6f9,0xef1a,
  0xe719,0xef1a,0xe6f9,0xeefa,0xe6f9,0xef3a,0xe719,0xef1a,0xe6f9,0xef1a,0xe71a,0xef3a,0xe71a,0xef1a,0xe719,0xef1a,
  0xe6f9,0xe71a,0xe6f9,0xef1a,0xe719,0xef1a,0xef1a,0xef1a,0xef19,0xef1a,0xef1a,0xef3a,0xe6f9,0xeef9,0xe6f9,0xeef9,
  0xe6d8,0xe6d9,0xe6f9,0xef19,0xeef9,0xef1a,0xef19,0xef19,0xeef9,0xeef9,0xe6d8,0xef19,0xeef8,0xeef8,0xe6d8,0xeed8,
  0xe6b7,0xeed8,0xeed8,0xeed8,0xe6b7,0xeeb8,0xe697,0xf6f8,0xeed8,0xeed8,0xeed8,0xf6d8,0xeeb7,0xeed8,0xeed7,0xeed8,
  0xeeb7,0xeed8,0xeeb7,0xeeb7,0xee96,0xeeb7,0xeeb7,0xf6b7,0xeeb7,0xeeb7,0xe696,0xee76,0xe676,0xee96,0xe676,0xee96,
  0xe676,0xee97,0xee96,0xeeb7,0xe675,0xee96,0xee76,0xee96,0xee96,0xeeb6,0xee76,0xee76,0xee76,0xee96,0xee76,0xee76,
  0xee76,0xee96,0xee76,0xf697,0xee96,0xf696,0xee76,0xee76,0xe655,0xee76,0xee75,0xee96,0xee75,0xee96,0xee96,0xf696,
  0xee75,0xe655,0xee75,0xf696,0xee95,0xee96,0xee75,0xee96,0xee75,0xee76,0xee55,0xee76,0xee75,0xee76,0xee55,0xee76,
  0xee55,0xee76,0xee75,0xee76,0xee75,0xee76,0xee75,0xf696,0xee75,0xee75,0xee55,0xee75,0xee75,0xee75,0xe654,0xee75,
  0xe634,0xe654,0xe634,0xe634,0xde13,0xde13,0xddd2,0xddd2,0xd591,0xddd2,0xd590,0xd570,0xcd2f,0xd50f,0xc4ce,0xccce,
  0xc4ad,0xccce,0xc48d,0xaba9,0x9307,0x9307,0x7a65,0x82a7,0x69c4,0x7a67,0x82a8,0x7a88,0x61c5,0x3880,0x2000,0x2840,
  0x59c4,0x8b09,0x7a65,0x8265,0x9307,0xabca,0x7a44,0x71e2,0x9b68,0xb3ea,0xa389,0xb3eb,0xa3ea,0xac0b,0x9b8a,0x7245,
  0x59e5,0x4143,0x2860,0x30c1,0x3102,0x2060,0x1000,0x1840,0x1860,0x2081,0x1020,0x1000,0x1820,0x2081,0x1881,0x1020,
  0x1000,0x38c1,0x7224,0x9b48,0xa3a9,0xabeb,0xa3ab,0xa40c,0x4962,0x6204,0x9baa,0xa3aa,0xa3a9,0xabca,0x9b48,0x7a45,
  0x6a25,0x61c4,0x59c4,0x4922,0x5143,0x5983,0x4902,0x3020,0x40e2,0x59a5,0x59a5,0x38c1,0x1800,0x2080,0x1880,0x28a0,
  0x38c1,0x6164,0x5923,0x5124,0x2040,0x1840,0x1040,0x1861,0x2881,0x2020,0x1840,0x1000,0x1840,0x28a1,0x3102,0x30c2,
  0x1840,0x2040,0x4122,0x5164,0x38c0,0x4922,0x4902,0x4922,0x0800,0x1840,0x28c2,0x28c2,0x30c2,0x30c1,0x30c1,0x2880,
  0x30c1,0x30e2,0x30c1,0x2081,0x28e2,0x20c1,0x28a2,0x28c2,0x28c2,0x28c1,0x3103,0x28e2,0x28e2,0x20e2,0x3143,0x3144,
  0x20c2,0x0000,0x1061,0x18a2,0x18a2,0x18a2,0x18a2,0x1061,0x0820,0x2124,0x3185,0x2144,0x31c6,0x31c6,0x39e7,0x3a27,
  0x3a07,0x29a5,0x4248,0x52aa,0x3a07,0x2985,0x4207,0x4228,0x4a69,0x4a48,0x2104,0x18c2,0x0820,0x18a1,0x49e6,0xa4f2,
  0xe6f9,0xbdd4,0xdeb8,0xef3a,0xe719,0xe6f9,0xef5a,0xe719,0xef1a,0xe6f9,0xef1a,0xe6f9,0xef1a,0xe6f9,0xeef9,0xe6f9,
  0xe6fa,0xe6f9,0xe6fa,0xe6f9,0xef1a,0xe71a,0xef1a,0xef1a,0xef1a,0xe6f9,0xeefa,0xe6f9,0xef1a,0xef1a,0xef1a,0xef1a,
  0xf73b,0xef3a,0xef3a,0xe6f9,0xef1a,0xe6f9,0xe6f9,0xe6f9,0xef1a,0xef1a,0xf73b,0xef1a,0xef3a,0xef3a,0xef3a,0xe6f9,
  0xef1a,0xe719,0xef1a,0xe71a,0xef3a,0xe71a,0xef1a,0xe71a,0xef1a,0xe719,0xef1a,0xe71a,0xef1a,0xef1a,0xef3a,0xef1a,
  0xef3a,0xef1a,0xef3a,0xe719,0xeef9,0xe6f8,0xeef9,0xe6d8,0xeef8,0xe6d8,0xeef9,0xeef9,0xef1a,0xeef9,0xeef9,0xeef9,
  0xef19,0xeef9,0xeef9,0xeef9,0xf719,0xeef8,0xeed8,0xe6b8,0xeef8,0xeed8,0xeed8,0xe6b7,0xeeb8,0xeeb7,0xf6d8,0xf6f8,
  0xf719,0xeef8,0xf6f9,0xf6d8,0xeed8,0xeeb7,0xf6d8,0xee97,0xee97,0xee97,0xeeb8,0xee97,0xeeb7,0xeeb7,0xf6b7,0xeeb7,
  0xeeb7,0xeeb6,0xf6b7,0xeeb7,0xf6d7,0xeeb7,0xf6b7,0xee97,0xee97,0xee76,0xee96,0xee96,0xee96,0xee96,0xf697,0xee96,
  0xf6b7,0xeeb6,0xee96,0xf696,0xf696,0xee96,0xf697,0xf6b7,0xf6b7,0xee96,0xf697,0xf696,0xf697,0xee96,0xf696,0xee76,
  0xf697,0xee96,0xf696,0xee76,0xee96,0xee96,0xf696,0xee96,0xf696,0xee75,0xf696,0xee96,0xf696,0xee75,0xee75,0xe655,
  0xf696,0xee76,0xf676,0xee76,0xf696,0xee76,0xee76,0xee75,0xee76,0xee75,0xf696,0xee76,0xf696,0xee75,0xf696,0xee96,
  0xf696,0xee75,0xee75,0xee55,0xf696,0xee95,0xf696,0xee75,0xee55,0xe634,0xe634,0xe634,0xee54,0xddf2,0xd591,0xddd2,
  0xd591,0xd591,0xd571,0xc4ee,0xdd70,0xc4ad,0xccce,0xccee,0xd4ee,0xccad,0xb3eb,0x8aa5,0x9b28,0x9307,0x9308,0x69e4,
  0x7226,0x7226,0x5984,0x38a1,0x38a1,0x2820,0x3040,0x5163,0x7a87,0x7a65,0x8265,0x9b27,0xabaa,0x8ac6,0x71e2,0x9b07,
  0xbc0b,0xaba9,0xabea,0xabeb,0xac0b,0xa3eb,0x7266,0x51a3,0x49a5,0x1000,0x2081,0x3102,0x1820,0x1000,0x1840,0x2081,
  0x2081,0x1840,0x1840,0x2060,0x2081,0x1840,0x1841,0x0800,0x2860,0x59c3,0x92e6,0x9b47,0xabca,0xa3eb,0xb44e,0x6a46,
  0x3080,0x8b08,0xa3aa,0xa3a9,0xabea,0xabca,0x82a6,0x61c3,0x6205,0x59c4,0x59a4,0x5122,0x61a4,0x5983,0x3840,0x40a1,
  0x6a06,0x61e6,0x4103,0x1800,0x2061,0x28c1,0x28a0,0x30a0,0x5963,0x5964,0x5944,0x3061,0x1800,0x1860,0x1861,0x2081,
  0x2861,0x2040,0x1841,0x1000,0x2081,0x28c2,0x3103,0x30c2,0x2020,0x3902,0x4123,0x4122,0x4902,0x5142,0x4902,0x4901,
  0x0800,0x2061,0x28c2,0x30c2,0x28a1,0x30c1,0x30c1,0x30a1,0x30a1,0x38e2,0x28a1,0x20a1,0x28c2,0x28c2,0x20a1,0x28e2,
  0x28c1,0x28c1,0x28e2,0x28e2,0x20e2,0x2903,0x2902,0x2923,0x1081,0x0820,0x0840,0x18c2,0x18c2,0x1881,0x18c2,0x1061,
  0x0840,0x2124,0x1903,0x3185,0x39e7,0x39e7,0x29c5,0x31c6,0x3a27,0x3a07,0x29a5,0x29a5,0x3a27,0x2144,0x2985,0x4a69,
  0x4a89,0x5269,0x4228,0x3185,0x20e3,0x0840,0x0840,0x3164,0x7bad,0xce57,0xd697,0xded9,0xded8,0xef3a,0xe6f9,0xded8,
  0xe6f9,0xe719,0xe6f9,0xe6f9,0xe6f9,0xe6f9,0xe6f9,0xe6f9,0xe6d9,0xe6f9,0xe6f9,0xe6f9,0xe6f9,0xef1a,0xe6f9,0xef3a,
  0xe71a,0xef1a,0xe6f9,0xe6f9,0xe6f9,0xef1a,0xe6f9,0xef1a,0xef1a,0xf75b,0xef1a,0xe6f9,0xe6d9,0xeefa,0xe6f9,0xeefa,
  0xe6f9,0xef1a,0xef1a,0xef1a,0xef1a,0xef3a,0xe719,0xef1a,0xe71a,0xef1a,0xe719,0xef1a,0xef1a,0xef3a,0xe71a,0xef3a,
  0xef1a,0xef3a,0xef1a,0xef1a,0xe6fa,0xef3a,0xef1a,0xef3a,0xef1a,0xef1a,0xe6f9,0xef19,0xe6f9,0xef19,0xe6f8,0xeef9,
  0xe6d8,0xeef9,0xe6f9,0xef19,0xeef9,0xef19,0xe6f9,0xeef9,0xeef9,0xeef9,0xe6d8,0xeef9,0xeed8,0xeed8,0xe6b7,0xe6d8,
  0xeed8,0xeed8,0xe697,0xe697,0xe697,0xeeb8,0xeeb7,0xeed8,0xeeb7,0xeed8,0xeed7,0xf6d8,0xeed8,0xf6d8,0xeed7,0xeeb7,
  0xe697,0xeeb7,0xe697,0xeeb7,0xeeb7,0xeeb7,0xe676,0xee97,0xee96,0xeeb7,0xeeb6,0xf6b7,0xeeb7,0xf6b7,0xeeb6,0xf6d7,
  0xee96,0xee96,0xe675,0xeeb6,0xee96,0xf6b7,0xee96,0xee96,0xee96,0xf6b7,0xee96,0xf696,0xee96,0xf696,0xee96,0xf6b7,
  0xf696,0xf696,0xee96,0xee96,0xee55,0xee76,0xe655,0xee76,0xee76,0xf696,0xee75,0xee76,0xee75,0xee96,0xee96,0xee96,
  0xee95,0xf696,0xee75,0xee76,0xee75,0xee95,0xe654,0xee55,0xee76,0xf696,0xee76,0xee76,0xee75,0xee76,0xee75,0xee76,
  0xee75,0xee76,0xee75,0xee76,0xee75,0xee76,0xee75,0xf696,0xf696,0xf696,0xee75,0xee75,0xee75,0xf695,0xee75,0xee75,
  0xe634,0xe634,0xde13,0xe634,0xe613,0xddd2,0xcd50,0xd591,0xcd50,0xdd91,0xc50f,0xc4ce,0xcd0f,0xc48d,0xc4ad,0xd50f,
  0xc4ad,0xabca,0x8aa5,0xa348,0xa348,0x7a03,0x7204,0x7226,0x7a87,0x5143,0x2840,0x38a1,0x2820,0x2000,0x38a0,0x7aa7,
  0x82a7,0x8ac7,0x8ac6,0xa389,0xa388,0x71e2,0x8aa5,0xabc9,0xaba9,0xabea,0xa3ca,0xabeb,0xa3eb,0x82e7,0x4120,0x4942,
  0x2060,0x20a2,0x20a1,0x2081,0x1000,0x1820,0x1020,0x2081,0x1840,0x1820,0x1860,0x28a2,0x2081,0x1820,0x0000,0x0800,
  0x3922,0x82a6,0x9305,0xa367,0xac0a,0xac2d,0xa40d,0x4102,0x59c4,0xa3cb,0xa3ea,0xabea,0xb42b,0x8b07,0x61c2,0x6a05,
  0x5162,0x6a26,0x4122,0x5163,0x5942,0x5102,0x3020,0x5984,0x61c5,0x5164,0x2020,0x1020,0x20a2,0x28c1,0x30c0,0x4922,
  0x59a3,0x6164,0x48e2,0x2000,0x1820,0x1861,0x1861,0x20a2,0x1840,0x2081,0x1000,0x2061,0x28a1,0x30e3,0x28c1,0x2060,
  0x2860,0x4964,0x3902,0x4102,0x4922,0x5143,0x40e1,0x5143,0x1840,0x2081,0x30e3,0x30c2,0x30a1,0x2880,0x30c1,0x30c1,
  0x30a1,0x30c1,0x30e2,0x2081,0x28c2,0x28c2,0x28c2,0x30e2,0x28c2,0x28a1,0x3103,0x28e2,0x28e2,0x3123,0x3123,0x18a1,
  0x1040,0x1881,0x1061,0x1881,0x28e3,0x18a2,0x20c2,0x0820,0x1082,0x2965,0x18e3,0x2123,0x2965,0x39e7,0x4228,0x29a5,
  0x2985,0x3a27,0x4aa9,0x2985,0x31c6,0x39e7,0x3a07,0x1903,0x3a07,0x39c6,0x39e7,0x52aa,0x4a28,0x18c2,0x20e2,0x1080,
  0x2923,0x630a,0xbdd5,0xdeb8,0xe71a,0xe6f9,0xe71a,0xe6d9,0xef3a,0xe719,0xe719,0xe6f9,0xe6f9,0xe6f9,0xe719,0xe6f9,
  0xe6f9,0xe6f9,0xef1a,0xe71a,0xef1a,0xe71a,0xef1a,0xef1a,0xef1a,0xe71a,0xef1a,0xef3a,0xf73b,0xef1a,0xef3a,0xef1a,
  0xef1a,0xef1a,0xef1a,0xef1a,0xef1a,0xef1a,0xef1a,0xe6f9,0xeefa,0xeefa,0xef3a,0xef3a,0xf73b,0xef1a,0xef1a,0xe71a,
  0xef3a,0xef3a,0xef3a,0xe71a,0xef1a,0xe71a,0xef1a,0xe719,0xef1a,0xef1a,0xef1a,0xef1a,0xef3b,0xef3a,0xef3b,0xef1a,
  0xef1a,0xe6f9,0xef1a,0xef19,0xf73a,0xef39,0xef19,0xef19,0xf71a,0xef19,0xef1a,0xeef9,0xeef9,0xeef9,0xef1a,0xeef9,
  0xeef9,0xeef9,0xeef9,0xe6d8,0xeed9,0xe697,0xe6b8,0xeed8,0xeef8,0xeed8,0xeed8,0xeed8,0xf6f9,0xeed8,0xf6d8,0xeeb7,
  0xeeb8,0xeeb7,0xeed8,0xeeb7,0xeeb8,0xeeb7,0xf6d8,0xeed7,0xeeb7,0xee97,0xeeb7,0xe697,0xf6b7,0xeeb7,0xee97,0xee97,
  0xf6b7,0xeeb7,0xeeb7,0xee96,0xf6b7,0xee96,0xf6b7,0xf6b7,0xf6b7,0xee76,0xeeb6,0xf6d7,0xf6b7,0xf6b7,0xf6b7,0xee96,
  0xf6b7,0xeeb6,0xf6b7,0xee75,0xf696,0xf696,0xf6b7,0xee96,0xf697,0xee76,0xf6b7,0xee96,0xee76,0xee76,0xee76,0xee96,
  0xf697,0xf696,0xf6b6,0xee96,0xf696,0xee96,0xf6b6,0xee96,0xf696,0xee96,0xee96,0xee75,0xf696,0xee96,0xf696,0xee75,
  0xf697,0xf696,0xf696,0xee75,0xee76,0xee76,0xf696,0xee76,0xf696,0xee76,0xee96,0xee76,0xee76,0xee75,0xee55,0xee55,
  0xf696,0xee96,0xee76,0xe655,0xee55,0xe655,0xee75,0xe654,0xee54,0xe633,0xe614,0xde13,0xe5f3,0xd591,0xd5b1,0xcd70,
  0xd550,0xd590,0xc4ce,0xcd0f,0xccef,0xc4ce,0xc48d,0xbc4c,0xab89,0x8a85,0x92e7,0x92e7,0x8265,0x7204,0x7225,0x6a05,
  0x4922,0x3040,0x38c2,0x3081,0x2820,0x3880,0x7226,0x8ae8,0x8aa7,0x8aa6,0xa369,0x9b48,0x8244,0x7a23,0xa368,0xb40a,
  0xabca,0xabea,0xabeb,0xa3ca,0x8b29,0x59c3,0x4942,0x2060,0x2060,0x2903,0x28c3,0x1020,0x1841,0x20a1,0x28a2,0x1840,
  0x2040,0x2060,0x28a1,0x2081,0x2040,0x1840,0x1021,0x1841,0x6205,0x9327,0x9b25,0xa367,0xb40b,0xac4d,0x7288,0x4101,
  0x8b2a,0xabeb,0xa389,0xa3e9,0xabca,0x7244,0x61a3,0x61e4,0x6205,0x59a4,0x5184,0x5143,0x5102,0x3040,0x5943,0x69e5,
  0x59a5,0x30a1,0x1800,0x2081,0x28a2,0x2881,0x40e1,0x59a4,0x5984,0x5963,0x3061,0x2020,0x2041,0x1020,0x2082,0x1040,
  0x2061,0x1820,0x1800,0x28a1,0x3103,0x28a2,0x28c2,0x1800,0x38c2,0x38e2,0x4943,0x4922,0x4922,0x5142,0x5143,0x61c4,
  0x2860,0x30c1,0x30a1,0x30a1,0x2880,0x30a1,0x30c1,0x30a1,0x30c1,0x2881,0x28a1,0x30c2,0x2081,0x2080,0x28a1,0x30c2,
  0x28a1,0x28c2,0x28c1,0x2081,0x20c2,0x3144,0x2902,0x1881,0x0800,0x1881,0x1881,0x1881,0x18c2,0x20e3,0x1081,0x0000,
  0x1081,0x3185,0x2944,0x2944,0x18e2,0x39e7,0x2985,0x29a5,0x29a5,0x31e6,0x4268,0x4248,0x39e6,0x31a5,0x31c6,0x3a07,
  0x31e6,0x31a6,0x31a5,0x4228,0x5aea,0x4a48,0x2123,0x3165,0x10a1,0x18a1,0x39a5,0x7b8c,0xc5f6,0xef1a,0xe6fa,0xe6d9,
  0xe6f9,0xef1a,0xded8,0xe6f9,0xdef8,0xdf19,0xdf19,0xe719,0xdef8,0xe6f9,0xe719,0xef3a,0xe719,0xe719,0xe6d9,0xef1a,
  0xe6f9,0xef1a,0xe6f9,0xef1a,0xe6fa,0xef1a,0xe6f9,0xeefa,0xef1a,0xef3b,0xef1a,0xef1a,0xe6f9,0xe6fa,0xe6f9,0xef1a,
  0xe71a,0xef1a,0xe71a,0xef3b,0xef1a,0xef1a,0xef1a,0xef3a,0xe719,0xe71a,0xe6f9,0xef1a,0xe6f9,0xeefa,0xe6f9,0xef1a,
  0xef3a,0xef3a,0xef1a,0xef1a,0xef1a,0xf73b,0xef3a,0xf73a,0xef19,0xef1a,0xe6f9,0xeef9,0xe6f9,0xeef9,0xe6d9,0xeef9,
  0xef19,0xef19,0xeef9,0xeef9,0xeef9,0xef1a,0xeef9,0xeefa,0xeed9,0xeed9,0xe6b8,0xeed9,0xe6d8,0xeed8,0xe6b8,0xe6b8,
  0xeed8,0xeed8,0xe6b7,0xeed8,0xeed7,0xeef8,0xeed8,0xf6d8,0xeeb7,0xeeb7,0xe6b7,0xeeb7,0xeeb7,0xeeb7,0xeeb7,0xf6b8,
  0xee97,0xee97,0xee97,0xf6d8,0xee96,0xee97,0xee96,0xee96,0xe676,0xee97,0xee96,0xf6b7,0xee96,0xeeb7,0xeeb7,0xf6d7,
  0xeeb7,0xf6b7,0xee96,0xee96,0xee96,0xeeb6,0xee96,0xf697,0xee96,0xf6b6,0xee75,0xee76,0xee55,0xee76,0xee96,0xf696,
  0xee75,0xf696,0xee96,0xf696,0xee96,0xf696,0xee76,0xee76,0xee75,0xee76,0xee75,0xf696,0xee75,0xee96,0xf696,0xf6b7,
  0xee75,0xee96,0xe655,0xee76,0xee75,0xf696,0xee76,0xf696,0xee96,0xee96,0xee76,0xee96,0xee75,0xee96,0xee96,0xee76,
  0xee75,0xee96,0xee76,0xee76,0xe655,0xee55,0xe655,0xee55,0xee54,0xee55,0xe655,0xee75,0xe655,0xee75,0xe655,0xee55,
  0xde14,0xddf3,0xe614,0xe634,0xcd70,0xcd70,0xddd2,0xd570,0xddb1,0xcccf,0xcd0f,0xcccf,0xbc6d,0xc4ce,0xb44c,0xa38a,
  0x8a85,0x9ac7,0xa308,0x6183,0x6204,0x5183,0x59a4,0x2820,0x2000,0x40e2,0x38e2,0x2000,0x2860,0x6205,0x8ae7,0x9b07,
  0x9ae6,0xa328,0x9b49,0x8265,0x6181,0x92e7,0xabc9,0xabc9,0xac0a,0xac0b,0xac0b,0x936a,0x51c4,0x4143,0x2881,0x1840,
  0x28e2,0x20a1,0x0820,0x1020,0x18c2,0x20e3,0x1040,0x1820,0x2060,0x30a1,0x2860,0x1820,0x1841,0x1021,0x1800,0x4903,
  0x7aa6,0x8b26,0x8b05,0x9b88,0xac2c,0x9bcc,0x4902,0x7267,0xa3ec,0xa3aa,0x9b89,0xabea,0x8ac6,0x7a25,0x69c4,0x59a3,
  0x6205,0x4963,0x4983,0x5163,0x2800,0x3881,0x69e6,0x5164,0x38e2,0x2060,0x1860,0x2860,0x2860,0x38c1,0x4943,0x59a5,
  0x51a4,0x38c2,0x1000,0x2881,0x1840,0x2061,0x1861,0x1841,0x1860,0x1000,0x2060,0x28a1,0x30e2,0x3923,0x1800,0x2040,
  0x38e2,0x4123,0x4122,0x4943,0x5163,0x4901,0x4942,0x7a87,0x3081,0x30a1,0x30c2,0x30a1,0x30a1,0x30a1,0x30e2,0x30c1,
  0x3902,0x28c2,0x28a1,0x30c2,0x28a1,0x2881,0x30c2,0x30c1,0x30c2,0x28c2,0x28c2,0x2081,0x28e3,0x3144,0x2903,0x1040,
  0x1060,0x1040,0x20c2,0x1881,0x18a1,0x20e3,0x1081,0x0000,0x18a2,0x2944,0x2945,0x31a6,0x2944,0x2985,0x2944,0x31c6,
  0x31c6,0x3a27,0x31c6,0x3a07,0x52a9,0x3a07,0x39e6,0x4248,0x530b,0x3207,0x2165,0x4aa9,0x39e6,0x6bad,0x4227,0x6b4c,
  0x2944,0x1081,0x2903,0x20e2,0x4a07,0xb574,0xdeb9,0xef1a,0xe6fa,0xe6d9,0xef1a,0xe71a,0xdef9,0xd6b7,0xe719,0xe739,
  0xe719,0xe6f9,0xe719,0xe719,0xef3a,0xe719,0xef1a,0xef1a,0xef3a,0xef1a,0xef1a,0xeefa,0xef1a,0xef1a,0xef1a,0xe6fa,
  0xef1a,0xef1a,0xef1a,0xef1a,0xf73b,0xef1a,0xeefa,0xe6fa,0xef3b,0xef1a,0xf73b,0xef3b,0xf75b,0xef3a,0xf73b,0xef3a,
  0xef3a,0xe71a,0xef3b,0xef3a,0xef1a,0xef1a,0xef3a,0xef3a,0xf73b,0xef3a,0xef1a,0xef1a,0xef3a,0xef1a,0xef3a,0xef1a,
  0xef3a,0xef1a,0xef1a,0xeef9,0xef1a,0xeef9,0xef1a,0xeef9,0xef1a,0xef19,0xef19,0xeef9,0xef1a,0xef19,0xf71a,0xeef9,
  0xeef9,0xeed9,0xeed9,0xeed9,0xf71a,0xef19,0xeef9,0xe6b8,0xeed8,0xe6d8,0xeef8,0xeed8,0xeed8,0xeed7,0xeed8,0xeed8,
  0xeed8,0xeed7,0xf6d8,0xeeb7,0xeeb8,0xeeb7,0xf6d8,0xf6d8,0xf6d8,0xee97,0xf6b8,0xf6d8,0xf6d7,0xee97,0xf6b7,0xee96,
  0xee97,0xee96,0xf6b7,0xeeb7,0xf6b7,0xee96,0xf6b7,0xee97,0xf6b7,0xee96,0xf6b7,0xee96,0xee96,0xee96,0xf697,0xee96,
  0xf697,0xee96,0xee76,0xee76,0xf696,0xee76,0xf697,0xee76,0xee76,0xee76,0xf696,0xee76,0xf696,0xee96,0xf696,0xee75,
  0xf696,0xee96,0xf6b7,0xf696,0xf696,0xee75,0xf696,0xee76,0xf696,0xee76,0xee76,0xee76,0xf696,0xee76,0xf696,0xf696,
  0xf696,0xee96,0xf697,0xee76,0xee76,0xee75,0xee96,0xee75,0xee76,0xe675,0xee76,0xee75,0xee96,0xee95,0xf696,0xee75,
  0xf676,0xee75,0xee76,0xee75,0xee76,0xe655,0xe635,0xe635,0xee34,0xe613,0xe5f3,0xddb2,0xd571,0xddd2,0xddd2,0xd550,
  0xcd0f,0xcd0f,0xdd50,0xccef,0xc4ae,0xb42c,0x9b49,0x8aa7,0x9b49,0x8a86,0x8246,0x61e4,0x5a05,0x4123,0x2820,0x2000,
  0x4123,0x4123,0x2020,0x2020,0x5163,0x82c7,0x9308,0x92c6,0xb368,0xab89,0x8aa7,0x69e3,0x8286,0xa3a9,0xb40b,0xabea,
  0xb42b,0xa3ea,0xac2c,0x7286,0x4984,0x2060,0x2061,0x3124,0x3944,0x1040,0x0800,0x0000,0x0821,0x0000,0x1020,0x2081,
  0x2881,0x30c1,0x2860,0x2061,0x2082,0x0800,0x30a1,0x61a4,0x9328,0xa3c9,0x9347,0x9ba9,0xac2d,0x7aa7,0x61e5,0xa3ac,
  0xa3cb,0xa3ca,0xabcb,0x9b48,0x71e4,0x69c4,0x5942,0x5982,0x59a3,0x59e5,0x61e5,0x3080,0x3881,0x5985,0x61c6,0x4103,
  0x1800,0x1840,0x28a0,0x2880,0x38a0,0x38c1,0x5185,0x5185,0x4123,0x1800,0x2061,0x2881,0x28a2,0x20a2,0x2061,0x2081,
  0x1861,0x1000,0x30a1,0x28a1,0x30e2,0x2860,0x2000,0x30c2,0x4123,0x4123,0x4944,0x4101,0x5163,0x4942,0x61e5,0x7aa7,
  0x2880,0x30c1,0x30c1,0x30a1,0x28a1,0x30c2,0x28c1,0x30e2,0x30c2,0x30e2,0x2880,0x30c2,0x2881,0x30c2,0x28a1,0x28a1,
  0x28a1,0x3103,0x28a1,0x28a1,0x28c2,0x28e3,0x1881,0x0800,0x1061,0x1040,0x20c2,0x20c2,0x1881,0x20e2,0x0820,0x0000,
  0x18a2,0x20e3,0x18e3,0x31a6,0x2124,0x3185,0x2144,0x31c6,0x1903,0x3a07,0x3a06,0x31a6,0x31c6,0x634c,0x3a47,0x3206,
  0x31e6,0x31e6,0x3227,0x1964,0x3a27,0x31c6,0x52ea,0x4248,0x29a5,0x2944,0x2944,0x2923,0x1060,0x2923,0x7bad,0xce17,
  0xe6d9,0xe6d9,0xe6f9,0xe6f9,0xe6f9,0xef3a,0xe739,0xe719,0xe719,0xef19,0xe6f8,0xe6f9,0xe6f9,0xef1a,0xe6f9,0xef1a,
  0xe6f9,0xeefa,0xe6d9,0xe6d9,0xe6d9,0xe6fa,0xe6fa,0xef1a,0xef1a,0xef1a,0xe71a,0xef1a,0xef1a,0xef3b,0xef1a,0xef3b,
  0xef3a,0xef3b,0xe71a,0xef1a,0xe71a,0xef3a,0xef3a,0xef3a,0xef1a,0xef3a,0xef3a,0xef3a,0xef1a,0xef1a,0xef1a,0xef3a,
  0xef1a,0xef1a,0xef1a,0xef3a,0xef1a,0xef1a,0xe6f9,0xef1a,0xef19,0xef3a,0xef19,0xef1a,0xeef9,0xef1a,0xeef9,0xef19,
  0xe6f9,0xeef9,0xeef8,0xeef9,0xeef9,0xef1a,0xeef9,0xeef9,0xeed9,0xeefa,0xe6d9,0xeef9,0xeef9,0xf71a,0xeed8,0xe697,
  0xe697,0xeed8,0xeed8,0xeef8,0xe6d7,0xeed8,0xe6b7,0xeed8,0xeed7,0xf6f8,0xeed7,0xeeb7,0xee97,0xeeb7,0xee97,0xeeb7,
  0xee97,0xeeb7,0xe696,0xeeb7,0xee96,0xee97,0xee96,0xee97,0xee97,0xee97,0xee96,0xeeb7,0xee96,0xf6d7,0xee96,0xee96,
  0xee76,0xee96,0xee76,0xee96,0xee76,0xf6b7,0xee96,0xee96,0xee76,0xee96,0xee75,0xee96,0xee76,0xf696,0xee76,0xee76,
  0xee75,0xee76,0xee75,0xf696,0xee96,0xf696,0xee75,0xf696,0xee96,0xf6b6,0xf696,0xf6b7,0xee76,0xee76,0xe655,0xee76,
  0xee76,0xf696,0xee75,0xee96,0xee76,0xee76,0xee75,0xf696,0xe655,0xee76,0xee75,0xee76,0xe655,0xee76,0xe675,0xee96,
  0xee75,0xee76,0xe655,0xee75,0xe675,0xee96,0xee75,0xee75,0xee55,0xee75,0xe654,0xee55,0xe635,0xe655,0xe634,0xe614,
  0xe613,0xe634,0xddb2,0xd570,0xdd91,0xdd92,0xc4ce,0xdd71,0xc4ee,0xc4ee,0xc4ad,0xccce,0xb3eb,0xa349,0x8aa6,0x8ac7,
  0x82c7,0x61e4,0x59e4,0x51c3,0x30a0,0x1800,0x2020,0x38e3,0x4985,0x2861,0x1800,0x40e1,0x7265,0x9307,0x8ae7,0xa369,
  0xabaa,0x9b08,0x69c3,0x7a65,0xabaa,0xb40b,0xabea,0xbc4c,0xac2b,0xac2c,0x72a6,0x4141,0x2080,0x2060,0x28e3,0x28c3,
  0x1860,0x0800,0x0800,0x1061,0x0020,0x0000,0x0800,0x1020,0x0800,0x1840,0x1000,0x2081,0x2081,0x1861,0x4122,0x82c8,
  0x9369,0xa3ca,0x9bc9,0x9baa,0x9369,0x5121,0x61e4,0xa3ec,0xa3cb,0xac0c,0xac0b,0x7204,0x61a3,0x6183,0x6183,0x61a3,
  0x4942,0x6205,0x4122,0x3060,0x5164,0x6a06,0x4102,0x2861,0x1000,0x2060,0x2080,0x3080,0x3080,0x4963,0x4964,0x51a5,
  0x2040,0x1800,0x2081,0x2081,0x20a2,0x2082,0x1840,0x2081,0x1000,0x1840,0x28a1,0x30c1,0x28a1,0x1800,0x2060,0x4123,
  0x4123,0x4964,0x4102,0x5143,0x4122,0x5183,0x6a67,0x59a4,0x30a1,0x30c1,0x30c2,0x30a1,0x30a1,0x30c1,0x30c2,0x30e2,
  0x30c2,0x28c1,0x30e2,0x30c2,0x30c2,0x3102,0x30e2,0x2880,0x30c2,0x3103,0x30c2,0x28e2,0x30e3,0x20a1,0x1860,0x0800,
  0x1861,0x1881,0x20c2,0x18a1,0x20a2,0x20c2,0x1041,0x0820,0x20e3,0x18c2,0x2103,0x2944,0x3165,0x31a5,0x2103,0x31a6,
  0x2124,0x39e7,0x3a07,0x2164,0x4268,0x3a07,0x3a27,0x5b2b,0x3207,0x29c6,0x52ea,0x3a47,0x4aa9,0x3a27,0x3a48,0x4ac9,
  0x3a07,0x3a07,0x5289,0x2924,0x20e3,0x18a1,0x20e2,0x5a88,0xa4f2,0xf73b,0xeefa,0xe6d9,0xef1a,0xe6f9,0xe6f9,0xef19,
  0xef5a,0xe71a,0xef19,0xe6f9,0xef1a,0xe6f9,0xe6f9,0xe719,0xef1a,0xe6f9,0xe6fa,0xe6d9,0xeefa,0xe6fa,0xef1a,0xef1a,
  0xef3b,0xef3a,0xef3b,0xef1a,0xef1a,0xe6fa,0xef3b,0xef1a,0xef3b,0xef3a,0xef3b,0xef1a,0xef1a,0xef1a,0xef3a,0xef1a,
  0xef3b,0xef3a,0xef3a,0xef3a,0xef1a,0xef1a,0xef3a,0xef1a,0xef1a,0xef1a,0xef3a,0xef3a,0xef3b,0xef1a,0xef1a,0xef19,
  0xef1a,0xef1a,0xef1a,0xe6f9,0xeefa,0xeef9,0xef1a,0xef19,0xeef9,0xe6d9,0xeef9,0xeef9,0xeefa,0xeef9,0xf71a,0xeef9,
  0xf71a,0xf71a,0xf71a,0xeef9,0xf71a,0xeef9,0xeed8,0xe6b7,0xeed8,0xeed8,0xeef8,0xeed8,0xeed8,0xeed8,0xeed8,0xeed7,
  0xf6f8,0xf6f8,0xf6f8,0xeeb7,0xeeb8,0xeeb7,0xeeb7,0xee97,0xf6b8,0xeeb7,0xee97,0xee96,0xee97,0xee96,0xee97,0xee97,
  0xf6b7,0xee96,0xee96,0xee96,0xf6b7,0xf6d7,0xf6b7,0xee96,0xee97,0xee76,0xee96,0xee76,0xf697,0xf6b7,0xf6b7,0xee96,
  0xf696,0xee96,0xf6b6,0xee75,0xf676,0xee76,0xf696,0xee76,0xf696,0xf696,0xf696,0xee76,0xf696,0xee96,0xf696,0xee96,
  0xf6b7,0xf696,0xf696,0xf696,0xf696,0xee76,0xee76,0xee75,0xf696,0xee76,0xf696,0xee96,0xf696,0xee75,0xf696,0xee96,
  0xee56,0xee55,0xee76,0xee75,0xee76,0xee76,0xf696,0xee96,0xf696,0xee76,0xee96,0xe675,0xee76,0xe655,0xee75,0xee75,
  0xee76,0xee75,0xee75,0xe655,0xee55,0xe655,0xee55,0xe613,0xe5f3,0xe613,0xddb1,0xd570,0xe592,0xcccf,0xdd52,0xc4ae,
  0xc4ae,0xd52f,0xbc4c,0xaba9,0xa369,0x92c7,0x71c3,0x8ae8,0x7ac8,0x51e4,0x3922,0x2020,0x2000,0x30a1,0x4144,0x4986,
  0x2882,0x1800,0x40e1,0x6a04,0x8ac7,0x8ac6,0xa348,0xb3cb,0x9b49,0x71c3,0x69c2,0x9b68,0xbc4c,0xabca,0xb40b,0xbc6d,
  0xac0c,0x9369,0x59c4,0x2040,0x2061,0x28e2,0x3104,0x1881,0x0800,0x0820,0x1041,0x0820,0x1041,0x0820,0x0800,0x0820,
  0x1020,0x1000,0x1020,0x1020,0x1820,0x30a1,0x6a25,0x8b07,0x9b69,0xa3ca,0xac0c,0x9baa,0x7245,0x40e0,0x934a,0x9bab,
  0xac0c,0xb42d,0x8286,0x61a2,0x61a3,0x5962,0x69c4,0x5983,0x61c4,0x5984,0x3060,0x4102,0x61e6,0x5184,0x30a1,0x1800,
  0x2860,0x2060,0x28a1,0x2880,0x38e1,0x5184,0x51a5,0x30c1,0x2020,0x2040,0x28a2,0x2081,0x28a2,0x1861,0x2061,0x1840,
  0x1020,0x2081,0x28c2,0x28c1,0x2860,0x2020,0x38e2,0x4122,0x4943,0x4122,0x40e1,0x59a4,0x4902,0x51a4,0x6226,0x2840,
  0x2880,0x30a1,0x30a1,0x30a1,0x28a0,0x30c1,0x28a1,0x38e2,0x28a1,0x28a1,0x3902,0x28c1,0x28a1,0x30e2,0x30e2,0x30c1,
  0x28a1,0x28c2,0x20a1,0x30e3,0x28e3,0x2081,0x0800,0x1881,0x1040,0x28e3,0x1861,0x1860,0x18a1,0x20c2,0x1020,0x0820,
  0x18a2,0x20c2,0x2103,0x2924,0x18e2,0x39c6,0x2124,0x39e7,0x2144,0x3185,0x2964,0x31c6,0x2184,0x52ea,0x29e6,0x4ac9,
  0x4b0a,0x4289,0x4ae9,0x3a48,0x532b,0x5b4c,0x2184,0x3a48,0x4aa9,0x4228,0x39c6,0x5aaa,0x3185,0x20e3,0x2923,0x20c2,
  0x3184,0x9c70,0xdeb9,0xf75b,0xdeb8,0xe6f9,0xef1a,0xe6f9,0xe719,0xe719,0xe6f9,0xef19,0xe6f9,0xe719,0xe6d9,0xef1a,
  0xe6f9,0xe71a,0xe6f9,0xeefa,0xe6f9,0xeefa,0xef1a,0xef1a,0xe6fa,0xef1a,0xef1a,0xef1a,0xe71a,0xef1a,0xe6d9,0xeefa,
  0xe6fa,0xef3a,0xef1a,0xef3b,0xef1a,0xef1a,0xe71a,0xef3a,0xef3a,0xef3a,0xef1a,0xef3a,0xe6f9,0xef1a,0xef1a,0xef1a,
  0xe6f9,0xef1a,0xef1a,0xef1a,0xe719,0xef1a,0xef19,0xef1a,0xe6f9,0xeef9,0xe6f9,0xef1a,0xeef9,0xef1a,0xef19,0xef1a,
  0xe6f9,0xeef9,0xeef8,0xeef9,0xe6f9,0xef1a,0xeef9,0xf6fa,0xeef9,0xf71a,0xef1a,0xf71a,0xeed9,0xeef9,0xeed8,0xf6f9,
  0xeef8,0xeef8,0xe6b7,0xeed8,0xe6d8,0xeed8,0xe6b7,0xeed8,0xeed8,0xf6f8,0xeed7,0xeeb7,0xe697,0xeed8,0xeeb7,0xeeb7,
  0xee97,0xeeb7,0xee97,0xee97,0xe696,0xee97,0xee76,0xf6b7,0xee97,0xee96,0xe676,0xee96,0xee96,0xeeb7,0xee96,0xee97,
  0xee96,0xee96,0xee96,0xee96,0xee96,0xf6b7,0xee96,0xee76,0xee75,0xee96,0xee96,0xee76,0xee76,0xf696,0xee76,0xf696,
  0xee75,0xee76,0xee76,0xf696,0xee75,0xee96,0xee96,0xf696,0xf696,0xf696,0xee55,0xf696,0xee96,0xf696,0xee55,0xee76,
  0xee75,0xee96,0xee96,0xf696,0xee75,0xee76,0xee75,0xee76,0xe655,0xee76,0xee76,0xee76,0xee75,0xee76,0xee75,0xee76,
  0xee75,0xee95,0xee75,0xee76,0xe655,0xee55,0xe655,0xee75,0xe675,0xee75,0xee75,0xee75,0xe654,0xee54,0xe634,0xe613,
  0xddd2,0xe5d2,0xd550,0xd530,0xd550,0xd510,0xdd10,0xc46d,0xc4ad,0xbc4c,0xabaa,0xa369,0x9b28,0x8aa7,0x7a46,0x7a87,
  0x4122,0x28e1,0x1881,0x2040,0x2880,0x4144,0x30c2,0x3924,0x1000,0x2820,0x61c4,0x8aa7,0x8aa6,0xa327,0xab89,0x9b29,
  0x69e4,0x61a2,0x8aa5,0xabca,0xb40b,0xabeb,0xb40c,0xb44d,0x9bab,0x6205,0x28a0,0x1000,0x28e2,0x49e6,0x1061,0x0820,
  0x0000,0x0820,0x0800,0x0800,0x0000,0x0820,0x0800,0x0820,0x0820,0x0820,0x1040,0x1000,0x1820,0x59c4,0x82e7,0x8b06,
  0x9369,0xac0c,0xa3ec,0x934a,0x38a0,0x6a05,0xa3ca,0xa3cb,0xa3cb,0x9b8b,0x61a3,0x7a46,0x5982,0x5142,0x4921,0x5983,
  0x59a4,0x40c1,0x3880,0x59c5,0x59c5,0x4123,0x2040,0x2881,0x2880,0x2860,0x2880,0x30a1,0x4143,0x4984,0x4143,0x1800,
  0x1820,0x2881,0x2081,0x28a2,0x2081,0x1841,0x2061,0x1000,0x1020,0x28e2,0x28a1,0x28a1,0x1800,0x2881,0x4123,0x4922,
  0x4922,0x40e1,0x4102,0x4943,0x4122,0x6206,0x38e2,0x2040,0x28a1,0x28a1,0x30c1,0x2881,0x30a1,0x28a1,0x30a1,0x30e2,
  0x30c1,0x28a1,0x3903,0x28a1,0x30c1,0x28a1,0x30c2,0x30e2,0x30c2,0x2080,0x28a2,0x28e2,0x28c3,0x1860,0x1000,0x1861,
  0x1861,0x28e2,0x2081,0x20a1,0x28e3,0x1881,0x1021,0x0800,0x20a2,0x1881,0x2903,0x20c2,0x20e3,0x2944,0x2104,0x31a6,
  0x39c6,0x39c6,0x18e3,0x31c6,0x2164,0x3a48,0x4268,0x3a27,0x4aa9,0x42a9,0x4aa9,0x4ac9,0x3207,0x4ac9,0x52ea,0x29c5,
  0x5b2b,0x5b2b,0x39e7,0x31a6,0x7bce,0x52aa,0x41e7,0x2944,0x20c2,0x20e2,0x83ce,0xc5d5,0xeefa,0xe6d9,0xe6b9,0xef1a,
  0xe6fa,0xe6f9,0xeefa,0xe6f9,0xef1a,0xe6f9,0xeefa,0xe6f9,0xe6fa,0xe6f9,0xeefa,0xe6f9,0xef1a,0xe6f9,0xef1a,0xef1a,
  0xef1a,0xe71a,0xef1a,0xef3a,0xef3b,0xef1a,0xef3a,0xef1a,0xef1a,0xef1a,0xef3a,0xef1a,0xef1a,0xef3a,0xef3a,0xef1a,
  0xef3b,0xef3a,0xf75b,0xef3a,0xef1a,0xef1a,0xef1a,0xef1a,0xef1a,0xef1a,0xef1a,0xef1a,0xef1a,0xef1a,0xef1a,0xeef9,
  0xef1a,0xe6f9,0xef1a,0xef1a,0xf71a,0xef1a,0xf73a,0xef19,0xef1a,0xeef9,0xeef9,0xeed9,0xeef9,0xeef9,0xf71a,0xeef9,
  0xf6fa,0xeef9,0xf71a,0xf6fa,0xf6f9,0xeef9,0xf719,0xf719,0xf719,0xeef8,0xeed8,0xeed8,0xeed8,0xeed8,0xeed8,0xeed8,
  0xf6d8,0xeed8,0xf6d8,0xeeb7,0xeed8,0xeed7,0xf6d8,0xeeb7,0xee97,0xe696,0xee97,0xe676,0xee97,0xee96,0xf6b7,0xeeb7,
  0xf6d8,0xee96,0xee97,0xee96,0xeeb7,0xee96,0xee97,0xee96,0xee97,0xee96,0xf6b7,0xee96,0xee96,0xee96,0xf696,0xee55,
  0xee76,0xee96,0xee96,0xee76,0xf6b7,0xf696,0xf696,0xee76,0xf696,0xee75,0xf696,0xee76,0xee76,0xee75,0xf696,0xf696,
  0xf6b6,0xf696,0xf696,0xee76,0xf696,0xee96,0xee76,0xee55,0xee76,0xee76,0xf696,0xee76,0xee76,0xee76,0xf696,0xee76,
  0xf696,0xee96,0xf6b7,0xee96,0xee96,0xee75,0xee76,0xee55,0xee76,0xee75,0xf696,0xee75,0xee75,0xe655,0xee55,0xe654,
  0xee55,0xe654,0xee55,0xe634,0xe634,0xe613,0xe613,0xe5f3,0xe5d2,0xd570,0xd530,0xcd0f,0xd510,0xd4f0,0xccaf,0xccae,
  0xb3cb,0x92c7,0xbbec,0x9328,0x8ac8,0x82a7,0x6a46,0x4102,0x1820,0x1000,0x1800,0x38e1,0x4123,0x3902,0x30a2,0x1820,
  0x2000,0x5164,0x8ae9,0x92e7,0xa328,0xb3a9,0xab89,0x7a24,0x61c4,0x82a6,0xabaa,0xabca,0xb40b,0xac0b,0xb40d,0x936a,
  0x7287,0x30a0,0x2060,0x30e2,0x3944,0x18c2,0x1040,0x0000,0x0000,0x0000,0x0800,0x1040,0x1020,0x0800,0x1041,0x0821,
  0x0841,0x0841,0x1020,0x1820,0x4122,0x7aa7,0x9327,0x9347,0xa3ca,0xa3ab,0xabed,0x6a06,0x40a0,0x9b89,0x9349,0xa3ca,
  0xa3cc,0x6a25,0x7a67,0x5963,0x5142,0x4942,0x5163,0x61a4,0x5102,0x3000,0x5123,0x59c5,0x51a5,0x28a1,0x1000,0x28c1,
  0x30e2,0x30a1,0x3081,0x4102,0x5185,0x4964,0x3081,0x1800,0x2041,0x28a1,0x2061,0x2081,0x2061,0x1840,0x2041,0x1000,
  0x2061,0x28a2,0x28c2,0x2040,0x2040,0x38e2,0x4923,0x4922,0x4922,0x4101,0x5984,0x4102,0x51a5,0x51a5,0x2881,0x3902,
  0x2880,0x28a1,0x28a0,0x28a1,0x2880,0x28a1,0x2880,0x28a1,0x2880,0x30e2,0x28a0,0x30c1,0x30e1,0x30a1,0x2040,0x30e2,
  0x30e2,0x2881,0x28c2,0x28e2,0x1840,0x1840,0x1040,0x1860,0x20c2,0x20a2,0x1860,0x28c2,0x20c2,0x1861,0x0820,0x1041,
  0x20c3,0x1861,0x1881,0x18a2,0x18c2,0x18c2,0x20e3,0x2924,0x2944,0x4a48,0x2144,0x2164,0x1923,0x4248,0x3227,0x4268,
  0x3207,0x3207,0x530a,0x638d,0x3a27,0x3a48,0x5b4b,0x5b2b,0x5b2b,0x73ee,0x5b2b,0x31c6,0x5b0b,0x52aa,0x4228,0x4a69,
  0x2964,0x2944,0x18e2,0x39c5,0x9470,0xe6da,0xe6d9,0xe6fa,0xe6f9,0xe6fa,0xe6f9,0xe6f9,0xe6f9,0xe6f9,0xded9,0xe6f9,
  0xe6f9,0xe6fa,0xe6f9,0xe71a,0xe6f9,0xe6f9,0xe6f9,0xef3a,0xef1a,0xef3b,0xef3a,0xef3a,0xe6f9,0xef1a,0xe71a,0xe71a,
  0xe6f9,0xef1a,0xef1a,0xef3a,0xef1a,0xf75b,0xe71a,0xef1a,0xe719,0xef3a,0xef3a,0xef3a,0xef3a,0xef1a,0xe6f9,0xef1a,
  0xef1a,0xef1a,0xe6f9,0xef3a,0xef1a,0xef1a,0xe6f9,0xef1a,0xef19,0xef3a,0xe6f9,0xef19,0xef19,0xef1a,0xeef9,0xeef9,
  0xeef9,0xef19,0xe6d8,0xeef9,0xe6d9,0xeef9,0xeef9,0xeefa,0xeef9,0xf6fa,0xeed9,0xeef9,0xeef9,0xf719,0xeef8,0xeed8,
  0xeef8,0xf719,0xeef8,0xeed8,0xe6b7,0xeeb8,0xe6b7,0xeeb7,0xeeb7,0xeed8,0xeed7,0xf6d8,0xeed8,0xeeb8,0xeed7,0xf6d8,
  0xe676,0xee97,0xe696,0xee97,0xe696,0xeeb7,0xee97,0xf6b7,0xeeb7,0xf6b7,0xee96,0xee97,0xee96,0xf6b7,0xee96,0xee76,
  0xe655,0xee76,0xe675,0xee76,0xeeb6,0xf697,0xee75,0xee76,0xee76,0xf696,0xee75,0xee76,0xf696,0xf6b7,0xee76,0xee96,
  0xee96,0xf696,0xee75,0xee76,0xee55,0xee76,0xee75,0xf696,0xee96,0xf696,0xee75,0xee76,0xee75,0xee76,0xee55,0xee75,
  0xee75,0xee76,0xee75,0xee76,0xee75,0xf696,0xee96,0xee76,0xee96,0xf696,0xee96,0xee96,0xee75,0xee76,0xe655,0xee75,
  0xee75,0xee76,0xee75,0xee55,0xe635,0xee35,0xe634,0xe654,0xe634,0xe655,0xe634,0xe634,0xe5f3,0xe5f3,0xddd2,0xe5f2,
  0xdd91,0xccef,0xcd0e,0xd550,0xccee,0xccef,0xabeb,0x9b08,0xa36a,0xa34a,0x8ac7,0x82c8,0x7267,0x6226,0x30e1,0x2040,
  0x2061,0x2881,0x3081,0x4144,0x30c1,0x30c2,0x2020,0x1800,0x5143,0x8ae9,0x9308,0xa349,0xab89,0xab8a,0x8ac6,0x69a3,
  0x7245,0xa3aa,0xaba9,0xb3ea,0xb40b,0xabcb,0x9b8a,0x7267,0x2840,0x2881,0x3944,0x3944,0x20e2,0x0820,0x0000,0x0000,
  0x0000,0x0820,0x0800,0x1020,0x0800,0x0800,0x0820,0x0021,0x0021,0x1082,0x0000,0x28a1,0x6a66,0x8b08,0x8b46,0x9367,
  0xa3aa,0xa3cc,0x82e9,0x48e1,0x7266,0x9b89,0x8b47,0xa3ca,0x82e8,0x7226,0x61e5,0x40c1,0x4942,0x51a4,0x59e4,0x4922,
  0x3020,0x48e2,0x59a5,0x5184,0x30e2,0x1000,0x1860,0x2080,0x2881,0x30a1,0x38c2,0x5164,0x4964,0x38e2,0x1000,0x2040,
  0x2081,0x2060,0x1860,0x1840,0x1820,0x2061,0x1000,0x2081,0x30e3,0x2061,0x2060,0x1000,0x28a1,0x4943,0x38c1,0x5143,
  0x4101,0x4922,0x4922,0x4963,0x59e5,0x28a1,0x2060,0x4144,0x28a1,0x28a1,0x28a1,0x2880,0x30c1,0x2880,0x30c2,0x28a1,
  0x30c1,0x30e2,0x30c1,0x28a1,0x3903,0x30c1,0x2881,0x28a1,0x30c2,0x30e2,0x28a1,0x28c2,0x2061,0x1040,0x1861,0x1040,
  0x28c2,0x2081,0x20a2,0x20a1,0x28c2,0x1861,0x1020,0x1861,0x20a2,0x1061,0x20c3,0x0820,0x2904,0x20c2,0x2103,0x2103,
  0x2103,0x4207,0x3185,0x31a5,0x18c2,0x2965,0x4a89,0x4aa9,0x4a69,0x3a27,0x4248,0x5b4b,0x5b2b,0x638d,0x6bad,0x6bcd,
  0x4268,0x3206,0x1965,0x1964,0x29a6,0x4aea,0x94f2,0xadb5,0x8c70,0x39e7,0x5aea,0x1902,0x2924,0x736c,0xe6fa,0xef1a,
  0xef1b,0xef1a,0xe6d9,0xe6f9,0xeefa,0xe6fa,0xef3a,0xe6d9,0xef1a,0xef1a,0xef3a,0xef1a,0xe6fa,0xe6f9,0xef3a,0xef3a,
  0xf73b,0xef3a,0xef3a,0xef1a,0xef3a,0xef1a,0xef1a,0xe719,0xef1a,0xef1a,0xef3a,0xe71a,0xef1a,0xef1a,0xef1a,0xe6f9,
  0xef1a,0xef1a,0xef3b,0xef3a,0xf73b,0xef1a,0xef1a,0xef1a,0xef1a,0xef1a,0xef1a,0xef1a,0xef3a,0xef1a,0xf73b,0xef3a,
  0xf73a,0xef1a,0xef1a,0xe6f9,0xeefa,0xeef9,0xeef9,0xeef9,0xef1a,0xeef9,0xeef9,0xeef9,0xef1a,0xeef9,0xef1a,0xeef9,
  0xf6fa,0xeefa,0xf71a,0xeef9,0xeef9,0xeed8,0xeed9,0xeed8,0xf719,0xeef9,0xf6f9,0xeef8,0xeef8,0xeed8,0xeed8,0xeed8,
  0xf6d9,0xeed8,0xf6f8,0xf6d8,0xf6d8,0xeeb7,0xf6d8,0xf6d7,0xf6b8,0xeeb7,0xeeb7,0xee97,0xee97,0xe676,0xee97,0xee96,
  0xf6b7,0xee96,0xee97,0xee96,0xee97,0xee76,0xee96,0xee96,0xf697,0xee96,0xf6b7,0xee96,0xf6b7,0xee96,0xf697,0xee96,
  0xf697,0xf696,0xf6b7,0xee76,0xf696,0xf696,0xf696,0xee96,0xf696,0xee76,0xee76,0xee55,0xee76,0xee55,0xee76,0xee75,
  0xf696,0xee96,0xf696,0xe655,0xee76,0xee76,0xee76,0xee75,0xf696,0xee76,0xee76,0xee75,0xf696,0xee76,0xf696,0xee55,
  0xee76,0xee75,0xee76,0xee75,0xf696,0xee96,0xee96,0xee75,0xee76,0xee75,0xf696,0xee75,0xee55,0xee55,0xe655,0xde13,
  0xee55,0xe634,0xe614,0xddd2,0xe5f3,0xddb2,0xee13,0xddd2,0xc4ce,0xd530,0xccef,0xd50f,0xd50f,0xa3ca,0x9327,0xabaa,
  0xa36a,0x8ac8,0x7a67,0x6206,0x4964,0x2881,0x1800,0x1800,0x38c2,0x3881,0x4903,0x4144,0x38e3,0x2020,0x2000,0x4901,
  0x82a7,0x9b49,0xabcb,0xa36a,0xabab,0x9308,0x6182,0x7224,0x9b69,0xabeb,0xabca,0xac0a,0xb42c,0xa3cb,0x934a,0x38a1,
  0x2020,0x4165,0x4185,0x20c2,0x1021,0x0820,0x0840,0x0000,0x0000,0x0800,0x0820,0x0800,0x1020,0x0820,0x0820,0x0841,
  0x0001,0x0000,0x1020,0x3922,0x7266,0xa389,0x9b88,0x8b26,0xa3cb,0xabed,0x7a48,0x5122,0x9b8b,0x9348,0x9368,0x82e7,
  0x7246,0x69e5,0x4903,0x5984,0x4942,0x51c4,0x61e5,0x3060,0x4081,0x61a5,0x5964,0x38e2,0x1800,0x1840,0x20c0,0x2080,
  0x28a1,0x3080,0x4924,0x51a5,0x3902,0x2020,0x2040,0x2060,0x2061,0x2061,0x2081,0x1861,0x1841,0x1840,0x1820,0x28e2,
  0x28c2,0x30e2,0x1820,0x2061,0x4123,0x4102,0x4102,0x4922,0x4902,0x4922,0x4922,0x4963,0x38e2,0x1800,0x30e3,0x3123,
  0x2880,0x30c1,0x2880,0x28a1,0x28c1,0x28a1,0x30c1,0x30c2,0x2880,0x30c1,0x30c1,0x30c1,0x28c1,0x30c1,0x28a1,0x30c2,
  0x2881,0x30c2,0x28c2,0x2081,0x1820,0x1861,0x1860,0x1861,0x20c2,0x20a1,0x2081,0x20a1,0x2081,0x1841,0x0800,0x1861,
  0x1881,0x1882,0x20c3,0x1041,0x1081,0x18c2,0x2103,0x2103,0x18e2,0x3185,0x2103,0x39c6,0x2124,0x2944,0x31c6,0x4248,
  0x4268,0x31c6,0x3a27,0x52aa,0x31e6,0x31e6,0x2184,0x2164,0x08c1,0x2185,0x2a07,0x536c,0x84d2,0xa5b5,0xb637,0xadf6,
  0xadf6,0xa574,0x6b8c,0x4248,0x31c5,0x20e2,0x4227,0x9c90,0xce57,0xdeb9,0xef1a,0xf73b,0xe6d9,0xef3a,0xe6f9,0xef1a,
  0xe71a,0xe71a,0xe6f9,0xef1a,0xef3a,0xef3a,0xef1a,0xef3a,0xef1a,0xef3a,0xe71a,0xef1a,0xe719,0xef3a,0xef1a,0xef1a,
  0xe6f9,0xef1a,0xe6f9,0xef1a,0xe719,0xef1a,0xe6f9,0xe6fa,0xe6f9,0xef1a,0xe71a,0xef1a,0xef1a,0xef1a,0xef1a,0xef1a,
  0xe6f9,0xef1a,0xef1a,0xef1a,0xe719,0xef3a,0xef1a,0xef3a,0xef19,0xef1a,0xe6f9,0xeef9,0xe6d9,0xeef9,0xe6f9,0xeef9,
  0xe6f9,0xeef9,0xeef9,0xef1a,0xeef9,0xeef9,0xeef9,0xeef9,0xe6d8,0xeed9,0xeed9,0xeed9,0xe6d8,0xeed9,0xeed8,0xeef9,
  0xeed8,0xeef9,0xeed8,0xeef9,0xeed8,0xeed8,0xeed8,0xeeb8,0xeeb7,0xeed8,0xeed7,0xf6d8,0xeeb7,0xeed8,0xeeb7,0xeeb7,
  0xe696,0xee97,0xe676,0xee97,0xe655,0xe676,0xee96,0xee97,0xee97,0xf6b7,0xee96,0xf6b7,0xee96,0xee96,0xee76,0xee96,
  0xee96,0xeeb7,0xee96,0xf6b7,0xee76,0xee96,0xee76,0xee96,0xee76,0xee96,0xee76,0xf696,0xee76,0xee76,0xee75,0xf696,
  0xee76,0xf696,0xee76,0xee76,0xee55,0xee76,0xee75,0xee76,0xee75,0xf696,0xee76,0xee76,0xee75,0xee76,0xee55,0xee76,
  0xee75,0xee76,0xee55,0xee76,0xee75,0xee76,0xee55,0xee76,0xee75,0xee76,0xe655,0xee76,0xee75,0xee96,0xee75,0xee76,
  0xe634,0xe635,0xe655,0xee55,0xe634,0xe634,0xe634,0xde14,0xddf3,0xe5f3,0xddf3,0xd571,0xddb2,0xe5f3,0xe5d2,0xc4ce,
  0xcd0f,0xcd0f,0xccef,0xb40c,0x9b68,0x7a84,0xa3a9,0xabcb,0x7266,0x61c5,0x6206,0x38c2,0x1000,0x2020,0x2020,0x38c2,
  0x3881,0x40a1,0x48e2,0x4103,0x2060,0x1800,0x38c0,0x7a45,0x9307,0xa369,0xa369,0xabab,0x9b6a,0x6a05,0x5962,0x9308,
  0xabea,0xa3a9,0xb42b,0xabeb,0xa3cb,0x936a,0x40e1,0x2000,0x3903,0x4186,0x28e3,0x1041,0x0000,0x0820,0x0000,0x0000,
  0x0000,0x0820,0x0800,0x0800,0x0800,0x0820,0x0000,0x0000,0x0020,0x0800,0x3102,0x51a4,0x8b08,0x9b48,0x9b67,0x9b88,
  0x9b8a,0x9b6b,0x40a1,0x8288,0x936a,0x9349,0x8b27,0x61c3,0x61e4,0x61c5,0x5164,0x5164,0x5183,0x59e5,0x4101,0x38a0,
  0x5123,0x61c6,0x40e2,0x2020,0x1020,0x2080,0x1880,0x2080,0x2880,0x38e2,0x5144,0x4944,0x2080,0x1800,0x2040,0x2061,
  0x1840,0x2081,0x2081,0x1020,0x2081,0x1000,0x2081,0x30e3,0x2081,0x28a1,0x1820,0x30e2,0x3922,0x4102,0x4122,0x40e1,
  0x4101,0x4943,0x4943,0x4963,0x1820,0x2081,0x28c2,0x3103,0x28a1,0x28a1,0x30c1,0x30e1,0x30e2,0x28a1,0x38e2,0x30c1,
  0x30c1,0x30a1,0x38e2,0x30e1,0x30c1,0x30c1,0x38e2,0x30c2,0x28a1,0x28a1,0x3923,0x1840,0x1820,0x2081,0x2082,0x2081,
  0x28c2,0x2081,0x2082,0x2081,0x28a2,0x1881,0x1020,0x1882,0x20c3,0x1881,0x20c3,0x1041,0x20e3,0x18a1,0x2924,0x2924,
  0x3165,0x3185,0x20e3,0x2124,0x2965,0x2985,0x3165,0x2964,0x3185,0x18e3,0x18e3,0x18e3,0x08a1,0x08a1,0x08a2,0x1123,
  0x3207,0x63ad,0x8d13,0x9574,0xa5d6,0x9574,0xa5b5,0x9d94,0xadf6,0xadd5,0xa574,0x94d2,0x7bce,0x3185,0x0820,0x2103,
  0x5a89,0xa4f2,0xe6b9,0xe6fa,0xe6fa,0xe6fa,0xef1a,0xe6fa,0xef1a,0xe6f9,0xe6d9,0xe6d9,0xef3a,0xe6f9,0xef1a,0xef1a,
  0xef3a,0xef1a,0xef1a,0xef1a,0xef3a,0xef3a,0xef3b,0xef1a,0xef1a,0xe6f9,0xef1a,0xe71a,0xef1a,0xe719,0xef1a,0xef1a,
  0xef1a,0xe71a,0xef3a,0xef1a,0xef1a,0xef1a,0xef1a,0xef1a,0xef1a,0xef1a,0xef3a,0xef1a,0xef3a,0xef1a,0xef3a,0xef1a,
  0xef1a,0xe6f9,0xef1a,0xe6f9,0xeef9,0xe6f9,0xef1a,0xeef9,0xeef9,0xe6f9,0xf71a,0xef19,0xef1a,0xeef9,0xef1a,0xeef9,
  0xeef9,0xeed9,0xf6fa,0xeef9,0xeef9,0xeef9,0xf6f9,0xeef9,0xeef9,0xeed8,0xf6f9,0xeed8,0xeef9,0xeef8,0xf6f9,0xeeb8,
  0xeed8,0xeed8,0xf6d9,0xf6d8,0xf6d8,0xeed8,0xf6d8,0xee97,0xeeb7,0xee97,0xeeb7,0xee97,0xee96,0xe676,0xee97,0xee97,
  0xf6b7,0xeeb7,0xf6b7,0xeeb7,0xf6b7,0xee96,0xf697,0xee76,0xee96,0xee96,0xf6b7,0xf6b7,0xee96,0xee96,0xf696,0xee76,
  0xee96,0xee76,0xee96,0xf696,0xf696,0xee76,0xf676,0xee96,0xf696,0xf696,0xf696,0xee76,0xf696,0xee76,0xf696,0xee75,
  0xf696,0xee76,0xf696,0xee96,0xf696,0xee75,0xee56,0xee55,0xf696,0xee96,0xf696,0xee76,0xf696,0xee76,0xf696,0xee76,
  0xee96,0xee75,0xee76,0xee76,0xee96,0xee75,0xf676,0xee75,0xee55,0xe634,0xee55,0xee54,0xe634,0xddf3,0xe5f3,0xde13,
  0xddf3,0xcd71,0xddd2,0xd591,0xddb2,0xddb2,0xd530,0xc4ce,0xd530,0xccef,0xb42c,0xa3aa,0x8ac7,0x9b69,0x9b6a,0x8308,
  0x72a7,0x4183,0x2060,0x1000,0x2861,0x3082,0x4904,0x48e3,0x6185,0x5123,0x48e2,0x2881,0x1000,0x2860,0x7245,0x9b48,
  0xaba9,0xaba9,0xb3ec,0xa3ab,0x82a8,0x5142,0x8287,0xa3aa,0xb40b,0xac0a,0xac0b,0xac2c,0xa3ec,0x59c4,0x2840,0x38e2,
  0x51c7,0x3944,0x1861,0x0000,0x0820,0x0020,0x0800,0x0000,0x0820,0x0020,0x0820,0x0800,0x0800,0x0820,0x0820,0x0000,
  0x1040,0x1860,0x4163,0x6a46,0x9b8a,0xabca,0xabea,0xa3ea,0xa3aa,0x5963,0x5123,0x9b8b,0xb40d,0x9baa,0x7a86,0x5982,
  0x5983,0x5183,0x5164,0x5163,0x59c5,0x4122,0x2840,0x4122,0x61e6,0x5164,0x38a1,0x1800,0x28a1,0x2080,0x2081,0x2060,
  0x38e2,0x4964,0x5165,0x2881,0x2040,0x1800,0x2060,0x2081,0x2081,0x1840,0x2081,0x1020,0x2061,0x1000,0x30e3,0x28a2,
  0x28a2,0x1820,0x30a1,0x4143,0x4143,0x4122,0x4963,0x38c0,0x4943,0x4142,0x4943,0x28a1,0x2040,0x28a1,0x3924,0x28c2,
  0x28a0,0x28a1,0x28c1,0x3902,0x30e2,0x30e2,0x3102,0x30c1,0x3102,0x38e2,0x28a0,0x38e2,0x30e1,0x30c1,0x30e1,0x30c1,
  0x28c1,0x28a2,0x28a1,0x1820,0x1840,0x2061,0x1840,0x2081,0x20a2,0x2081,0x1860,0x28a2,0x28c2,0x20a2,0x1020,0x20a2,
  0x20c2,0x1882,0x1881,0x1881,0x20e3,0x18a2,0x2103,0x20e3,0x2924,0x3165,0x18c2,0x18c2,0x0881,0x10a2,0x10c2,0x0861,
  0x0020,0x0020,0x0020,0x0061,0x10e2,0x29a5,0x4aca,0x6bee,0x744f,0x7c70,0x84f2,0x9574,0x8d53,0x9594,0x9db5,0xa5d5,
  0xa5b5,0xadf6,0xc678,0xbe17,0xad74,0x630b,0x18e2,0x1081,0x18a1,0x3123,0x7b8c,0xe6b9,0xe71a,0xeefa,0xded9,0xe6f9,
  0xe6d9,0xef3a,0xef3a,0xe6f9,0xe71a,0xef1a,0xe6f9,0xef1a,0xe71a,0xef1a,0xe719,0xef1a,0xe6f9,0xef1a,0xe6f9,0xef1a,
  0xe719,0xef1a,0xe6f9,0xe71a,0xe6f9,0xef1a,0xe71a,0xef3a,0xef1a,0xef1a,0xe71a,0xef3a,0xef1a,0xef1a,0xe719,0xef1a,
  0xe6f9,0xef1a,0xe719,0xef3a,0xe71a,0xef1a,0xe719,0xef19,0xe6f9,0xef1a,0xe6f9,0xef1a,0xe6d9,0xeef9,0xe6f9,0xeef9,
  0xe6f9,0xeef9,0xeef9,0xef19,0xeef9,0xeefa,0xeef9,0xf71a,0xeef9,0xf6fa,0xeef9,0xf71a,0xeef9,0xeef9,0xeed8,0xeef9,
  0xeed8,0xeef9,0xeed8,0xeef9,0xeef8,0xf6f9,0xeef8,0xf6f8,0xeed8,0xf6f9,0xeed8,0xf6d8,0xeeb7,0xeeb8,0xee97,0xeeb7,
  0xee97,0xeeb7,0xeeb7,0xeeb7,0xee96,0xee97,0xe676,0xee97,0xee96,0xee97,0xee96,0xee97,0xee96,0xeeb7,0xee96,0xee96,
  0xee76,0xee97,0xee96,0xeeb6,0xee96,0xee96,0xee76,0xee96,0xee76,0xee96,0xee75,0xee76,0xee75,0xee76,0xee76,0xf696,
  0xee96,0xee76,0xee75,0xee96,0xee76,0xf696,0xee75,0xee76,0xee75,0xee76,0xe655,0xee76,0xee55,0xee76,0xe655,0xee76,
  0xee76,0xf6b7,0xee76,0xee76,0xee75,0xf696,0xee96,0xf696,0xee76,0xee96,0xee75,0xee76,0xee75,0xee75,0xee55,0xee55,
  0xe634,0xee55,0xee54,0xee34,0xddf3,0xddd3,0xddd2,0xddd3,0xd591,0xd571,0xd591,0xe5d2,0xdd91,0xd551,0xcd30,0xcd10,
  0xc4ae,0xa38a,0x82c7,0x9349,0x9349,0x9329,0x9349,0x7287,0x28a0,0x1840,0x1000,0x30e2,0x4123,0x5124,0x40c2,0x48c2,
  0x5944,0x5123,0x3060,0x1800,0x2000,0x59a3,0x8b07,0xa389,0xaba9,0xbc0b,0xa3aa,0x8ac7,0x5942,0x6a25,0xa3cb,0xb40b,
  0xb42b,0xac0b,0xa3eb,0x9bcb,0x59c4,0x2860,0x30e2,0x51e7,0x3124,0x20c3,0x0800,0x0000,0x0000,0x0820,0x0000,0x0800,
  0x0000,0x0800,0x0000,0x0800,0x0000,0x0800,0x0800,0x0800,0x0800,0x3902,0x5a04,0x82e8,0x8b28,0xb42c,0xb42b,0xb42d,
  0x7245,0x2800,0x82e8,0x9b6a,0xabec,0x9b8a,0x6a04,0x6a25,0x4901,0x40c1,0x4922,0x59c5,0x5163,0x2840,0x3080,0x51a5,
  0x51a5,0x30a1,0x2020,0x2880,0x2880,0x2060,0x2080,0x2881,0x4123,0x5185,0x30e1,0x1820,0x1820,0x2040,0x1860,0x2081,
  0x2081,0x2061,0x1020,0x2061,0x0800,0x1840,0x2081,0x28a1,0x2060,0x2060,0x3902,0x4963,0x4122,0x4943,0x4122,0x38e1,
  0x4123,0x4964,0x38e2,0x1800,0x30e2,0x2881,0x3103,0x2081,0x2881,0x28a0,0x30e2,0x3102,0x3902,0x3902,0x3902,0x30c1,
  0x3902,0x30c1,0x30c1,0x30e1,0x38e1,0x30c1,0x3902,0x28a1,0x3903,0x30c2,0x1840,0x1840,0x28c2,0x1840,0x1861,0x20a2,
  0x28c3,0x2081,0x2081,0x28c2,0x30e3,0x1881,0x1041,0x18a2,0x28e3,0x20a2,0x20c2,0x18c2,0x20c3,0x18c2,0x2924,0x1081,
  0x1081,0x1081,0x1081,0x0881,0x0040,0x0000,0x0040,0x0881,0x10c2,0x10a2,0x2964,0x3a48,0x634c,0x63ad,0x742f,0x7c90,
  0x7c91,0x7c90,0x8512,0x8d53,0x9574,0x9db5,0x9db5,0x9d94,0x9d54,0x9d74,0xa574,0x94f2,0x94b2,0x6b4c,0x2103,0x1081,
  0x41c6,0x3123,0x28e2,0x6b0a,0xcdf6,0xe6d9,0xeefa,0xe6fa,0xe6fa,0xe6d9,0xe71a,0xe6f9,0xef1a,0xef1a,0xef1a,0xe719,
  0xef3a,0xef1a,0xef1a,0xe6f9,0xef1a,0xe6f9,0xe6f9,0xe6f9,0xef1a,0xef1a,0xef1a,0xe6f9,0xef1a,0xe6f9,0xef1a,0xef1a,
  0xef3a,0xef1a,0xef3b,0xef3a,0xf73b,0xef1a,0xef1a,0xef1a,0xef1a,0xeefa,0xef1a,0xef1a,0xef3a,0xef1a,0xef1a,0xe6f9,
  0xef1a,0xe6f9,0xef3a,0xef1a,0xeefa,0xe6d9,0xeef9,0xeef9,0xf71a,0xeef9,0xeef9,0xeef9,0xeefa,0xeef9,0xef1a,0xeef9,
  0xf6fa,0xeef9,0xeefa,0xeef9,0xf71a,0xeef9,0xeef9,0xeed8,0xf6f9,0xeef9,0xf6f9,0xeef8,0xf6f9,0xeef9,0xf719,0xeef8,
  0xf6f9,0xf6d8,0xf6f9,0xeed8,0xf6b8,0xeeb7,0xeeb7,0xee97,0xeeb7,0xee97,0xeeb7,0xeeb7,0xeeb7,0xee96,0xee97,0xee96,
  0xee97,0xee96,0xeeb7,0xee96,0xee97,0xee96,0xeeb7,0xee96,0xf697,0xee96,0xee96,0xee96,0xee96,0xee96,0xf696,0xee96,
  0xf697,0xee96,0xf6b6,0xee96,0xf696,0xee76,0xf696,0xee96,0xf696,0xee76,0xf696,0xee76,0xf696,0xee96,0xf696,0xee75,
  0xf676,0xee55,0xee55,0xe655,0xee56,0xee75,0xf696,0xee96,0xf696,0xee76,0xee76,0xee55,0xee76,0xee76,0xf696,0xee76,
  0xf696,0xee95,0xee96,0xe675,0xee75,0xe655,0xee55,0xee54,0xee55,0xee55,0xee34,0xddd3,0xddb2,0xddb2,0xe5f3,0xcd50,
  0xc50f,0xd571,0xdd91,0xdd71,0xdd92,0xc4ae,0xc48e,0xbc8d,0x9b6a,0x8b08,0xa3cb,0x8b08,0x7246,0x8b2a,0x59c5,0x30a1,
  0x1000,0x2060,0x38e1,0x3902,0x5144,0x61c6,0x40a1,0x5123,0x40a2,0x40e2,0x2841,0x2000,0x5163,0x8ae8,0xa3aa,0xa389,
  0xb3ea,0xabea,0x92e7,0x7204,0x69a3,0xa38b,0xb44d,0xa3ca,0xb40b,0xa3cb,0xac2d,0x6205,0x1800,0x3903,0x49a5,0x4185,
  0x2082,0x0820,0x1020,0x0800,0x0800,0x0800,0x0800,0x0000,0x0800,0x0800,0x0821,0x0000,0x0821,0x0000,0x0800,0x0800,
  0x30c1,0x5183,0x7aa7,0x7aa6,0x9b69,0xac0c,0xbc8e,0xabed,0x4901,0x59a2,0x9b89,0xa3cb,0x9b8b,0x7a66,0x7226,0x61c4,
  0x4901,0x40c0,0x59c4,0x59a4,0x40e2,0x3060,0x59c6,0x51a5,0x3903,0x1820,0x1820,0x28c1,0x2881,0x2040,0x30a1,0x38e2,
  0x4964,0x4143,0x2040,0x1000,0x2061,0x2081,0x28a1,0x20a1,0x28c2,0x2081,0x1840,0x1020,0x1820,0x2081,0x28a2,0x28c2,
  0x1820,0x30c1,0x4902,0x4101,0x4943,0x4943,0x4102,0x4143,0x4964,0x4164,0x28a2,0x1800,0x4144,0x30e2,0x30a2,0x2081,
  0x2060,0x28a1,0x30e1,0x30e2,0x28c1,0x3922,0x28c1,0x30e2,0x28a0,0x30a1,0x30e1,0x38e2,0x2880,0x30e1,0x30e2,0x30c1,
  0x3102,0x30c2,0x1000,0x2081,0x28c2,0x1840,0x2061,0x28c2,0x20a2,0x28a2,0x2081,0x30c2,0x28a2,0x20c2,0x1861,0x20c2,
  0x1881,0x20a2,0x1881,0x18a2,0x0840,0x0841,0x0840,0x0840,0x0020,0x0020,0x0000,0x0040,0x10e2,0x1923,0x2164,0x3a07,
  0x4a89,0x4aa9,0x5b4b,0x6bae,0x6bee,0x744f,0x744f,0x7470,0x7490,0x7cb1,0x84f2,0x9574,0x8d33,0x84f2,0x8d33,0x84d2,
  0x534b,0x5b6c,0x7c2f,0x9cf2,0x842f,0x7bef,0x2944,0x1061,0x4a27,0x83ad,0x5247,0x18a1,0x39a5,0x9c90,0xde98,0xef1a,
  0xef1a,0xe6f9,0xded8,0xef1a,0xe6f9,0xe6f9,0xe6f9,0xe6fa,0xe719,0xef1a,0xe719,0xef1a,0xe6f9,0xe719,0xe6f9,0xe6fa,
  0xe719,0xef1a,0xe719,0xef1a,0xe6f9,0xe71a,0xe6f9,0xef1a,0xe719,0xef1a,0xef1a,0xef3a,0xef3a,0xef3a,0xef1a,0xef1a,
  0xe719,0xef1a,0xef1a,0xef1a,0xe719,0xef1a,0xe6f9,0xef1a,0xe6f9,0xef19,0xef19,0xef1a,0xe6f9,0xeef9,0xe6f9,0xeef9,
  0xeef9,0xef19,0xeed8,0xef19,0xe6f9,0xeef9,0xeef9,0xeef9,0xe6d9,0xeef9,0xeed9,0xeef9,0xeef9,0xf719,0xeef9,0xf6f9,
  0xeed8,0xeef9,0xeed8,0xeed9,0xeed8,0xeef9,0xeef9,0xf6f9,0xeed8,0xf6f8,0xeed8,0xf6f9,0xeed8,0xf6d8,0xee97,0xee97,
  0xee97,0xeeb7,0xeeb7,0xf6b8,0xeeb7,0xee97,0xe676,0xee97,0xe676,0xee96,0xe676,0xee96,0xe676,0xee97,0xee96,0xee97,
  0xee96,0xee97,0xee76,0xee96,0xe675,0xee96,0xee76,0xee76,0xee76,0xee96,0xee76,0xf6b7,0xee96,0xf696,0xee76,0xee76,
  0xee75,0xf696,0xee76,0xee76,0xee76,0xf696,0xee75,0xf696,0xee75,0xee75,0xe655,0xee55,0xe655,0xee76,0xf696,0xf696,
  0xee75,0xee76,0xee75,0xee76,0xee75,0xee76,0xee75,0xee76,0xe655,0xee75,0xe675,0xee75,0xe634,0xe635,0xe634,0xee55,
  0xe634,0xe614,0xddd2,0xd592,0xcd71,0xddd3,0xd591,0xd571,0xcd50,0xd571,0xd550,0xdd91,0xcd0f,0xbc6d,0xa3aa,0x9349,
  0x8ae7,0x9b8a,0x82c7,0x8b09,0x7287,0x30e3,0x1000,0x1800,0x2860,0x2840,0x38c0,0x40c0,0x5122,0x5142,0x4901,0x4922,
  0x38c1,0x2860,0x1800,0x5143,0x82c7,0xabeb,0xac0b,0xac0b,0xabea,0x9307,0x8265,0x69a3,0x8aa7,0xbc2d,0xabcb,0xabeb,
  0x9bc9,0xac4d,0x6205,0x2860,0x30c1,0x51c5,0x4184,0x1861,0x0820,0x0000,0x0820,0x1021,0x0000,0x0800,0x0800,0x0800,
  0x0800,0x0820,0x0020,0x0021,0x0000,0x0000,0x0800,0x1820,0x4982,0x7ac7,0x8b28,0x8b07,0x9b89,0xa3cb,0xa3ac,0x7a68,
  0x4941,0xa3ca,0x9348,0xabeb,0x8ae8,0x69c4,0x69e5,0x5122,0x40c0,0x59c4,0x59a3,0x4101,0x2840,0x4923,0x61e6,0x4123,
  0x2060,0x1860,0x1840,0x28a1,0x2060,0x2881,0x30a1,0x4944,0x3922,0x30c1,0x1000,0x1840,0x2060,0x28a1,0x2081,0x28a2,
  0x2081,0x2081,0x1840,0x0800,0x20c1,0x28a1,0x28a2,0x28a1,0x1020,0x4123,0x4101,0x40e1,0x4922,0x4963,0x3902,0x49a5,
  0x3943,0x28a1,0x2040,0x2081,0x30e2,0x3903,0x2060,0x30a2,0x2881,0x28c1,0x3923,0x28c1,0x30e2,0x3923,0x30c1,0x30e2,
  0x30e2,0x30e1,0x3902,0x30c1,0x38e2,0x38e2,0x30e2,0x30c2,0x30e2,0x28c1,0x2040,0x28a1,0x20a2,0x2081,0x28c3,0x28c2,
  0x28c2,0x28c2,0x30c3,0x28c2,0x2061,0x1861,0x1041,0x1041,0x0820,0x0820,0x0800,0x0000,0x0000,0x0000,0x0000,0x1061,
  0x18c2,0x2144,0x2965,0x2985,0x4a89,0x4289,0x4aaa,0x52ea,0x636c,0x636c,0x6b8d,0x6bad,0x740f,0x746f,0x744f,0x7490,
  0x84f2,0x8d12,0x8cf2,0x742f,0x9533,0x534c,0x3a48,0x3206,0x3a48,0x5b4c,0x73ce,0x52aa,0x31c6,0x630b,0x4a28,0x1060,
  0x3965,0xb553,0xacf2,0x5a89,0x3123,0x3143,0x62ca,0xbd94,0xff9c,0xef3a,0xe6f9,0xef5b,0xef3a,0xe6f9,0xe6f9,0xe6d9,
  0xef1a,0xef19,0xef3a,0xef1a,0xef3a,0xef1a,0xef3a,0xef19,0xef1a,0xe719,0xef1a,0xef1a,0xef3a,0xef1a,0xef1a,0xe6f9,
  0xef1a,0xef1a,0xef3b,0xef3a,0xef3a,0xef1a,0xef3a,0xef1a,0xef3a,0xef1a,0xf73b,0xef1a,0xef1a,0xef1a,0xef3a,0xef1a,
  0xef1a,0xef19,0xef1a,0xe6f9,0xeefa,0xeef9,0xef1a,0xef19,0xef19,0xeef9,0xef19,0xeef9,0xef1a,0xeef9,0xf71a,0xf71a,
  0xf71a,0xef1a,0xf6fa,0xeef9,0xeef9,0xeef9,0xf6f9,0xeed8,0xeed8,0xe6b8,0xeed8,0xe6b8,0xeed8,0xeed8,0xf6f9,0xf6d8,
  0xf6f9,0xeed8,0xf6f9,0xf6d8,0xf6d8,0xeed8,0xf6d8,0xeeb7,0xf6b8,0xeeb7,0xf6d8,0xeeb7,0xf6d7,0xeeb7,0xf6b7,0xee97,
  0xeeb7,0xee96,0xf6b7,0xee96,0xf6b7,0xeeb7,0xf6b7,0xee96,0xee97,0xee96,0xf6b7,0xee96,0xee96,0xee96,0xf696,0xee76,
  0xee76,0xee75,0xf696,0xee76,0xf696,0xf696,0xf696,0xee75,0xee76,0xf696,0xf696,0xee75,0xf696,0xee96,0xf696,0xee76,
  0xee76,0xe655,0xee76,0xee76,0xee76,0xee55,0xf676,0xee76,0xee76,0xee55,0xee76,0xee76,0xf696,0xee76,0xee76,0xe655,
  0xee55,0xe655,0xee75,0xe655,0xe655,0xe634,0xee35,0xe634,0xe634,0xe614,0xe614,0xddb2,0xd592,0xddd3,0xcd10,0xcd51,
  0xddb2,0xd550,0xe5b2,0xcd0f,0xa3aa,0x9b8a,0x9b49,0x9308,0xa3cb,0x8b09,0x82c8,0x6a25,0x30c2,0x0800,0x1841,0x2020,
  0x3040,0x5102,0x5922,0x5921,0x48c0,0x3880,0x4942,0x30a0,0x2860,0x1800,0x4103,0x82a7,0xabaa,0xac0b,0xac0c,0xac2c,
  0x9369,0x7244,0x5941,0x8a86,0xbc0b,0xb40b,0xb40c,0xac2c,0xa42c,0x59c4,0x2840,0x30a1,0x51e5,0x3102,0x20a1,0x0800,
  0x0000,0x0800,0x0820,0x0800,0x0800,0x0800,0x1000,0x0800,0x1020,0x0800,0x0821,0x0021,0x0001,0x0000,0x1040,0x30e1,
  0x6a25,0x9b89,0xb40b,0xa3aa,0xa3aa,0x9baa,0x8b0a,0x5964,0x82c8,0xa3ea,0xac0a,0x8b07,0x61c4,0x6a05,0x5944,0x40c1,
  0x4922,0x59c4,0x5983,0x2860,0x40e2,0x5985,0x5185,0x2881,0x1820,0x2080,0x28a1,0x1860,0x2881,0x2881,0x40c2,0x4923,
  0x38c2,0x1800,0x2081,0x2060,0x2081,0x2081,0x28c2,0x2082,0x2081,0x1861,0x1020,0x1841,0x20a1,0x28c2,0x28a2,0x1020,
  0x30e2,0x38e2,0x4902,0x4922,0x4922,0x4143,0x4123,0x3943,0x3102,0x1020,0x30e3,0x28c2,0x28a2,0x2881,0x30a1,0x2860,
  0x2060,0x30c1,0x30e2,0x30c1,0x30c1,0x3902,0x30c1,0x30e2,0x30e1,0x3902,0x30e1,0x30e1,0x3102,0x3902,0x28e1,0x3103,
  0x28c2,0x28c2,0x20a2,0x28c2,0x1881,0x20a2,0x20a2,0x2082,0x1040,0x1041,0x0820,0x1020,0x0800,0x0000,0x0800,0x0820,
  0x0000,0x1040,0x1081,0x18c2,0x2944,0x31a5,0x2964,0x31a5,0x39c6,0x4a48,0x4a89,0x4aa9,0x4ac9,0x4aca,0x4ac9,0x532b,
  0x5b4b,0x5b4b,0x5b6b,0x63ad,0x6bee,0x740e,0x63ed,0x744f,0x6c2e,0x6bee,0x740e,0x638d,0x4aca,0x2165,0x1102,0x3a07,
  0x52ea,0x52eb,0x29c5,0x4268,0x5b0b,0x5aeb,0x632c,0x10a2,0x18a1,0xacf2,0xbd94,0xacf2,0x732b,0x3964,0x1060,0x4a07,
  0x7b8c,0xe6fa,0xe6f9,0xe6fa,0xe6d9,0xe6d9,0xe719,0xe6f9,0xe6f9,0xe719,0xe719,0xef1a,0xe719,0xef3a,0xe719,0xef1a,
  0xe6f9,0xe6f9,0xe6f9,0xef1a,0xef1a,0xef3a,0xe719,0xef1a,0xe71a,0xef3a,0xe71a,0xef1a,0xef1a,0xef3a,0xef1a,0xef3a,
  0xef1a,0xef1a,0xe71a,0xef1a,0xe719,0xef1a,0xef19,0xef1a,0xe6f9,0xef1a,0xe6f9,0xeef9,0xe6d9,0xeef9,0xe6f9,0xeef9,
  0xe6d9,0xeed9,0xe6d8,0xeef9,0xe6f9,0xeef9,0xeef9,0xef1a,0xeef9,0xef1a,0xeef9,0xeef9,0xeef8,0xeef9,0xeed8,0xeed8,
  0xe6b8,0xeed8,0xe6d8,0xeef9,0xeed8,0xeef9,0xeed8,0xeed8,0xeed8,0xeed8,0xeeb7,0xeed8,0xeeb7,0xeeb8,0xeeb7,0xeeb7,
  0xeeb7,0xeed7,0xeeb7,0xf6d8,0xeed7,0xf6d7,0xeeb6,0xeeb7,0xee96,0xeeb7,0xee96,0xee97,0xee96,0xee96,0xee96,0xee96,
  0xee76,0xee96,0xee96,0xf6b7,0xee76,0xee96,0xee75,0xee96,0xee96,0xf696,0xee75,0xee76,0xee76,0xf696,0xee96,0xf696,
  0xee76,0xee96,0xee75,0xee96,0xee75,0xf696,0xee75,0xee96,0xee75,0xee75,0xee55,0xee96,0xee75,0xee76,0xee55,0xee75,
  0xe655,0xee55,0xe654,0xee75,0xee55,0xee55,0xe634,0xee75,0xee55,0xee55,0xe634,0xee55,0xde14,0xe655,0xde13,0xde14,
  0xe634,0xe5f3,0xd591,0xd5b2,0xd591,0xdd72,0xc50f,0xd570,0xcd0f,0xcd30,0xc4ce,0x8b07,0x8ae8,0xb3ec,0xa38b,0x8ae9,
  0x82e9,0x7a88,0x59c5,0x2881,0x1000,0x2040,0x2860,0x48e2,0x5122,0x6143,0x4080,0x40a0,0x38a0,0x4102,0x3902,0x2860,
  0x1000,0x38a2,0x7287,0xa369,0xab89,0xabca,0xb44c,0x9369,0x6a66,0x6204,0x61e3,0xabca,0xc46c,0xbbeb,0xb42b,0xac2d,
  0x51e4,0x2040,0x4164,0x51e5,0x4984,0x28e2,0x0800,0x0800,0x0820,0x0841,0x0020,0x0820,0x0000,0x0800,0x0800,0x0800,
  0x0800,0x0800,0x0000,0x0001,0x0000,0x0000,0x1880,0x4983,0x7a86,0xa369,0xabca,0xa3aa,0x936a,0x9bcc,0x59c5,0x61a4,
  0xabcc,0xa38a,0xa3ca,0x6a24,0x61e4,0x69e5,0x48c1,0x5102,0x59a4,0x59a4,0x30a0,0x3080,0x5184,0x51a5,0x30e2,0x2060,
  0x1840,0x28a1,0x2080,0x2060,0x30a1,0x38c2,0x3903,0x30c2,0x1820,0x1840,0x1860,0x1860,0x2081,0x2081,0x1860,0x2081,
  0x1840,0x1840,0x0800,0x2081,0x1860,0x28c2,0x1840,0x2040,0x30e2,0x4143,0x38e1,0x4102,0x4963,0x4102,0x4163,0x3923,
  0x1840,0x28a1,0x3102,0x3103,0x28a1,0x2060,0x2880,0x2860,0x2860,0x30a1,0x3902,0x30e2,0x30e2,0x30c1,0x30e2,0x30e1,
  0x3102,0x3102,0x3102,0x30e1,0x30e2,0x28c1,0x28e2,0x20c2,0x20a2,0x1040,0x1861,0x1020,0x1020,0x0800,0x0800,0x0800,
  0x0800,0x0000,0x1061,0x1081,0x20a2,0x20e3,0x2924,0x2924,0x3165,0x39a5,0x4a27,0x4a27,0x4a68,0x52a9,0x52c9,0x5289,
  0x52a9,0x4a88,0x4a68,0x4aa9,0x52ca,0x4aa9,0x4ac9,0x530a,0x5b6c,0x5b6b,0x638c,0x5b8c,0x6bee,0x638c,0x638c,0x6bed,
  0x73ee,0x530a,0x4268,0x29a5,0x2144,0x31c6,0x3a07,0x3a27,0x4a89,0x4aa9,0x6b6d,0x5b2c,0x5aeb,0x4a69,0x52cb,0x0861,
  0x1881,0x83ee,0xde99,0xb574,0xbd54,0x9430,0x5a89,0x18a1,0x20a2,0x62ea,0xb574,0xef1a,0xe6fa,0xe6fa,0xe71a,0xe6f8,
  0xef3a,0xef1a,0xef19,0xe6f9,0xef1a,0xef3a,0xef3a,0xe719,0xef1a,0xe6f9,0xef1a,0xef1a,0xef1a,0xef3a,0xef3a,0xef1a,
  0xef3b,0xef3a,0xef3a,0xe71a,0xef1a,0xef1a,0xef3a,0xef1a,0xef3a,0xe71a,0xef1a,0xe6f9,0xef1a,0xeef9,0xef1a,0xe6f9,
  0xef1a,0xeef9,0xef1a,0xeef9,0xeef9,0xe6d9,0xeef9,0xeef9,0xeefa,0xe6d9,0xeef9,0xe6d9,0xeef9,0xef19,0xf71a,0xeef9,
  0xeef9,0xeef9,0xef19,0xeef9,0xf6f9,0xeef8,0xeef9,0xeef8,0xeed9,0xeed9,0xeef9,0xeef9,0xf719,0xeef9,0xeef8,0xeed8,
  0xf6f9,0xeed8,0xeed8,0xeed7,0xeed8,0xeeb7,0xeed8,0xeeb7,0xeed7,0xeeb7,0xeed7,0xeed7,0xf6d8,0xeeb7,0xeeb7,0xeeb6,
  0xf6b7,0xee96,0xee97,0xee96,0xee96,0xee96,0xf6b7,0xee96,0xee96,0xee76,0xee96,0xeeb6,0xf697,0xee76,0xf696,0xee76,
  0xf6b7,0xee96,0xee96,0xee96,0xf696,0xee96,0xf696,0xee96,0xf6b7,0xee96,0xf696,0xee75,0xf696,0xee76,0xf696,0xee75,
  0xf696,0xee75,0xee76,0xee75,0xf696,0xf696,0xf696,0xee75,0xf675,0xee75,0xee75,0xee55,0xf675,0xee54,0xee55,0xee75,
  0xf676,0xee35,0xf676,0xe634,0xf696,0xe634,0xe614,0xe634,0xddd3,0xcd71,0xddb2,0xd591,0xdd71,0xd530,0xd550,0xcd50,
  0xccef,0xa3ca,0x9308,0x9b49,0xb40d,0xa38b,0x932a,0x7aa8,0x59a5,0x3081,0x2040,0x1000,0x2040,0x3881,0x40c1,0x50e1,
  0x6163,0x5102,0x40a1,0x3880,0x4103,0x4124,0x30c3,0x1800,0x2840,0x61c4,0x9b6a,0xa369,0xb389,0xb3eb,0xa3aa,0x72a7,
  0x61e5,0x6a46,0x9bcb,0xb42c,0xb3ca,0xbc0b,0xb42c,0x6205,0x2060,0x4185,0x6247,0x5206,0x3102,0x1840,0x1020,0x0820,
  0x1061,0x0841,0x0841,0x0020,0x0821,0x0800,0x0821,0x0800,0x0800,0x0000,0x0021,0x0000,0x0021,0x0800,0x3943,0x6a25,
  0x8aa6,0xa368,0xb3aa,0xabeb,0xabed,0x7288,0x40e1,0x7aa6,0xabac,0xabcc,0x82a7,0x6a05,0x6a05,0x5142,0x6164,0x61a4,
  0x61a5,0x38e1,0x2840,0x5164,0x61c6,0x3923,0x1840,0x1840,0x2881,0x2881,0x2860,0x30a1,0x30a1,0x4123,0x3923,0x1820,
  0x1000,0x1020,0x1020,0x1840,0x28a2,0x1861,0x1861,0x2081,0x1841,0x0800,0x1861,0x20a1,0x30e3,0x2060,0x2860,0x30c1,
  0x4102,0x4102,0x4122,0x4122,0x4963,0x4143,0x4123,0x2880,0x2060,0x3102,0x30e2,0x28e2,0x30c2,0x2060,0x28c1,0x28a1,
  0x2040,0x28a1,0x28c1,0x30e2,0x28c1,0x30e2,0x28e2,0x28c2,0x20c1,0x28c1,0x20a1,0x2080,0x1040,0x1040,0x0800,0x1020,
  0x0000,0x0000,0x0000,0x0800,0x0820,0x1881,0x18c2,0x2903,0x2923,0x3165,0x3985,0x41c7,0x41e6,0x4a07,0x41e6,0x4a28,
  0x5268,0x5289,0x5289,0x5aa9,0x4a68,0x5289,0x4a68,0x4a68,0x4a88,0x52a9,0x4aa9,0x4aa9,0x52ca,0x634b,0x5b2b,0x5b2b,
  0x5b4b,0x636c,0x6bcd,0x5b2b,0x530a,0x73ee,0x6bad,0x4268,0x29a5,0x31c6,0x31c6,0x10e2,0x10e2,0x2123,0x31c6,0x2985,
  0x29a5,0x31a6,0x31a6,0x2985,0x10c2,0x1903,0x5b2c,0x2944,0x0820,0x7b8d,0xe6da,0xd678,0xad33,0xc5d6,0x9c91,0x734c,
  0x3164,0x1060,0x2923,0x7bad,0xce37,0xe71a,0xded9,0xe6f9,0xe6f9,0xe6f9,0xded8,0xe6f9,0xded8,0xe6f9,0xef3a,0xef3a,
  0xe719,0xef1a,0xef1a,0xef1a,0xe6f9,0xef3a,0xef1a,0xef3a,0xef1a,0xef3a,0xef1a,0xef1a,0xe6f9,0xef1a,0xe6f9,0xef1a,
  0xe6f9,0xef1a,0xe6f9,0xef1a,0xe6f9,0xeef9,0xe6f9,0xeef9,0xe6f9,0xeef9,0xeef9,0xeef9,0xe6d9,0xeef9,0xe6d9,0xeef9,
  0xe6f9,0xeef9,0xe6d9,0xeef9,0xe6f9,0xef1a,0xef19,0xef19,0xeef9,0xeed9,0xe6d8,0xeef9,0xeed8,0xeef9,0xeef8,0xeef9,
  0xe6d8,0xeed8,0xeed8,0xeef9,0xeef8,0xeef9,0xeef8,0xeef8,0xeed8,0xeed8,0xeed7,0xeed8,0xeed7,0xeed8,0xeeb7,0xeeb7,
  0xe6b7,0xeeb7,0xeeb7,0xeeb7,0xeeb7,0xeeb7,0xee96,0xee97,0xee96,0xee96,0xee96,0xee96,0xe676,0xee96,0xee96,0xf6b7,
  0xee96,0xee96,0xee96,0xf6b7,0xee96,0xf696,0xee76,0xee96,0xee76,0xee96,0xee76,0xf696,0xee75,0xee76,0xee75,0xee96,
  0xee75,0xee96,0xee75,0xee76,0xee75,0xee96,0xee75,0xee76,0xee75,0xee75,0xee55,0xee75,0xee75,0xee96,0xee75,0xf696,
  0xee75,0xf695,0xe654,0xee55,0xee54,0xee55,0xe634,0xee34,0xe614,0xe5f3,0xe634,0xddf3,0xe634,0xcd91,0xcd91,0xddd2,
  0xcd91,0xc530,0xcd51,0xdd91,0xcd0f,0xd530,0xdd71,0xa3ab,0x82c7,0x9349,0x9b8a,0xb44d,0x9349,0x8b2a,0x82c8,0x6a26,
  0x2840,0x1800,0x2020,0x2861,0x2840,0x40e2,0x5122,0x48c1,0x3880,0x40a0,0x40c1,0x40c2,0x38e2,0x30a2,0x2020,0x2020,
  0x4963,0x8b09,0xabeb,0xb3aa,0xbc0b,0xabcb,0x7266,0x6204,0x6204,0x8b29,0xac0b,0xac0b,0xabeb,0xac0c,0x59c4,0x2860,
  0x49a4,0x51a5,0x4984,0x3923,0x1840,0x0800,0x0800,0x1020,0x0020,0x0820,0x0020,0x0000,0x0000,0x0820,0x0000,0x0800,
  0x0000,0x0000,0x0020,0x0000,0x0000,0x20a1,0x5a26,0x9349,0x9307,0xab89,0xa389,0xa38a,0x936a,0x38c1,0x5183,0xabec,
  0x9b8a,0x934a,0x61c4,0x6a05,0x59c4,0x5122,0x5984,0x6a06,0x4101,0x2820,0x4922,0x61c6,0x5184,0x2081,0x0800,0x2060,
  0x2080,0x2060,0x2060,0x30a1,0x30c2,0x4144,0x2081,0x1000,0x1000,0x0800,0x0800,0x1020,0x1040,0x2081,0x1881,0x1861,
  0x0800,0x0800,0x2081,0x30c2,0x28a1,0x1820,0x30a1,0x4123,0x4143,0x38c1,0x4963,0x4943,0x38e1,0x4964,0x1840,0x1000,
  0x28a1,0x3103,0x28c2,0x2081,0x28a1,0x2080,0x28a1,0x2880,0x30e3,0x28e2,0x28c2,0x2081,0x2081,0x1881,0x20a2,0x1020,
  0x1020,0x0820,0x1020,0x0800,0x0820,0x0820,0x1040,0x18a2,0x3124,0x3985,0x41c6,0x3985,0x3985,0x41c6,0x4a28,0x4a28,
  0x4a28,0x4a07,0x5228,0x4a28,0x4a28,0x4a27,0x5248,0x5248,0x5269,0x4a48,0x5289,0x5aca,0x5aaa,0x52a9,0x5289,0x4a89,
  0x52a9,0x4a89,0x5289,0x5aea,0x5b0b,0x5aea,0x5b0b,0x5b2b,0x5b4c,0x530a,0x5b0b,0x636c,0x6b8d,0x31c6,0x10a2,0x08a1,
  0x10c2,0x0060,0x18e3,0x10c2,0x2985,0x1923,0x2124,0x1903,0x39e7,0x29a6,0x1903,0x2165,0x52aa,0x6bce,0x634c,0x52ea,
  0x1060,0x39a5,0xb554,0xf75c,0xeefa,0xa4f2,0xcdf7,0xbdb5,0x83cd,0x3164,0x1881,0x0820,0x4a47,0xbdd5,0xe6fa,0xef1a,
  0xe6f9,0xdeb8,0xe6d9,0xe6f9,0xef3a,0xe6f9,0xef1a,0xef1a,0xef1a,0xef19,0xf73a,0xef19,0xef1a,0xef1a,0xef3a,0xef1a,
  0xef3a,0xef1a,0xef3a,0xef1a,0xef1a,0xe6f9,0xef1a,0xe6f9,0xef1a,0xe6f9,0xef1a,0xef19,0xef1a,0xe6f9,0xeefa,0xe6f9,
  0xef1a,0xef19,0xef1a,0xeef9,0xeefa,0xeef9,0xeefa,0xeef9,0xeef9,0xeef9,0xeef9,0xeef9,0xef1a,0xef19,0xf71a,0xef19,
  0xef19,0xe6d8,0xeef9,0xeef9,0xeef9,0xeef8,0xeef9,0xeef9,0xeed9,0xeed8,0xeed9,0xeed8,0xeef9,0xeef8,0xf719,0xeed8,
  0xeed8,0xeeb7,0xeed8,0xeed8,0xeef8,0xeef8,0xf6d8,0xeeb7,0xeed7,0xeeb7,0xeed7,0xeeb7,0xeed7,0xeeb7,0xf6b7,0xee96,
  0xeeb7,0xee96,0xf6b7,0xee96,0xee97,0xe675,0xee96,0xee96,0xee96,0xee96,0xf697,0xee96,0xf6b7,0xee96,0xf696,0xee76,
  0xee96,0xee96,0xf697,0xf696,0xf6b6,0xee96,0xf696,0xee96,0xf6b6,0xee96,0xf696,0xee96,0xf696,0xee75,0xf696,0xee75,
  0xee75,0xee75,0xf676,0xee75,0xee76,0xee75,0xf696,0xee95,0xf696,0xee75,0xee55,0xe634,0xee55,0xe634,0xee34,0xe614,
  0xee55,0xe634,0xee55,0xee34,0xddd3,0xddf3,0xddd3,0xcd51,0xdd92,0xc510,0xdd92,0xcd30,0xcd0f,0xccef,0x9329,0xa3ab,
  0xa3cb,0xa3cb,0xac0c,0x938a,0x72a8,0x51a3,0x38e2,0x1820,0x3061,0x38c1,0x3881,0x4903,0x4903,0x5122,0x5943,0x40a0,
  0x3840,0x38a1,0x40c2,0x38a1,0x38a2,0x1800,0x2000,0x38e1,0x82e9,0xa3cb,0xb3ec,0xb3eb,0xabaa,0x82c7,0x6a25,0x59c3,
  0x8b08,0xac0b,0xb42c,0xa3eb,0xa40d,0x4963,0x2840,0x4143,0x59e5,0x5a06,0x4123,0x1840,0x1000,0x1000,0x1020,0x0820,
  0x0840,0x0020,0x0820,0x0000,0x0800,0x0000,0x0821,0x0000,0x0800,0x0000,0x0800,0x0000,0x1860,0x4163,0x8309,0x936a,
  0x9b49,0xabca,0xb3eb,0xa3cb,0x7a67,0x59a4,0x9bac,0xabec,0x9b6a,0x59c3,0x6a05,0x5962,0x69e5,0x5983,0x6206,0x59a4,
  0x2840,0x40c2,0x6a07,0x5184,0x38e2,0x1000,0x2061,0x2060,0x28a1,0x2881,0x28a1,0x2881,0x4985,0x28c2,0x1800,0x1000,
  0x1841,0x0800,0x1040,0x0800,0x0800,0x1861,0x2082,0x1000,0x0800,0x1861,0x30e3,0x2081,0x1800,0x2881,0x4103,0x4123,
  0x4122,0x4122,0x4943,0x4122,0x4143,0x30c1,0x1820,0x2060,0x30e2,0x3102,0x30c2,0x2060,0x30c2,0x2080,0x28a1,0x2060,
  0x1020,0x1040,0x0820,0x1020,0x0800,0x1020,0x0820,0x1060,0x1081,0x18a2,0x20c2,0x2923,0x2964,0x39a5,0x39c6,0x4206,
  0x39c5,0x39a5,0x39c5,0x41e6,0x4a07,0x4a28,0x41e6,0x4a27,0x4a07,0x49e7,0x41e7,0x4a08,0x41e7,0x4a28,0x5268,0x5268,
  0x4a27,0x5269,0x52a9,0x5aa9,0x5289,0x5289,0x4248,0x4a68,0x4a88,0x4a69,0x4248,0x4248,0x4a89,0x630b,0x5aeb,0x52ca,
  0x4a89,0x4a69,0x3a27,0x2124,0x0881,0x0881,0x10c2,0x0882,0x10c2,0x10a2,0x0881,0x1903,0x2144,0x2124,0x1923,0x1903,
  0x2144,0x29a6,0x3a27,0x52eb,0x52ea,0x52ea,0x4288,0x31a6,0x1881,0x2903,0xad13,0xf75c,0xde99,0xe6b9,0xbdb5,0xad33,
  0xb574,0x9c91,0x736c,0x2102,0x1060,0x20e2,0x8c2e,0xd678,0xd698,0xef1a,0xe6f9,0xe6d9,0xe6f9,0xe6f9,0xe6f9,0xef19,
  0xe6f9,0xef1a,0xef19,0xef1a,0xe6f9,0xef1a,0xe6f9,0xef1a,0xe6f9,0xef1a,0xe719,0xef1a,0xe6f9,0xeefa,0xe6f9,0xeefa,
  0xe6f9,0xef1a,0xe6f9,0xef1a,0xe6f9,0xef1a,0xe6f9,0xef19,0xeef9,0xef1a,0xef19,0xef1a,0xef19,0xef1a,0xe6f9,0xeef9,
  0xe6d9,0xeef9,0xe6f9,0xef19,0xeef9,0xf71a,0xef19,0xef19,0xeef9,0xeef9,0xeef9,0xef19,0xeef8,0xeef9,0xe6d8,0xeef9,
  0xeed8,0xeed8,0xe6d8,0xeed8,0xe6d8,0xeef8,0xeed8,0xeed8,0xeeb7,0xeed8,0xe6b7,0xeed8,0xeed7,0xeed8,0xe6b7,0xeed7,
  0xeeb7,0xeeb7,0xe6b6,0xeeb7,0xeeb7,0xeeb7,0xeeb6,0xeeb7,0xee96,0xeeb7,0xee96,0xeeb7,0xee96,0xee76,0xe675,0xee96,
  0xee96,0xee96,0xee96,0xf6b7,0xee96,0xee96,0xee76,0xee76,0xee76,0xf696,0xee96,0xf696,0xee96,0xf696,0xee96,0xf6b6,
  0xee96,0xee96,0xee75,0xf696,0xee75,0xf696,0xee75,0xee96,0xee75,0xee96,0xee75,0xee75,0xee75,0xee95,0xee75,0xee75,
  0xee75,0xee75,0xee75,0xee75,0xe654,0xee54,0xe634,0xee54,0xe634,0xe634,0xe634,0xe5f3,0xd591,0xe5f3,0xdd92,0xd551,
  0xbcae,0xcd30,0xd571,0xb46d,0xac2c,0xa3cb,0xa3ab,0xb40d,0x9b6b,0x936b,0x9bcc,0x72a7,0x28e0,0x1000,0x1820,0x38e1,
  0x38c1,0x4903,0x5123,0x48e2,0x3840,0x5943,0x48e1,0x3040,0x2820,0x38a2,0x30a1,0x30a1,0x2020,0x2000,0x40c0,0x7245,
  0x9b8a,0xa3cb,0xa3ca,0xabeb,0x8285,0x7245,0x59c3,0x7a86,0xa3aa,0xabcb,0xac0b,0x9bab,0x4143,0x1840,0x3923,0x4943,
  0x5983,0x5184,0x28a1,0x1000,0x1000,0x1860,0x1060,0x1040,0x0000,0x0820,0x0000,0x0000,0x0000,0x0820,0x0000,0x0000,
  0x0000,0x0820,0x0000,0x1000,0x30e1,0x6a67,0x8b69,0x9b69,0x9b49,0xa38a,0xac0b,0x9b6a,0x4921,0x6a26,0xa3ec,0x9b6a,
  0x6a66,0x51a3,0x5162,0x5162,0x5943,0x6a05,0x6246,0x30c1,0x3060,0x61a5,0x5984,0x4943,0x1000,0x2040,0x20a1,0x2060,
  0x2080,0x30c2,0x2081,0x3103,0x3103,0x1820,0x0800,0x1020,0x0800,0x1020,0x0820,0x0820,0x0000,0x0800,0x0820,0x0800,
  0x1020,0x28c2,0x28c2,0x2060,0x1840,0x4123,0x4123,0x4102,0x38e1,0x4963,0x3902,0x3922,0x30c1,0x1820,0x2060,0x30c2,
  0x28c1,0x3902,0x28c1,0x2880,0x30c1,0x28a1,0x2880,0x28a0,0x20a2,0x20e3,0x3144,0x3164,0x3985,0x3985,0x39a6,0x39a5,
  0x41e7,0x41e7,0x4a28,0x4227,0x4a48,0x4a48,0x4a48,0x4a27,0x4a48,0x4a27,0x5268,0x4a27,0x4a07,0x4a07,0x4a28,0x4a28,
  0x5228,0x4a07,0x5228,0x4a28,0x5248,0x4a27,0x5268,0x4a48,0x5248,0x5a89,0x5aca,0x4a68,0x4a49,0x4a48,0x4228,0x4248,
  0x4a69,0x4248,0x4a69,0x4228,0x5269,0x4a69,0x4208,0x3185,0x2944,0x1903,0x2124,0x10c2,0x0882,0x0041,0x1082,0x0861,
  0x18a3,0x18e3,0x10c3,0x10c2,0x18e3,0x2124,0x2965,0x2985,0x2986,0x2124,0x31e7,0x29a5,0x2164,0x634c,0x8491,0x94b1,
  0x39c6,0x1040,0x8c0f,0xff9d,0xe6fa,0xdeb9,0xef1a,0xce57,0xa4d1,0xad12,0xb574,0xa512,0x4206,0x1080,0x3164,0x5aa9,
  0x83ee,0xc5d5,0xef1a,0xef1a,0xef1b,0xe6d9,0xef1a,0xe6f9,0xef1a,0xef19,0xef3a,0xef3a,0xef1a,0xeef9,0xef1a,0xef1a,
  0xef1a,0xef1a,0xef1a,0xef1a,0xef1a,0xef1a,0xef1a,0xef1a,0xef1a,0xef1a,0xef1a,0xef19,0xef1a,0xef19,0xef1a,0xef19,
  0xf73a,0xef1a,0xf71a,0xeef9,0xef1a,0xeef9,0xeef9,0xe6d9,0xeed9,0xeef9,0xef19,0xe6f9,0xef1a,0xeef9,0xef1a,0xeef9,
  0xeef9,0xef19,0xf71a,0xeef9,0xf6f9,0xeed8,0xeef9,0xeed8,0xeed9,0xeed8,0xeed9,0xeed8,0xeed8,0xeed8,0xeef9,0xeef8,
  0xf6f8,0xeed8,0xeed8,0xeed7,0xeed8,0xe6b7,0xeeb7,0xeeb7,0xeeb7,0xeeb7,0xeeb7,0xeeb7,0xeeb7,0xeeb7,0xf6d7,0xeeb7,
  0xf6b7,0xeeb7,0xf6b7,0xee96,0xf6b7,0xee96,0xee96,0xee96,0xee97,0xee96,0xf6b7,0xf6b7,0xee96,0xee96,0xf696,0xee76,
  0xf696,0xee96,0xf6b7,0xee96,0xf696,0xee96,0xf6b6,0xee96,0xf696,0xee76,0xee76,0xee75,0xf696,0xee76,0xf696,0xee96,
  0xf696,0xee96,0xee96,0xee75,0xee96,0xee75,0xee95,0xee75,0xee75,0xee55,0xee75,0xee54,0xee55,0xe634,0xee34,0xe613,
  0xee54,0xe633,0xee54,0xcd50,0xdd92,0xcd10,0xd530,0xc4cf,0xdd72,0xd531,0xb42d,0xa3eb,0x9b8a,0x9b8a,0xbc6e,0x930a,
  0x932b,0x7ac9,0x51a4,0x2060,0x2060,0x2060,0x28a1,0x30a0,0x4923,0x5123,0x5943,0x5902,0x50a1,0x48c0,0x48c1,0x3060,
  0x38c2,0x38e3,0x30c2,0x2040,0x2000,0x40c0,0x7245,0x9348,0xabab,0xa38a,0xac0c,0x7aa6,0x7245,0x5982,0x7245,0x9b89,
  0xabcb,0xabeb,0x8b29,0x2880,0x3902,0x4164,0x4164,0x5a06,0x4923,0x2860,0x2060,0x1020,0x0800,0x0800,0x1060,0x1040,
  0x0820,0x0820,0x0820,0x0000,0x0821,0x0000,0x0820,0x0000,0x0821,0x0000,0x1000,0x2880,0x59c4,0x8b28,0xa3aa,0x9b69,
  0xa3aa,0xa3aa,0xa3ab,0x6a25,0x61c4,0x9b8b,0xabed,0x82e8,0x61e4,0x51c3,0x40e1,0x5163,0x69c5,0x6205,0x38e2,0x2880,
  0x59e5,0x5164,0x5144,0x2860,0x1800,0x2060,0x2081,0x1820,0x28a2,0x28a1,0x28a1,0x3923,0x1820,0x1000,0x1841,0x0820,
  0x0800,0x1041,0x1021,0x0820,0x1020,0x0820,0x0800,0x0800,0x1861,0x28e2,0x2081,0x1820,0x3903,0x3902,0x4944,0x4102,
  0x5144,0x4123,0x4123,0x3902,0x2040,0x1820,0x30e2,0x28a1,0x30e2,0x28c1,0x30e2,0x2880,0x30e2,0x2880,0x2860,0x28a0,
  0x3185,0x41e7,0x4a28,0x5248,0x4227,0x4a28,0x4227,0x4a28,0x4227,0x4a48,0x4a48,0x4a48,0x4227,0x4227,0x4227,0x5268,
  0x4a27,0x4a27,0x4a48,0x5268,0x4a47,0x5268,0x4a48,0x5269,0x5248,0x5248,0x5248,0x5248,0x4a48,0x5268,0x5268,0x5268,
  0x4a47,0x4a48,0x4a48,0x5289,0x4248,0x4a69,0x4a69,0x528a,0x4248,0x31a6,0x2965,0x2124,0x10a2,0x0860,0x0040,0x1082,
  0x10c2,0x10c3,0x0841,0x0862,0x1082,0x0841,0x10a2,0x18c3,0x10a2,0x10a2,0x18e3,0x2125,0x10a2,0x10a2,0x2145,0x2165,
  0x10c2,0x10e3,0x3a48,0x4289,0x3a27,0x4289,0x638c,0x8450,0x4227,0x1040,0x6b2b,0xef3b,0xe6f9,0xef3b,0xe6f9,0xe71a,
  0xd698,0xad53,0xad32,0xad32,0xa512,0x736c,0x2923,0x20e2,0x20e2,0x62c9,0xa4d1,0xce37,0xef3a,0xef1a,0xe6f9,0xef1a,
  0xe6f9,0xe6f9,0xef19,0xef3a,0xe719,0xef1a,0xef1a,0xef3a,0xef19,0xef1a,0xef19,0xf73a,0xef19,0xef1a,0xef19,0xef3a,
  0xef19,0xef1a,0xe6f9,0xef1a,0xe719,0xef1a,0xef19,0xef1a,0xef19,0xf71a,0xeef9,0xef1a,0xeef9,0xeefa,0xe6d9,0xeef9,
  0xe6d9,0xef19,0xeef9,0xef19,0xe6f9,0xef19,0xef19,0xf71a,0xeef9,0xef19,0xeef9,0xf719,0xeef8,0xeef8,0xe6d8,0xeed8,
  0xe6b8,0xeed8,0xeed8,0xeef9,0xeed8,0xeef8,0xeef8,0xf6f8,0xeed7,0xeed8,0xeed7,0xeed8,0xeed7,0xeeb7,0xeeb7,0xeed7,
  0xeeb7,0xeed7,0xeeb7,0xeed7,0xeeb7,0xeed7,0xeeb7,0xf6b7,0xee96,0xeeb7,0xee96,0xee97,0xee96,0xeeb6,0xe676,0xee96,
  0xe675,0xee96,0xee96,0xf6b7,0xee76,0xee96,0xee96,0xee96,0xee75,0xee76,0xee76,0xf696,0xee75,0xee96,0xee75,0xee76,
  0xee75,0xee76,0xee75,0xf696,0xee75,0xee96,0xee75,0xee76,0xee75,0xee75,0xe675,0xee95,0xee75,0xee95,0xee75,0xee75,
  0xe654,0xee95,0xee55,0xee54,0xe633,0xee34,0xe613,0xd5b2,0xcd91,0xee74,0xc52f,0xcd30,0xdd91,0xa3ca,0xc4ce,0xd531,
  0xc4cf,0xa3ab,0x8b08,0xc4af,0x9b8a,0xa3cc,0x8b2a,0x7a88,0x7267,0x4943,0x1800,0x1800,0x1840,0x30e1,0x3922,0x4102,
  0x38a0,0x48e1,0x5102,0x48a0,0x48a0,0x4880,0x48e1,0x40e2,0x30c2,0x3904,0x28a1,0x1800,0x3060,0x7245,0x9b48,0xa3a9,
  0xabca,0xabeb,0x9328,0x59e3,0x6a45,0x59a2,0x9307,0xb3eb,0xa3cb,0x936a,0x2881,0x2040,0x51c4,0x59e5,0x4964,0x51a5,
  0x2880,0x1840,0x3102,0x4185,0x2902,0x20a2,0x0820,0x0820,0x1040,0x0840,0x0820,0x0820,0x0000,0x0820,0x0800,0x0800,
  0x0000,0x0000,0x1820,0x4963,0x6a45,0x9b69,0xa3ca,0xabeb,0xa3eb,0xa3cb,0x7287,0x38a0,0x7aa7,0x9bab,0x8b09,0x7225,
  0x51a3,0x4962,0x4942,0x5984,0x61c4,0x4122,0x1820,0x4964,0x6226,0x51a5,0x38c1,0x1000,0x2060,0x2060,0x2060,0x2080,
  0x2080,0x2060,0x28e2,0x2081,0x0800,0x1020,0x0820,0x1020,0x0820,0x0820,0x0820,0x0841,0x0820,0x1061,0x0800,0x0820,
  0x2081,0x20a2,0x1000,0x2881,0x4123,0x4123,0x4102,0x4943,0x4963,0x4123,0x3923,0x28a1,0x1000,0x28a1,0x28a1,0x2080,
  0x28a1,0x28a1,0x28a1,0x2060,0x28a1,0x2880,0x2040,0x30a1,0x39c6,0x4207,0x5269,0x4a48,0x4a48,0x4a28,0x4a48,0x4a28,
  0x4a48,0x4228,0x4a68,0x4a48,0x5268,0x4a68,0x4a68,0x4a48,0x5268,0x4a48,0x5268,0x4a48,0x5268,0x4a48,0x5248,0x5248,
  0x5268,0x5268,0x5a89,0x5248,0x5248,0x4a27,0x4a27,0x4a27,0x4a48,0x4a48,0x5aaa,0x5aca,0x5aaa,0x4207,0x31a6,0x2945,
  0x2104,0x0881,0x1082,0x0020,0x0861,0x10a2,0x10a2,0x0841,0x0861,0x0861,0x10a2,0x10a2,0x18e3,0x1082,0x0882,0x0882,
  0x10a2,0x0882,0x10c3,0x0861,0x10a2,0x10a2,0x10c3,0x10e3,0x2124,0x1903,0x4248,0x52ca,0x29a5,0x29a5,0x4268,0x4aa9,
  0x4207,0x0820,0x5248,0xded9,0xe6fa,0xe6fa,0xef3b,0xe6f9,0xef5b,0xd677,0x9cd1,0xad53,0xb594,0xb594,0x8c2f,0x5ac9,
  0x2903,0x20c2,0x49e6,0x83cd,0xce16,0xef1a,0xf73b,0xe6d9,0xe6d9,0xe6d9,0xef1a,0xeef9,0xef1a,0xef1a,0xf73a,0xef1a,
  0xef1a,0xef3a,0xf73b,0xef3a,0xef3a,0xef1a,0xf73a,0xef3a,0xf73a,0xef1a,0xef1a,0xeef9,0xef1a,0xef1a,0xef3a,0xef19,
  0xef3a,0xef1a,0xf71a,0xef19,0xef1a,0xef19,0xf71a,0xef19,0xf71a,0xef19,0xf73a,0xef19,0xf73a,0xef1a,0xf73a,0xef19,
  0xef19,0xeef9,0xf71a,0xeef9,0xeef9,0xe6d8,0xeef9,0xeed8,0xeed8,0xeed8,0xf6f9,0xeef8,0xeef8,0xeef8,0xf719,0xeef8,
  0xeed8,0xeed7,0xeef8,0xeef8,0xf718,0xeed7,0xf6f8,0xeed8,0xf6d8,0xeed7,0xf6d8,0xeed7,0xf6d8,0xeeb7,0xf6b7,0xeeb7,
  0xf6b7,0xee96,0xee97,0xee96,0xeeb7,0xeeb6,0xeeb7,0xee76,0xee96,0xe676,0xf697,0xee96,0xf6b7,0xee96,0xf6b7,0xee96,
  0xf696,0xee96,0xf697,0xee96,0xf696,0xee75,0xee76,0xee76,0xee96,0xee75,0xf696,0xee76,0xf696,0xee75,0xf696,0xee75,
  0xee75,0xe655,0xee75,0xee75,0xee75,0xee75,0xee75,0xe654,0xee55,0xee54,0xee55,0xee34,0xee75,0xe613,0xddd2,0xddb2,
  0xddf2,0xc52f,0xddd2,0xddb1,0xc4ef,0xd530,0xd531,0xb42c,0xa36a,0x7a66,0xabec,0xa3cc,0xabec,0x82e8,0x7247,0x6a47,
  0x4103,0x1800,0x2020,0x38e1,0x38c2,0x2860,0x4903,0x40e2,0x48e2,0x40c0,0x5102,0x5101,0x5902,0x4080,0x5102,0x38c2,
  0x30c2,0x30e3,0x2041,0x2040,0x61c4,0x9349,0xb3eb,0xaba9,0xabca,0x9b68,0x7244,0x6a25,0x6a66,0x82e7,0xabcb,0xabcb,
  0x7aa7,0x38e1,0x2040,0x51c5,0x61e5,0x59c4,0x5164,0x2881,0x1840,0x28e2,0x5227,0x6aa9,0x6289,0x5227,0x41c6,0x1061,
  0x1040,0x0840,0x0800,0x0000,0x1041,0x0800,0x0800,0x0800,0x0800,0x0000,0x30c1,0x6225,0x82a6,0xa368,0xb3ea,0xb40b,
  0xa3cb,0x936a,0x5983,0x5984,0xabec,0x9bab,0x7a66,0x5183,0x5163,0x5183,0x59a4,0x59c4,0x4942,0x2880,0x4143,0x6226,
  0x5a06,0x4143,0x1800,0x1820,0x28a1,0x2060,0x28a1,0x28c2,0x28a1,0x1880,0x28a2,0x0800,0x1020,0x1020,0x0800,0x0820,
  0x1061,0x0000,0x1041,0x0841,0x0841,0x0000,0x0820,0x1881,0x28c2,0x1020,0x1820,0x38e2,0x4143,0x4123,0x4103,0x4944,
  0x4944,0x4143,0x30e3,0x1000,0x2061,0x28c1,0x2881,0x2060,0x30c1,0x28c1,0x30c1,0x2880,0x30e2,0x2060,0x2860,0x30a1,
  0x39a5,0x4a27,0x4227,0x4a27,0x4a27,0x4a48,0x4a27,0x4a48,0x4a27,0x4a48,0x4a47,0x4a68,0x4a48,0x4a68,0x4a47,0x4a68,
  0x4a68,0x4a68,0x4a47,0x4a48,0x4a48,0x5268,0x5268,0x5a89,0x5268,0x4a08,0x41c6,0x41e7,0x4a07,0x4a27,0x4a48,0x4a48,
  0x4206,0x39c6,0x39a6,0x39c6,0x2103,0x1081,0x0020,0x0881,0x0861,0x0841,0x0020,0x0861,0x0881,0x10a2,0x10a1,0x18e3,
  0x18e3,0x18e3,0x08a2,0x10c2,0x0861,0x0882,0x0061,0x10e3,0x10c2,0x0882,0x0040,0x0000,0x0000,0x0000,0x0861,0x2965,
  0x31c6,0x31c6,0x4aa9,0x73ce,0x8470,0x8470,0xa5b4,0xa594,0x840f,0x1081,0x3184,0xbdb5,0xe73a,0xded9,0xe719,0xe71a,
  0xe719,0xe71a,0xce77,0xad53,0xa512,0xbdd5,0xc616,0xa4d2,0x83ee,0x41e6,0x2903,0x3984,0x5aa8,0x9cb1,0xd677,0xef3a,
  0xe6d9,0xe6d9,0xdeb8,0xe6d9,0xe6f9,0xef1a,0xe6f9,0xef19,0xef19,0xef3a,0xef1a,0xef3a,0xe6f9,0xef1a,0xef19,0xef3a,
  0xef19,0xef1a,0xe6f9,0xef19,0xef19,0xef3a,0xe719,0xef19,0xef19,0xef1a,0xe6f9,0xeef9,0xe6d8,0xeef9,0xe6f9,0xeef9,
  0xeef9,0xeef9,0xe6f9,0xeef9,0xeef9,0xef1a,0xeef9,0xeef9,0xe6d8,0xeef9,0xeef9,0xf719,0xeef9,0xeef9,0xeed8,0xeef9,
  0xe6b8,0xeed8,0xe6d8,0xeed8,0xeed8,0xeef8,0xeef8,0xf6f8,0xeed7,0xeed8,0xe6d7,0xeef8,0xeed7,0xeeb7,0xeed7,0xf6f8,
  0xeeb7,0xeeb7,0xe6b6,0xeed7,0xe6b7,0xee96,0xe696,0xeeb7,0xee96,0xee97,0xe676,0xee96,0xee96,0xee96,0xee96,0xee96,
  0xe676,0xee96,0xe696,0xeeb6,0xee96,0xee96,0xee76,0xee96,0xee96,0xee96,0xee96,0xee96,0xee75,0xee76,0xee75,0xee96,
  0xee76,0xee96,0xee75,0xee96,0xee75,0xee76,0xee75,0xf696,0xee75,0xee55,0xe654,0xee75,0xee75,0xee55,0xe654,0xee54,
  0xe654,0xee34,0xe613,0xee34,0xe634,0xe5f3,0xd591,0xddd2,0xd5b1,0xd5b2,0xc50f,0xc4ef,0xd531,0xb44d,0xa3aa,0xa38a,
  0x9b6a,0xb42e,0x9b6a,0x8b09,0x82e8,0x6a25,0x4942,0x1800,0x1800,0x38c1,0x3080,0x40e2,0x3861,0x48c2,0x3880,0x5943,
  0x48e1,0x40a0,0x48e1,0x5963,0x4080,0x48e1,0x40c1,0x38a1,0x3902,0x2061,0x1820,0x6205,0x8b49,0xa3aa,0xabc9,0xabaa,
  0x9307,0x69e3,0x7244,0x6a25,0x7286,0x9baa,0xa3eb,0x6a46,0x2860,0x2860,0x4984,0x6226,0x51a4,0x5163,0x3901,0x2080,
  0x1881,0x5228,0x5227,0x5207,0x41c6,0x5228,0x41e6,0x5227,0x4a07,0x2903,0x20e2,0x1041,0x0000,0x1041,0x0820,0x0800,
  0x0000,0x2060,0x51c4,0x82c7,0x8285,0xa348,0xb3ea,0xabeb,0xa40c,0x7aa7,0x38e0,0x8b4a,0x9bab,0x8ae8,0x61e4,0x4942,
  0x5142,0x5983,0x51a4,0x51a4,0x2060,0x30c1,0x51c5,0x6206,0x49a4,0x2060,0x1020,0x2881,0x2080,0x28a1,0x20a1,0x28c1,
  0x20a1,0x1860,0x0800,0x0820,0x0820,0x0820,0x0820,0x0820,0x0820,0x1041,0x0840,0x0841,0x0020,0x0000,0x0820,0x20a1,
  0x1840,0x1820,0x2880,0x3902,0x3902,0x4103,0x3922,0x4944,0x4123,0x38e2,0x1000,0x1000,0x28c1,0x28a1,0x28c1,0x28a1,
  0x28c1,0x30c2,0x2880,0x30a1,0x30c1,0x2040,0x2060,0x30c1,0x41e6,0x4a47,0x5268,0x4a68,0x5a89,0x5268,0x5289,0x4a48,
  0x5268,0x5268,0x5268,0x4a47,0x5268,0x5268,0x5268,0x4a48,0x5269,0x4a68,0x5289,0x5268,0x5269,0x5269,0x5269,0x39c6,
  0x39a6,0x41e7,0x4a48,0x4a28,0x41e7,0x2923,0x2944,0x18e3,0x1882,0x0840,0x0840,0x0020,0x1061,0x0840,0x0840,0x0840,
  0x0841,0x0841,0x0841,0x10a2,0x0861,0x0860,0x18e3,0x18c2,0x1081,0x0841,0x0020,0x0881,0x0861,0x0040,0x0881,0x0020,
  0x0000,0x0000,0x0841,0x2985,0x5aeb,0x3a07,0x73ae,0x94d2,0x94d2,0x7c4f,0x94d2,0x8cb1,0x94f2,0x7c2f,0xadb5,0xa574,
  0x8430,0x18e2,0x2924,0x9cf2,0xef3b,0xe71a,0xe71a,0xe73a,0xe71a,0xe73a,0xf77b,0xd6b8,0xbdb5,0xad53,0xc5d6,0xb574,
  0xd658,0xa4d1,0x83ad,0x5268,0x2903,0x20e2,0x62ca,0xb553,0xef1a,0xe6f9,0xef1a,0xef1a,0xe6d9,0xe6d9,0xef1a,0xeef9,
  0xeefa,0xeef9,0xef1a,0xe6d9,0xef1a,0xeef9,0xef1a,0xef1a,0xef1a,0xeef9,0xef1a,0xef19,0xef3a,0xef19,0xef1a,0xef19,
  0xf73a,0xeef9,0xeef9,0xeef9,0xef1a,0xeef9,0xef1a,0xeef9,0xf71a,0xeef9,0xeef9,0xef19,0xef1a,0xeef9,0xeef9,0xeef9,
  0xf71a,0xef19,0xf71a,0xef19,0xf719,0xeef9,0xf719,0xeef9,0xeef9,0xeed8,0xeef8,0xeed8,0xeef8,0xeed8,0xeef8,0xeef8,
  0xf6f8,0xeed7,0xeed8,0xeed7,0xeef8,0xeeb7,0xeed7,0xeed7,0xeed7,0xeeb7,0xeeb7,0xeed7,0xeeb7,0xee97,0xf6b7,0xeeb7,
  0xf6b7,0xee96,0xee97,0xee96,0xee97,0xee96,0xeeb7,0xeeb6,0xf6b7,0xee96,0xee96,0xee96,0xee96,0xee96,0xee96,0xee96,
  0xf6b7,0xee96,0xee96,0xee96,0xf696,0xee96,0xf696,0xee96,0xf696,0xee76,0xee96,0xee75,0xf696,0xee75,0xf696,0xee96,
  0xf696,0xee75,0xee75,0xe654,0xee55,0xee54,0xee75,0xe654,0xee55,0xee54,0xddb2,0xe613,0xee34,0xddb2,0xddb2,0xddb2,
  0xd571,0xd591,0xcd10,0xac2c,0x9308,0x9309,0xabec,0x9b8b,0x8ac8,0x8b09,0x9b6b,0x7a88,0x5163,0x2840,0x2000,0x30c1,
  0x38e2,0x3081,0x40c2,0x3020,0x50e2,0x4060,0x6123,0x8267,0x5902,0x50e1,0x5943,0x4901,0x5122,0x4901,0x40c1,0x4943,
  0x38e2,0x1800,0x59c4,0x938a,0xabec,0xabeb,0xaba9,0xa389,0x7203,0x61c2,0x7265,0x7265,0x9bab,0x93cc,0x5a05,0x1000,
  0x2040,0x4962,0x59a4,0x59c4,0x5184,0x38e1,0x2060,0x1820,0x3985,0x5a69,0x4185,0x5207,0x5227,0x4a06,0x5a68,0x41a5,
  0x5a68,0x62a9,0x5a68,0x41c6,0x20c3,0x0800,0x1040,0x0800,0x1840,0x4164,0x7aa8,0x8b08,0x92e7,0xa368,0xb40b,0xabeb,
  0x9bab,0x4101,0x8309,0x9bac,0x8b29,0x61c4,0x59c4,0x4122,0x5163,0x5122,0x59e5,0x30c0,0x2880,0x4963,0x61e6,0x51c5,
  0x2881,0x1040,0x20a1,0x2080,0x2881,0x28c2,0x28c2,0x20a1,0x1881,0x1020,0x0800,0x0800,0x0820,0x0820,0x0841,0x0820,
  0x0841,0x0820,0x0821,0x0820,0x0800,0x0820,0x20a2,0x1860,0x1820,0x28a1,0x3923,0x3902,0x4123,0x3903,0x4964,0x4164,
  0x4123,0x2040,0x2061,0x28a1,0x28c2,0x2081,0x30e2,0x30c1,0x2880,0x30c1,0x2881,0x28a1,0x30c1,0x2880,0x2880,0x30c1,
  0x3185,0x4a27,0x5268,0x5289,0x5288,0x5268,0x4a47,0x5268,0x5268,0x5289,0x5288,0x5268,0x4a47,0x5268,0x5268,0x5289,
  0x4a68,0x4a48,0x4a48,0x4a28,0x4207,0x4207,0x31a5,0x3165,0x2103,0x2103,0x18e3,0x20e3,0x1081,0x0820,0x0000,0x0000,
  0x0020,0x1061,0x0861,0x0840,0x0020,0x0840,0x0840,0x0861,0x0881,0x10a2,0x10a2,0x0881,0x0881,0x0881,0x0040,0x0020,
  0x0000,0x0020,0x0861,0x0840,0x0000,0x0020,0x10c2,0x2144,0x4aca,0x73ae,0x73ce,0x7bce,0x8c91,0x8c91,0x842f,0x8cb1,
  0xa574,0x7c50,0x73ee,0x740f,0x7c4f,0x7c4f,0x8cd1,0x9d13,0x7bee,0x18e2,0x1081,0x8c70,0xe71a,0xded9,0xe719,0xe73a,
  0xe739,0xe71a,0xe6f9,0xef5b,0xe719,0xce36,0xa4f1,0xad13,0xb553,0xd658,0xbd94,0xa4f2,0x5aa9,0x20e2,0x1880,0x3984,
  0x7bcd,0xd657,0xef1a,0xeefa,0xe6d9,0xeef9,0xef19,0xef1a,0xe6f9,0xeef9,0xe6d9,0xe6d9,0xe6f9,0xeef9,0xeef9,0xef1a,
  0xeef9,0xef1a,0xef1a,0xef3a,0xef19,0xef1a,0xe6f9,0xef3a,0xef19,0xeef9,0xe6f9,0xef1a,0xef19,0xef1a,0xeef9,0xef1a,
  0xeef9,0xef1a,0xeef9,0xef1a,0xeef9,0xeef9,0xe6d8,0xeef9,0xeef9,0xef19,0xeef9,0xf719,0xeef8,0xeef9,0xeef8,0xeef9,
  0xeef8,0xeef8,0xeed8,0xeef8,0xeef8,0xeef8,0xe6d7,0xeef8,0xeed7,0xeed8,0xeed7,0xeed7,0xe6b7,0xeed7,0xeed7,0xeed8,
  0xeeb7,0xeeb7,0xeeb7,0xf6d8,0xeeb7,0xeeb7,0xeeb6,0xeeb7,0xee96,0xee96,0xee76,0xee97,0xee96,0xee96,0xeeb6,0xf6d7,
  0xeeb6,0xeeb6,0xee96,0xee96,0xe675,0xee96,0xee76,0xee96,0xee96,0xee96,0xee96,0xf6b6,0xee96,0xee96,0xee76,0xee96,
  0xee75,0xee75,0xee55,0xee76,0xee75,0xee75,0xee55,0xee75,0xee55,0xee75,0xe654,0xe654,0xe634,0xee75,0xee54,0xee34,
  0xddd2,0xd592,0xee34,0xddd3,0xd571,0xe5d2,0xd591,0xd551,0xd571,0xac2c,0xa3cb,0x9b8a,0x82e8,0xac0c,0x9b8a,0x8ac8,
  0x7a87,0x82e9,0x6a26,0x40c2,0x2000,0x2840,0x30a1,0x4143,0x4122,0x3060,0x4080,0x48a1,0x50c1,0x6103,0x9288,0x8227,
  0x48c0,0x48c1,0x5963,0x40e1,0x40e1,0x40e1,0x40e1,0x40e2,0x1800,0x5183,0x934a,0xabec,0xabeb,0xabeb,0xabca,0x7a45,
  0x61e3,0x6a04,0x59c3,0x9349,0x9c0c,0x51e5,0x0800,0x20a1,0x4163,0x5183,0x5183,0x6205,0x4963,0x2060,0x20a1,0x5228,
  0x5227,0x49c6,0x41a5,0x49e6,0x41a5,0x5227,0x5a88,0x6289,0x5a88,0x5a47,0x5247,0x732b,0x5a88,0x41a5,0x0800,0x1000,
  0x30e1,0x6a67,0x8308,0x9329,0x9328,0xa3a9,0xa3aa,0xac0c,0x6a45,0x59a4,0x93ab,0x936b,0x7246,0x5982,0x4941,0x4963,
  0x4922,0x61a4,0x38e1,0x2880,0x4183,0x51e5,0x59a5,0x38c2,0x1000,0x1840,0x1880,0x2061,0x28a1,0x28c2,0x2081,0x1840,
  0x0820,0x0800,0x0000,0x0820,0x0000,0x0820,0x0020,0x0841,0x0020,0x0820,0x0000,0x0800,0x0000,0x1861,0x20a2,0x1820,
  0x1820,0x3902,0x4123,0x3902,0x38e2,0x4143,0x4144,0x3923,0x2081,0x1820,0x28e2,0x3103,0x28a1,0x2881,0x28c1,0x2881,
  0x2880,0x28a1,0x2060,0x30c1,0x2080,0x28a1,0x2060,0x30e2,0x41e7,0x5268,0x5aa9,0x5268,0x5268,0x4a48,0x5289,0x5268,
  0x5269,0x4a68,0x5289,0x5268,0x5289,0x5268,0x4a48,0x41e7,0x39c6,0x2964,0x2944,0x20e3,0x20e3,0x18a2,0x1882,0x1061,
  0x1061,0x0861,0x1061,0x0840,0x0820,0x0000,0x1081,0x1081,0x0840,0x0000,0x0000,0x0020,0x0841,0x0861,0x1082,0x0861,
  0x1082,0x0861,0x0821,0x0020,0x0840,0x0020,0x1061,0x0840,0x0840,0x0000,0x0820,0x0840,0x4227,0x5aea,0x8c70,0x9cf2,
  0x9cd2,0xb5d6,0xad54,0xa513,0x7c0f,0x73cd,0x634b,0x7c2f,0x7c0f,0x7c2f,0x6bad,0x7c4f,0x8470,0x8cd1,0x7c4f,0x9d53,
  0x8c71,0x39c6,0x0860,0x5aea,0xd698,0xe71a,0xe73a,0xe719,0xe73a,0xe719,0xe73a,0xe71a,0xe71a,0xe73a,0xce37,0x7bcd,
  0x9470,0xa4f2,0xd658,0xbdb5,0xb574,0x8c0e,0x41c6,0x1060,0x1880,0x4a07,0xacf2,0xe6b9,0xeefa,0xeef9,0xe6b8,0xe6d9,
  0xf73a,0xe6d8,0xe6d9,0xf73a,0xef19,0xeef9,0xef1a,0xef19,0xef1a,0xef19,0xf73a,0xef19,0xef3a,0xef19,0xef1a,0xe6f9,
  0xef1a,0xef19,0xef1a,0xeef9,0xef1a,0xef19,0xeefa,0xeef9,0xeef9,0xeef9,0xf71a,0xeef9,0xef1a,0xeef9,0xf71a,0xeef9,
  0xeef9,0xe6f9,0xeef9,0xeed9,0xeef9,0xeed8,0xeef9,0xeed8,0xeef9,0xeed8,0xeed8,0xeed8,0xeef8,0xeed8,0xeed8,0xeed7,
  0xeed8,0xeed7,0xeed7,0xe6b7,0xeeb7,0xe6b7,0xeed8,0xeed7,0xeed8,0xeeb7,0xf6d8,0xeed7,0xeed8,0xeeb7,0xeeb7,0xee96,
  0xee96,0xee96,0xee97,0xee96,0xee97,0xee96,0xf6b7,0xeeb6,0xeeb7,0xee96,0xeeb7,0xee96,0xee96,0xee96,0xee96,0xee96,
  0xf6b7,0xee96,0xee96,0xee96,0xf696,0xee96,0xf696,0xee96,0xee96,0xe675,0xee76,0xee75,0xf696,0xee75,0xee76,0xee75,
  0xee76,0xee55,0xee55,0xe634,0xee54,0xee54,0xee34,0xddf3,0xddd2,0xddd2,0xe5d3,0xddb2,0xdd91,0xd550,0xd551,0xcd30,
  0xabec,0x9349,0xb42d,0xac0c,0x9b6a,0x8b09,0x8b09,0x934b,0x7267,0x4902,0x2820,0x2820,0x40c2,0x40e2,0x4903,0x40e2,
  0x3860,0x40a0,0x4880,0x6143,0x79c5,0x8a47,0x9ac9,0x5902,0x4880,0x48e1,0x5102,0x5163,0x3080,0x4143,0x4944,0x2000,
  0x5143,0x9349,0xb40c,0xabeb,0xb40b,0xa3aa,0x7245,0x61e4,0x6a25,0x59c4,0x7287,0x8b6a,0x5a05,0x1000,0x1840,0x3943,
  0x59e6,0x59c4,0x59c4,0x4122,0x2060,0x1881,0x3985,0x5a68,0x49c5,0x4184,0x5a27,0x5206,0x5a68,0x6ac9,0x5a47,0x6ac9,
  0x730a,0x732a,0x730a,0x5a68,0x6aa9,0x5227,0x2081,0x1820,0x5183,0x7ac7,0x9349,0x9328,0x9b49,0xa3aa,0xb42d,0x8b29,
  0x5162,0x8b49,0x9b8b,0x7ac8,0x5162,0x5983,0x5983,0x5183,0x61e5,0x5163,0x3060,0x4143,0x51a5,0x51c5,0x4102,0x1800,
  0x1820,0x1860,0x2061,0x20a1,0x30e3,0x20a1,0x1860,0x0800,0x0800,0x0000,0x0820,0x0020,0x0841,0x0020,0x0821,0x0820,
  0x0820,0x0800,0x1020,0x0000,0x1020,0x1881,0x2061,0x1000,0x30c2,0x4123,0x4123,0x38e2,0x4123,0x4184,0x4144,0x2061,
  0x1000,0x1840,0x3944,0x30e3,0x28c2,0x28a1,0x3902,0x2060,0x3902,0x28a1,0x28a1,0x28a1,0x2880,0x28a1,0x2881,0x28c2,
  0x3185,0x4a48,0x5289,0x5289,0x4a68,0x4a48,0x4a48,0x4a48,0x41e7,0x3185,0x2123,0x20e3,0x10a1,0x1081,0x0860,0x1061,
  0x0820,0x0820,0x0020,0x0820,0x0020,0x0840,0x0840,0x0841,0x0840,0x0841,0x0040,0x0841,0x0840,0x0820,0x0000,0x0000,
  0x0000,0x0841,0x0861,0x0861,0x0841,0x0841,0x0000,0x0000,0x0020,0x0841,0x0020,0x0020,0x0020,0x0820,0x0840,0x0000,
  0x0840,0x3144,0x7bcd,0x9491,0xbdd5,0xc616,0x8c4f,0xbdf5,0xb594,0x8c70,0x8c90,0xa553,0xa533,0x73cd,0x842f,0x6b6c,
  0x7c2f,0x73ee,0x7c2e,0x740e,0x7c2f,0x740e,0x6bcd,0x7c2f,0x94d2,0x5289,0x0000,0x4227,0xc616,0xef7b,0xdf19,0xe73a,
  0xe719,0xe73a,0xef5a,0xef3a,0xded9,0xef3b,0xef3a,0xc5f6,0x8c4f,0x8c4f,0x9c90,0xc5f6,0xd657,0xc5d6,0x8c2e,0x736c,
  0x2902,0x0820,0x3143,0x7b8d,0xb573,0xe6b9,0xe6d8,0xe6d9,0xdeb8,0xe6d9,0xe6d8,0xeef9,0xe6d8,0xeef9,0xe6f9,0xeef9,
  0xe6f9,0xeef9,0xeef9,0xeef9,0xe719,0xef1a,0xe6f9,0xe6f9,0xe6f9,0xef1a,0xef19,0xef19,0xef19,0xef1a,0xeef9,0xef19,
  0xeef9,0xef1a,0xe6f9,0xeef9,0xeef9,0xf71a,0xef1a,0xf71a,0xeef9,0xeef9,0xe6d8,0xeed9,0xeed8,0xeef9,0xeed8,0xeef8,
  0xe6d8,0xeed8,0xe6d7,0xeed8,0xeed7,0xeed8,0xe6b7,0xeed8,0xeed7,0xeed8,0xe6d7,0xeed7,0xe6b7,0xeed7,0xe6b7,0xeed7,
  0xeeb7,0xeeb7,0xe6b6,0xeeb7,0xeeb7,0xee97,0xe696,0xee96,0xe676,0xee96,0xee96,0xee96,0xee96,0xee96,0xe696,0xeeb6,
  0xe696,0xeeb6,0xee96,0xeeb7,0xee96,0xee96,0xe696,0xee96,0xee96,0xee96,0xe675,0xee96,0xee75,0xee96,0xee75,0xee96,
  0xee75,0xee76,0xe655,0xee75,0xee75,0xee75,0xe655,0xee75,0xe655,0xe635,0xde13,0xe634,0xe613,0xe614,0xddd2,0xd592,
  0xd5b2,0xe5d3,0xc50f,0xddb2,0xd550,0xccef,0xcd0f,0xabeb,0x9308,0xbc6e,0xabec,0x9b4a,0x9b6a,0x6a25,0x7287,0x59a4,
  0x2000,0x2000,0x3081,0x4923,0x38a2,0x3881,0x4903,0x40a1,0x40a0,0x4080,0x50c0,0x8a87,0x9ac8,0x9267,0x8205,0x50a0,
  0x48a0,0x6184,0x48e2,0x4902,0x38a1,0x30c2,0x1800,0x4942,0x9b49,0xb3eb,0xaba9,0xb3ea,0xabea,0x7a66,0x6204,0x6205,
  0x6205,0x7267,0x7ae8,0x4984,0x0800,0x2040,0x30c0,0x51c4,0x51a4,0x6205,0x51c5,0x30c1,0x0800,0x4a28,0x5aa9,0x4a06,
  0x49c5,0x49a4,0x62a9,0x72ea,0x49e5,0x41a5,0x5a67,0x838c,0x730a,0x5a47,0x6288,0x6ae9,0x730a,0x4185,0x0800,0x3923,
  0x7266,0x8b08,0x9328,0x9b69,0x9369,0x9baa,0x9bab,0x4101,0x7286,0x9bcc,0x7286,0x61c4,0x5162,0x5122,0x59a3,0x6a26,
  0x5183,0x2840,0x38e1,0x59c5,0x59e5,0x4123,0x1820,0x1800,0x1840,0x2060,0x20a1,0x3103,0x28c2,0x2081,0x0820,0x0800,
  0x0000,0x0820,0x0020,0x0020,0x0020,0x0821,0x0000,0x0020,0x0000,0x0820,0x0800,0x0800,0x1041,0x2082,0x1000,0x2040,
  0x3923,0x4123,0x38e2,0x4123,0x4143,0x4184,0x28c2,0x1000,0x0000,0x1861,0x3102,0x3102,0x2081,0x28a1,0x3102,0x2040,
  0x2880,0x28a1,0x28a0,0x28c1,0x2060,0x28a1,0x2080,0x30e2,0x3186,0x39e7,0x39c6,0x2964,0x2103,0x0861,0x0020,0x0000,
  0x0820,0x0000,0x0820,0x0020,0x0841,0x0840,0x1041,0x0820,0x0820,0x0000,0x0820,0x0820,0x0821,0x0000,0x0820,0x0020,
  0x0820,0x0000,0x0000,0x0000,0x0821,0x0000,0x0841,0x0841,0x0841,0x0000,0x0000,0x0000,0x0000,0x0020,0x0841,0x0840,
  0x0861,0x0840,0x0020,0x0000,0x0820,0x0000,0x1882,0x5a89,0xbd75,0xce38,0xd638,0xd658,0xdeb9,0xde98,0xce57,0xad53,
  0x9cd1,0xc616,0x94b1,0x8c6f,0xc616,0x94b0,0x73cd,0x842f,0x632b,0x740e,0x7c4f,0x84b0,0x7c2f,0x6bcd,0x4aa9,0x73ee,
  0x8c71,0x4a48,0x0020,0x39e6,0xb594,0xe719,0xe71a,0xe739,0xef5a,0xe739,0xe73a,0xe73a,0xef5b,0xe6f9,0xef1a,0xf75b,
  0xd658,0x9470,0x83ee,0x944f,0xd637,0xce37,0xbdb5,0xbdb5,0x9470,0x5248,0x20c2,0x1881,0x49e6,0x9c6f,0xce15,0xdeb8,
  0xe6b8,0xeef9,0xf73a,0xdeb8,0xeed9,0xe6f9,0xef1a,0xeef9,0xef1a,0xeef9,0xef19,0xe6f9,0xef1a,0xef19,0xeef9,0xe6f9,
  0xef1a,0xeef9,0xef1a,0xef19,0xf73a,0xef1a,0xf73a,0xef19,0xf71a,0xeef9,0xef1a,0xeef9,0xef1a,0xeef9,0xf71a,0xef19,
  0xf71a,0xeef9,0xeef9,0xeed8,0xeef9,0xeef8,0xeef9,0xeef8,0xeed8,0xeed8,0xeef8,0xeed8,0xeed8,0xeed7,0xeed8,0xeef8,
  0xf719,0xeef8,0xeef8,0xeed7,0xf6f8,0xeef7,0xeed7,0xeeb7,0xf6d8,0xeeb7,0xeeb7,0xeeb7,0xeeb7,0xee96,0xee96,0xe676,
  0xee97,0xee96,0xeeb7,0xee96,0xee96,0xe696,0xee96,0xee96,0xeeb7,0xeeb6,0xf6b7,0xeeb6,0xeeb7,0xee96,0xeeb6,0xeeb6,
  0xf6b7,0xee96,0xee96,0xee75,0xee76,0xee76,0xee96,0xee96,0xf696,0xee76,0xee75,0xe655,0xee75,0xee55,0xee75,0xee75,
  0xee35,0xe614,0xee55,0xee54,0xee54,0xe5f3,0xddd2,0xddb2,0xe5d3,0xd571,0xccef,0xcd0f,0xd510,0xb44d,0xabeb,0xa3aa,
  0xc46e,0xb3cc,0x9309,0x82a7,0x82c8,0x59a4,0x2840,0x1800,0x38a1,0x4944,0x40e2,0x3040,0x3061,0x38a2,0x48a2,0x48a1,
  0x4880,0x8246,0x92a8,0x92a7,0xa329,0x8a66,0x6121,0x4880,0x71c4,0x48e1,0x5103,0x40c2,0x40c2,0x2061,0x28a1,0x8309,
  0xab8a,0xab89,0xbbc9,0xb3c9,0x92c6,0x7245,0x7266,0x6a46,0x59e5,0x72a8,0x4984,0x0800,0x1861,0x2880,0x5162,0x61c3,
  0x69e4,0x6205,0x30c2,0x0800,0x3965,0x5268,0x4a07,0x5a47,0x6247,0x6268,0x6289,0x49e6,0x5206,0x62a8,0x730a,0x730a,
  0x6aa8,0x7b6b,0x838c,0x732a,0x5a27,0x1000,0x28e2,0x6247,0x9329,0x9b28,0x9b69,0x9b8a,0x9bab,0x936a,0x6205,0x59a3,
  0x938b,0x8b29,0x6a25,0x61c4,0x5163,0x5983,0x61e5,0x61e5,0x3081,0x2860,0x59e5,0x59e5,0x59c6,0x2860,0x1800,0x1860,
  0x2040,0x2060,0x30e3,0x28c2,0x1881,0x1040,0x1020,0x0800,0x0820,0x0000,0x0020,0x0020,0x0841,0x0020,0x0820,0x0000,
  0x0800,0x0800,0x0800,0x1020,0x2082,0x1840,0x1820,0x28a1,0x4123,0x4123,0x4122,0x4143,0x4984,0x3102,0x1860,0x0800,
  0x1041,0x1020,0x1000,0x1840,0x2040,0x28c1,0x30e2,0x28a1,0x30c1,0x2880,0x30c1,0x28a1,0x2881,0x2081,0x28c2,0x28e2,
  0x0000,0x0020,0x0000,0x0000,0x0040,0x0861,0x0861,0x0841,0x0840,0x1081,0x1081,0x1081,0x0840,0x0841,0x0820,0x0820,
  0x0000,0x0820,0x0020,0x0820,0x0000,0x0000,0x0000,0x0000,0x0000,0x0020,0x0020,0x0020,0x0000,0x0020,0x0020,0x0821,
  0x0000,0x0821,0x0820,0x0841,0x0020,0x0840,0x0000,0x0820,0x0000,0x0000,0x0000,0x1881,0x3185,0x62ca,0x9c91,0xb574,
  0xce17,0xd637,0xd657,0xde98,0xe6d9,0xde98,0xe71a,0xdeb8,0xce36,0xa512,0x9cf1,0x9490,0x94d1,0xbdf5,0xad74,0x7c0e,
  0x7c0e,0x73cd,0x73ee,0x740f,0x6bcd,0x8cd1,0x5b6c,0x5b0b,0x73ee,0x6b4c,0x10a1,0x2964,0x9cf1,0xef5b,0xe73a,0xe73a,
  0xe739,0xef5a,0xe719,0xe71a,0xdef9,0xef3a,0xe71a,0xef1a,0xef3b,0xdeb9,0xbd94,0x9470,0x8c2f,0xad12,0xb574,0xbd94,
  0xad53,0xacf2,0x62ca,0x3964,0x20e2,0x28e2,0x5aa8,0xacf1,0xce16,0xe6b8,0xde97,0xe6d9,0xe6d8,0xeef9,0xeef9,0xef1a,
  0xeef9,0xef19,0xe6d9,0xef1a,0xef19,0xeef9,0xe6d8,0xeef9,0xeef9,0xeef9,0xe6f9,0xef19,0xe6f9,0xef19,0xeef9,0xef1a,
  0xe6d8,0xeef9,0xef19,0xef1a,0xeef9,0xeef9,0xe6d8,0xeef9,0xeef9,0xeef9,0xe6d8,0xeed8,0xe6d8,0xeef9,0xeef8,0xeef8,
  0xe6b7,0xeef8,0xeef8,0xeef8,0xeed7,0xeef8,0xeed7,0xf6f8,0xeed7,0xeed7,0xeed7,0xeed7,0xeed7,0xeed7,0xeeb7,0xeed7,
  0xeeb7,0xeed7,0xeeb7,0xeeb7,0xe696,0xee96,0xee96,0xee97,0xee96,0xeeb7,0xee96,0xee96,0xe695,0xee96,0xe696,0xeeb6,
  0xee96,0xeeb6,0xee96,0xeeb7,0xee96,0xeeb6,0xee96,0xeeb7,0xee96,0xee96,0xe676,0xee76,0xe655,0xee75,0xee75,0xee96,
  0xee75,0xee76,0xee55,0xee55,0xe654,0xee55,0xee55,0xee75,0xe634,0xde13,0xddf3,0xe614,0xddd2,0xd591,0xd591,0xd571,
  0xcd50,0xd551,0xd551,0xb42c,0xb42c,0xb42c,0x9b69,0xb40c,0xa3ac,0x9309,0x7206,0x61c5,0x3880,0x2800,0x2860,0x4923,
  0x4102,0x3881,0x2800,0x40a2,0x40a2,0x4081,0x4040,0x6943,0x79e5,0x8a67,0x9b08,0x8a66,0x9b28,0x7a04,0x4060,0x6142,
  0x5101,0x48c1,0x4902,0x38a2,0x2861,0x2881,0x7ae8,0xa3ab,0xa3aa,0xb3a9,0xab88,0x92c6,0x71e3,0x7a86,0x6225,0x59c5,
  0x5a06,0x3903,0x1820,0x2081,0x1020,0x4142,0x61c4,0x5983,0x59c4,0x3902,0x1020,0x1041,0x1040,0x1881,0x20a1,0x5227,
  0x62a8,0x5227,0x49e6,0x5a48,0x6ac9,0x6ac9,0x72ea,0x6247,0x7b4b,0x730a,0x6ac9,0x6268,0x3102,0x2060,0x5a26,0x8329,
  0x8ae6,0xa348,0xa3aa,0xa3cb,0x9b8a,0x8329,0x4921,0x8309,0x93ab,0x7266,0x59a3,0x5983,0x5183,0x59c4,0x61c5,0x38c0,
  0x2860,0x51c5,0x5a06,0x59c5,0x2860,0x1000,0x1020,0x2060,0x1020,0x2881,0x28c2,0x2061,0x0820,0x0800,0x0000,0x0800,
  0x0000,0x0000,0x0000,0x0821,0x0000,0x0020,0x0020,0x0820,0x0000,0x0000,0x0000,0x1862,0x1861,0x1820,0x2060,0x38e2,
  0x3902,0x4143,0x3902,0x4163,0x3943,0x1860,0x0800,0x1861,0x1081,0x1040,0x0800,0x0800,0x0800,0x28a2,0x1840,0x28a2,
  0x28a1,0x2880,0x28a1,0x28a1,0x2080,0x2080,0x28c2,0x3103,0x0861,0x0861,0x1082,0x0861,0x1061,0x0861,0x1082,0x0861,
  0x1081,0x0861,0x1061,0x0861,0x0861,0x0840,0x0841,0x0020,0x0841,0x0840,0x0841,0x0000,0x0840,0x0840,0x0841,0x0020,
  0x0820,0x0020,0x0820,0x0000,0x0820,0x0000,0x0841,0x1062,0x1062,0x0862,0x0841,0x0820,0x0820,0x0020,0x0800,0x0000,
  0x0000,0x1061,0x4a27,0x83cd,0xb553,0xbdb4,0xce16,0xc5f5,0xce37,0xd677,0xd657,0xd678,0xdeb9,0xde98,0xdeb9,0xe6f9,
  0xe719,0xded9,0xce57,0xad53,0x94b1,0x6b8c,0x8c90,0xb5d5,0x8cb1,0x7c2f,0x73ee,0x6bad,0x52ea,0x5b2b,0x9d34,0x634c,
  0x73ce,0x9d13,0x2103,0x18c1,0x9490,0xf75b,0xe6fa,0xe6d9,0xef3a,0xe73a,0xef3b,0xe6fa,0xe71a,0xe71a,0xef3b,0xef1a,
  0xef1a,0xef1a,0xef1a,0xce37,0xa4d1,0x840e,0x9cb1,0xa4f2,0xbdb5,0xc5f6,0xa4b1,0x83ee,0x5aa9,0x3143,0x18a1,0x3985,
  0x734b,0xbdb5,0xf73b,0xe6d9,0xeef9,0xeef9,0xeed9,0xeef9,0xf719,0xef19,0xf719,0xef19,0xeefa,0xeed9,0xeef9,0xeed9,
  0xeef9,0xeef9,0xf71a,0xeef9,0xef1a,0xeef9,0xeefa,0xeef9,0xef1a,0xeef9,0xeef9,0xeef9,0xef19,0xe6d8,0xeed9,0xeef9,
  0xef19,0xeed8,0xf6f9,0xeef9,0xeef9,0xeed8,0xeef9,0xeef8,0xeed8,0xe6d7,0xf6f8,0xeef8,0xf719,0xeed8,0xeed8,0xeef8,
  0xf6f8,0xeed8,0xf6f8,0xeed8,0xf6f8,0xeed7,0xeeb7,0xee97,0xeeb7,0xeeb7,0xf6d7,0xeeb7,0xee96,0xe676,0xee97,0xeeb7,
  0xf6d7,0xee96,0xee96,0xee96,0xf6d7,0xeeb6,0xeeb6,0xee96,0xeeb6,0xee96,0xee96,0xee96,0xee96,0xee96,0xf697,0xeeb7,
  0xf6b7,0xee96,0xee76,0xee76,0xf696,0xee55,0xee56,0xee55,0xee76,0xee55,0xee76,0xee75,0xee55,0xee55,0xf696,0xe634,
  0xee54,0xe634,0xe614,0xe614,0xddb3,0xcd71,0xedf4,0xd550,0xcd10,0xbc6d,0xb42d,0xbc4d,0xabec,0xa3ab,0x9b6a,0x9b6a,
  0x8b0a,0x61e6,0x4944,0x2000,0x3061,0x5164,0x5965,0x40a1,0x3860,0x40a1,0x48e2,0x48e2,0x3840,0x3860,0x6102,0x9246,
  0x9a87,0x8a66,0x92c7,0x9b28,0x92c7,0x6121,0x58e1,0x71c4,0x5922,0x40c1,0x4903,0x2861,0x1800,0x6a24,0xa3aa,0xa389,
  0xa389,0xa369,0x9307,0x7204,0x7225,0x7266,0x59e5,0x4143,0x28c2,0x1020,0x2061,0x1800,0x38a1,0x5163,0x61e5,0x6206,
  0x4143,0x1000,0x28c2,0x20c2,0x1061,0x1040,0x1041,0x1881,0x3124,0x5248,0x6b0b,0x62c9,0x6aa9,0x5a47,0x834b,0x6267,
  0x6248,0x6aca,0x7b0b,0x3944,0x1000,0x51a3,0x8b09,0x8ae7,0x9327,0x9347,0xa3ca,0xa3aa,0x9b8a,0x59a2,0x6a46,0x9bab,
  0x7267,0x59a4,0x5163,0x5163,0x59c5,0x61e5,0x4923,0x2860,0x4963,0x5a26,0x5a06,0x30e2,0x1800,0x1840,0x2060,0x1840,
  0x2081,0x2081,0x2081,0x1840,0x0820,0x0000,0x0020,0x0020,0x0820,0x0000,0x0820,0x0800,0x1021,0x0000,0x0821,0x0820,
  0x0820,0x0000,0x1081,0x18a2,0x1840,0x2081,0x38e3,0x38c2,0x4944,0x4102,0x4123,0x4163,0x20c1,0x0000,0x0840,0x1082,
  0x1062,0x0020,0x0841,0x0020,0x0800,0x0800,0x1861,0x28c2,0x30c2,0x2061,0x30e3,0x2060,0x28a1,0x2081,0x28a1,0x3102,
  0x0840,0x0861,0x0840,0x0841,0x0040,0x0841,0x0040,0x1081,0x0861,0x0861,0x0840,0x0841,0x0020,0x0020,0x0020,0x0840,
  0x0020,0x0841,0x0020,0x0020,0x0020,0x0840,0x0000,0x0020,0x0000,0x0020,0x0000,0x0000,0x0000,0x0841,0x0841,0x1082,
  0x0841,0x0821,0x0000,0x0000,0x0000,0x0820,0x0000,0x1040,0x39a5,0x9c91,0xce37,0xd677,0xce36,0xd677,0xc615,0xd657,
  0xc616,0xd677,0xd678,0xdeb8,0xd677,0xde98,0xdeb8,0xdeb8,0xdeb8,0xdeb8,0xd698,0xdef9,0xce57,0xa533,0x6b8c,0x94b1,
  0x8c90,0x9d12,0x8470,0x8470,0x634c,0x5b2b,0x8cb1,0x5b2b,0x5b0b,0x7bce,0x2964,0x1081,0x83ce,0xe6fa,0xe71a,0xef1a,
  0xe71a,0xef3a,0xe71a,0xe71a,0xe71a,0xef1b,0xe71a,0xef5b,0xef1a,0xe6d9,0xef1a,0xf77b,0xce16,0xa4d1,0x83cd,0xb553,
  0xa4f1,0xbd94,0xce16,0xad33,0x8c0e,0x734c,0x5247,0x28e2,0x3143,0x62ca,0xad12,0xd657,0xeed9,0xeed9,0xe6b8,0xeef9,
  0xeed9,0xeed9,0xeef9,0xeef9,0xe6d9,0xeed9,0xe6d8,0xe6d9,0xe6d9,0xeef9,0xeef9,0xeef9,0xeef9,0xeef9,0xe6f9,0xeef9,
  0xeef9,0xeef9,0xe6f8,0xef19,0xeef9,0xeef9,0xe6d8,0xe6d8,0xe6d8,0xeef9,0xeef8,0xf719,0xeef8,0xeed8,0xe6d8,0xeed8,
  0xe6b7,0xeed8,0xe6d7,0xeef8,0xeed8,0xeed8,0xe6b7,0xeed8,0xeed7,0xeed8,0xe6b7,0xeed7,0xeeb7,0xeeb7,0xeeb7,0xeeb7,
  0xee96,0xee97,0xe696,0xee97,0xee96,0xee96,0xee76,0xeeb6,0xee96,0xee96,0xe675,0xee96,0xe696,0xee96,0xe675,0xee96,
  0xe696,0xeeb6,0xee96,0xeeb6,0xee96,0xee96,0xee76,0xee96,0xee96,0xee96,0xee76,0xee96,0xee75,0xee76,0xee75,0xee75,
  0xe655,0xee75,0xe634,0xee75,0xee54,0xee54,0xe634,0xe613,0xe613,0xee54,0xe614,0xd571,0xd592,0xe5d3,0xc4cf,0xcd10,
  0xc4cf,0x9b6a,0xb42c,0xa3cc,0x82c8,0x8ac9,0x7a66,0x7a67,0x5184,0x2000,0x1800,0x4923,0x59a5,0x4923,0x2820,0x4081,
  0x40a1,0x5923,0x40a1,0x3840,0x4060,0x71a5,0x79e5,0x8a25,0xa2e8,0x9ac7,0x92a6,0x92c7,0x7a25,0x50c0,0x6162,0x5102,
  0x48c1,0x4923,0x2861,0x1800,0x59e4,0xabca,0xa389,0xa389,0xa389,0x8ac7,0x7224,0x7225,0x6a25,0x59a4,0x4122,0x1820,
  0x30e2,0x28c2,0x1000,0x2840,0x59c4,0x6206,0x51c5,0x51e5,0x1840,0x1861,0x1860,0x1861,0x20c2,0x28e3,0x20e2,0x1861,
  0x1040,0x3964,0x4a07,0x4a06,0x6288,0x6247,0x51e5,0x6aa9,0x6268,0x8bce,0x5a48,0x1000,0x30c1,0x8b29,0x9328,0x9b69,
  0x9b48,0x9348,0xa3ea,0xabeb,0x6a44,0x5141,0x8b49,0x8b29,0x5163,0x5163,0x4942,0x4943,0x6206,0x5164,0x2020,0x3902,
  0x59e5,0x59c5,0x4143,0x2040,0x1000,0x28a1,0x1840,0x2081,0x20a2,0x2082,0x0800,0x0800,0x0800,0x0000,0x0020,0x0020,
  0x0000,0x0800,0x0000,0x0800,0x0800,0x0800,0x0000,0x0820,0x0000,0x0820,0x1081,0x1020,0x1860,0x30c2,0x3903,0x4103,
  0x38c2,0x4123,0x4163,0x28e2,0x0800,0x0820,0x1081,0x0841,0x0000,0x0841,0x0040,0x0840,0x0000,0x0800,0x0800,0x1861,
  0x2081,0x2881,0x28c2,0x2061,0x2881,0x2881,0x2080,0x30c2,0x0841,0x0840,0x0861,0x0040,0x0841,0x0840,0x0841,0x0020,
  0x0841,0x0020,0x0820,0x0020,0x0841,0x0840,0x0020,0x0000,0x0820,0x0020,0x0020,0x0000,0x0020,0x0020,0x0820,0x0020,
  0x0820,0x0000,0x0820,0x0020,0x0820,0x0020,0x0820,0x0020,0x0841,0x0000,0x0841,0x0000,0x0800,0x0820,0x3144,0x738c,
  0xb554,0xded9,0xdeb9,0xce16,0xc5d5,0xce36,0xc5f6,0xd677,0xde99,0xef3b,0xe6da,0xdeb8,0xef1a,0xded9,0xdeb9,0xdeb8,
  0xdeb8,0xd677,0xd698,0xdeb9,0xded9,0xce98,0xbe16,0x8c70,0x9d13,0xa574,0x8cb1,0x6bad,0x6b8d,0x3a27,0x31c6,0x2144,
  0x2985,0x39c6,0x39c6,0x10a1,0x7bce,0xd678,0xef1a,0xe71a,0xef3a,0xe71a,0xe73a,0xe71a,0xef1b,0xef1a,0xef1a,0xe6fa,
  0xef1a,0xef1a,0xeefa,0xded9,0xf77c,0xde98,0xa4d1,0x8c2f,0xa4f2,0xad12,0xad12,0xad33,0xd658,0xa4f2,0x8bee,0x62c9,
  0x49e6,0x2903,0x41a5,0x62c9,0xb533,0xe6d9,0xeef9,0xde77,0xeeb9,0xeef9,0xeed9,0xeef9,0xef1a,0xeef9,0xef1a,0xeef9,
  0xef1a,0xef19,0xef1a,0xeef9,0xef19,0xeef9,0xeef9,0xeef9,0xeef9,0xeef9,0xef19,0xeef9,0xeef9,0xeef9,0xeef9,0xe6d8,
  0xeed9,0xeef9,0xf719,0xeef9,0xf719,0xeef8,0xeef9,0xeef8,0xf6f8,0xeef8,0xeef8,0xeef8,0xf6f8,0xeed8,0xeed8,0xeed7,
  0xeef8,0xeed8,0xf6d8,0xeeb7,0xeed8,0xeeb7,0xf6d8,0xeeb7,0xeeb7,0xee96,0xee97,0xee96,0xf6b7,0xeeb7,0xf6b7,0xee96,
  0xf6b7,0xeeb6,0xeeb7,0xee96,0xee96,0xeeb6,0xeeb7,0xee96,0xee96,0xee96,0xee96,0xe676,0xf6b7,0xee96,0xeeb6,0xee96,
  0xf697,0xee76,0xf697,0xee75,0xee76,0xee55,0xee76,0xee55,0xee55,0xee75,0xee75,0xee55,0xf675,0xe5f3,0xe5f3,0xddf2,
  0xe5f3,0xe5f3,0xddb2,0xd571,0xdd72,0xc4ae,0xbc6d,0xc4cf,0xac0c,0xbc6e,0x9329,0x82a8,0x9b8c,0x7287,0x4902,0x38a2,
  0x2800,0x38a2,0x4923,0x4923,0x40a1,0x3040,0x3880,0x5143,0x5102,0x48c1,0x3840,0x50e1,0x8267,0x8aa8,0x9288,0x8205,
  0xb34a,0xa308,0x9ae7,0x9ae7,0x71c3,0x5942,0x6163,0x4902,0x5103,0x4902,0x2820,0x59c4,0xabec,0xb3ea,0xabaa,0xa389,
  0x9308,0x7225,0x61e4,0x61e5,0x5163,0x30a0,0x1800,0x3902,0x4984,0x2060,0x2040,0x4963,0x61e5,0x59e5,0x4984,0x2060,
  0x1840,0x28c2,0x28e3,0x18a2,0x20c2,0x1020,0x3965,0x20a1,0x20a2,0x1860,0x2903,0x49c6,0x51e6,0x5a47,0x6268,0x730a,
  0x7b0b,0x6aaa,0x28c2,0x2040,0x6a47,0x936a,0xa38a,0xa3a9,0xabca,0x9b89,0x9b89,0x8ae7,0x5982,0x7aa6,0x8b29,0x59e4,
  0x5143,0x5184,0x6206,0x61e5,0x5143,0x2840,0x38a1,0x5a06,0x6227,0x4122,0x1800,0x1000,0x2061,0x1020,0x1861,0x20a2,
  0x20a2,0x1020,0x0800,0x0800,0x0800,0x0000,0x0020,0x0020,0x0820,0x0000,0x0820,0x0800,0x0800,0x1041,0x0800,0x0800,
  0x0800,0x1041,0x1061,0x1020,0x28a2,0x3903,0x4124,0x4123,0x38e2,0x4143,0x3923,0x1860,0x0820,0x0820,0x1081,0x0840,
  0x0821,0x0820,0x0820,0x0840,0x1041,0x0800,0x0800,0x0800,0x1841,0x20a2,0x28c2,0x2060,0x28c2,0x2081,0x28a1,0x30c2,
  0x0000,0x0840,0x0040,0x0841,0x0040,0x0861,0x0840,0x0861,0x0040,0x0840,0x0020,0x0020,0x0000,0x0000,0x0000,0x0000,
  0x0000,0x0020,0x0000,0x0000,0x0000,0x0020,0x0020,0x0820,0x0020,0x0020,0x0020,0x0820,0x0020,0x0840,0x0020,0x0000,
  0x0000,0x0000,0x0000,0x0000,0x2944,0x6b2c,0xa4d2,0xde99,0xded9,0xd678,0xb594,0x8c2e,0x6b6b,0x7b8c,0x6b2b,0x7bad,
  0x840e,0x83ee,0xa4f1,0xce37,0xdeb9,0xe6fa,0xdeb8,0xde98,0xd677,0xdeb8,0xd678,0xd678,0xded9,0xd698,0xe71a,0xce78,
  0x73ee,0x52ea,0x31e6,0x1082,0x10c2,0x0881,0x2985,0x2965,0x4a89,0x5aca,0x5aca,0x0840,0x630a,0xde78,0xef3b,0xef1a,
  0xe71a,0xe71a,0xe6f9,0xe71a,0xe6fa,0xe6fa,0xe71a,0xef1a,0xded9,0xe71a,0xe6f9,0xe6fa,0xe6f9,0xef3b,0xdeb9,0xbd74,
  0x946f,0x9470,0xa4b1,0x7b8c,0xd678,0xd637,0xbd95,0x8c0f,0x6b0a,0x5227,0x28e2,0x3123,0x41a4,0x8c0e,0xcdf6,0xe6d9,
  0xe6d8,0xe6b8,0xe6b8,0xeef9,0xe6d9,0xef19,0xeef9,0xef19,0xeef9,0xef19,0xeef9,0xeef9,0xeef9,0xef19,0xeef9,0xeef9,
  0xe6d8,0xeef9,0xeef9,0xeef9,0xe6d8,0xeef9,0xeef8,0xeef9,0xe6d8,0xeef9,0xeef8,0xeef9,0xeef8,0xeef8,0xeef8,0xf6f9,
  0xeed8,0xeef8,0xeed8,0xeef8,0xeed7,0xeed8,0xeed8,0xeed8,0xeed7,0xeed8,0xeed7,0xeed8,0xeeb7,0xeed8,0xeeb7,0xeeb7,
  0xee96,0xeeb7,0xeeb6,0xeeb7,0xee96,0xee96,0xee96,0xee96,0xee96,0xeeb6,0xee96,0xee96,0xe675,0xee96,0xe696,0xee96,
  0xe695,0xee96,0xee96,0xee96,0xee76,0xee96,0xee96,0xee96,0xe655,0xee76,0xe655,0xee96,0xee75,0xee75,0xee75,0xee35,
  0xe613,0xee55,0xee34,0xee55,0xe633,0xddf3,0xe5f3,0xee34,0xe5f3,0xe5d2,0xdd71,0xe592,0xc4ce,0xc4ae,0xbc6d,0xb42d,
  0x9b8a,0x9b6b,0x9b8c,0x7aa8,0x4102,0x38c2,0x1800,0x2820,0x4123,0x40c2,0x3081,0x40a2,0x40c1,0x4080,0x4902,0x48c1,
  0x4080,0x4060,0x69a3,0x8226,0x9b09,0x92a7,0x92a7,0x9287,0x92a7,0xb369,0x9ac6,0x9286,0x50a0,0x6163,0x5123,0x5144,
  0x38a1,0x2000,0x5142,0x9b8a,0xb40b,0xaba9,0xab89,0x9307,0x7224,0x61e4,0x59e5,0x5184,0x2040,0x1800,0x30c2,0x5a06,
  0x4123,0x1800,0x4943,0x51c4,0x51c5,0x4984,0x2060,0x1000,0x28e2,0x28e2,0x20a2,0x2903,0x20c2,0x20c2,0x3123,0x3985,
  0x3144,0x28c2,0x20e2,0x5a48,0x49c5,0x62a9,0x7b4b,0x6a89,0x732b,0x4185,0x1000,0x4984,0x7ae8,0x9329,0xa389,0xaba9,
  0xa3a9,0xabeb,0x9b8a,0x61a3,0x7286,0x9bab,0x6205,0x5183,0x4963,0x59c5,0x5184,0x4943,0x3080,0x30a1,0x51c4,0x6247,
  0x4143,0x2020,0x1820,0x2060,0x1860,0x1840,0x1881,0x20c3,0x0820,0x0000,0x0800,0x0820,0x0000,0x0000,0x0000,0x0820,
  0x0000,0x0020,0x0000,0x0820,0x0020,0x0840,0x0800,0x0800,0x0820,0x1861,0x1000,0x2081,0x28c1,0x3923,0x3903,0x4103,
  0x3923,0x3923,0x1040,0x1020,0x0860,0x0840,0x0020,0x0841,0x0820,0x0820,0x0000,0x0841,0x0841,0x1061,0x0820,0x0800,
  0x0800,0x1861,0x2081,0x2081,0x28c1,0x2081,0x28a1,0x30c2,0x0840,0x0840,0x0861,0x0840,0x0841,0x0840,0x0841,0x0020,
  0x0020,0x0000,0x0020,0x0020,0x0840,0x0020,0x0820,0x0020,0x0840,0x0020,0x0820,0x0020,0x0020,0x0020,0x0820,0x0020,
  0x0820,0x0020,0x0820,0x0020,0x0820,0x0000,0x0820,0x0000,0x0000,0x0000,0x0000,0x18c2,0x7bae,0xd699,0xde99,0xad53,
  0x9cb1,0x946f,0x7b8c,0x8c0e,0x8c0e,0x946f,0x736c,0x630a,0x6b0a,0x6b4b,0x734b,0x630a,0x6b2b,0x9490,0xce17,0xde98,
  0xdeb8,0xd677,0xde98,0xd678,0xd678,0xce78,0x8c70,0x4a68,0x2123,0x0040,0x0040,0x2985,0x52ca,0x4227,0x4a69,0x6b6c,
  0x31c6,0x4a89,0x632b,0x1081,0x4a27,0xb594,0xf75b,0xe71a,0xef3a,0xe71a,0xe71a,0xe71a,0xe71a,0xe6f9,0xdeb9,0xded9,
  0xef3b,0xe6f9,0xe6fa,0xef1a,0xef3b,0xe6fa,0xef1a,0xe6fa,0xc5b5,0x83cd,0xa491,0xacf2,0x9450,0xd637,0xde78,0xbd74,
  0x9450,0x6aea,0x5a68,0x5206,0x2080,0x1860,0x5a68,0xc595,0xef1a,0xe6b8,0xe6d9,0xe6d9,0xeed9,0xeef9,0xeefa,0xeef9,
  0xeef9,0xe6d8,0xeef9,0xeef9,0xef19,0xeef8,0xef19,0xeef9,0xeef9,0xeef9,0xf71a,0xeef8,0xeef9,0xe6f8,0xef19,0xeef9,
  0xf719,0xeef9,0xf6f9,0xeef8,0xeef8,0xeef8,0xeef9,0xeed8,0xeed8,0xeed8,0xf6f8,0xeed8,0xeed8,0xeed7,0xeed8,0xeeb7,
  0xeed8,0xeeb7,0xeed8,0xeeb7,0xeeb7,0xeeb7,0xeeb7,0xee97,0xeeb7,0xeeb7,0xf6d7,0xeeb7,0xeeb7,0xee96,0xee97,0xe676,
  0xee96,0xee96,0xf6b7,0xee96,0xee96,0xe695,0xee96,0xe696,0xee96,0xee96,0xee96,0xee96,0xee76,0xee76,0xee76,0xee76,
  0xee76,0xe655,0xee55,0xee55,0xee76,0xee55,0xee55,0xee34,0xee34,0xee54,0xee54,0xe614,0xe5f3,0xddd2,0xee14,0xe613,
  0xddb2,0xdd91,0xcccf,0xb42c,0xbc4d,0x9b69,0xa3ab,0xa3cc,0x936a,0x936b,0x7a88,0x38a1,0x2020,0x1800,0x30a2,0x4103,
  0x40c2,0x3080,0x3020,0x3881,0x5984,0x5122,0x50e2,0x3800,0x4880,0x71a3,0x9ae9,0x92c7,0x9286,0x9ae8,0x92a8,0x8a87,
  0x9287,0xa308,0xb369,0x6100,0x50a0,0x48c1,0x61a6,0x4903,0x2000,0x38a1,0x9b6a,0xbc0b,0xb3ca,0xb40a,0x9b07,0x7a45,
  0x6a04,0x6205,0x4922,0x2040,0x30a1,0x38e2,0x6227,0x5184,0x2020,0x30a1,0x6a26,0x6206,0x5a26,0x30e2,0x1820,0x3103,
  0x3964,0x20c2,0x41a6,0x20c3,0x20c2,0x28e3,0x49c6,0x2902,0x3144,0x20c1,0x3965,0x6aca,0x7b4b,0x6aea,0x6aca,0x730a,
  0x6268,0x1840,0x3923,0x7ac8,0x8b29,0x9349,0xa369,0xab89,0xa38a,0x9b8a,0x7245,0x59a3,0xa3cb,0x7ac8,0x6205,0x4122,
  0x5183,0x59c5,0x4943,0x3060,0x38c1,0x51a4,0x6207,0x51c5,0x2860,0x1800,0x2081,0x1000,0x1020,0x20a2,0x28c3,0x1041,
  0x0800,0x0000,0x0800,0x0000,0x0820,0x0000,0x0820,0x0820,0x0820,0x0020,0x0820,0x0020,0x0861,0x0020,0x1041,0x0000,
  0x1861,0x1861,0x1841,0x30e2,0x30e2,0x3923,0x4124,0x38e3,0x4164,0x2081,0x0800,0x1040,0x0841,0x0840,0x1061,0x0820,
  0x0820,0x0820,0x1041,0x0820,0x1041,0x1061,0x1061,0x0820,0x0820,0x0800,0x1861,0x2081,0x30e3,0x2081,0x28a2,0x2881,
  0x0040,0x0861,0x0840,0x0841,0x0020,0x0840,0x0020,0x0020,0x0020,0x0020,0x0000,0x0020,0x0020,0x0020,0x0000,0x0020,
  0x0020,0x0020,0x0000,0x0020,0x0000,0x0000,0x0000,0x0020,0x0000,0x0000,0x0000,0x0000,0x0000,0x0020,0x0000,0x0840,
  0x0840,0x0840,0x0840,0x738d,0xbdb5,0xbdb5,0xad33,0x8c2f,0x8c2f,0x83ee,0x7bad,0x944f,0x8c2f,0xa4d1,0xa4f1,0xa512,
  0xa4d2,0x9cb1,0x7bcd,0x7b8c,0x6b4b,0x736c,0x738c,0x8c2f,0xad33,0xce16,0xce37,0xbd95,0x7bad,0x4206,0x18c1,0x0040,
  0x1903,0x4227,0x4a88,0x5b0b,0x632c,0x632c,0x31c6,0x5aea,0x4248,0x5289,0x39c6,0x20e2,0x41e6,0xb574,0xef3b,0xe6fa,
  0xe6f9,0xe73a,0xe719,0xe71a,0xe6fa,0xe6fa,0xef1a,0xef3a,0xded9,0xe6f9,0xe6f9,0xe6f9,0xe6f9,0xe6f9,0xded8,0xef3b,
  0xe71a,0xc5d5,0x8c2e,0x7b8c,0x9c90,0xbd74,0xd616,0xc5b5,0xcdd5,0xa4b1,0x7b6c,0x5a88,0x3964,0x3103,0x20c1,0x3123,
  0x732b,0xd617,0xe6d9,0xe6b9,0xe6b8,0xeef9,0xeed9,0xeed9,0xeed8,0xeef9,0xeed8,0xeef9,0xeed8,0xeef9,0xe6d8,0xeef8,
  0xeed8,0xeef9,0xe6f8,0xeef8,0xe6d8,0xeef9,0xeef8,0xeef9,0xeed8,0xeef9,0xeed8,0xeed8,0xeed8,0xeed8,0xe6d7,0xeed8,
  0xeed8,0xeed8,0xeed8,0xeef8,0xeed8,0xf6d8,0xeed7,0xeed7,0xeeb7,0xeeb7,0xe6b7,0xeeb7,0xe6b7,0xeeb7,0xee97,0xeeb7,
  0xee96,0xeeb7,0xeeb6,0xeeb7,0xee96,0xeeb7,0xee96,0xee96,0xee96,0xee96,0xee96,0xeeb6,0xee96,0xeeb7,0xee96,0xeeb6,
  0xee96,0xee96,0xe655,0xe675,0xee75,0xee76,0xe655,0xee75,0xe655,0xee55,0xe634,0xe634,0xe634,0xee55,0xe614,0xee34,
  0xe634,0xee34,0xddd2,0xddd2,0xddd2,0xedf3,0xee13,0xddb2,0xcd30,0xbc6d,0xa3ab,0xb40c,0x9b8a,0xa38b,0xa3ab,0x8b09,
  0x82c8,0x5984,0x2820,0x2000,0x2840,0x4103,0x2840,0x3061,0x3081,0x40e2,0x40e2,0x40c1,0x48e1,0x48a0,0x4040,0x5901,
  0x79e4,0x9ac8,0x9ac7,0x9ac7,0xa2e7,0xab49,0x9ae8,0x92c8,0x8a66,0x9ac7,0x8a45,0x58e1,0x50c1,0x5103,0x40c2,0x2820,
  0x38a1,0x8b29,0xa3aa,0xb3c9,0xb3e9,0xa348,0x7a65,0x69e3,0x61c3,0x5142,0x2840,0x2840,0x4984,0x5a06,0x4964,0x38c2,
  0x2000,0x61e5,0x6205,0x59e6,0x28c1,0x20a1,0x2080,0x28c2,0x20a1,0x2903,0x3144,0x2904,0x2923,0x41a5,0x2903,0x2903,
  0x3964,0x4185,0x41a5,0x6b0a,0x732b,0x6aca,0x6aea,0x6aca,0x2081,0x1820,0x6a67,0x93ac,0x9349,0xa369,0x9b27,0xab89,
  0xa3aa,0x8b09,0x4900,0x9349,0x82e8,0x5183,0x4101,0x51a4,0x4963,0x5184,0x2880,0x2881,0x51a4,0x59c5,0x51c5,0x2881,
  0x1000,0x2061,0x1000,0x1840,0x20c2,0x20c2,0x1040,0x0000,0x0000,0x0800,0x0000,0x0000,0x0820,0x0800,0x0800,0x0820,
  0x0000,0x0020,0x0000,0x0020,0x0020,0x0000,0x0800,0x1020,0x1020,0x2061,0x28a2,0x3902,0x30c1,0x4103,0x3923,0x30e3,
  0x20a1,0x1020,0x0000,0x0841,0x0000,0x0820,0x0841,0x0840,0x0000,0x0820,0x0820,0x0820,0x0820,0x1041,0x0840,0x1061,
  0x0820,0x0000,0x0800,0x1860,0x20a1,0x2081,0x2081,0x2881,0x0841,0x0841,0x0861,0x0840,0x0841,0x0020,0x0020,0x0020,
  0x0841,0x0020,0x0840,0x0020,0x0820,0x0000,0x0020,0x0020,0x0841,0x0020,0x0020,0x0020,0x0820,0x0020,0x0820,0x0000,
  0x0020,0x0000,0x0000,0x0000,0x0020,0x0020,0x0000,0x0020,0x0841,0x0000,0x1881,0xb595,0xc5d6,0x9cb1,0xa4f2,0x840e,
  0x9cb1,0xa4f2,0xa4f2,0xad33,0xad13,0xa4f2,0xbdb5,0xa512,0xad13,0x9c90,0x9cb1,0xb594,0xc5d6,0xad53,0xa4f2,0xa4f1,
  0x9c90,0xa4d2,0x8c2f,0x3184,0x1881,0x39c5,0x39e6,0x6b4c,0x5289,0x6b8d,0x52a9,0x634c,0x5aca,0x4a89,0x3185,0x52a9,
  0x4a89,0x8430,0x5289,0x2103,0x3165,0xbd95,0xf75b,0xded9,0xe71a,0xe73a,0xef3a,0xe73a,0xef1a,0xe6fa,0xef1a,0xe6f9,
  0xef1a,0xe71a,0xef1a,0xe6f9,0xef1a,0xef1a,0xe6f9,0xe6f9,0xe6d9,0xef1a,0xcdf6,0x734b,0x944f,0xa4b1,0xcdf6,0xcdd6,
  0xc595,0xce16,0xbd54,0x8c0e,0x6289,0x4185,0x4185,0x28e2,0x1881,0x5a89,0xb533,0xe6b8,0xf6fa,0xeed9,0xeed9,0xe6d8,
  0xeed9,0xeed9,0xeef9,0xe6d8,0xeed9,0xeed8,0xeed8,0xeed8,0xf6f9,0xeed8,0xeef9,0xe6f8,0xeef9,0xeed8,0xeef9,0xe6d8,
  0xeed8,0xeed8,0xeed8,0xe6b7,0xeed8,0xeed8,0xeef8,0xeed8,0xeed8,0xeed8,0xeef8,0xeed8,0xf6f8,0xeed8,0xeed8,0xf6f8,
  0xf6f8,0xeed8,0xf6f8,0xeed8,0xf6f8,0xeeb7,0xf6d8,0xeeb7,0xeeb7,0xee96,0xee97,0xeeb6,0xf6d7,0xeeb7,0xeeb7,0xee96,
  0xee96,0xe676,0xee96,0xee96,0xeeb7,0xeeb6,0xeeb7,0xee96,0xf6b7,0xee96,0xee96,0xee96,0xf6b7,0xee76,0xee75,0xe655,
  0xee76,0xee55,0xee55,0xe614,0xee55,0xe654,0xe634,0xe613,0xe614,0xd592,0xddb2,0xe5f3,0xe5d3,0xe5f3,0xdd92,0xb44c,
  0x9349,0x9329,0xabed,0xa3cc,0xabed,0x9b6a,0x7246,0x4902,0x3040,0x2800,0x3880,0x40c2,0x40a2,0x40e2,0x38c2,0x3060,
  0x4903,0x38a1,0x40a1,0x40a0,0x3820,0x4880,0x8226,0x9ae8,0x9aa7,0xab4a,0x9ac7,0xab49,0xab08,0xb349,0xbbcb,0x9b08,
  0x9ae8,0x7a25,0x5902,0x5122,0x5944,0x5123,0x3040,0x3060,0x8ac9,0xabec,0xabca,0xb3c9,0xb3ca,0x7a65,0x7a66,0x61c3,
  0x48e1,0x2820,0x3040,0x6205,0x59a5,0x6206,0x4102,0x2840,0x4943,0x59c5,0x6226,0x3923,0x1820,0x2902,0x28c2,0x28e2,
  0x3103,0x2923,0x28e3,0x20e2,0x3144,0x28e3,0x3965,0x3985,0x41a5,0x49e6,0x5a88,0x62c9,0x732b,0x732b,0x6ac9,0x3123,
  0x1820,0x51e5,0x832a,0x9bab,0xa38b,0x9b49,0xab89,0xa348,0x9b4a,0x5983,0x7246,0x8b2a,0x61a4,0x4101,0x5183,0x6205,
  0x59c5,0x3080,0x3080,0x51c5,0x5a06,0x51c5,0x38e2,0x1000,0x2861,0x2060,0x1861,0x20c2,0x20c3,0x1061,0x0800,0x0000,
  0x0000,0x0000,0x0020,0x0020,0x0820,0x0800,0x0820,0x0820,0x0820,0x0020,0x0020,0x0020,0x0020,0x0000,0x0820,0x1861,
  0x1820,0x2061,0x4144,0x3902,0x3902,0x38e2,0x3923,0x28c2,0x1020,0x0800,0x0820,0x0021,0x0841,0x0000,0x0821,0x0820,
  0x0820,0x0800,0x0800,0x0820,0x1062,0x1061,0x1061,0x0840,0x1061,0x0840,0x0800,0x0820,0x2061,0x2061,0x30c2,0x28a2,
  0x0020,0x0020,0x0020,0x0841,0x0020,0x0840,0x0020,0x0840,0x0020,0x0841,0x0020,0x0020,0x0020,0x0020,0x0020,0x0020,
  0x0020,0x0840,0x0000,0x0020,0x0020,0x0020,0x0020,0x0820,0x0000,0x0000,0x0000,0x0000,0x0000,0x0000,0x0000,0x1061,
  0x0020,0x0840,0x0860,0xbdb5,0xa512,0xa4f2,0xad12,0x8c2f,0x736b,0x83ed,0x83cd,0x7bad,0x8c2f,0x9cd1,0xb553,0xb574,
  0xb594,0xbdb5,0xc616,0xb574,0x9490,0xbdb5,0xc5f6,0xd657,0xd677,0x734c,0x0000,0x39a5,0x31a5,0x7bad,0x39e6,0x4a68,
  0x31a5,0x4227,0x4a89,0x52a9,0x5aea,0x738d,0x31c6,0x4a69,0x3a07,0x8c71,0x4a48,0x20e2,0x2923,0xad33,0xe71a,0xe6d9,
  0xe6f9,0xe73a,0xe71a,0xe71a,0xe6f9,0xe6f9,0xe6f9,0xef1a,0xe719,0xef1a,0xe6f9,0xef1a,0xe6f9,0xe6f9,0xe6d9,0xe6f9,
  0xe6f9,0xe6d9,0xef1a,0xd657,0x942e,0x83ac,0x9c90,0xde78,0xc594,0xbd53,0xd637,0xd617,0x7b8c,0x62c9,0x7b6c,0x5a68,
  0x3143,0x1881,0x2902,0x942f,0xd657,0xf73a,0xe6b8,0xf71a,0xe6d8,0xeed9,0xe6d8,0xe6b8,0xeef8,0xeef8,0xe6b7,0xeef8,
  0xe6b7,0xeef8,0xeef8,0xeef9,0xe6d8,0xeed8,0xeed8,0xeef8,0xe6b7,0xeed8,0xe6d8,0xeed8,0xe6b7,0xe6b7,0xe6b7,0xeed8,
  0xe6b7,0xeed8,0xeed8,0xeed8,0xeeb7,0xeed8,0xeed7,0xf6f8,0xeef8,0xf6f8,0xeed7,0xf6d8,0xeeb7,0xeed8,0xeed7,0xf6d7,
  0xe696,0xee97,0xee96,0xeeb7,0xeeb6,0xeeb7,0xee96,0xee96,0xe675,0xee96,0xee96,0xeeb6,0xee96,0xee96,0xee96,0xeeb6,
  0xee96,0xeeb6,0xee96,0xee96,0xee96,0xee96,0xee75,0xee76,0xe655,0xe655,0xe614,0xe634,0xee54,0xe614,0xe614,0xe614,
  0xd591,0xd592,0xddd3,0xe5f3,0xd571,0xe5d3,0xa3eb,0x8b08,0xa3cb,0xa3cc,0xb46f,0x8b4a,0x59c4,0x5984,0x3040,0x2820,
  0x40c1,0x5143,0x38a1,0x4903,0x40e2,0x5144,0x5164,0x4902,0x3860,0x5102,0x3020,0x3000,0x48a0,0x8267,0x8a66,0x9ae8,
  0xa308,0xb369,0xab28,0x9aa6,0x9aa6,0xbb8a,0xb369,0xb3aa,0x8265,0x71c4,0x5102,0x48e2,0x61c6,0x3061,0x3020,0x7a46,
  0xa3ab,0xb40b,0xa389,0xb3ea,0x7244,0x7246,0x7225,0x48e2,0x2000,0x5143,0x6183,0x7205,0x61c4,0x59a4,0x3080,0x30a1,
  0x51c5,0x5a27,0x3923,0x1840,0x2923,0x20c2,0x1881,0x2903,0x3123,0x3144,0x3985,0x28e3,0x3123,0x28e2,0x41a5,0x3964,
  0x49e6,0x6289,0x5a48,0x7b6c,0x62a9,0x730a,0x49c5,0x1000,0x3943,0x7b09,0x8b4a,0x936a,0x9b69,0x9b49,0xa369,0x9b69,
  0x59a3,0x4902,0x9b8b,0x61e5,0x4942,0x5163,0x59e5,0x61e5,0x30c1,0x2840,0x51c5,0x59e6,0x51e5,0x3903,0x0800,0x2061,
  0x2081,0x1820,0x1840,0x28e3,0x1061,0x0000,0x0000,0x0000,0x0000,0x0000,0x0000,0x0020,0x0000,0x0820,0x0800,0x0820,
  0x0000,0x0020,0x0020,0x0020,0x0000,0x0840,0x0820,0x1020,0x2060,0x3903,0x38e3,0x4123,0x3922,0x3903,0x20a1,0x1020,
  0x0000,0x0820,0x0841,0x0821,0x0000,0x0021,0x0020,0x0020,0x0020,0x0821,0x0820,0x1021,0x0840,0x1061,0x0840,0x0840,
  0x0840,0x1081,0x0840,0x0800,0x0000,0x1860,0x20a1,0x2081,0x0841,0x0020,0x0841,0x0840,0x0841,0x0040,0x0841,0x0020,
  0x0841,0x0040,0x0841,0x0020,0x0820,0x0020,0x0841,0x0020,0x0820,0x0040,0x0820,0x0020,0x0840,0x0000,0x0820,0x0020,
  0x0020,0x0000,0x0820,0x0000,0x0020,0x0020,0x0820,0x0000,0x0840,0x2944,0x18c2,0xad33,0x9cb1,0xad32,0xad12,0xa4f1,
  0xa4f2,0x948f,0xa4b1,0xa4d1,0xad33,0x9490,0x8c0f,0x7bad,0x9450,0x7bad,0x9470,0xa512,0xbdb5,0xa512,0xad33,0xbdb5,
  0x734c,0x18c1,0x3144,0x41e6,0x4207,0x5aca,0x4207,0x5289,0x4a68,0x5aea,0x73ae,0x632b,0x738d,0x5aca,0x39e7,0x4a69,
  0x4a69,0x3a07,0x3185,0x1081,0x3164,0x9c91,0xdeb9,0xe6fa,0xe71a,0xe71a,0xef3a,0xe71a,0xe71a,0xe6f9,0xef1a,0xef1a,
  0xef3a,0xe71a,0xef1a,0xef1a,0xef1a,0xe6f9,0xe6f9,0xe6d9,0xef1a,0xe6d9,0xf73b,0xeef9,0xcdf6,0xa4b1,0x7b2b,0x9c70,
  0xcdd5,0xacd1,0xcdd5,0xd637,0xc594,0xbd53,0x838d,0x5a48,0x940f,0x734c,0x28e2,0x1860,0x49a5,0xa4b0,0xde57,0xeef9,
  0xeed9,0xe6d8,0xeed8,0xe6b8,0xeed8,0xe6b8,0xeef9,0xef19,0xeed8,0xe6d8,0xeef9,0xeef8,0xeed8,0xe6d8,0xeef9,0xeed8,
  0xeed8,0xeed8,0xeef8,0xeed8,0xeed8,0xeed7,0xeed8,0xeed8,0xeed8,0xeed7,0xeed8,0xeed8,0xeed8,0xeeb7,0xf6d8,0xeeb7,
  0xeed8,0xeeb7,0xeeb8,0xeeb7,0xeeb7,0xeeb7,0xf6d8,0xf6d7,0xf6b7,0xee97,0xeeb7,0xeeb7,0xf6b7,0xeeb7,0xf6b7,0xee96,
  0xeeb6,0xee96,0xee96,0xe676,0xee96,0xee96,0xee96,0xee96,0xeeb6,0xee96,0xee96,0xee76,0xee96,0xee75,0xee76,0xe655,
  0xee55,0xee55,0xee76,0xee55,0xee55,0xddd3,0xe5f4,0xe5f3,0xddd3,0xddb2,0xddb2,0xddb3,0xcd31,0xa3cb,0x8b09,0x9b8a,
  0xc4af,0x9bac,0x6a06,0x4943,0x3040,0x2000,0x3881,0x5164,0x61e6,0x5163,0x2820,0x3881,0x5122,0x48a1,0x48a1,0x40a0,
  0x48c2,0x3000,0x4080,0x5922,0x8226,0xab6a,0x9ac8,0x92a6,0xbb8a,0x9aa6,0xab08,0xab28,0xab28,0x9285,0xbbaa,0xb3aa,
  0x92c8,0x48c1,0x3861,0x5185,0x38c2,0x2000,0x7205,0xb40c,0xabaa,0xa389,0xbc4c,0x82a6,0x7245,0x61c5,0x40c1,0x3040,
  0x5122,0x7205,0x6163,0x7225,0x7225,0x4901,0x2820,0x6206,0x6268,0x4185,0x1861,0x18a1,0x18a1,0x20c2,0x20a2,0x1040,
  0x3124,0x2903,0x1861,0x3124,0x3985,0x3964,0x49e6,0x28e2,0x49e6,0x62a9,0x730b,0x6aa9,0x730a,0x6ae9,0x28c1,0x2880,
  0x6226,0x8b4a,0x9349,0x9b8a,0xa3aa,0x9b49,0x9b49,0x7a66,0x5142,0x8309,0x7268,0x4922,0x59a4,0x59c5,0x59c5,0x4102,
  0x2040,0x51a4,0x5a07,0x4984,0x30c2,0x1000,0x2881,0x2061,0x1840,0x1861,0x20a2,0x1861,0x0820,0x0000,0x0821,0x0000,
  0x0000,0x0000,0x0020,0x0000,0x0820,0x0800,0x0820,0x0000,0x0820,0x0020,0x0820,0x0020,0x0000,0x0820,0x1840,0x1860,
  0x30c2,0x3903,0x4103,0x38e2,0x3903,0x28c2,0x1861,0x0000,0x0000,0x0841,0x0862,0x0021,0x0021,0x0021,0x0841,0x0020,
  0x0861,0x0840,0x0821,0x0820,0x1041,0x0861,0x1061,0x0861,0x1081,0x0840,0x1041,0x0820,0x0800,0x0800,0x2061,0x2081,
  0x0040,0x0841,0x0020,0x0841,0x0040,0x0841,0x0020,0x0020,0x0020,0x0840,0x0020,0x0020,0x0020,0x0840,0x0020,0x0020,
  0x0020,0x0841,0x0000,0x0020,0x0020,0x0020,0x0020,0x0020,0x0000,0x0000,0x0000,0x0020,0x0000,0x0800,0x0840,0x0000,
  0x1081,0x6b2b,0x2102,0x630b,0x9cd1,0x9c90,0x8c0e,0x944f,0x8c0e,0x942f,0x8c2f,0x8c0e,0x9470,0xa4d1,0xa512,0xad53,
  0xad53,0x9c90,0x840e,0x7bad,0x9cb0,0xbdb5,0xc5d5,0x5ac9,0x1060,0x4a27,0x5aca,0x5268,0x3185,0x41e6,0x3185,0x4248,
  0x4268,0x632c,0x634b,0x4248,0x3a07,0x4228,0x52a9,0x52ca,0x4a69,0x528a,0x39c6,0x2944,0x39a5,0x8c2f,0xd657,0xe71a,
  0xded9,0xe719,0xdef9,0xe6f9,0xe6f9,0xe6f9,0xe6f9,0xef1a,0xe71a,0xef1a,0xe6f9,0xef1a,0xe6f9,0xef1a,0xe6f9,0xe6f9,
  0xe6f9,0xeefa,0xe6f9,0xef1a,0xe6d9,0xcdf6,0x83ac,0x730a,0xb512,0xb533,0x9c6f,0xcdd5,0xcdf6,0xb512,0xc594,0x8bce,
  0x7b4b,0x7b6c,0x6aea,0x4184,0x20a1,0x28c1,0x6288,0xb512,0xe6b8,0xeed9,0xe6d8,0xe6b8,0xde97,0xeed8,0xeef8,0xeed8,
  0xe697,0xeed8,0xe6d8,0xeef8,0xe6d8,0xeed8,0xe6d8,0xeed8,0xe6d7,0xeef8,0xe6d7,0xeed8,0xeed8,0xeed8,0xeed7,0xeed8,
  0xeed7,0xf6d8,0xeed8,0xeed8,0xeeb7,0xeed8,0xeeb7,0xeeb7,0xeeb7,0xeeb7,0xeeb7,0xeeb7,0xeeb7,0xeed8,0xeeb7,0xf6d7,
  0xeeb7,0xeeb7,0xee96,0xeeb7,0xeeb6,0xf6b7,0xee96,0xee96,0xee96,0xee96,0xee96,0xee96,0xe676,0xee96,0xe675,0xee96,
  0xee76,0xee96,0xe675,0xee76,0xee75,0xee75,0xe655,0xee55,0xee55,0xee75,0xe655,0xe634,0xddf3,0xe614,0xddf3,0xddd3,
  0xcd51,0xd551,0xcd51,0x9bcb,0x82e8,0xa3cc,0xac0d,0xac0d,0x8b09,0x5984,0x2020,0x2020,0x3060,0x4903,0x40e2,0x3061,
  0x3880,0x4923,0x4902,0x48c1,0x3860,0x4880,0x48a0,0x48a0,0x3800,0x4881,0x7a05,0x92a8,0x92c7,0x92a7,0xa308,0xa2e7,
  0xab28,0xab08,0xa307,0xbbaa,0xab08,0xa2e8,0xab48,0xb3cb,0x69c4,0x48e1,0x4964,0x4103,0x3080,0x7226,0x9b49,0xabaa,
  0xb40b,0xabca,0x82c7,0x7a66,0x5163,0x3060,0x3880,0x5983,0x69c4,0x71c4,0x71e4,0x69c3,0x5962,0x3860,0x4942,0x72a9,
  0x4164,0x2082,0x1061,0x2903,0x1060,0x20e2,0x18a1,0x28e3,0x41a5,0x39a5,0x20c1,0x3123,0x3144,0x49e7,0x20c1,0x3123,
  0x41a5,0x838d,0x730a,0x6ac9,0x730a,0x3964,0x1000,0x5a05,0x8309,0x8b29,0x9b69,0xa3aa,0x9b89,0xa38a,0x9b6a,0x5142,
  0x7287,0x82e9,0x5163,0x4102,0x4943,0x6206,0x4122,0x2020,0x4143,0x59e6,0x5a27,0x3923,0x1000,0x2061,0x2081,0x1840,
  0x1861,0x20a2,0x1861,0x0800,0x0000,0x0000,0x0000,0x0000,0x0000,0x0020,0x0000,0x0020,0x0000,0x0820,0x0000,0x0800,
  0x0000,0x0820,0x0000,0x0800,0x0000,0x1040,0x1881,0x30e2,0x3903,0x4124,0x3902,0x3923,0x28c2,0x1840,0x0000,0x0000,
  0x0020,0x0841,0x0020,0x0021,0x0000,0x0821,0x0020,0x0841,0x0040,0x0841,0x0820,0x0840,0x0840,0x0841,0x0840,0x0840,
  0x0840,0x0840,0x0840,0x1040,0x0820,0x0800,0x0800,0x1881,0x0841,0x0840,0x0841,0x0840,0x0841,0x0020,0x0020,0x0020,
  0x0841,0x0020,0x0841,0x0020,0x0841,0x0840,0x0841,0x0020,0x0841,0x0840,0x0020,0x0020,0x0841,0x0000,0x0841,0x0840,
  0x0820,0x0000,0x0820,0x0020,0x0000,0x0000,0x0841,0x0020,0x2924,0x8c2f,0x39a5,0x3184,0x8c2f,0xad12,0x83ee,0x7b8c,
  0x7b6c,0x7bad,0x83ad,0x8c2f,0x8c0f,0x83ee,0x8c2f,0x9470,0x9c90,0xa4f2,0xad53,0xb573,0xad33,0xad12,0xb574,0x0820,
  0x41e6,0x5a89,0x4a28,0x39c6,0x2924,0x39e6,0x4207,0x3a07,0x4a89,0x3a07,0x3a27,0x3a07,0x3a07,0x4a89,0x73ee,0x4a89,
  0x4a49,0x5aeb,0x4a68,0x4a28,0x2903,0x5a89,0xd658,0xef3a,0xe6fa,0xe6f9,0xe71a,0xe6f9,0xef1a,0xe6f9,0xe6f9,0xe6f9,
  0xef1a,0xe6f9,0xef1a,0xe71a,0xef1a,0xe6f9,0xef1a,0xef1a,0xef1a,0xef1a,0xeefa,0xe6d9,0xef1a,0xe6d9,0xce16,0x8bcd,
  0x6ac9,0xb533,0xb512,0xacd1,0xd617,0xc594,0xbd53,0xd636,0xb512,0x6ac9,0x8bcd,0x7b4b,0x6289,0x3123,0x2080,0x3943,
  0x93ee,0xde37,0xeed9,0xe697,0xeeb8,0xeef9,0xeef9,0xe697,0xeed9,0xeef8,0xeef8,0xeef8,0xeef9,0xeed8,0xeef9,0xeef8,
  0xeef9,0xeef8,0xeed8,0xeed7,0xf6f8,0xeef8,0xeef8,0xeed7,0xf6f8,0xeed8,0xf6f8,0xeed8,0xf6d8,0xeed8,0xeed8,0xeeb7,
  0xf6d8,0xeeb7,0xeed8,0xeeb7,0xf6d8,0xeeb7,0xf6d8,0xeed7,0xf6d8,0xeeb7,0xeeb7,0xee96,0xeeb7,0xeeb7,0xf6b7,0xee96,
  0xeeb7,0xee96,0xeeb7,0xee96,0xee96,0xee76,0xee96,0xee76,0xee96,0xee76,0xee76,0xee75,0xee55,0xe655,0xee76,0xee75,
  0xee75,0xe634,0xe614,0xe613,0xddd3,0xddd3,0xddd3,0xd5b2,0xcd51,0xcd31,0xa3cc,0x8b29,0xac2e,0x9bcc,0x7287,0x59c5,
  0x38c2,0x2000,0x40e2,0x4102,0x40e2,0x38c2,0x38a1,0x2800,0x40c2,0x4902,0x40a1,0x4080,0x50e2,0x50e1,0x50a1,0x3800,
  0x6963,0x8a87,0x9ac8,0xa309,0xa309,0x9266,0xab28,0xa2c7,0xab08,0xbb8a,0xab28,0xb389,0xb36a,0xab49,0xab8a,0x8286,
  0x6183,0x5163,0x5165,0x2000,0x7247,0xa3cc,0xa3ab,0xa3aa,0xabaa,0x9308,0x8287,0x5984,0x2800,0x3880,0x6a05,0x69e5,
  0x7205,0x69a4,0x71e5,0x69c4,0x48c1,0x3881,0x7aa8,0x4964,0x2081,0x1861,0x18a2,0x1040,0x1861,0x20a1,0x2903,0x4a07,
  0x49e6,0x20c2,0x3144,0x41a5,0x3144,0x20a1,0x3144,0x2902,0x5207,0x7b2b,0x72ea,0x7b2b,0x6268,0x1000,0x4142,0x8329,
  0x936a,0x8ae7,0xa38a,0xa389,0xa3ab,0xac0c,0x6a05,0x59e5,0x8b2a,0x5184,0x4943,0x4943,0x61e6,0x4963,0x2860,0x3902,
  0x6227,0x51c5,0x4985,0x1840,0x2061,0x28c2,0x1000,0x1040,0x28c3,0x1881,0x0820,0x0000,0x0800,0x0000,0x0820,0x0000,
  0x0021,0x0000,0x0020,0x0020,0x0841,0x0820,0x0820,0x0000,0x0820,0x0820,0x0800,0x0000,0x1000,0x1840,0x30e2,0x3123,
  0x4144,0x3903,0x3903,0x3923,0x2082,0x0800,0x0820,0x0840,0x0841,0x0000,0x0821,0x0820,0x0821,0x0801,0x0821,0x0020,
  0x0041,0x0861,0x1082,0x0841,0x0861,0x0840,0x0840,0x0020,0x1041,0x0841,0x1061,0x1060,0x1041,0x0820,0x0820,0x0840,
  0x0040,0x0840,0x0020,0x0841,0x0020,0x0020,0x0000,0x0820,0x0020,0x0841,0x0040,0x0841,0x0020,0x0841,0x0020,0x0020,
  0x0020,0x0841,0x0020,0x0840,0x0020,0x0020,0x0020,0x0841,0x0020,0x0020,0x0000,0x0020,0x0000,0x0821,0x0820,0x0000,
  0x3185,0xad33,0x6b2b,0x20e2,0x52a8,0x9cb1,0x83ee,0x8c0e,0x7bac,0x6aea,0x6aea,0x736c,0x630a,0x6b4b,0x5aa9,0x62ea,
  0x5ac9,0x7b8c,0x8c4f,0x9c90,0xa4f1,0xad32,0x9cd1,0x1061,0x3164,0x5a89,0x4207,0x4a48,0x2965,0x52a9,0x4248,0x4207,
  0x4aa9,0x31c6,0x3a07,0x3a27,0x3a07,0x4248,0x4a89,0x4a69,0x52ca,0x5b0b,0x4a69,0x4207,0x0840,0x5aa9,0xce16,0xef1a,
  0xe6f9,0xe71a,0xe719,0xe71a,0xe719,0xef19,0xe6f9,0xe6fa,0xe6f9,0xe6fa,0xe6f9,0xef1a,0xe71a,0xe6f9,0xe6f9,0xef3a,
  0xe6f9,0xef1a,0xef1a,0xef1a,0xef1a,0xef19,0xeef9,0xd636,0x83cc,0x83ac,0x9c6f,0xacd1,0xc594,0xde57,0xb532,0xde37,
  0xde77,0xa490,0x838c,0x62a9,0x940e,0x836c,0x5a27,0x2081,0x2080,0x72ea,0xc594,0xe698,0xe6b8,0xe6b8,0xe697,0xeed8,
  0xe6b8,0xe697,0xeed8,0xeef9,0xeed8,0xeed8,0xeed8,0xeef9,0xeef8,0xeef8,0xeed8,0xeed8,0xeed8,0xf6f8,0xeed8,0xeef8,
  0xeed7,0xeed8,0xeed8,0xf6d8,0xeeb7,0xeed8,0xeeb7,0xeed8,0xeeb7,0xeeb7,0xeeb7,0xeed8,0xeeb7,0xee97,0xee97,0xf6b7,
  0xeeb7,0xeeb7,0xee96,0xee97,0xe696,0xeeb7,0xeeb7,0xf6b7,0xee96,0xeeb6,0xee96,0xee96,0xe675,0xee96,0xe675,0xee76,
  0xe675,0xee75,0xee75,0xee75,0xe654,0xe655,0xe634,0xe655,0xe634,0xe613,0xddd3,0xe5f3,0xd5b2,0xddb2,0xd571,0xcd11,
  0xac4d,0x9bab,0x9bab,0xb44f,0x8b2a,0x5184,0x2820,0x1800,0x3081,0x5163,0x59a5,0x5144,0x38a1,0x38a1,0x4903,0x48e2,
  0x38a1,0x48c1,0x40c1,0x5102,0x5923,0x50c1,0x4060,0x71c4,0x9ae9,0xa309,0x8225,0x9266,0x9ac7,0xb349,0x9aa6,0xa2c7,
  0x9aa6,0xbb8a,0xa2e7,0xb38a,0xb38a,0xab6a,0x92e8,0x5122,0x4922,0x4902,0x1800,0x5984,0x936a,0x9bab,0xa3ca,0xabeb,
  0x8b28,0x7a66,0x5983,0x2000,0x40c2,0x69c4,0x69c4,0x7205,0x69c4,0x6983,0x69e5,0x5943,0x3020,0x6a06,0x6a47,0x2060,
  0x0800,0x1861,0x1881,0x1881,0x1880,0x20c2,0x2923,0x49c6,0x41c5,0x28e2,0x28c2,0x41a6,0x28e2,0x20a1,0x1860,0x3964,
  0x5a68,0x6ac9,0x730a,0x6aa9,0x2061,0x30c1,0x7ac8,0x934a,0x8b28,0x9327,0x9327,0xabaa,0xa3cb,0x82e8,0x38e1,0x7b0a,
  0x59e5,0x4943,0x4122,0x6206,0x59e5,0x2860,0x30c1,0x6247,0x51c5,0x4144,0x1820,0x1800,0x28a1,0x1841,0x1020,0x1881,
  0x1860,0x1020,0x0000,0x0000,0x0000,0x0820,0x0000,0x0820,0x0000,0x0000,0x0000,0x0820,0x0020,0x0840,0x0020,0x0820,
  0x0000,0x0800,0x0800,0x0800,0x1000,0x2081,0x30e2,0x3923,0x3923,0x3922,0x3902,0x28a2,0x0800,0x0000,0x0840,0x0861,
  0x0000,0x0040,0x0020,0x0800,0x0000,0x0821,0x0020,0x0841,0x0041,0x0861,0x0861,0x0841,0x0040,0x0841,0x0020,0x0820,
  0x0820,0x1061,0x0840,0x1041,0x0820,0x0860,0x0840,0x0000,0x0841,0x0840,0x0841,0x0840,0x0841,0x0020,0x0820,0x0020,
  0x0841,0x0840,0x0841,0x0840,0x0840,0x0840,0x0841,0x0020,0x0840,0x0840,0x0820,0x0020,0x0841,0x0020,0x0820,0x0020,
  0x0820,0x0020,0x0820,0x0020,0x0000,0x0820,0x1882,0x0000,0x5269,0xd678,0xad13,0x18c1,0x3164,0x8c0e,0xad13,0x9c90,
  0x9cb1,0x9cb1,0x6b2b,0x6b0b,0x8c2f,0xad32,0xad33,0xb573,0xb594,0xbd94,0xb553,0xb593,0xce57,0xb594,0xbd95,0x2902,
  0x1861,0x3985,0x41c6,0x39c6,0x3165,0x31c6,0x4207,0x3a07,0x4a89,0x1902,0x4268,0x5b0b,0x3a07,0x530a,0x4a89,0x4268,
  0x6b8d,0x39e7,0x52aa,0x39a6,0x0000,0x5aa9,0xc5d6,0xdeb9,0xe6fa,0xe719,0xe73a,0xe719,0xe71a,0xe6f9,0xef1a,0xe719,
  0xef1a,0xe719,0xef1a,0xef1a,0xef3a,0xe6f9,0xef1a,0xe719,0xe6f9,0xe6d9,0xef1a,0xef1a,0xef1a,0xeef9,0xef1a,0xde98,
  0xd657,0xa4d1,0x9c6f,0x9c4f,0xacf1,0xcdf5,0xcd94,0xc574,0xde57,0xd616,0xbd33,0x83ad,0x7b2b,0x6aa9,0x940f,0x5207,
  0x49c5,0x28c1,0x4164,0x838c,0xcdd5,0xeed8,0xe698,0xde77,0xeed8,0xe6b7,0xeed8,0xeed8,0xeef8,0xe6b7,0xeed8,0xeed8,
  0xeef9,0xeef8,0xf6f9,0xeef8,0xf6f8,0xeef8,0xf6f9,0xeef8,0xf6d8,0xeed8,0xf6f8,0xeed8,0xeed8,0xeeb7,0xf6d8,0xeed8,
  0xf6d8,0xeeb7,0xf6d8,0xeed8,0xf6d8,0xee97,0xf6b7,0xeeb7,0xf6b7,0xeeb7,0xf6b7,0xeeb7,0xeeb7,0xee96,0xee97,0xee96,
  0xeeb6,0xee96,0xf6b7,0xee96,0xee96,0xe675,0xee76,0xe675,0xee76,0xe675,0xee75,0xee55,0xee76,0xe655,0xe635,0xde13,
  0xe614,0xddd3,0xddd3,0xd591,0xdd92,0xc4ef,0xb44d,0x9bcb,0x936a,0x938a,0x8309,0x4943,0x2840,0x2860,0x3061,0x38e2,
  0x5164,0x4943,0x4902,0x3860,0x5102,0x40a1,0x3881,0x3881,0x3020,0x40c1,0x5964,0x4081,0x3820,0x5102,0x7a26,0xa34a,
  0xa32a,0x9ae8,0xab29,0x9286,0x9aa6,0xbb89,0xaae8,0xa2e7,0xa2e7,0x9ac7,0xbbab,0x9ae7,0xab8a,0xa34a,0x69c5,0x4122,
  0x38a1,0x3060,0x6184,0xa3ab,0x9b8a,0x9349,0x9baa,0x9369,0x6a24,0x5162,0x2800,0x48e3,0x71e6,0x69a3,0x7a05,0x71a4,
  0x71a4,0x69c4,0x5102,0x3880,0x4943,0x6a68,0x38e3,0x1820,0x2081,0x20a1,0x1861,0x1860,0x1040,0x3123,0x3985,0x3143,
  0x49c5,0x3143,0x3103,0x2902,0x28c2,0x1040,0x41a6,0x62ca,0x730b,0x72ea,0x7b2b,0x3922,0x1000,0x6226,0x936b,0x9349,
  0x9b48,0x9b47,0x9b27,0xabaa,0x9329,0x4921,0x72a9,0x6268,0x4984,0x3902,0x5164,0x59e5,0x38c1,0x2860,0x59e6,0x51a5,
  0x51a5,0x1820,0x1800,0x30e3,0x2061,0x1000,0x28c2,0x1881,0x0800,0x0000,0x0800,0x0000,0x0820,0x0820,0x0821,0x0020,
  0x0820,0x0000,0x0800,0x0000,0x0820,0x0020,0x0841,0x0020,0x0800,0x0800,0x1000,0x1000,0x2882,0x30e3,0x4124,0x3923,
  0x4123,0x3102,0x30e2,0x1000,0x0800,0x0020,0x0861,0x0020,0x0020,0x0840,0x0841,0x0800,0x1021,0x0800,0x0821,0x0841,
  0x0882,0x0061,0x0841,0x0040,0x0841,0x0840,0x1041,0x0820,0x1041,0x0840,0x1041,0x0840,0x0840,0x0840,0x0861,0x0860,
  0x0840,0x0841,0x0020,0x0841,0x0840,0x0841,0x0020,0x0840,0x0020,0x0841,0x0020,0x0020,0x0020,0x0820,0x0020,0x0020,
  0x0020,0x0841,0x0020,0x0840,0x0020,0x0000,0x0000,0x0020,0x0000,0x0020,0x0020,0x0820,0x0000,0x0821,0x1061,0x0000,
  0x6b4c,0xd699,0xbdd5,0x62ea,0x1060,0x6b0a,0x9490,0x944f,0x83ee,0x732b,0x7bad,0xad33,0xce16,0xdeb9,0xdeb8,0xded9,
  0xe6f9,0xded8,0xd6b7,0xe6f9,0xdeb8,0xe6f9,0xdeb8,0x736c,0x0840,0x18a1,0x31a5,0x3185,0x3185,0x2965,0x39e6,0x31c6,
  0x2985,0x52ca,0x2164,0x4268,0x52ca,0x3a07,0x73ee,0x4228,0x39e7,0x4a49,0x4a68,0x2944,0x0800,0x62ca,0xad53,0xd698,
  0xe6f9,0xe73a,0xe719,0xe71a,0xe6f9,0xef1a,0xe719,0xef3a,0xe719,0xe719,0xe6f9,0xe719,0xe6f9,0xef19,0xe6f9,0xe6f9,
  0xe6f9,0xef1a,0xe6f9,0xef1a,0xe6f9,0xeefa,0xef19,0xef1a,0xef1a,0xc5d5,0xad11,0x942e,0xacd0,0xb512,0xcdf5,0xc594,
  0xde56,0xcdd5,0xc5b4,0xcdd5,0xa4b1,0x6aa9,0x6289,0x9c50,0x5a67,0x5a47,0x3943,0x30e2,0x49e5,0xacd1,0xe697,0xe698,
  0xe6b8,0xe697,0xde97,0xeed8,0xe6b7,0xe6b7,0xe6b7,0xeed8,0xe6d7,0xeed8,0xeed7,0xeed8,0xeed7,0xeed8,0xeed7,0xeed8,
  0xeed7,0xf6f8,0xeed8,0xf6d8,0xeed8,0xf6d8,0xeed7,0xeed8,0xeeb7,0xeeb7,0xeeb7,0xeed8,0xeeb7,0xeeb7,0xee97,0xeeb7,
  0xeeb7,0xf6b7,0xeeb7,0xf6d7,0xee96,0xeeb7,0xee96,0xee96,0xee96,0xee96,0xe675,0xee76,0xe655,0xe676,0xe655,0xe655,
  0xe655,0xe655,0xe654,0xe675,0xe655,0xee55,0xe633,0xe613,0xd5b2,0xd592,0xcd71,0xc510,0xb48e,0x936a,0x8328,0x8b49,
  0x7266,0x5163,0x2860,0x2000,0x2840,0x4102,0x4943,0x4103,0x38c2,0x40e2,0x3880,0x48c1,0x3880,0x48c1,0x3860,0x40a1,
  0x40c1,0x48c1,0x3860,0x3020,0x69c4,0x92e9,0x7a26,0x8a67,0xa329,0xb36a,0xb3aa,0x9ac7,0xa2c7,0xab08,0xa2e7,0xab28,
  0xb369,0x9a86,0xab69,0x92c7,0x8266,0x8287,0x4922,0x5184,0x3080,0x5984,0xa3cb,0xabec,0x9b49,0x9b49,0x9bcb,0x6204,
  0x2860,0x2800,0x5143,0x61a5,0x71c5,0x7183,0x71a2,0x71a3,0x69c4,0x61a4,0x3040,0x2840,0x6a48,0x3903,0x2060,0x1820,
  0x1020,0x2881,0x20a1,0x28c2,0x1881,0x49e6,0x3164,0x2903,0x20e2,0x3123,0x1880,0x20a1,0x1840,0x49c6,0x6aea,0x6aca,
  0x6aea,0x7b2b,0x51c5,0x1820,0x51a4,0x8329,0x8b29,0x9348,0x9b68,0x9b47,0xa368,0x9b69,0x61c3,0x6226,0x7b0a,0x4164,
  0x3902,0x4122,0x4963,0x2860,0x2840,0x6206,0x51a5,0x4964,0x2040,0x1800,0x3903,0x28a2,0x1000,0x1861,0x0820,0x0820,
  0x0800,0x0000,0x0000,0x0800,0x0000,0x0000,0x0020,0x0820,0x0000,0x0000,0x0000,0x0000,0x0000,0x0021,0x0020,0x0020,
  0x0000,0x0800,0x0800,0x1820,0x30c3,0x4124,0x3923,0x3903,0x30e2,0x28c1,0x1020,0x0800,0x0821,0x0841,0x0000,0x0040,
  0x0840,0x0020,0x0000,0x0820,0x0800,0x0800,0x0000,0x0041,0x0041,0x0041,0x0040,0x0041,0x0040,0x0841,0x0820,0x0841,
  0x0840,0x1040,0x0820,0x1061,0x0840,0x0020,0x0860,0x1903,0x0861,0x0861,0x0861,0x0861,0x0861,0x0840,0x0841,0x0040,
  0x0841,0x0040,0x0841,0x0020,0x0841,0x0020,0x0841,0x0020,0x0841,0x0020,0x0840,0x0840,0x0841,0x0820,0x0020,0x0020,
  0x0841,0x0020,0x0840,0x0020,0x0020,0x0020,0x1061,0x0000,0x734c,0xc617,0xbd94,0x8c4f,0x3985,0x1881,0x7b8c,0xa4f2,
  0x5a89,0x8c0e,0xd658,0xd677,0xe6f9,0xdeb8,0xe6f9,0xdeb8,0xe6f9,0xdeb8,0xe6d9,0xd697,0xde98,0xce36,0xc5d5,0xa512,
  0x5268,0x0800,0x20e2,0x2103,0x3165,0x2103,0x4207,0x4247,0x52aa,0x4227,0x630b,0x6b6c,0x4228,0x31a6,0x4a89,0x4268,
  0x4a69,0x39c6,0x4a48,0x4207,0x0820,0x7bad,0xbdb5,0xd657,0xef1a,0xe71a,0xef5b,0xe71a,0xef1a,0xe6f9,0xe6f9,0xe6f9,
  0xe6fa,0xe6f9,0xef1a,0xe6f9,0xe6f9,0xe6d9,0xe6f9,0xe6f9,0xef1a,0xe6f9,0xef1a,0xe6fa,0xef3a,0xef1a,0xef1a,0xeef9,
  0xeefa,0xe6b8,0xd636,0xacf1,0x8bed,0xacf1,0xc574,0xb4f2,0xbd53,0xd636,0xcdb5,0xbd33,0xcdd5,0xacf1,0x6aa9,0x6ae9,
  0x7b4b,0x7b2b,0x6aa9,0x5a67,0x30e2,0x28e1,0x732b,0xcdf5,0xde78,0xeef9,0xe697,0xe696,0xeed8,0xe6b7,0xeeb7,0xe6b7,
  0xeed8,0xeed7,0xeed8,0xf6f8,0xf6d8,0xe697,0xf6d8,0xf6f8,0xf6d8,0xeed8,0xf6f8,0xeef8,0xf6f8,0xeed7,0xf6f8,0xeed7,
  0xeeb7,0xeeb7,0xf6d7,0xeed7,0xeeb7,0xee96,0xeeb7,0xeeb7,0xf6b7,0xeeb7,0xf6d7,0xeeb7,0xf6b7,0xee96,0xee97,0xee96,
  0xee97,0xee96,0xee96,0xe655,0xee55,0xee55,0xee76,0xee76,0xe615,0xe655,0xe655,0xde34,0xe675,0xddf3,0xddd3,0xcd30,
  0xdd92,0xbc8e,0xa3cc,0x936b,0x9bcd,0x7ae9,0x7288,0x6a46,0x40e1,0x2000,0x3040,0x40e2,0x48e2,0x48e2,0x40c1,0x40c1,
  0x40a1,0x40a1,0x5102,0x4080,0x4060,0x48c1,0x5102,0x48c1,0x4060,0x3820,0x50e1,0x8a87,0x92a7,0x9ac7,0xab69,0x8224,
  0xa308,0xab69,0xb3aa,0xa349,0x92c7,0xa308,0xb369,0xa2c6,0xb348,0xa2e7,0xab08,0xab6a,0x8267,0x5122,0x59a4,0x38a1,
  0x5983,0xa38b,0xabcc,0xabcc,0xabec,0x7aa7,0x61e3,0x3060,0x2840,0x69e4,0x7a46,0x6102,0x8a26,0x79a3,0x7183,0x61a3,
  0x6a05,0x40e1,0x2020,0x4964,0x30c2,0x3943,0x4185,0x0800,0x1820,0x30a2,0x30a2,0x2060,0x41a5,0x3985,0x2924,0x0861,
  0x18a3,0x20c2,0x1040,0x1840,0x5a06,0x72e9,0x6a88,0x6ac9,0x7b6d,0x62a9,0x2881,0x30c1,0x7ac8,0x9329,0x9308,0x9b48,
  0x9b48,0x9348,0xabec,0x7266,0x59a4,0x8b6b,0x51c5,0x4964,0x51a4,0x59e5,0x30a1,0x2880,0x59e6,0x59e6,0x51a5,0x2061,
  0x1800,0x2881,0x3923,0x2081,0x1020,0x1020,0x0800,0x0000,0x0800,0x0000,0x0800,0x0000,0x0800,0x0800,0x0821,0x0000,
  0x0820,0x0000,0x0800,0x0000,0x0000,0x0021,0x0000,0x0841,0x0820,0x0000,0x1040,0x28a1,0x4124,0x40e3,0x4124,0x3923,
  0x30e3,0x1060,0x0000,0x0840,0x0821,0x0000,0x0841,0x0861,0x0821,0x0000,0x0841,0x0841,0x0841,0x0820,0x0841,0x0861,
  0x0020,0x0861,0x0841,0x0040,0x0841,0x0840,0x0841,0x0820,0x0841,0x0840,0x1081,0x0860,0x0820,0x0020,0x18c2,0x2123,
  0x0040,0x0861,0x0840,0x0861,0x0040,0x0841,0x0040,0x0840,0x0020,0x0040,0x0020,0x0840,0x0020,0x0040,0x0020,0x0820,
  0x0020,0x0020,0x0020,0x0841,0x0020,0x0840,0x0000,0x0820,0x0040,0x0020,0x0020,0x0840,0x0000,0x0841,0x1081,0x0000,
  0x5aca,0xbdd5,0xb574,0x9cb1,0x5ac9,0x0800,0x20c2,0x7bad,0xa4f2,0xd658,0xdeb9,0xdeb9,0xdeb8,0xdeb8,0xdeb8,0xe6d9,
  0xdeb8,0xdeb8,0xc615,0xbdb4,0xbdb4,0xb573,0xc5d5,0xc5d5,0x9490,0x41e6,0x0820,0x18c2,0x20e2,0x2103,0x41e6,0x4a68,
  0x31c6,0x31c6,0x3a07,0x5aeb,0x4aa9,0x4248,0x2964,0x4207,0x4248,0x3185,0x4248,0x39c6,0x0000,0x736c,0xad33,0xd678,
  0xe6fa,0xe6f9,0xe719,0xe6f9,0xdef9,0xe719,0xded8,0xe6f9,0xe6f9,0xe6f9,0xe6f9,0xe71a,0xe6d9,0xe6f9,0xe6f9,0xef1a,
  0xe6f9,0xef1a,0xe6fa,0xef1a,0xe6f9,0xeef9,0xe6f9,0xe6d9,0xe6d8,0xef1a,0xde98,0xce16,0xbd94,0xa490,0xa4b0,0xcdd5,
  0xa4b0,0xc594,0xc5b4,0xb532,0xc5b4,0xcdd4,0xa46f,0x6aa8,0x8bac,0x836b,0x6288,0x72ea,0x6ac9,0x5206,0x20a1,0x49c5,
  0x942f,0xce15,0xeed8,0xeed8,0xde76,0xe697,0xe6b7,0xeed8,0xeef7,0xf6f8,0xeed8,0xf719,0xeed8,0xf6d8,0xeeb7,0xee97,
  0xeeb7,0xeed7,0xeeb7,0xeed7,0xeeb7,0xeed7,0xeeb7,0xf6d7,0xeeb6,0xeeb7,0xeeb6,0xeeb7,0xe696,0xeeb7,0xeeb6,0xeeb7,
  0xee96,0xeeb7,0xee96,0xee97,0xee96,0xeeb7,0xee96,0xee76,0xe655,0xee76,0xee96,0xee96,0xe655,0xee76,0xee35,0xee76,
  0xe655,0xee76,0xd5d3,0xe634,0xd5f3,0xd5b3,0xcd30,0xc4cf,0xb44d,0xb44d,0xabec,0xa40e,0x72a8,0x4984,0x30a1,0x2840,
  0x3080,0x38a1,0x38a1,0x5123,0x5143,0x48c1,0x40a1,0x3860,0x48e1,0x48e2,0x48c1,0x5103,0x48c1,0x4080,0x50e2,0x3820,
  0x3840,0x6983,0x71c3,0xa308,0x92a6,0x92a6,0xb348,0xa2e7,0x8243,0xab48,0x9b07,0xbc0c,0x9b28,0x92c7,0x9ae7,0xab48,
  0x8a23,0xb348,0x9ae7,0x9b29,0x61c4,0x40c1,0x3860,0x48e1,0x7a86,0xabcc,0xac0d,0xac0d,0x936a,0x59a4,0x2820,0x40c0,
  0x69e4,0x7205,0x71c4,0x79c4,0x7983,0x81c5,0x6963,0x61a3,0x4982,0x2860,0x38e1,0x4102,0x4102,0x59e6,0x3964,0x0800,
  0x1020,0x30c3,0x30a3,0x30c2,0x41c5,0x1060,0x1081,0x1082,0x0020,0x0820,0x3144,0x6aa9,0x72c9,0x6a88,0x6aa8,0x7b4b,
  0x62ca,0x3103,0x2860,0x6a26,0x8b29,0x9308,0x9307,0x9b48,0x9b69,0x9baa,0x7ac7,0x4963,0x6246,0x59e5,0x38e1,0x51a4,
  0x59e5,0x30c1,0x30a0,0x59c5,0x51c5,0x51a5,0x2881,0x1800,0x2060,0x28c2,0x1861,0x1841,0x0820,0x0800,0x0000,0x0800,
  0x0000,0x0000,0x0000,0x0800,0x0000,0x0820,0x0000,0x0000,0x0000,0x0820,0x0000,0x0020,0x0000,0x0801,0x0000,0x0841,
  0x0000,0x0020,0x1880,0x3102,0x30e2,0x4103,0x4103,0x30c2,0x1040,0x0820,0x0020,0x0020,0x0000,0x0020,0x0020,0x0821,
  0x0020,0x0841,0x0000,0x20e3,0x4228,0x1081,0x0000,0x0020,0x0840,0x0840,0x0020,0x0840,0x0020,0x0840,0x0840,0x0841,
  0x0840,0x0861,0x0860,0x0840,0x0000,0x1081,0x20e2,0x2923,0x0841,0x0840,0x0861,0x0841,0x0861,0x0040,0x0841,0x0840,
  0x0841,0x0040,0x0841,0x0020,0x0840,0x0020,0x0841,0x0020,0x0841,0x0020,0x0820,0x0820,0x0820,0x0020,0x0820,0x0020,
  0x0841,0x0020,0x0841,0x0840,0x0020,0x0040,0x18a2,0x0000,0x4a28,0xad33,0xb574,0xa4f2,0x9c90,0x5a88,0x1020,0x3164,
  0xa4d2,0xe6d9,0xe6b9,0xde98,0xdeb8,0xef3a,0xef1a,0xe6f9,0xce36,0xad32,0xa4d1,0xb593,0xd657,0xce36,0xd677,0xc5f5,
  0xbdb4,0xb553,0x6aeb,0x1040,0x0820,0x1080,0x3144,0x4207,0x3165,0x2144,0x3185,0x39c6,0x4207,0x52a9,0x52a9,0x4a68,
  0x4228,0x4228,0x4207,0x31a5,0x0840,0x5aa9,0xad33,0xd678,0xe71a,0xdef9,0xe71a,0xe6f9,0xe719,0xe719,0xe6f9,0xe6f9,
  0xe719,0xe719,0xef1a,0xe6f9,0xef1a,0xe6f9,0xef1a,0xe6f9,0xef1a,0xe6f9,0xeefa,0xe6d9,0xe6f9,0xe6f9,0xeefa,0xeed9,
  0xeef9,0xe6d9,0xeed9,0xe698,0xbd53,0xbd94,0xacd1,0xacd1,0xbd33,0xc594,0xbd73,0xc573,0xb512,0xd615,0xcd94,0x93ed,
  0x9c2e,0x8bac,0x6a88,0x730a,0x836b,0x6ac8,0x730a,0x3963,0x3122,0x41c4,0xa48f,0xde76,0xde76,0xe697,0xe697,0xe697,
  0xeeb7,0xeeb7,0xeed8,0xeeb7,0xeed8,0xf6f8,0xf6f9,0xeeb7,0xf6f8,0xeeb7,0xeeb8,0xeeb7,0xf6d8,0xeed8,0xf6d8,0xeed7,
  0xeed7,0xeeb7,0xeeb7,0xee96,0xeeb7,0xeeb7,0xf6d8,0xeeb7,0xeeb7,0xee96,0xee77,0xe676,0xee97,0xee96,0xee96,0xee96,
  0xee76,0xe655,0xee55,0xe654,0xee55,0xe654,0xddf4,0xee55,0xee35,0xe614,0xe5d4,0xddb3,0xcd11,0xbcaf,0xbcd0,0xac4e,
  0xb46e,0x9bec,0x8309,0x5184,0x3060,0x2840,0x2820,0x3080,0x4902,0x4902,0x4902,0x40a1,0x40c1,0x40c1,0x48e2,0x40a0,
  0x48c1,0x48e1,0x50e2,0x48c1,0x5102,0x4080,0x4040,0x50e1,0x8246,0x9b09,0x9287,0x8a66,0xa308,0x9ac6,0xab28,0xb369,
  0x8a24,0x8a65,0xb38a,0xa349,0xa349,0x7a04,0x9ae7,0xab28,0xa2e7,0x9285,0xa308,0x7a25,0x5122,0x3881,0x48c1,0x92e8,
  0xa38b,0x9bab,0xb44e,0x9bab,0x61e5,0x2800,0x48e1,0x69a3,0x71e5,0x71c4,0x79e5,0x7a05,0x7163,0x81a4,0x6983,0x6225,
  0x30e1,0x20a0,0x3080,0x3020,0x69c6,0x61e6,0x30c2,0x0800,0x1081,0x20e3,0x3945,0x3924,0x28e3,0x18a1,0x1041,0x0000,
  0x18a2,0x4a07,0x6aea,0x6ae9,0x6288,0x72c9,0x7b0a,0x5a48,0x3103,0x1000,0x59a5,0x82e9,0x9b6a,0x9328,0x9b49,0x9b48,
  0xa3cb,0x8b49,0x4101,0x51a4,0x51a4,0x4963,0x5184,0x4963,0x30a0,0x28a0,0x51c5,0x51c5,0x59e6,0x30a1,0x1800,0x2061,
  0x28c2,0x2081,0x1841,0x1020,0x1020,0x0000,0x0800,0x0000,0x0800,0x0000,0x0800,0x0000,0x0841,0x0820,0x0800,0x0000,
  0x0820,0x0020,0x0820,0x0000,0x0000,0x0000,0x0841,0x0000,0x0800,0x1881,0x3103,0x3923,0x4123,0x4123,0x38e3,0x1820,
  0x0800,0x0000,0x0840,0x0000,0x0821,0x0000,0x0820,0x0821,0x1062,0x0841,0x0000,0x39e7,0x738d,0x1082,0x0820,0x0000,
  0x0841,0x0020,0x0841,0x0820,0x0841,0x0840,0x0841,0x0840,0x1061,0x0840,0x1061,0x0820,0x1061,0x18e2,0x2944,0x2923,
  0x0020,0x0841,0x0040,0x0841,0x0020,0x0840,0x0020,0x0840,0x0020,0x0841,0x0020,0x0840,0x0020,0x0820,0x0020,0x0020,
  0x0020,0x0020,0x0000,0x0840,0x0000,0x0840,0x0000,0x0020,0x0020,0x0820,0x0020,0x0841,0x0000,0x0820,0x0861,0x0000,
  0x2965,0x9cb1,0xad33,0xad12,0xa4f1,0x9470,0x3143,0x0840,0x3164,0xbd95,0xe6fa,0xe71a,0xe6f9,0xef1a,0xdeb8,0xb573,
  0x83cc,0x9cb0,0xc5f5,0xd697,0xce56,0xce56,0xce36,0xc615,0xc5f5,0xc5f6,0xbdd5,0x83ce,0x2102,0x1060,0x0840,0x1060,
  0x2944,0x2123,0x2984,0x2965,0x4248,0x39c6,0x4a89,0x52ca,0x4a69,0x6b4c,0x4248,0x39e6,0x0020,0x7bce,0xb594,0xc616,
  0xe6f9,0xe71a,0xe719,0xe719,0xdef9,0xe719,0xded8,0xe6f9,0xe6f9,0xe719,0xe6f9,0xe6f9,0xe6f9,0xef1a,0xe6f9,0xe6f9,
  0xe6d9,0xe6d9,0xe6d8,0xe6d9,0xdeb8,0xeef9,0xe6f9,0xef1a,0xef1a,0xeef9,0xe6d8,0xef1a,0xde77,0x9c6f,0xd616,0xacf1,
  0xa490,0xbd53,0xc5d4,0x940e,0xb4f1,0xbd52,0xd615,0xc573,0xa46f,0xd5d5,0x7b2a,0x6267,0x72e9,0x6aa8,0x5a67,0x838c,
  0x5247,0x4183,0x2080,0x6267,0xbd72,0xde56,0xe6b7,0xe677,0xe6b7,0xeed8,0xeed8,0xeed8,0xeeb7,0xeed8,0xeeb7,0xeed8,
  0xeed8,0xeed8,0xe6b7,0xeeb7,0xeeb7,0xf6d8,0xeed7,0xeed8,0xeeb7,0xeeb7,0xe697,0xee97,0xe676,0xeeb7,0xee97,0xee97,
  0xee97,0xee97,0xe676,0xe676,0xe676,0xee96,0xe675,0xeeb6,0xe674,0xe634,0xde13,0xee74,0xe654,0xe654,0xe674,0xe634,
  0xddb2,0xdd92,0xbc8f,0xb42d,0xabed,0xb44f,0xa42e,0xa40d,0x7b2a,0x6aa8,0x28a1,0x1000,0x1800,0x38c1,0x38a0,0x4102,
  0x40e1,0x5143,0x48e1,0x3880,0x40c1,0x4902,0x5122,0x5122,0x48c1,0x48a1,0x4080,0x48c1,0x4060,0x48a0,0x6163,0x8aa7,
  0x9ae8,0x9ae8,0x9ac7,0x8a45,0x92a6,0xa307,0x92a6,0xab69,0xab69,0x9286,0x92a6,0xbbca,0xab48,0xa307,0x92a5,0x9ae7,
  0xa328,0x92a7,0x7204,0x5942,0x40c2,0x38a1,0x9b2a,0xa38b,0xa3cc,0xac2d,0x8b89,0x5183,0x2000,0x5962,0x69a3,0x7a05,
  0x58e1,0x79c4,0x71e4,0x71e5,0x71a4,0x81c6,0x69c4,0x3942,0x1060,0x2080,0x2840,0x5903,0x7186,0x69a6,0x1800,0x0000,
  0x0860,0x1081,0x1881,0x1861,0x0800,0x0800,0x0840,0x20c2,0x4a06,0x7b6b,0x5a67,0x62a8,0x732a,0x6288,0x5a47,0x4144,
  0x1000,0x3902,0x7287,0x8b09,0x8b08,0x9308,0x9328,0xa3aa,0x9369,0x59c3,0x51a3,0x6226,0x3901,0x51a4,0x59e4,0x3901,
  0x1820,0x5a06,0x5a06,0x51a5,0x4123,0x1800,0x1840,0x30e2,0x2061,0x1840,0x1040,0x1020,0x0000,0x0820,0x0820,0x0000,
  0x0000,0x0000,0x0000,0x0820,0x0020,0x0820,0x0000,0x0020,0x0000,0x0820,0x0000,0x0020,0x0000,0x0820,0x0820,0x0000,
  0x1020,0x28e2,0x3123,0x4144,0x4164,0x30e3,0x1820,0x1000,0x0800,0x0820,0x0000,0x0821,0x0020,0x0820,0x0020,0x0841,
  0x0841,0x0000,0x10a2,0x4a69,0x5aeb,0x39c7,0x0020,0x0840,0x0840,0x0841,0x0020,0x0840,0x0020,0x0841,0x0040,0x0840,
  0x0840,0x0840,0x0000,0x0840,0x18a2,0x2944,0x2944,0x2944,0x0841,0x0840,0x0841,0x0840,0x0841,0x0820,0x0840,0x0840,
  0x0841,0x0840,0x0841,0x0020,0x0841,0x0020,0x0841,0x0020,0x0841,0x0020,0x0820,0x0020,0x0820,0x0820,0x0020,0x0020,
  0x0841,0x0020,0x0841,0x0840,0x0020,0x0020,0x0861,0x0000,0x2903,0x9470,0xb574,0xa4f2,0x9c90,0x9cb0,0xa4d1,0x83cd,
  0x20a1,0x20c2,0x8bee,0xd657,0xe6fa,0xc5d5,0xa4f2,0x9470,0xbdb5,0xd657,0xce37,0xce57,0xce36,0xd677,0xc615,0xbdd4,
  0xc615,0xbdb4,0xce16,0xbdd5,0x9c91,0x738c,0x41e6,0x0860,0x0840,0x10a1,0x18c2,0x2944,0x2965,0x3a07,0x2944,0x31c6,
  0x738e,0x73ad,0x5aca,0x52aa,0x1061,0x5268,0xad33,0xc5f6,0xe6fa,0xe71a,0xe71a,0xe719,0xe719,0xe719,0xe719,0xe719,
  0xef1a,0xe719,0xe6f9,0xe6f9,0xef1a,0xef19,0xef1a,0xe6f9,0xeef9,0xe6f9,0xeef9,0xe6d9,0xe6f9,0xe6f9,0xeef9,0xef19,
  0xf73a,0xef19,0xef1a,0xef19,0xf73a,0xde98,0xbd53,0xbd53,0x9c6f,0x940e,0xb512,0xbd52,0xb4d1,0xb4d0,0xd5f5,0xc573,
  0xbd12,0xb4b1,0xcd73,0xa44f,0x72c9,0x7b2a,0x8bac,0x5a26,0x730a,0x83ac,0x6288,0x28c1,0x30e1,0x838c,0xc593,0xeed8,
  0xeeb8,0xe697,0xeeb8,0xe697,0xf6d9,0xeed8,0xeeb8,0xeed8,0xf6d8,0xeeb8,0xeeb8,0xe697,0xee97,0xee97,0xeed8,0xeeb7,
  0xf6b8,0xee97,0xf6b8,0xe696,0xee97,0xee97,0xee97,0xee97,0xf6b8,0xeeb7,0xee97,0xee76,0xee96,0xee76,0xee96,0xe675,
  0xee55,0xee74,0xee95,0xe674,0xee54,0xe654,0xddd2,0xcd30,0xbccf,0xbc8e,0xc4d0,0xbc8f,0xccf2,0xb470,0x9bcd,0x6a88,
  0x38e3,0x2880,0x1800,0x30a1,0x38a1,0x5143,0x5143,0x5143,0x4923,0x4922,0x48c1,0x3880,0x5984,0x48c1,0x5102,0x40c1,
  0x48c1,0x48e1,0x48a1,0x4060,0x58e1,0x6983,0x9ac8,0x92a6,0xab28,0x9286,0xab28,0x9285,0x8a44,0xa308,0x9286,0x9ae7,
  0xb38a,0x8a65,0x9a86,0xa307,0xbbaa,0xa2e7,0x8a24,0x92c7,0xa38a,0x8ae8,0x5121,0x3880,0x3880,0x82c8,0xa38b,0x9b6b,
  0xabcc,0x8b29,0x40c1,0x38c0,0x61a3,0x7205,0x71c4,0x6962,0x79e5,0x6963,0x71a4,0x71e5,0x79e6,0x71a5,0x5984,0x1840,
  0x20e0,0x20a0,0x5944,0x7145,0x7946,0x6965,0x2000,0x0820,0x10c1,0x0880,0x0820,0x0800,0x1000,0x1881,0x3964,0x6ae9,
  0x6ae9,0x62c9,0x730a,0x732a,0x62a8,0x49e6,0x51e6,0x2861,0x30a2,0x6a47,0x82c8,0x9328,0x9329,0x9308,0x9b49,0xa3ca,
  0x7a87,0x59a3,0x5a05,0x3921,0x51a4,0x51c4,0x38c1,0x2860,0x51c5,0x6267,0x49a5,0x4143,0x1820,0x2061,0x30c2,0x2081,
  0x1841,0x0800,0x1020,0x0800,0x0800,0x0800,0x0800,0x0000,0x0820,0x0000,0x0820,0x0000,0x0020,0x0000,0x0020,0x0020,
  0x0821,0x0020,0x0020,0x0000,0x0820,0x0840,0x1020,0x0800,0x28a2,0x3923,0x3923,0x3923,0x3944,0x1881,0x0800,0x0820,
  0x1041,0x0820,0x0820,0x0020,0x0821,0x0821,0x0841,0x0000,0x0020,0x1061,0x39c6,0x528a,0x630c,0x630c,0x18e3,0x0020,
  0x0841,0x0840,0x0841,0x0840,0x0861,0x0840,0x0840,0x0020,0x0840,0x0020,0x0820,0x1081,0x2944,0x2964,0x3164,0x2964,
  0x0020,0x0841,0x0840,0x0841,0x0820,0x0820,0x0020,0x0841,0x0020,0x0840,0x0020,0x0840,0x0020,0x0820,0x0820,0x0820,
  0x0020,0x0020,0x0020,0x0840,0x0020,0x0840,0x0000,0x0820,0x0020,0x0020,0x0020,0x0841,0x0000,0x0841,0x0020,0x0000,
  0x1081,0x8c2f,0xad33,0x9cb1,0x946f,0x8c2e,0x9c70,0xad12,0x8c2f,0x3964,0x0820,0x5aa9,0xbd94,0x9c90,0x9cb1,0xc5d5,
  0xb574,0xb574,0xbdd5,0xc616,0xbdf5,0xce36,0xc5f5,0xc615,0xc5f5,0xc5f5,0xce16,0xce37,0xbdd5,0xce57,0xad33,0x7bad,
  0x4227,0x2944,0x0020,0x0841,0x18e2,0x31a6,0x18e2,0x3185,0x4a69,0x52aa,0x52aa,0x5aca,0x0020,0x39e6,0x9cb1,0xbdd6,
  0xded8,0xe71a,0xded8,0xe6f9,0xdef9,0xe719,0xe719,0xe719,0xe6f9,0xe6f9,0xe6d9,0xe6f9,0xe6f9,0xe719,0xe6f9,0xeef9,
  0xe6f8,0xe6f9,0xe6d8,0xe6f9,0xe6d8,0xe719,0xe6f9,0xeef9,0xe6d8,0xeef9,0xe6d9,0xeef9,0xeef9,0xeef9,0xd656,0xcdf5,
  0xacd1,0x838c,0x9c6f,0xc573,0xb511,0xacb0,0xbd12,0xddf5,0xbd12,0xb4b0,0xb4d1,0xcd94,0xa46f,0x834b,0x72e9,0x72c9,
  0x7309,0x6ae9,0x9c4f,0x93ee,0x49c5,0x28a0,0x4184,0x8bac,0xcdd4,0xe698,0xe6b8,0xe677,0xe697,0xf6d8,0xeeb7,0xf6d8,
  0xeeb7,0xeeb7,0xe697,0xee97,0xe676,0xeeb7,0xeeb7,0xeeb8,0xee96,0xeeb7,0xee97,0xeeb7,0xe676,0xee97,0xee97,0xee97,
  0xe696,0xeeb7,0xee96,0xee96,0xe675,0xee75,0xe675,0xe655,0xe654,0xee95,0xe654,0xd591,0xbcce,0xc4ef,0xb46d,0xac4d,
  0xbccf,0xbcaf,0xbcb0,0xc512,0xa3ed,0x6a27,0x30c2,0x30a2,0x1800,0x2861,0x4103,0x5144,0x5163,0x4902,0x4922,0x69e5,
  0x40e1,0x3860,0x40c1,0x5102,0x48e1,0x48c1,0x3860,0x48e2,0x3840,0x4080,0x48a0,0x6163,0x8a86,0xa329,0x9ac6,0x9286,
  0x9285,0xab07,0xa307,0x9a85,0x8a44,0xa328,0x92c7,0x8a66,0x9b08,0xab29,0x8a04,0xa2c6,0xb368,0xab07,0x92a6,0x8aa7,
  0x8b08,0x7aa7,0x3060,0x3060,0x7265,0xa3cc,0x9b6b,0xac0d,0x7226,0x3860,0x40a1,0x7a45,0x69c3,0x71c3,0x7a04,0x6141,
  0x71c3,0x6963,0x71a4,0x6964,0x7206,0x5964,0x30a1,0x1840,0x1860,0x4143,0x6985,0x68e4,0x6925,0x6145,0x1000,0x0820,
  0x0060,0x0840,0x0800,0x1882,0x18a2,0x41a6,0x6aa9,0x7b0a,0x6ac8,0x72e9,0x5a87,0x5a68,0x5aa8,0x62a9,0x28a1,0x2040,
  0x6205,0x7aa7,0x8ae7,0x9b49,0x8b28,0x9b69,0x9b69,0x82c7,0x4962,0x59c4,0x4142,0x4143,0x4983,0x30a1,0x2040,0x4122,
  0x51e5,0x51e6,0x4163,0x1840,0x1020,0x2081,0x28e2,0x1861,0x1020,0x0820,0x0000,0x0800,0x0000,0x0000,0x0000,0x0000,
  0x0000,0x0820,0x0000,0x0020,0x0000,0x0000,0x0000,0x0020,0x0000,0x0000,0x0000,0x0020,0x0000,0x0000,0x0800,0x2061,
  0x30e2,0x4144,0x4123,0x3924,0x1880,0x1040,0x0020,0x0820,0x0000,0x0800,0x0800,0x0820,0x0000,0x0841,0x0020,0x0000,
  0x0861,0x39a6,0x4228,0x6b2c,0x630b,0x5aaa,0x4a69,0x2103,0x0000,0x0840,0x0020,0x0841,0x0040,0x0840,0x0020,0x0820,
  0x0000,0x0840,0x0860,0x20e3,0x2944,0x2964,0x2944,0x3164,0x0841,0x0840,0x1041,0x0841,0x1041,0x0820,0x0841,0x0820,
  0x0841,0x0820,0x0841,0x0820,0x0841,0x0820,0x0841,0x0020,0x0841,0x0020,0x0841,0x0840,0x0820,0x0840,0x0820,0x0820,
  0x0841,0x0020,0x0841,0x0820,0x0020,0x0841,0x0841,0x0000,0x1061,0x7bce,0xad13,0x9470,0x9470,0x9c90,0x944f,0x9c90,
  0xce37,0xb553,0x62ea,0x1060,0x3124,0x6b0b,0xc5b5,0xb553,0xb574,0xb553,0xa4d1,0xad32,0xbd94,0xb573,0xc5d5,0xc615,
  0xc615,0xc616,0xce37,0xce37,0xd678,0xc636,0xd678,0xce58,0xb594,0x9490,0x5268,0x1081,0x0860,0x0840,0x0840,0x2144,
  0x2965,0x5aeb,0x4a48,0x630b,0x1081,0x2943,0xad33,0xbdb5,0xdeb9,0xe719,0xe71a,0xe719,0xe719,0xe719,0xef19,0xe6f9,
  0xe6f9,0xe6d8,0xe6f9,0xe6f9,0xef19,0xe6f9,0xef19,0xe6f9,0xeef9,0xe6f9,0xe6f9,0xe6d8,0xe6f9,0xe6f9,0xef1a,0xef1a,
  0xef1a,0xeef9,0xef1a,0xe6d8,0xeed9,0xf71a,0xeef9,0xd636,0xb4f2,0xacd0,0x8bac,0x9c2e,0xcd94,0xc553,0xbd12,0xbd12,
  0xe636,0xbcf1,0xb4d1,0xcd73,0xd5b5,0xa44f,0x7b0a,0x7b2a,0x93ed,0x72e9,0x836c,0x93cd,0x9c0e,0x6ac9,0x3902,0x2060,
  0x6268,0xbd32,0xeeb8,0xe677,0xe677,0xeeb7,0xeeb8,0xeeb8,0xeeb8,0xe696,0xee97,0xee97,0xeeb7,0xeeb7,0xf6d8,0xeeb7,
  0xee97,0xe676,0xf6b7,0xeeb7,0xf6b7,0xeeb7,0xf6b7,0xee96,0xee96,0xee76,0xeeb7,0xee96,0xee96,0xe655,0xee76,0xe655,
  0xddf3,0xc530,0xbccf,0xb48e,0xb46d,0xac0d,0xb42e,0xb46e,0xc531,0xac6e,0x93ac,0x6226,0x38e2,0x1800,0x2000,0x2820,
  0x4903,0x4903,0x61a6,0x5123,0x48e2,0x40c1,0x48e2,0x40a1,0x3880,0x40a0,0x50e2,0x5122,0x50e2,0x4902,0x4080,0x50e1,
  0x3840,0x48c0,0x71c4,0xa329,0x9b08,0x9ac6,0xb369,0xa2e6,0x9a64,0xab27,0xab07,0xab48,0x9ae7,0x8244,0xa349,0x8aa6,
  0x9286,0xab69,0x9aa6,0x9264,0xa2c6,0xab48,0xa328,0x8aa7,0x7a87,0x30c2,0x3080,0x6a66,0xa3cc,0xa3cb,0x9b8b,0x6a26,
  0x3840,0x6163,0x8a45,0x79e4,0x6961,0x6982,0x71c3,0x71e3,0x6141,0x69a3,0x7184,0x7184,0x7a06,0x4923,0x1820,0x1840,
  0x4123,0x5985,0x6945,0x6925,0x6966,0x5145,0x1000,0x0820,0x0000,0x1040,0x3944,0x49e6,0x62aa,0x732b,0x72ea,0x7b0a,
  0x72c9,0x6267,0x5a48,0x5248,0x5a89,0x3944,0x1820,0x4942,0x82c8,0x8ae7,0x9b28,0x9b48,0x9b8a,0x9baa,0x9349,0x4962,
  0x5163,0x51a4,0x59e5,0x51a4,0x30c1,0x2040,0x4122,0x59e5,0x51e6,0x49a5,0x2061,0x3964,0x3103,0x1860,0x20a2,0x1040,
  0x0820,0x0000,0x1021,0x0821,0x0800,0x0000,0x0800,0x0000,0x0800,0x0000,0x0020,0x0000,0x0020,0x0000,0x0020,0x0020,
  0x0020,0x0000,0x0000,0x0020,0x0840,0x0000,0x1840,0x3102,0x4144,0x4103,0x4124,0x30e2,0x1000,0x0820,0x0840,0x0000,
  0x0020,0x0800,0x0801,0x0820,0x0861,0x0020,0x0000,0x0841,0x2965,0x4a69,0x62eb,0x630c,0x5aca,0x630b,0x630b,0x4a69,
  0x2924,0x0000,0x0821,0x0820,0x0841,0x0020,0x0840,0x0020,0x0020,0x0020,0x2924,0x2944,0x2924,0x2924,0x3185,0x2964,
  0x0820,0x0841,0x0820,0x0841,0x0840,0x0840,0x0020,0x0820,0x0820,0x0820,0x0820,0x0820,0x0820,0x0820,0x0840,0x0020,
  0x0840,0x0820,0x0020,0x0841,0x0020,0x0840,0x0020,0x0820,0x0840,0x0820,0x0020,0x0020,0x0000,0x0841,0x0840,0x0020,
  0x0820,0x738d,0xa4f2,0x8c2f,0x83ed,0xa4d1,0x944f,0x9cb0,0xbdb5,0xd678,0xce37,0x6b2b,0x20e2,0x20e2,0x6b2b,0xa4d1,
  0xad33,0xbd94,0x9cd1,0xa4f1,0x9cb0,0xb553,0xbdd4,0xbdb4,0xc5f5,0xc5f5,0xce36,0xce16,0xce57,0xce57,0xce57,0xce37,
  0xce57,0xc617,0x8c70,0x736c,0x5268,0x2103,0x0860,0x0000,0x10a2,0x4a48,0x39e6,0x5aca,0x1081,0x39e6,0xa512,0xbdd5,
  0xdeb9,0xef5b,0xdef9,0xe71a,0xe719,0xe719,0xe6f9,0xe719,0xe6d8,0xe6f9,0xe6d8,0xe6f9,0xe6d8,0xe6f9,0xe6f9,0xef3a,
  0xef19,0xe6f9,0xdeb8,0xe6f8,0xef19,0xef19,0xe6f9,0xef19,0xeef9,0xef1a,0xeef9,0xeef9,0xeef9,0xeef9,0xe6d8,0xe698,
  0xcdd5,0xb532,0x9c4e,0x836b,0xacb0,0xc553,0xcd93,0xbcf1,0xd5d4,0xcd73,0xac8f,0xbcf1,0xc532,0xcd93,0xb4d0,0x832a,
  0x72c8,0x9bed,0x836b,0x6a88,0x72c9,0x93ee,0x838c,0x6247,0x2080,0x4163,0x836b,0xc573,0xde56,0xe677,0xe697,0xeeb7,
  0xe676,0xeeb7,0xe675,0xe676,0xee96,0xf6b7,0xee96,0xee96,0xeeb7,0xf6d7,0xeeb6,0xeeb7,0xeeb6,0xee96,0xee96,0xeeb6,
  0xe654,0xee75,0xe695,0xee96,0xe655,0xe635,0xcd92,0xc531,0xb4af,0xbcd0,0xac4e,0xac6e,0xbcaf,0xd532,0xc511,0xac2e,
  0x8309,0x51a4,0x2881,0x1800,0x1800,0x2860,0x40e1,0x61a5,0x61a5,0x69a6,0x5943,0x5102,0x40a0,0x48c1,0x3040,0x3860,
  0x5943,0x5923,0x3880,0x4080,0x5101,0x50e1,0x4060,0x48a0,0x6142,0x8a66,0x8265,0x92c7,0xa307,0x9285,0xa307,0xb368,
  0x9264,0x9a84,0xab47,0xab27,0xa327,0x8a65,0x92e7,0xa349,0x8a66,0xa308,0xbbaa,0x9a85,0x8a03,0xab48,0xa348,0x8286,
  0x38c1,0x2040,0x51c4,0x9bcc,0x9bcb,0x9328,0x5982,0x38a0,0x69c4,0x92c8,0x8204,0x81e4,0x7182,0x7161,0x6981,0x71e3,
  0x6182,0x69a3,0x6983,0x79c5,0x5943,0x30a1,0x1820,0x30c2,0x5185,0x69c7,0x5103,0x50e3,0x40c2,0x2861,0x0800,0x1060,
  0x20e2,0x5206,0x6aca,0x6aea,0x6b2a,0x7b4b,0x6267,0x6a88,0x6247,0x59e7,0x51e7,0x5228,0x28e3,0x0800,0x3101,0x7aa7,
  0x82c6,0x9307,0x8ae6,0x9b69,0x9b89,0x9b8a,0x59a3,0x5183,0x59c4,0x6206,0x51c4,0x38e2,0x2020,0x4963,0x59e5,0x51a5,
  0x3964,0x2082,0x28e2,0x62a9,0x28e3,0x1861,0x1040,0x0800,0x0000,0x0800,0x0820,0x0821,0x0000,0x0000,0x0000,0x0820,
  0x0000,0x0000,0x0000,0x0000,0x0000,0x0020,0x0000,0x0020,0x0000,0x0000,0x0020,0x0840,0x0000,0x1020,0x28e2,0x4164,
  0x3903,0x4103,0x30c2,0x1820,0x0000,0x0840,0x0040,0x0020,0x0020,0x0821,0x0800,0x1041,0x0000,0x0000,0x10a2,0x39c7,
  0x4a48,0x528a,0x5aca,0x5aeb,0x5aeb,0x6b2c,0x5aca,0x6b4c,0x5289,0x2124,0x0040,0x0000,0x0000,0x0020,0x0040,0x0000,
  0x0020,0x18c2,0x2123,0x2944,0x2103,0x2944,0x3164,0x3164,0x1041,0x0840,0x0841,0x0840,0x1041,0x0820,0x0841,0x0820,
  0x1041,0x0800,0x1041,0x0020,0x0841,0x0820,0x0861,0x0020,0x0841,0x0820,0x0841,0x0840,0x0841,0x0020,0x0820,0x0020,
  0x0841,0x0020,0x0841,0x0000,0x0820,0x0041,0x0841,0x0020,0x0840,0x630b,0xa4f2,0x944f,0x7b6c,0x9cd1,0xa4f1,0x9cb0,
  0xbd95,0xc5f6,0xc5f6,0x9cb1,0x9c91,0x41e6,0x18a1,0x39a5,0x736c,0x9cb1,0xbdb5,0x9cd1,0xad12,0xb553,0x944f,0xbdb4,
  0xc5d5,0xc5f5,0xc5f6,0xce56,0xdeb8,0xce36,0xd678,0xce57,0xde99,0xce57,0xbdb5,0xbdf5,0xad33,0x8c50,0x6b2b,0x3185,
  0x18a2,0x0840,0x1081,0x2944,0x18e2,0x3185,0xad54,0xd6b8,0xe71a,0xe6f9,0xe6f9,0xe73a,0xe6f9,0xe719,0xe6f9,0xe6f9,
  0xeef9,0xe6d9,0xe6d9,0xe6f9,0xef19,0xe6d8,0xe6f9,0xe6f9,0xeef9,0xe6d8,0xeef9,0xeef9,0xeef9,0xe6f9,0xe6f9,0xe6d8,
  0xeed9,0xe6d9,0xeef9,0xeef9,0xf71a,0xeef9,0xeed9,0xf71a,0xeef9,0xc5b4,0xb512,0x940d,0x93cd,0xc553,0xddf5,0xd5d5,
  0xc532,0xddf5,0xc511,0xac4e,0xcd73,0xcd93,0xc532,0xa46e,0xa44e,0x832a,0x834b,0x7b0a,0x6a88,0x836b,0x8bac,0x8b8c,
  0x834b,0x49a4,0x30c1,0x4984,0x836b,0xcdb4,0xe697,0xe697,0xf6b7,0xe655,0xf6d7,0xee96,0xee96,0xee96,0xee96,0xee96,
  0xf6b7,0xeeb6,0xeeb6,0xee96,0xf6b7,0xf6b7,0xeeb6,0xee95,0xeeb6,0xee95,0xee96,0xd5d2,0xd5b3,0xc510,0xbcd0,0xb48f,
  0xcd32,0xcd52,0xcd32,0xc511,0xc4f1,0x936b,0x6a47,0x4122,0x30a1,0x2020,0x2000,0x3080,0x5184,0x61c5,0x5984,0x61a4,
  0x71e6,0x6144,0x6964,0x5902,0x6143,0x48a0,0x48c1,0x5122,0x48c1,0x40a0,0x50c1,0x48e1,0x48a0,0x48a0,0x50c0,0x7204,
  0x9287,0xa329,0x92a7,0x8224,0xa308,0xa2e6,0x9a85,0xab27,0xb327,0x9a84,0xab27,0xa306,0xab48,0x9ae7,0x92a6,0x9b08,
  0x9b08,0x8a45,0xa2e7,0xa2e6,0x9a86,0x8a86,0x92e7,0x4901,0x2800,0x5183,0x93ac,0x9bec,0x82a7,0x4080,0x5962,0x7a45,
  0x8aa7,0x8225,0x8a25,0x8a24,0x81c3,0x6941,0x6941,0x6982,0x71a3,0x6162,0x71c4,0x71c5,0x48c2,0x1800,0x4143,0x61e6,
  0x5965,0x5124,0x3881,0x2020,0x1000,0x2081,0x3923,0x3964,0x6268,0x7b2b,0x8b8d,0x6ae9,0x5a87,0x6ac8,0x7b2a,0x6aa8,
  0x59e7,0x51c7,0x5208,0x3966,0x2082,0x3923,0x6a87,0x8b48,0x9327,0x8b06,0x9328,0x9348,0xa38a,0x6a25,0x59c4,0x51a4,
  0x59c5,0x59e5,0x30a1,0x2040,0x4123,0x5a06,0x59e6,0x4164,0x1820,0x1840,0x730b,0x6b0b,0x28e3,0x0820,0x1041,0x0000,
  0x0820,0x0820,0x0821,0x0000,0x0801,0x0000,0x0820,0x0820,0x0820,0x0000,0x0000,0x0000,0x0020,0x0000,0x0020,0x0000,
  0x0020,0x0020,0x0840,0x0020,0x0820,0x20c2,0x4184,0x3903,0x4124,0x3903,0x1841,0x1000,0x0820,0x0020,0x0061,0x0040,
  0x0841,0x0821,0x1021,0x0820,0x18e3,0x39e7,0x5269,0x52aa,0x5aaa,0x5aca,0x6b2c,0x630b,0x630b,0x630b,0x630c,0x5aeb,
  0x62eb,0x5aca,0x4a48,0x2985,0x20e3,0x0000,0x0020,0x0000,0x18c2,0x2123,0x2123,0x2103,0x2944,0x2964,0x3164,0x3164,
  0x0040,0x0841,0x0840,0x0841,0x0040,0x0840,0x0020,0x0841,0x0840,0x0020,0x0840,0x0820,0x0020,0x0020,0x0020,0x0020,
  0x0040,0x0840,0x0020,0x0841,0x0020,0x0820,0x0020,0x0820,0x0040,0x0820,0x0020,0x0000,0x0000,0x0841,0x0020,0x0020,
  0x0000,0x5289,0x9cb1,0x9cd1,0x7bac,0x944f,0xa4f1,0xa4d1,0xc616,0xd657,0xbdd5,0x8c0f,0x8c2f,0x732b,0x83cd,0x3985,
  0x0000,0x2903,0x6b2b,0xa4d1,0x9490,0x840e,0xa4f1,0x9cb0,0xa512,0xbdd5,0xce16,0xd657,0xce57,0xce37,0xce36,0xd657,
  0xce57,0xce77,0xce57,0xd678,0xc616,0xce37,0xbdd5,0xa512,0x7bce,0x738d,0x18c1,0x0000,0x0040,0x10a1,0x2943,0x52a9,
  0xc636,0xe73a,0xd6b8,0xef3b,0xe71a,0xef1a,0xe6f9,0xe6f9,0xe6f9,0xe6d9,0xdeb8,0xeef9,0xe719,0xef19,0xe6f9,0xe6f9,
  0xdeb8,0xe6d8,0xef19,0xef19,0xe6b8,0xe6f9,0xe6f9,0xeef9,0xe6d8,0xe6d8,0xe6d8,0xeef9,0xeef9,0xef19,0xeef9,0xeef9,
  0xeef9,0xe697,0xb511,0xde16,0x8bec,0x9c2e,0xbd32,0xd5d5,0xacb0,0xcd93,0xcd93,0xbcf1,0xac8f,0xcd73,0xd593,0xc532,
  0xbcf0,0xb4d0,0x6247,0x832a,0x7b09,0x72e9,0x72c9,0x9bed,0x7b09,0x834a,0x8b8b,0x51a4,0x30e1,0x4963,0xb4d0,0xde36,
  0xde34,0xe675,0xee96,0xe675,0xe655,0xee96,0xe675,0xf6b7,0xee96,0xee96,0xeeb6,0xf6b6,0xe675,0xee75,0xde54,0xe654,
  0xde13,0xb4ef,0xb4ce,0xbcef,0xc551,0xb4cf,0xc511,0xd573,0xcd32,0xa3cd,0xac0e,0x8b2b,0x38e2,0x2881,0x1800,0x1800,
  0x2020,0x3060,0x48e2,0x7206,0x69c5,0x6163,0x71e5,0x69a4,0x48a0,0x69a4,0x5901,0x48a0,0x5942,0x50e1,0x5942,0x48a0,
  0x3860,0x48c1,0x50c0,0x4880,0x50c0,0x6121,0x8a66,0x92a7,0xa328,0xa328,0x8a85,0x8a44,0x9285,0xb389,0xab06,0xa2c6,
  0xc3c9,0xab27,0x9a84,0xbb89,0x9ac6,0x9ae7,0x8a65,0x92c7,0xa349,0x9ae8,0x8204,0xbbcb,0x92a6,0x92e7,0x5943,0x3020,
  0x6205,0x938c,0x9bab,0x7246,0x2820,0x5942,0x92e7,0x92a7,0x7a04,0x79e4,0x7a04,0x8224,0x6982,0x7182,0x6962,0x7183,
  0x71e4,0x69a4,0x69a4,0x6184,0x2020,0x38e2,0x4964,0x5144,0x2020,0x1800,0x1000,0x1860,0x3123,0x3102,0x5a27,0x832b,
  0x7b2b,0x838c,0x8bcd,0x7b8b,0x7349,0x7309,0x5a26,0x6a68,0x5a07,0x4165,0x51c7,0x30c3,0x2061,0x72a9,0x8b69,0x9368,
  0x9346,0x9326,0x9348,0xa3aa,0x7aa6,0x51a3,0x6205,0x5184,0x5a05,0x4943,0x1000,0x3902,0x59e5,0x49a5,0x4184,0x1840,
  0x0800,0x3944,0x7b8d,0x6aca,0x1881,0x0800,0x0800,0x0800,0x0000,0x0000,0x0000,0x0000,0x0000,0x0000,0x0000,0x0820,
  0x0000,0x0000,0x0000,0x0000,0x0000,0x0020,0x0000,0x0000,0x0020,0x0840,0x0000,0x0800,0x1860,0x3964,0x3943,0x3924,
  0x3103,0x2061,0x0800,0x0820,0x0000,0x0040,0x0040,0x0061,0x0040,0x0821,0x0800,0x1041,0x4a69,0x6b2c,0x528a,0x528a,
  0x4a69,0x5aaa,0x6b4c,0x630b,0x5aea,0x6b2c,0x5aeb,0x5aca,0x632c,0x736d,0x5aea,0x52aa,0x2944,0x0000,0x0000,0x10a2,
  0x2944,0x2123,0x2103,0x2944,0x2964,0x3164,0x2944,0x3185,0x0841,0x0840,0x0841,0x0840,0x0841,0x0020,0x0841,0x0840,
  0x0861,0x0020,0x0861,0x0020,0x0840,0x0020,0x0841,0x0020,0x0841,0x0020,0x0841,0x0840,0x0820,0x0020,0x0841,0x0020,
  0x0841,0x0020,0x0841,0x0000,0x0020,0x0841,0x0841,0x0020,0x0000,0x4207,0x9cb1,0x9cd1,0x83ed,0x83ed,0xad32,0xa4f1,
  0xde78,0xde98,0xc5d5,0x83ce,0x9c70,0x62ea,0x9470,0x8c2f,0x6aea,0x20e2,0x1881,0x39a5,0x7b8c,0x9cb0,0x944f,0x83ed,
  0xa4d1,0x9cd1,0xb574,0xbdd5,0xce37,0xd657,0xde98,0xde98,0xdeb8,0xd677,0xd678,0xd698,0xdeb9,0xce36,0xc616,0xce57,
  0xce37,0xc637,0xad33,0xb5b5,0x738d,0x2943,0x2123,0x10c1,0x18e1,0x4a68,0x9cd1,0xbd94,0xde98,0xe6f9,0xef1b,0xe6d9,
  0xdeb8,0xde98,0xeefa,0xe6d9,0xeef9,0xe6d9,0xef1a,0xe6f9,0xeed9,0xe6b8,0xeef9,0xe6f9,0xef19,0xe6f9,0xef1a,0xef19,
  0xef19,0xe6d8,0xeef9,0xeed9,0xeef9,0xeef9,0xf73a,0xeed9,0xeef9,0xeef9,0xe677,0xbd53,0xb511,0x8bac,0xcd94,0xbcf1,
  0xbd12,0xbd11,0xe616,0xcd52,0xc531,0xbcf0,0xd593,0xbcf0,0xbcf0,0xc511,0xac6f,0x7287,0x8b6b,0x72a8,0x7ac9,0x6a67,
  0x8b8b,0x834a,0x6a67,0x7ae9,0x6226,0x4163,0x4963,0x7b2a,0x9c2d,0xd5f4,0xee76,0xee97,0xe676,0xe675,0xe655,0xe655,
  0xee76,0xe675,0xee76,0xde34,0xd5d3,0xc551,0xcd92,0xc591,0xcd72,0xc571,0xcd72,0xc531,0xc511,0xcd72,0xc511,0xac2e,
  0x8b0a,0x4902,0x3041,0x3060,0x1800,0x1000,0x2860,0x38c1,0x5144,0x61a5,0x69a5,0x69a5,0x6123,0x6122,0x58e2,0x58e1,
  0x50c1,0x50c0,0x5902,0x50c0,0x5902,0x50c1,0x50c1,0x4880,0x6143,0x5922,0x4060,0x50c0,0x6962,0x92a7,0xa329,0xa2e7,
  0xab28,0xab28,0xab48,0x9aa6,0x8a44,0xa307,0xb348,0x9aa5,0xab27,0xb368,0xa2c6,0xa307,0xab48,0x9ac6,0xa2e7,0x9ae7,
  0xa328,0x9ae7,0x9ae8,0x92c8,0xa36a,0x5923,0x3020,0x7226,0x9bac,0x8b09,0x61c4,0x3860,0x69e4,0x92c7,0x8225,0x8a25,
  0x8a66,0x8225,0x7204,0x69c3,0x7204,0x71e4,0x71a4,0x6962,0x7a06,0x6184,0x61c5,0x38e1,0x2020,0x30a1,0x2020,0x2000,
  0x2000,0x30c1,0x3943,0x41c5,0x62a9,0x72ea,0x832c,0x8b4c,0x8b6d,0x838c,0x940e,0x8bed,0x7b4a,0x6287,0x6247,0x5207,
  0x4985,0x51e7,0x38e3,0x2020,0x4984,0x8b2a,0x8b28,0x9327,0xa388,0x9347,0x9349,0x8b28,0x5162,0x6205,0x59e5,0x59e5,
  0x5184,0x2840,0x4102,0x59c5,0x51a5,0x4984,0x1841,0x2081,0x2081,0x3985,0x734c,0x5228,0x1882,0x0800,0x0820,0x0000,
  0x0820,0x0000,0x0821,0x0000,0x0821,0x0000,0x0800,0x0000,0x0020,0x0000,0x0020,0x0000,0x0021,0x0000,0x0000,0x0000,
  0x0820,0x0800,0x0800,0x1040,0x3103,0x3964,0x4165,0x3964,0x2081,0x0000,0x1020,0x0000,0x0841,0x0040,0x0861,0x0841,
  0x0841,0x0020,0x0821,0x0820,0x1082,0x1081,0x39a6,0x4a69,0x52aa,0x6b6d,0x6b2c,0x5aca,0x630b,0x5aca,0x62eb,0x6b4c,
  0x632c,0x5289,0x3185,0x0840,0x0840,0x0861,0x10a2,0x18c2,0x2965,0x2123,0x2944,0x3164,0x3185,0x2944,0x3164,0x3184,
  0x0040,0x0841,0x0040,0x0841,0x0040,0x0840,0x0020,0x0840,0x0040,0x0020,0x0040,0x0020,0x0020,0x0840,0x0040,0x0020,
  0x0840,0x0840,0x0020,0x0841,0x0020,0x0820,0x0020,0x0820,0x0840,0x0820,0x0020,0x0000,0x0000,0x0841,0x0841,0x0820,
  0x0000,0x4207,0x9cd1,0xa4f1,0x7bcd,0x8c0e,0xb573,0xad32,0xce36,0xd677,0xc5f5,0x6b0a,0x7bcd,0x6b2b,0x83ee,0x9470,
  0x8c2f,0x83cd,0x5268,0x18c1,0x20e2,0x4a06,0x7bcd,0xa512,0xa512,0x9cb1,0x8c4f,0xa512,0xad53,0xc5f5,0xc5f5,0xd657,
  0xce57,0xd677,0xd677,0xd657,0xd677,0xde98,0xc616,0xbdd5,0xbdf5,0xbdb5,0xbdf6,0xc657,0xbe16,0xad53,0x94d1,0x842f,
  0x4a47,0x2102,0x0820,0x2903,0x5aa9,0x8bee,0xc5f5,0xde98,0xe6fa,0xe6d9,0xdeb9,0xde98,0xdeb8,0xe6d9,0xe6f9,0xe6d8,
  0xe6d8,0xe6d9,0xde97,0xe6d8,0xe6f9,0xe6d8,0xdeb8,0xe6d8,0xe6d8,0xeef9,0xe6d8,0xeef9,0xe6d8,0xeed9,0xeef9,0xeed9,
  0xe6b8,0xf71a,0xeef9,0xe697,0xb511,0xac90,0xbd52,0xd5d4,0xb4b0,0xc531,0xcd72,0xddf4,0xc551,0xac6e,0xc551,0xcd51,
  0xb4af,0xb48f,0xc551,0xac4e,0x8349,0x7287,0x7ac8,0x834a,0x7b09,0x7ae9,0x8329,0xa42e,0x834a,0x72a8,0x7ae9,0x6a67,
  0x30e1,0x6a66,0x9c0c,0xcd72,0xde14,0xe635,0xee96,0xe655,0xe676,0xee76,0xd5f4,0xddd3,0xd5b3,0xcd92,0xcd92,0xbd31,
  0xcd93,0xcd93,0xc552,0xb4b0,0x72a8,0x7267,0x5163,0x3060,0x2000,0x2800,0x2000,0x40a1,0x4943,0x51a5,0x59c5,0x59c5,
  0x61c5,0x69c5,0x5943,0x5902,0x6943,0x58e2,0x50c0,0x6122,0x50e1,0x50e1,0x50e0,0x58e1,0x58e1,0x5901,0x50c0,0x6163,
  0x48a0,0x4880,0x5921,0x8246,0x8a66,0x9ac7,0x9ac6,0xb368,0xab07,0x9aa6,0xab48,0xab28,0x9265,0x9265,0xa2e7,0xab28,
  0x9aa5,0xb369,0xab48,0x9265,0xab28,0xab48,0xa2e7,0xab28,0xa328,0x92c7,0x9b28,0x9308,0x5983,0x3040,0x61e5,0x9b8b,
  0x7247,0x5101,0x4080,0x8286,0x9308,0x8a86,0x8225,0x8a05,0x8205,0x7a05,0x7204,0x7245,0x6a05,0x69c4,0x69c5,0x6184,
  0x6185,0x4903,0x30a0,0x1000,0x1000,0x2040,0x2060,0x4123,0x51a5,0x6268,0x62a8,0x6aea,0x6ae9,0x7b2b,0x8bad,0x8b8d,
  0x832b,0x836c,0x6ae9,0x72e9,0x49c4,0x5a27,0x49c5,0x6289,0x49e6,0x3103,0x1000,0x38e1,0x7ac7,0x9369,0x8ae7,0x9307,
  0x9b48,0x9348,0x7ac6,0x4962,0x59c4,0x51a4,0x6226,0x4984,0x2020,0x4122,0x59e5,0x59c5,0x4984,0x1840,0x0800,0x28e3,
  0x2081,0x3965,0x736c,0x62aa,0x1882,0x0000,0x0840,0x0820,0x0000,0x0000,0x0000,0x0821,0x0000,0x0000,0x0000,0x0000,
  0x0000,0x0000,0x0000,0x0020,0x0000,0x0020,0x0000,0x0820,0x0000,0x0800,0x0800,0x28e2,0x3944,0x4144,0x3964,0x1882,
  0x0000,0x0820,0x0000,0x0861,0x0841,0x0841,0x0020,0x0820,0x0020,0x0820,0x0020,0x0020,0x0020,0x0020,0x0040,0x18c2,
  0x4a48,0x5aaa,0x52aa,0x630b,0x5aca,0x5acb,0x630b,0x5aeb,0x3185,0x0841,0x0000,0x1061,0x0000,0x0000,0x18c2,0x2123,
  0x18c2,0x2123,0x2964,0x3164,0x2923,0x2944,0x3184,0x3184,0x0841,0x0840,0x0841,0x0840,0x0841,0x0020,0x0841,0x0040,
  0x0841,0x0020,0x0861,0x0020,0x0841,0x0840,0x0861,0x0020,0x0841,0x0820,0x0841,0x0840,0x0841,0x0840,0x0840,0x0020,
  0x0861,0x0020,0x0840,0x0000,0x0000,0x0021,0x0862,0x0820,0x0000,0x39c6,0xa4f2,0xa512,0x83ee,0x83cd,0xb533,0xad32,
  0xd677,0xd698,0xce37,0x7bad,0x7bad,0x62c9,0x7b8d,0x83cd,0x8c0f,0x8c2f,0x9450,0x7bcd,0x5a89,0x2902,0x1880,0x41c5,
  0xa4d2,0x9cb1,0x9cb1,0x9cb1,0x9470,0xa4d1,0xad12,0xbdb4,0xce16,0xd677,0xdeb8,0xd677,0xd677,0xd677,0xd677,0xce56,
  0xce16,0xbdf6,0xc616,0xc616,0xbdf6,0xc637,0xc637,0xc657,0xce78,0xad74,0x5aea,0x2943,0x20c2,0x1040,0x20e2,0x5247,
  0xacf2,0xcdf6,0xe6d9,0xe6d9,0xef1a,0xe6d9,0xef1a,0xe6b8,0xeef9,0xef19,0xe6f9,0xdeb8,0xe6d8,0xe6d8,0xe6d8,0xe6d8,
  0xeef9,0xe6d8,0xeed9,0xe6b8,0xeef9,0xe6b8,0xeed9,0xeef9,0xf71a,0xeef9,0xf6f9,0xeed8,0xeeb8,0xbd52,0xbd32,0xcd93,
  0xa44f,0xa42e,0xb48f,0xc511,0xddf4,0x9bcb,0xc531,0xc551,0xcd51,0xb48e,0xc510,0xbcf0,0xbcf0,0x9bcc,0x7ae8,0x8b6a,
  0x938b,0x72c8,0x7287,0x93cc,0xa40e,0x72a8,0x834a,0x834a,0x93ac,0x4983,0x38e1,0x30e0,0x8b6b,0xbd11,0xd5b4,0xd5b3,
  0xe636,0xe656,0xde15,0xddf4,0xe615,0xcd93,0xcd73,0xac6f,0xac90,0x6a88,0x4963,0x2860,0x2820,0x2820,0x2820,0x2820,
  0x3060,0x40c1,0x5984,0x69e5,0x8ae9,0x7aa8,0x69e5,0x5963,0x69c5,0x71e5,0x69a4,0x6143,0x6122,0x58e1,0x58e1,0x6963,
  0x6983,0x6122,0x6142,0x58e1,0x6102,0x7a05,0x6143,0x50a0,0x4880,0x6142,0x9287,0x9ae8,0xa2e8,0x9ac7,0xa2e7,0xaae6,
  0xb328,0xa2a5,0xaae7,0xab27,0xab08,0x9285,0x9ac6,0xb369,0xab28,0x9286,0xb38a,0x9ac6,0xa2e7,0xa307,0xa2e7,0xb389,
  0xb369,0xa348,0x9b49,0x61c4,0x2020,0x59c6,0x8b4b,0x6a06,0x3840,0x48c1,0x8a86,0x92a7,0x9ae8,0x8a86,0x79e4,0x79e4,
  0x8a46,0x8226,0x7a26,0x7205,0x69c5,0x5984,0x5185,0x3080,0x1800,0x1800,0x2041,0x28c1,0x4164,0x5226,0x6aa9,0x72c9,
  0x72a9,0x7aea,0x832b,0x7b0a,0x834b,0x834b,0x836c,0x838c,0x834c,0x6268,0x51a5,0x51e6,0x6268,0x6aea,0x5228,0x2923,
  0x1860,0x1020,0x28a0,0x6a65,0x9349,0x9307,0x9308,0x92e7,0xa369,0x9328,0x59c3,0x4141,0x6246,0x6226,0x4143,0x2860,
  0x4943,0x6205,0x61c5,0x59a4,0x2041,0x2061,0x28c3,0x18a2,0x2082,0x28e3,0x7b8d,0x62ea,0x20c3,0x0000,0x1061,0x0000,
  0x0800,0x0000,0x0821,0x0820,0x0821,0x0000,0x0000,0x0000,0x0020,0x0000,0x0021,0x0000,0x0021,0x0000,0x0820,0x0820,
  0x0800,0x0800,0x2081,0x3923,0x4985,0x4145,0x2082,0x0820,0x0820,0x0020,0x0881,0x0061,0x0841,0x0821,0x0821,0x0820,
  0x0841,0x0840,0x0861,0x0000,0x1082,0x0000,0x0841,0x0840,0x0841,0x4a69,0x738d,0x5aca,0x62eb,0x6b4c,0x5aaa,0x2124,
  0x1061,0x0840,0x0841,0x0000,0x1081,0x20e3,0x2103,0x1902,0x2103,0x2123,0x3185,0x2964,0x2924,0x2964,0x31a5,0x2963,
  0x0040,0x0841,0x0040,0x0841,0x0040,0x0040,0x0020,0x0861,0x0040,0x0040,0x0840,0x0040,0x0040,0x0040,0x0841,0x0841,
  0x0840,0x0820,0x0020,0x0841,0x0020,0x0841,0x0020,0x0820,0x0840,0x0020,0x0020,0x0000,0x0000,0x0021,0x0020,0x0841,
  0x0000,0x3165,0x9cb1,0xad12,0x83ed,0x83cd,0xa4d1,0xad32,0xd697,0xdeb8,0xce37,0x83ce,0x62ea,0x5aa9,0x7bcd,0x7bad,
  0x736b,0x7b8c,0x7bad,0x83ee,0x8c2f,0x9c91,0x4a27,0x2903,0x2923,0x62c9,0x83ee,0x8c0f,0x83ee,0xa4f2,0x9cb0,0x9cb1,
  0x9cb0,0xc5f5,0xb594,0xce56,0xd6b8,0xd697,0xd697,0xd698,0xce77,0xd677,0xbdd5,0xce57,0xc636,0xc657,0xbe16,0xbdf6,
  0xbdf5,0xbdf6,0xd698,0xce17,0x736c,0x4a07,0x2923,0x1040,0x0000,0x20e2,0x734b,0xa4d2,0xc5d5,0xce16,0xde78,0xef1a,
  0xef1a,0xeef9,0xe6d9,0xeef9,0xdeb8,0xe719,0xe6f9,0xeef9,0xe6d8,0xe6d8,0xe6b8,0xe6b8,0xe6f8,0xef19,0xe6d8,0xeed9,
  0xeef9,0xeef9,0xeed9,0xf719,0xe6b8,0xde56,0xc593,0xb4d1,0xd5f4,0x93ab,0xa42d,0xcd72,0xcd72,0xddd3,0xb4ae,0xbcf0,
  0xcd51,0xc510,0xb46e,0xc4f0,0xb4ae,0xc510,0xcd51,0x938b,0x8329,0x938b,0x8309,0x7ae9,0x7b09,0x72c8,0x6a47,0x6a67,
  0x6a87,0x93cc,0x6267,0x4143,0x30c0,0x2020,0x6226,0x832a,0x832a,0x938b,0x938b,0x93ac,0x8b8b,0x8b4a,0x6a88,0x38e2,
  0x1800,0x1800,0x2880,0x3081,0x38c1,0x4122,0x4942,0x5163,0x5183,0x7246,0x7246,0x61a4,0x5962,0x6983,0x6983,0x6142,
  0x5101,0x5921,0x5121,0x6183,0x5101,0x5962,0x6142,0x6963,0x6983,0x79c5,0x7184,0x7184,0x6983,0x71a4,0x5901,0x6101,
  0x79e4,0x8a87,0x9b09,0x92a7,0xa308,0xa2e7,0xab27,0xa2a5,0xb326,0xb327,0xa2e6,0xb348,0xa2e6,0x9ae7,0x92a6,0xa308,
  0xa348,0x9266,0x9ac7,0xb38a,0x92a6,0xa2c6,0xab07,0xa2e7,0xa307,0x9ae7,0x69c4,0x2000,0x59e6,0x7288,0x5184,0x3881,
  0x61a3,0x8aa7,0x92c7,0x8a45,0x79e4,0x8a66,0x8245,0x8225,0x69a3,0x71a4,0x69a5,0x5944,0x3881,0x2020,0x1000,0x28a2,
  0x28c2,0x3964,0x49e6,0x6a89,0x6289,0x6b4a,0x736b,0x7b4b,0x832a,0x8b2b,0x934c,0x936c,0x8b6c,0x83ad,0x7b8b,0x62c9,
  0x5226,0x6a89,0x6a68,0x7aeb,0x6a89,0x4185,0x1020,0x20e2,0x18c1,0x1860,0x5a24,0x8b48,0x82e5,0x8ac6,0x92e7,0x92c7,
  0xa38a,0x7246,0x4982,0x51a4,0x5a05,0x51c5,0x28a0,0x30c2,0x59e5,0x59c4,0x5183,0x2840,0x1000,0x3944,0x20e3,0x20e3,
  0x1861,0x28e3,0x7b8d,0x62ca,0x18a2,0x0000,0x0820,0x0000,0x0000,0x0020,0x0000,0x0800,0x0000,0x0820,0x0000,0x0000,
  0x0000,0x0020,0x0000,0x0000,0x0000,0x0020,0x0000,0x0800,0x0000,0x1840,0x30e2,0x3944,0x3924,0x28a2,0x0000,0x0821,
  0x0020,0x0020,0x0081,0x0041,0x0021,0x0821,0x0800,0x0821,0x0820,0x0840,0x0020,0x0020,0x0861,0x0841,0x0000,0x0841,
  0x0000,0x2103,0x4a69,0x5aca,0x630b,0x5aeb,0x2965,0x0840,0x0000,0x0020,0x0000,0x1081,0x18e2,0x18e2,0x18c2,0x2123,
  0x2123,0x2985,0x2964,0x2944,0x2943,0x3185,0x3164,0x2923,0x0861,0x0841,0x0861,0x0841,0x0841,0x0040,0x0841,0x0841,
  0x0861,0x0020,0x0861,0x0020,0x0841,0x0020,0x0861,0x0020,0x0841,0x0840,0x0841,0x0841,0x0841,0x0840,0x0841,0x0020,
  0x0841,0x0020,0x0841,0x0000,0x0000,0x0020,0x0821,0x0020,0x0000,0x18e2,0x8c2f,0xa512,0x8c2f,0x7bad,0xacf2,0xb553,
  0xd657,0xd657,0xd657,0x734c,0x62ea,0x62c9,0x8bee,0x83ee,0x83ce,0x734b,0x734c,0x7bcd,0x83ee,0x7bcd,0x9c90,0x9470,
  0x6b2b,0x3184,0x3144,0x41e6,0x62ca,0x83ed,0x8c0f,0x9cd1,0xad53,0x9cb0,0xad32,0xa512,0xbdb4,0xbdd5,0xc5f5,0xd677,
  0xd698,0xd698,0xd698,0xbdf6,0xce78,0xc637,0xce57,0xc657,0xc637,0xbe16,0xce37,0xb5b5,0xd678,0xc616,0x9cb1,0x736c,
  0x4206,0x18c1,0x1880,0x1080,0x4a07,0x630a,0x942f,0xb553,0xc5d5,0xde98,0xeefa,0xe6d9,0xeef9,0xe6d8,0xef19,0xe6d9,
  0xeef9,0xe6d8,0xeed9,0xeed8,0xeed8,0xef19,0xf6f9,0xeed8,0xf6f9,0xeed8,0xf6f9,0xeef9,0xf6f9,0xeef9,0xde36,0xc593,
  0xc573,0xc552,0x9c0d,0xac8f,0xd573,0xc551,0xc511,0xbcf0,0xbcf0,0xbccf,0xb44e,0xbcaf,0xcd31,0xbccf,0xc4f0,0xc4cf,
  0xa3cc,0x82e8,0x934a,0x8b4a,0x6a46,0x7287,0x8b4b,0x8309,0x82e9,0x7ae9,0x7288,0x8309,0x7287,0x7287,0x4963,0x3080,
  0x4922,0x4101,0x38a0,0x38c0,0x4101,0x38c0,0x38a1,0x51a5,0x5184,0x5184,0x59c5,0x7247,0x6a06,0x6a05,0x7247,0x7a87,
  0x7226,0x5963,0x69c4,0x7205,0x6163,0x6142,0x6963,0x5902,0x5901,0x48e0,0x50e1,0x48a0,0x5922,0x5921,0x8226,0x7a05,
  0x7184,0x81e5,0x79a4,0x79c4,0x79c4,0x58e0,0x7183,0x9ac8,0xa309,0xa308,0xa2e8,0xab08,0xa2c7,0xab07,0xaae7,0xb348,
  0xaac6,0xb348,0xa2c7,0xab08,0xab28,0xa347,0xab48,0x92a6,0xab28,0xab29,0x9a87,0xb349,0xab09,0x9a86,0xb348,0x9265,
  0x9b49,0x61a3,0x2800,0x5983,0x7267,0x61c4,0x5143,0x8287,0x9b4a,0x8a87,0x8a87,0x8aa7,0x8267,0x7a46,0x7205,0x5983,
  0x5122,0x3880,0x2800,0x2800,0x38a2,0x4143,0x5a06,0x6aa9,0x730b,0x5a88,0x6aca,0x834c,0x836c,0x7b6b,0x7b4b,0x7b4a,
  0x8b8c,0x8b6b,0x9bce,0x93ce,0x8bad,0x5a88,0x5aa9,0x5aa9,0x730b,0x6289,0x6228,0x4145,0x3904,0x1861,0x41a6,0x41c6,
  0x20a1,0x4162,0x82e7,0x8ae6,0x8ac5,0x8aa5,0x9308,0x9308,0x82a8,0x4962,0x59c4,0x6225,0x3902,0x28a0,0x4122,0x5a06,
  0x59c5,0x51a4,0x3081,0x2020,0x30c1,0x3123,0x20c2,0x20a2,0x1841,0x2903,0x9410,0x6aeb,0x1882,0x0000,0x0841,0x0000,
  0x0820,0x0000,0x0821,0x0000,0x0820,0x0000,0x0820,0x0000,0x0020,0x0000,0x0821,0x0000,0x0000,0x0000,0x0800,0x0000,
  0x1020,0x20c2,0x3944,0x3944,0x20a2,0x0800,0x0800,0x0020,0x0841,0x0041,0x0041,0x0041,0x0841,0x0821,0x0841,0x0820,
  0x0841,0x0040,0x0020,0x0861,0x0000,0x0020,0x0861,0x0840,0x1081,0x0000,0x2924,0x52aa,0x5aca,0x39e7,0x1082,0x0840,
  0x0000,0x0000,0x1061,0x18e3,0x20e3,0x10a2,0x18a2,0x20e3,0x3165,0x2964,0x2944,0x2964,0x39a5,0x3185,0x2944,0x2103,
  0x0040,0x0861,0x0861,0x0861,0x0040,0x0841,0x0020,0x0841,0x0040,0x0020,0x0040,0x0041,0x0040,0x0041,0x0861,0x0020,
  0x0020,0x0841,0x0020,0x0840,0x0040,0x0841,0x0000,0x0020,0x0020,0x0020,0x0020,0x0040,0x0000,0x0021,0x0020,0x0020,
  0x0000,0x1060,0x738c,0xad12,0x9c90,0x83ee,0x946f,0xb553,0xd657,0xce36,0xd677,0x7b8c,0x62ea,0x62ea,0x7bcd,0x8c2e,
  0x8c2e,0x83cd,0x7bac,0x7b8c,0x736c,0x8c2e,0x8c2e,0x8c2f,0x9c90,0x9470,0x7bad,0x5aa9,0x39a5,0x2923,0x39c5,0x62ea,
  0x840e,0xb574,0x9cd1,0xad73,0xad73,0xad33,0x9cd1,0xa512,0xbdb5,0xc617,0xdeb9,0xd698,0xce37,0xce57,0xc616,0xc616,
  0xc657,0xbe16,0xc636,0xbe15,0xbdf5,0xbe16,0xc636,0xbdf6,0xa533,0x94b1,0x73ad,0x5288,0x18e1,0x1040,0x2902,0x3984,
  0x41c5,0x62ca,0xa4f2,0xeefa,0xf75b,0xeef9,0xe6d8,0xeef9,0xe6b8,0xeed9,0xef19,0xe6b8,0xe697,0xeeb8,0xe6b7,0xeed8,
  0xeed8,0xeed8,0xe6b8,0xeef9,0xeed9,0xee98,0xeed8,0xde36,0xac8f,0xcd73,0xb4b0,0xa42d,0xac8f,0xd5b3,0xcd92,0xbccf,
  0xb48e,0xbccf,0xbccf,0xb44e,0xbc8e,0xc4af,0xbcae,0xc4ef,0xbc8e,0xc4af,0x9b8a,0x82c7,0x7aa7,0x934a,0x72a7,0x7ac8,
  0x6a25,0x82c8,0x8b49,0x7ac8,0x7aa8,0x8b2a,0x9bab,0x7aa8,0x7aa7,0x936a,0x61e4,0x82a8,0x7a87,0x7a67,0x82e8,0x9bab,
  0x8b2a,0x5983,0x59a3,0x61a4,0x69e5,0x6163,0x6163,0x6163,0x61a4,0x7a26,0x71e5,0x5121,0x5942,0x69c4,0x50e1,0x5901,
  0x5901,0x6142,0x5901,0x6122,0x5901,0x6943,0x79c4,0x8205,0x6122,0x7984,0x8226,0x58c1,0x58e0,0x9266,0x9286,0xab29,
  0xab49,0xa2e7,0xa2c6,0x9aa6,0xaae7,0xa2c6,0xab28,0xa2c6,0xab07,0xab28,0xb349,0x9aa6,0xab48,0x9aa5,0x9ae6,0xa2e6,
  0x9aa6,0xa2c7,0xa2c7,0xa2c8,0xa2c8,0xa2c7,0xa2e7,0xb3aa,0x5163,0x30a1,0x4942,0x5163,0x5142,0x7204,0x8ac7,0x9b29,
  0x7a66,0x932a,0x82c8,0x7ac8,0x5163,0x40e3,0x2040,0x1820,0x2060,0x38e3,0x49a5,0x6a88,0x72e9,0x7b2a,0x7b2a,0x7b2a,
  0x7b2a,0x836b,0x834b,0x834b,0x832a,0x8b6b,0x8b6a,0x93ac,0x8b8b,0x8bcc,0x940e,0x944f,0x83ed,0x732b,0x83ad,0x6b0b,
  0x49e7,0x30e3,0x1820,0x28a2,0x4186,0x5228,0x41a5,0x1840,0x30c1,0x7aa7,0x8ae6,0x92c6,0x8aa5,0x9b07,0x8ae7,0x7267,
  0x4963,0x5184,0x6246,0x4963,0x2020,0x4122,0x5a05,0x59e5,0x51a5,0x2081,0x1820,0x3102,0x3123,0x3964,0x20a1,0x20c2,
  0x1040,0x20c2,0x7bad,0x5aaa,0x0800,0x0000,0x0000,0x0000,0x0000,0x0020,0x0000,0x0020,0x0000,0x0020,0x0000,0x0000,
  0x0000,0x0000,0x0000,0x0820,0x0000,0x0800,0x0800,0x0800,0x1861,0x3144,0x2903,0x20c1,0x0820,0x0800,0x0020,0x0820,
  0x0020,0x0841,0x0020,0x0840,0x0020,0x0841,0x0020,0x0840,0x0020,0x0820,0x0020,0x0020,0x0020,0x0840,0x0020,0x0820,
  0x0020,0x0841,0x0841,0x3186,0x5269,0x2104,0x0000,0x0820,0x0000,0x0840,0x1061,0x18a2,0x1081,0x1081,0x18c2,0x2944,
  0x2924,0x2103,0x2123,0x3165,0x2944,0x2103,0x18e2,0x2103,0x0841,0x0841,0x0861,0x0041,0x0861,0x0841,0x0041,0x0041,
  0x0861,0x0020,0x0861,0x0040,0x0861,0x0040,0x0861,0x0020,0x0841,0x0840,0x0840,0x0840,0x0841,0x0840,0x0820,0x0020,
  0x0841,0x0020,0x0841,0x0020,0x0000,0x0000,0x0020,0x0020,0x0820,0x0020,0x7bad,0xa4f2,0xa4b1,0x83cd,0x944f,0xad32,
  0xd677,0xd677,0xde98,0x83ee,0x732b,0x5aa9,0x8c2f,0x9c90,0xa4f2,0x946f,0x946f,0x9490,0x946f,0x8c2e,0x8c0e,0x8c2f,
  0x9c70,0x8c4f,0x9470,0x9cb1,0x8c0e,0x5ac9,0x39a5,0x2923,0x2944,0x5288,0x6b2b,0x8c4f,0xa4f2,0xb594,0xb594,0xa532,
  0xad54,0xa512,0xa512,0xb5b5,0xd678,0xc637,0xce57,0xc637,0xce78,0xc636,0xce57,0xbe15,0xc636,0xc616,0xbe16,0xbdf6,
  0xc637,0xce57,0xce37,0xb594,0xa4f2,0x9470,0x6b0b,0x3984,0x41c6,0x2902,0x3964,0x62ca,0x942f,0xce16,0xe6b8,0xf73a,
  0xeef9,0xe6b8,0xeef9,0xeed8,0xeed8,0xe6b8,0xe6b7,0xe6b8,0xf6f9,0xeeb8,0xeef9,0xeed8,0xeed9,0xeed8,0xff1a,0xee98,
  0xc573,0xa44e,0xc552,0xa44e,0xa42e,0xbcf0,0xd5b3,0xbd10,0xac4e,0xb48e,0xcd11,0xc4af,0xb44e,0xccf0,0xbc6e,0xc4cf,
  0xc48f,0xbc6e,0xc4cf,0x9bab,0x8b09,0x8308,0x8b09,0x8308,0x6a05,0x7246,0x6a25,0x82c8,0x8b09,0x61c4,0x82c8,0x7266,
  0x6a05,0x7226,0x8b09,0x9329,0x7246,0x8287,0x9329,0x6a25,0x7225,0x6183,0x7205,0x6162,0x71c4,0x7205,0x71e5,0x6142,
  0x50e1,0x6163,0x6162,0x69c4,0x6983,0x69a4,0x69a4,0x6162,0x6143,0x6163,0x6983,0x79e5,0x79c4,0x71a4,0x6922,0x79c4,
  0x79a4,0x6942,0x7983,0x7183,0x9266,0xab29,0xa2e8,0x9aa6,0xbb8a,0xab28,0xab08,0xa2a6,0xaac7,0xaae7,0xab07,0xa2e6,
  0xab07,0xaae7,0xbb49,0xa2c6,0x9aa6,0xab48,0x9ae6,0xa2e6,0xab07,0xa2a6,0xb308,0x9a86,0xab29,0xb38b,0x92c8,0x69e4,
  0x3080,0x51a4,0x59c4,0x3860,0x7a46,0x9b49,0x8a87,0x9b4a,0x82a8,0x7a87,0x4923,0x3081,0x2000,0x2000,0x3903,0x49a5,
  0x72a9,0x836b,0x93cd,0x8bac,0x8b8c,0x836b,0x8b8c,0x8b8b,0x8b8c,0x8b6b,0x8b8c,0x8b8c,0x93cd,0x93cd,0xa42e,0xac8f,
  0xa470,0xacf1,0xad12,0xa4d1,0x9c90,0x83ad,0x5228,0x28c2,0x1000,0x28c2,0x51e7,0x5a48,0x6269,0x5a28,0x28a2,0x2060,
  0x7287,0x8b08,0x9328,0x9306,0x9b07,0x9307,0x8ac7,0x59a4,0x59c5,0x6206,0x59c4,0x2860,0x38c1,0x6206,0x6206,0x4963,
  0x28a2,0x1000,0x3923,0x3964,0x3103,0x3944,0x28e3,0x20c2,0x1881,0x18a1,0x734c,0x5248,0x0820,0x0000,0x0820,0x0000,
  0x0000,0x0000,0x0000,0x0000,0x0820,0x0000,0x0021,0x0020,0x0021,0x0000,0x0800,0x0000,0x0800,0x0800,0x0800,0x1040,
  0x3124,0x3144,0x20c2,0x0800,0x0820,0x0000,0x0020,0x0020,0x0841,0x0840,0x0841,0x0020,0x0820,0x0020,0x0841,0x0020,
  0x0820,0x0020,0x0840,0x0020,0x0841,0x0820,0x0841,0x0020,0x0821,0x0821,0x0000,0x2124,0x5aab,0x0841,0x0800,0x0000,
  0x1062,0x1061,0x1061,0x1060,0x18c2,0x20e3,0x3165,0x2944,0x18c2,0x2103,0x3164,0x2123,0x18c2,0x10a1,0x20e3,0x2103,
  0x0040,0x0841,0x0040,0x0841,0x0041,0x0861,0x0020,0x0861,0x0040,0x0020,0x0041,0x0841,0x0040,0x0040,0x0841,0x0020,
  0x0040,0x0861,0x0020,0x0841,0x0020,0x0840,0x0020,0x0820,0x0020,0x0020,0x0020,0x0840,0x0000,0x0020,0x0020,0x0840,
  0x0020,0x0000,0x736c,0xad33,0xa4d1,0x8c0e,0x83ed,0xb533,0xde97,0xe6b8,0xe6f9,0x8c0f,0x62ea,0x62ea,0x8c2f,0x9c90,
  0x9cd1,0xa4d1,0xa4f1,0xc5d5,0xb594,0xa4f1,0x8c0e,0x83cd,0x83ed,0x8c2e,0x8c2e,0x8c0e,0x7bcd,0x9470,0x8c4f,0x7bad,
  0x4a47,0x2943,0x2123,0x2123,0x4226,0x6b4b,0x840e,0xa512,0xad74,0xad74,0x9cf2,0x9cd1,0x94b1,0xb594,0xbdf6,0xa533,
  0xbdf5,0xce78,0xce57,0xce57,0xc657,0xbdf6,0xbe16,0xce57,0xc657,0xce57,0xce37,0xce78,0xce57,0xc617,0xbdd5,0xbd95,
  0x8c2f,0x6b0b,0x41c5,0x1880,0x20e2,0x3984,0x736b,0x942f,0xc5b4,0xe6b8,0xde98,0xeed9,0xe6b8,0xeed8,0xe6d8,0xeed8,
  0xeeb7,0xe6b7,0xeed8,0xf6f9,0xe6b7,0xf719,0xeeb8,0xeeb8,0xff19,0xbd32,0x9c2d,0xc532,0xa42d,0xb4af,0xcd93,0xd593,
  0xb4af,0xbcaf,0xc511,0xccf0,0xbc8e,0xbc8e,0xcd10,0xb40c,0xccef,0xb44d,0xb42c,0xccf0,0xb46e,0x8b29,0x82c8,0x7a87,
  0x82e8,0x8b09,0x7a87,0x7a66,0x7266,0x61a3,0x6a05,0x7a87,0x82c7,0x6a25,0x61e4,0x61c4,0x7266,0x7a66,0x7246,0x7225,
  0x6183,0x7225,0x7204,0x69c4,0x5921,0x71c4,0x71a3,0x8225,0x6962,0x6121,0x6162,0x69a3,0x5921,0x69a4,0x7a05,0x71c4,
  0x7a25,0x71a4,0x71a4,0x79e4,0x79c4,0x79e4,0x71a3,0x7182,0x6962,0x60e0,0x8a25,0xb36a,0xab49,0x9266,0xa2e7,0xa2a7,
  0xa2c7,0xc3aa,0xa2e7,0xb348,0x9a85,0xab07,0xab07,0xb328,0x9a85,0xb348,0xa2a6,0xa2c7,0xa2e7,0xa308,0xa308,0xa2c7,
  0xa2e6,0xb327,0xa2c6,0xb348,0x9ae7,0x9b29,0x5163,0x2840,0x4122,0x40a1,0x48e1,0x82a7,0x9329,0x8287,0x82a7,0x7226,
  0x38a1,0x3880,0x2860,0x4944,0x51a4,0x6a88,0x8b4b,0x93ad,0x93cd,0x93cd,0x8b8b,0x93ac,0x93cc,0x9bed,0x93cd,0x9bed,
  0x93ed,0xa42e,0xa42e,0xa44e,0x9c4e,0xacb1,0xb532,0xbd53,0xacf1,0xb533,0x9c8f,0x7b4b,0x41c5,0x20a1,0x1840,0x3924,
  0x5207,0x5a27,0x6248,0x6269,0x41a5,0x28c1,0x2060,0x59c5,0x8b29,0x9b8a,0x9b69,0x9b28,0x9b48,0x9b49,0x61c3,0x61c4,
  0x6206,0x51a4,0x30a0,0x4122,0x4963,0x4963,0x4143,0x2040,0x1840,0x3923,0x3943,0x3123,0x28e2,0x3944,0x20a1,0x28e3,
  0x1881,0x20a2,0x6b2b,0x5a89,0x0000,0x0000,0x0000,0x0000,0x0000,0x0000,0x0000,0x0020,0x0000,0x0020,0x0000,0x0020,
  0x0000,0x0020,0x0000,0x0800,0x0000,0x0800,0x0800,0x2904,0x3144,0x20c2,0x1040,0x0000,0x0000,0x0000,0x0000,0x0020,
  0x0020,0x0020,0x0020,0x0020,0x0020,0x0020,0x0020,0x0020,0x0020,0x0020,0x0020,0x0020,0x0020,0x0840,0x0020,0x0840,
  0x0020,0x0020,0x0000,0x18c3,0x2945,0x0020,0x0000,0x0821,0x0841,0x1081,0x1081,0x18c2,0x18c2,0x3164,0x2123,0x18c2,
  0x2103,0x2964,0x2123,0x18c2,0x1081,0x18c2,0x20e2,0x20e3,0x0861,0x0041,0x0861,0x0841,0x0861,0x0861,0x0841,0x0841,
  0x0861,0x0020,0x0861,0x0040,0x0841,0x0020,0x1061,0x0020,0x0841,0x0841,0x0841,0x0020,0x0020,0x0020,0x0841,0x0020,
  0x0841,0x0020,0x0841,0x0020,0x0020,0x0000,0x0841,0x0840,0x1061,0x0000,0x734c,0xad33,0xa4d1,0x8c0e,0x734b,0xa4d1,
  0xde98,0xd677,0xef1a,0x8c0e,0x5248,0x5aa9,0x8c2f,0x9cb1,0xa4f2,0xa4f1,0xad32,0xc616,0xd657,0xce36,0xbd94,0x944f,
  0x8c0e,0x7bac,0x7bad,0x8c2f,0x944f,0x840e,0x9490,0x9490,0x9cb1,0x9490,0x738c,0x73ad,0x4227,0x10a1,0x2964,0x39c5,
  0x7bee,0x9cf2,0xa533,0xce58,0xce37,0x9cd1,0x9cb1,0xb5b5,0xad74,0x8c4f,0xa4f2,0xce57,0xce57,0xc636,0xce37,0xc637,
  0xd678,0xce57,0xce57,0xce57,0xce58,0xce37,0xce57,0xce57,0xce17,0xbd94,0xad13,0x6b2b,0x5a89,0x41e5,0x3164,0x18a0,
  0x3984,0x8c0e,0xde57,0xeef9,0xeed8,0xeed8,0xeed8,0xe6b7,0xeeb7,0xe697,0xf6d8,0xeeb8,0xf6f9,0xe6b7,0xeeb7,0xf6d8,
  0xee97,0xee97,0xbcf1,0xa42e,0xbcd0,0xa42d,0xac6e,0xddf4,0xd593,0xac4d,0xbc8f,0xcd10,0xd572,0xbc6e,0xc4af,0xbc8e,
  0xc4af,0xd510,0xbc6e,0xb42d,0xccd0,0xac0d,0xb40d,0x82a7,0x69e4,0x7a66,0x8ae8,0x82e8,0xa3ab,0x7246,0x5122,0x7225,
  0x9329,0x7245,0x7246,0x7a66,0x7205,0x7225,0x8267,0x8ac7,0x8266,0x8a86,0x7a04,0x7a25,0x71c3,0x8245,0x8a46,0x7182,
  0x79e4,0x6982,0x79e4,0x7a04,0x8225,0x71c4,0x71a4,0x6142,0x71a4,0x8246,0x71a4,0x71c3,0x8a26,0x8224,0x7184,0x4820,
  0x9245,0xab29,0x9a86,0xa2e7,0xb369,0xab08,0xa2a6,0xb328,0xab08,0xb348,0xc389,0xaae7,0xaac6,0xa2e6,0xb328,0xaae7,
  0xaae7,0xaae7,0xb2e7,0xb328,0xa2a7,0x9a86,0xab08,0xa2e7,0xa2a6,0x9a85,0xb348,0xab48,0x9308,0x5983,0x38e2,0x4122,
  0x3860,0x6183,0x82a8,0x8ac8,0x9329,0x9b8b,0x69c5,0x2800,0x3080,0x59e5,0x8b6b,0x93ac,0x8b6c,0x9bee,0x9c0e,0x93cc,
  0x9bed,0x93ac,0x93ac,0x93ac,0x9bed,0x9bed,0xa40e,0x9c2e,0xac6f,0xac8f,0xb4d1,0xb4f1,0xbd12,0xb533,0xbd54,0xbd74,
  0xacd1,0x5247,0x3102,0x1820,0x3122,0x49e5,0x6268,0x6aa9,0x72c9,0x6268,0x5a07,0x5a27,0x30e2,0x1000,0x51a4,0x8b29,
  0x9328,0x9328,0x9b49,0x9b49,0xa38a,0x6a04,0x5142,0x61c4,0x61e5,0x30a0,0x4943,0x51c4,0x51c5,0x4122,0x2040,0x2060,
  0x4143,0x3923,0x3964,0x3123,0x3124,0x2903,0x1861,0x28e3,0x20c2,0x20c2,0x734c,0x62ca,0x0821,0x0000,0x0820,0x0000,
  0x0821,0x0020,0x0020,0x0000,0x0820,0x0000,0x0820,0x0000,0x0000,0x0020,0x0821,0x0000,0x0800,0x0000,0x20a2,0x3144,
  0x20e3,0x0800,0x0800,0x0820,0x0000,0x0000,0x0020,0x0020,0x0820,0x0020,0x0820,0x0020,0x0840,0x0020,0x0841,0x0020,
  0x0820,0x0020,0x0841,0x0020,0x0840,0x0020,0x0841,0x0020,0x0020,0x0000,0x0020,0x0000,0x0000,0x0820,0x0820,0x1082,
  0x1061,0x1081,0x1061,0x18e2,0x3164,0x2103,0x20e3,0x2924,0x3164,0x2944,0x20c2,0x1081,0x18c2,0x20e2,0x20e3,0x18c2,
  0x0040,0x0861,0x0040,0x0841,0x0041,0x0841,0x0020,0x0861,0x0841,0x0041,0x0041,0x0041,0x0040,0x0020,0x0841,0x0020,
  0x0020,0x0841,0x0020,0x0020,0x0000,0x0841,0x0020,0x0020,0x0040,0x0840,0x0020,0x0840,0x0000,0x0020,0x0020,0x0840,
  0x0840,0x0000,0x5288,0xad12,0xa4d1,0x8bee,0x7bac,0xbd73,0xce36,0xe6f9,0xdeb8,0x8c2f,0x41e6,0x6b0b,0x83cd,0x9c90,
  0x9490,0xad32,0xa511,0xce36,0xd677,0xd657,0xce37,0xc5f5,0xa4f2,0x9470,0x840d,0x734b,0x7bcd,0x946f,0x948f,0x8c4f,
  0x9470,0x9cb1,0x9cf1,0x9cd1,0x9cd1,0x9cd1,0x632b,0x3184,0x2964,0x2123,0x4a88,0x7bee,0x8c90,0xc637,0xc637,0xbdd5,
  0x94b1,0xa513,0xa533,0x8c70,0x840e,0xb574,0xbdf5,0xc637,0xce57,0xce57,0xce37,0xd678,0xce57,0xd678,0xc636,0xc5f6,
  0xd678,0xc5f6,0xc5f6,0xc5d5,0xbdb5,0xbdb5,0x7bad,0x6b2b,0x39a5,0x0820,0x3163,0xbd73,0xe6b8,0xeef9,0xe6b7,0xe677,
  0xe697,0xeeb7,0xeeb7,0xee97,0xde76,0xf6f8,0xeed7,0xe676,0xeeb7,0xf6b8,0xddf5,0x9c0d,0xa42d,0xd593,0xb4af,0xc511,
  0xddb3,0xd572,0xac4d,0xc4f0,0xcd30,0xcd10,0xac2c,0xccef,0xbc8e,0xc48e,0xbc6e,0xbc4d,0xb40c,0xc4af,0xb44d,0xb42d,
  0x8b08,0x6a05,0x6a04,0x8ae8,0x7a86,0x9329,0x8b29,0x61a3,0x5121,0x82a7,0x7266,0x6a04,0x7225,0x61a3,0x5100,0x7a45,
  0x7224,0x7a25,0x71e3,0x92e8,0x8225,0x6942,0x6962,0x8204,0x8204,0x8a45,0x6141,0x71c3,0x71c3,0x6983,0x79e4,0x8225,
  0x8225,0x8205,0x7182,0x79e4,0x79e4,0x6941,0x6941,0x8a25,0x9245,0xa2e8,0xab08,0x9a86,0xb348,0xab08,0x9a85,0xaae7,
  0xb307,0xb307,0xb348,0xbb68,0xa2c6,0xb307,0xa2e7,0xb348,0xa2c6,0xab08,0xab28,0xa2e7,0xb349,0x9a45,0xaac7,0xb328,
  0x9265,0xab48,0x92c6,0xa38a,0x7225,0x2840,0x4964,0x3081,0x69a4,0xab8b,0x9b29,0x92e9,0x8b09,0x4923,0x1800,0x5184,
  0x8b4b,0x9c0e,0x93ed,0x93cd,0x9c2e,0x9c0e,0x8bcc,0x9c0e,0x9bed,0x9c0d,0x9c0d,0xa44e,0xa46f,0xac90,0xac8f,0xb4d1,
  0xbd12,0xbd32,0xbd32,0xc573,0xbd73,0xacd3,0x7b8d,0x3124,0x1841,0x20a1,0x5a88,0x6aa9,0x732a,0x7b2a,0x6288,0x72ea,
  0x5a26,0x5a27,0x5a47,0x4164,0x1820,0x38c1,0x82e7,0x9348,0x9307,0x9b48,0x9348,0x9b8a,0x61e4,0x40e1,0x5183,0x61e5,
  0x3080,0x4922,0x6a88,0x59e5,0x4163,0x2040,0x1840,0x3102,0x3923,0x3103,0x3944,0x3964,0x3123,0x3123,0x1881,0x20c2,
  0x20c2,0x20c2,0x6b0b,0x62ca,0x0800,0x0000,0x0020,0x0820,0x0020,0x0821,0x0000,0x0000,0x0000,0x0020,0x0000,0x0000,
  0x0000,0x0820,0x0000,0x0000,0x0000,0x1061,0x2924,0x18a2,0x0820,0x0800,0x0000,0x0840,0x0000,0x0020,0x0000,0x0020,
  0x0020,0x0820,0x0020,0x0020,0x0020,0x0820,0x0020,0x0020,0x0000,0x0020,0x0020,0x0020,0x0020,0x0820,0x0020,0x0020,
  0x0000,0x0000,0x0000,0x0000,0x0820,0x1061,0x0820,0x18a2,0x18a2,0x1081,0x18a1,0x2944,0x2103,0x18c2,0x2103,0x3164,
  0x2103,0x20e2,0x10a1,0x18c2,0x18c2,0x18c2,0x1081,0x18e2,0x0841,0x0861,0x0861,0x0041,0x0861,0x0041,0x0041,0x0861,
  0x0861,0x0020,0x0861,0x0040,0x0841,0x0020,0x0861,0x0020,0x0841,0x0840,0x0020,0x0020,0x0820,0x0840,0x0841,0x0020,
  0x0841,0x0020,0x0820,0x0020,0x0820,0x0020,0x0841,0x0020,0x0820,0x0000,0x41c6,0x9490,0xacf2,0x942f,0x734b,0xad12,
  0xce16,0xdeb8,0xeefa,0xa4d1,0x49e7,0x7b8d,0x7bad,0x8c4f,0x8c2f,0xad53,0xbd94,0xce16,0xd657,0xd657,0xdeb9,0xc616,
  0xc5f6,0xbdb5,0xb553,0xa4f1,0x944f,0x840e,0x9470,0x94b0,0x9cb1,0x94b1,0x9cb1,0x9490,0xa4f2,0x9cd1,0x9cb1,0x94b1,
  0x6b6c,0x4a88,0x4227,0x2123,0x31a5,0x632b,0x6b6c,0x9d12,0xc617,0xc617,0xb574,0xbdf6,0xc5f6,0xad33,0x9490,0x9490,
  0xa513,0xa512,0xb594,0xce57,0xd678,0xd678,0xe6fa,0xd678,0xd658,0xce57,0xd678,0xc636,0xce17,0xc616,0xce37,0xbd95,
  0xb554,0x8c0e,0x5267,0x3143,0x944f,0xcdf5,0xeeb8,0xe697,0xee97,0xee97,0xee96,0xeed7,0xeeb7,0xde55,0xe676,0xee97,
  0xee97,0xf6b8,0xde15,0xb4d0,0xbcb0,0xb48f,0xb48f,0xac4e,0xd573,0xcd31,0xcd10,0xac4d,0xc4cf,0xccef,0xccef,0xb44d,
  0xdd51,0xccef,0xc4ae,0xb42d,0xbc6e,0xb42d,0xc46e,0xbc6e,0xbc6e,0xac0c,0x9b6a,0x7a86,0x69e4,0x7225,0x8ae8,0x82c7,
  0x8ac8,0x7225,0x69c4,0x7245,0x69c4,0x8ae8,0x8287,0x6162,0x8245,0x8225,0x92c8,0x71c3,0x8a46,0x6982,0x79c4,0x8a45,
  0x8205,0x8225,0x9ac7,0x8204,0x8a25,0x71a4,0x79e5,0x7a05,0x9aa8,0x79e4,0x79c3,0x7162,0x7162,0x9245,0xab08,0xab28,
  0x9a86,0xa2c7,0xbb89,0xaae7,0xb349,0xb328,0xc3aa,0xbb48,0xc369,0xb307,0xb307,0xbb89,0xbb69,0xa2c6,0xbb69,0xab07,
  0xab28,0xab28,0xab07,0xab28,0xb308,0xbb28,0xb2c7,0xaae7,0xa2e8,0x9329,0x82c7,0x5183,0x2820,0x38a0,0x48e1,0x7205,
  0x9ae8,0x9ae7,0xab8a,0x9b49,0x61a4,0x2840,0x51a4,0x51c5,0x6247,0x7b2a,0xa490,0xacd1,0xacb1,0xacd1,0xacd1,0xacb0,
  0xbd12,0xbd12,0xc532,0xc552,0xc553,0xc553,0xcdb4,0xcdb4,0xcdb5,0xc553,0xac90,0x836b,0x6aa9,0x3965,0x28e3,0x3103,
  0x6aea,0x7b6c,0xa490,0xa46f,0x8b8c,0x7b4a,0x730a,0x6aa8,0x6268,0x5a48,0x49a5,0x2040,0x2880,0x6a45,0x9349,0x9307,
  0xa368,0xa348,0xabcb,0x7aa7,0x5163,0x59c5,0x6206,0x3080,0x5143,0x6a67,0x6a68,0x4163,0x2020,0x2060,0x4984,0x28a1,
  0x4985,0x3923,0x3944,0x3144,0x3103,0x2903,0x20c2,0x20c2,0x20c2,0x1881,0x62eb,0x62ca,0x0821,0x0000,0x0820,0x0000,
  0x0841,0x0020,0x0020,0x0000,0x0820,0x0000,0x0820,0x0000,0x0800,0x0000,0x0800,0x0000,0x1041,0x18c2,0x20c3,0x0820,
  0x0800,0x0820,0x0840,0x0020,0x0820,0x0020,0x0820,0x0020,0x0841,0x0020,0x0820,0x0020,0x0820,0x0020,0x0840,0x0020,
  0x0020,0x0000,0x0820,0x0020,0x0841,0x0020,0x0820,0x0000,0x0020,0x0000,0x0020,0x0000,0x1082,0x0820,0x1061,0x0840,
  0x18a2,0x10a2,0x2944,0x2944,0x20c2,0x2923,0x3164,0x18e2,0x20e3,0x18a1,0x18c2,0x18c2,0x18c2,0x10a1,0x18c2,0x18e2,
  0x0040,0x0861,0x0861,0x0861,0x0020,0x0041,0x0020,0x0861,0x0040,0x0020,0x0841,0x0841,0x0040,0x0040,0x0841,0x0020,
  0x0020,0x0840,0x0000,0x0840,0x0020,0x0841,0x0020,0x0000,0x0020,0x0020,0x0000,0x0820,0x0000,0x0021,0x0020,0x0020,
  0x0000,0x0000,0x2103,0x944f,0x9cb0,0x83cd,0x736b,0xbd73,0xbdb4,0xeef9,0xe6d9,0xad13,0x39a5,0x736c,0x6b2b,0x9470,
  0x8c2e,0xbd94,0x9cd1,0xbdb5,0xd677,0xd677,0xd657,0xce37,0xce16,0xce16,0xbdd4,0xbdb4,0xb572,0xad32,0x8c6f,0x8c4f,
  0x8c4f,0x9490,0x8c70,0x8c50,0x8c6f,0x9490,0x8c70,0x94b1,0x8c90,0x9d12,0x8c70,0x7bee,0x73ad,0x4206,0x31c5,0x41e6,
  0x4227,0x842f,0xad53,0xd678,0xded9,0xd699,0xc616,0xce37,0xb594,0x9cd1,0x9490,0x9490,0x840e,0x8c2f,0xb594,0xc5f6,
  0xd678,0xd698,0xc5f6,0xce37,0xc5f6,0xc616,0xbdd5,0xc5f6,0xad53,0xad53,0xa4d1,0x7bac,0x3122,0x942e,0xe697,0xe697,
  0xe656,0xe676,0xe656,0xe655,0xe696,0xe696,0xde55,0xee97,0xee96,0xe676,0xe676,0xde15,0xac6e,0xac6f,0xb4af,0xa40d,
  0xb48f,0xd572,0xc4f0,0xbc8e,0xac4d,0xcd10,0xc4ae,0xd510,0xc4ae,0xbc6d,0xb44d,0xc4ae,0xb40c,0xbc4d,0xbc2c,0xb3ec,
  0xb46d,0xb44d,0xac0c,0xc4af,0x7a86,0x7204,0x7245,0x9308,0x6a04,0x9329,0x7a86,0x8aa7,0x6a04,0x8286,0x8266,0x7a25,
  0x8286,0x8246,0x71c3,0x71c3,0x71e4,0x92a7,0x71a3,0x79e4,0x8245,0x79e4,0x8225,0x79e4,0x8225,0x8225,0x58e1,0x6942,
  0x6121,0x79a3,0x79a3,0x81e4,0x8a45,0x9aa6,0xab08,0xab28,0xa2c6,0x9a86,0xa2e7,0xb348,0x9a85,0xc3aa,0xb307,0xb328,
  0xbb68,0xbb68,0xb307,0xbb48,0xbb68,0xb307,0xa2c6,0xb328,0xb348,0xab48,0xa306,0xab27,0xaae6,0xbb07,0xb2e7,0xab08,
  0xa349,0x82e8,0x4142,0x2860,0x2860,0x5963,0x92e8,0xab49,0xa307,0x9265,0xa329,0x8ac8,0x3080,0x6206,0x93cd,0x836c,
  0x49e5,0x3943,0x5a27,0x940e,0xbd53,0xc5b4,0xc594,0xcdd5,0xcdd4,0xd5f5,0xcdf5,0xd5f5,0xcdf5,0xde37,0xc594,0xb4f2,
  0x8bed,0x5a47,0x3123,0x3102,0x3964,0x6289,0x83ad,0xa491,0xa4b1,0xacd1,0xa46f,0x8bac,0x7b2a,0x6ac8,0x7309,0x5a47,
  0x5227,0x41a5,0x20a1,0x2020,0x4983,0x9369,0x9327,0xa348,0x9b27,0xa348,0x8ac7,0x5983,0x5184,0x59c5,0x3080,0x5143,
  0x6a26,0x6a26,0x51a5,0x2061,0x2881,0x4164,0x3964,0x3103,0x3943,0x3123,0x2903,0x3965,0x2903,0x20c2,0x1881,0x2903,
  0x18a1,0x1881,0x5aaa,0x630b,0x0840,0x0820,0x0000,0x0020,0x0000,0x0020,0x0000,0x0000,0x0020,0x0020,0x0000,0x0800,
  0x0000,0x0000,0x0000,0x0820,0x18a2,0x18c3,0x0000,0x0841,0x0020,0x0020,0x0040,0x0000,0x0020,0x0020,0x0020,0x0020,
  0x0020,0x0020,0x0000,0x0020,0x0000,0x0020,0x0020,0x0020,0x0000,0x0020,0x0020,0x0820,0x0020,0x0020,0x0000,0x0000,
  0x0000,0x0000,0x0020,0x0840,0x0860,0x1061,0x1081,0x1082,0x10a2,0x2924,0x18e2,0x18a2,0x2943,0x2944,0x2103,0x2103,
  0x18c1,0x18c2,0x18c2,0x18a2,0x1081,0x18a2,0x18c2,0x18c2,0x0861,0x0861,0x1082,0x0841,0x0861,0x0841,0x0841,0x0020,
  0x0841,0x0020,0x0861,0x0020,0x0841,0x0861,0x0841,0x0020,0x0820,0x0020,0x0841,0x0020,0x0840,0x0020,0x0841,0x0020,
  0x0840,0x0020,0x0820,0x0020,0x0841,0x0000,0x0821,0x0020,0x0000,0x0020,0x1060,0x8c4f,0xa4d1,0x83ee,0x83ad,0xbd73,
  0xc5b4,0xdeb8,0xef1a,0xad33,0x41c6,0x6b2b,0x736c,0x9470,0x8c0e,0xc5f5,0x9cb0,0xb553,0xd678,0xde98,0xd657,0xce37,
  0xce36,0xc5d5,0xc5d5,0xbdb4,0xc5f5,0xb5b4,0xad32,0x9cb0,0x9cb0,0x8c4f,0x8c4f,0x8c4f,0x9470,0x8c70,0x9490,0x8c90,
  0x94b1,0x9491,0x9cd2,0x9cf2,0xa553,0xa553,0xa533,0x632b,0x4a68,0x2964,0x39a5,0x83ee,0xa4f2,0xbdf6,0xe71b,0xef3b,
  0xe6fa,0xdefa,0xef1b,0xce57,0xce37,0x9cd1,0x8c2f,0x9cd1,0xa4f1,0xad53,0xc616,0xce77,0xc5f6,0xbdd6,0xc5f6,0xbdb5,
  0x738c,0x62ea,0x83ce,0x944f,0x3963,0x5a87,0xf71a,0xde36,0xeeb7,0xee96,0xee96,0xee96,0xee96,0xe675,0xee76,0xe655,
  0xee76,0xee76,0xee77,0xee97,0xcd73,0xac4e,0xbcf0,0xac4e,0xc511,0xac4d,0xddb3,0xc4ef,0xbc6e,0xbc8e,0xdd72,0xc4cf,
  0xc4ae,0xcccf,0xc48e,0xc48e,0xc46d,0xbc4d,0xbc2d,0xabaa,0xbc4d,0xb42c,0xb40c,0xbc6d,0xbc6e,0x9b6a,0x9b49,0x82a7,
  0x7225,0x61a3,0x8aa7,0x8ac7,0x9308,0x69e4,0x7a45,0x8aa7,0x71c4,0x7a45,0x8266,0x8266,0x69a3,0x7a05,0x8225,0x71a3,
  0x8225,0x8225,0x71a3,0x79e4,0x8a46,0x8205,0x7983,0x81e4,0x7142,0x8204,0xab08,0x9286,0x9265,0x9a86,0xab08,0xab08,
  0xb328,0xa2c6,0x9a65,0xab07,0xb348,0xb327,0xc389,0xbb68,0xaae7,0xbb68,0xb328,0xb328,0xc389,0xbb48,0xa286,0xbb69,
  0xb348,0xa2e6,0xb388,0xa2e5,0xbb68,0x9a65,0xb308,0xab4a,0x82a8,0x4123,0x1800,0x2881,0x69e5,0x92e8,0xb349,0xaaa6,
  0xab07,0x9aa6,0xa329,0x61a4,0x3081,0x93cd,0xb4f2,0xacb1,0x9c70,0x730a,0x5a47,0x41a4,0x83cd,0xd637,0xe698,0xde57,
  0xd636,0xde77,0xe678,0xd637,0xbd73,0xa4d1,0x6ac9,0x1860,0x2081,0x3964,0x72ea,0x8bee,0xacd2,0xbd33,0xbd13,0xb4d1,
  0xacd1,0xa470,0x93ed,0x8b8c,0x7b2b,0x730a,0x6aa9,0x5206,0x5a48,0x2903,0x1840,0x4142,0x7ac8,0x9b69,0xa348,0x9b27,
  0xab69,0x92e7,0x61a3,0x4922,0x59c5,0x38e2,0x4123,0x6a47,0x6a26,0x5183,0x2040,0x28a1,0x4164,0x4164,0x4185,0x30e2,
  0x4165,0x3123,0x3124,0x3144,0x2903,0x20c2,0x1882,0x20e3,0x20e2,0x1881,0x6b0b,0x62eb,0x1041,0x0000,0x0821,0x0020,
  0x0020,0x0000,0x0000,0x0000,0x0020,0x0000,0x0000,0x0820,0x0841,0x0000,0x0820,0x18a2,0x20c3,0x0841,0x0820,0x0820,
  0x0821,0x0000,0x0821,0x0020,0x0841,0x0020,0x0841,0x0020,0x0820,0x0000,0x0820,0x0020,0x0020,0x0000,0x0020,0x0020,
  0x0841,0x0020,0x0820,0x0000,0x0020,0x0020,0x0000,0x0000,0x0000,0x0020,0x1061,0x0861,0x1081,0x1081,0x1061,0x18c2,
  0x2944,0x2103,0x18c2,0x2103,0x2944,0x2943,0x2944,0x20e2,0x18c2,0x18c2,0x18c2,0x18a1,0x18c2,0x18c2,0x20e2,0x18c2,
  0x0040,0x0861,0x0861,0x0861,0x0841,0x0861,0x0040,0x0041,0x0040,0x0041,0x0861,0x0841,0x0020,0x0841,0x0020,0x0820,
  0x0020,0x0841,0x0020,0x0840,0x0020,0x0840,0x0020,0x0020,0x0020,0x0840,0x0020,0x0840,0x0020,0x0021,0x0020,0x0000,
  0x0000,0x0820,0x0820,0x944f,0x9c90,0x8c0e,0x8c2e,0xad12,0xc5d5,0xe6d9,0xde98,0xc5d5,0x4a06,0x734b,0x734b,0x946f,
  0x8c0e,0xce16,0x9cb0,0xbd94,0xd697,0xde98,0xce57,0xd657,0xce16,0xce16,0xc635,0xc5f5,0xbdd4,0xbdd5,0xbdb4,0xb594,
  0xad32,0xad32,0x9cd0,0x9490,0x8c6f,0x8c70,0x8c70,0x94b1,0x94d1,0x9cf2,0x94f1,0x9cf2,0xa512,0xad53,0xa533,0xb594,
  0xbdf6,0xb5b5,0x738c,0x4a48,0x39c5,0x736c,0x73ad,0x9cd1,0xce57,0xe6fa,0xded9,0xe71b,0xded9,0xef1a,0xef3a,0xdeb8,
  0x9cd1,0x9490,0xad73,0xb574,0xce57,0xce37,0xa4f2,0x6b2b,0x3184,0x6b0a,0xad12,0x9c90,0x5267,0x3963,0xbd73,0xeeb7,
  0xe676,0xf6b7,0xee96,0xe675,0xe655,0xe675,0xe675,0xe675,0xe655,0xe656,0xe676,0xee96,0xee96,0xddd4,0xa42d,0xbcf0,
  0xbcf0,0xbccf,0xcd10,0xcd10,0xbc8e,0xbc6e,0xcd10,0xbc6e,0xbc8e,0xc48e,0xbc8e,0xbc4d,0xccae,0xbc2c,0xb3cb,0xb3ec,
  0xa3aa,0xbc6e,0xa3aa,0xabeb,0xbc4d,0xabeb,0xbc6d,0xc48e,0x8ae7,0x7224,0x7204,0x7204,0x8ae7,0x7224,0x69e3,0x8ac8,
  0x92e8,0x8266,0x7a25,0x8266,0x8286,0x71e4,0x5901,0x79e4,0x71c3,0x8246,0x9ae8,0x81e4,0x7183,0x7183,0x9286,0x9ac7,
  0x9286,0xb349,0xab28,0xab28,0x9aa6,0xa2c7,0x9ac6,0xb348,0xab27,0xb368,0xab07,0xb328,0xbb69,0xa2c6,0xbb68,0xc389,
  0xb328,0xaae6,0xbb68,0xaae6,0xab07,0xbb69,0xb368,0xaae6,0xb348,0xbb88,0xab46,0xa305,0xb368,0xb38a,0x92c8,0x8ae9,
  0x48e2,0x1800,0x30c1,0x7a87,0x9b4a,0xa308,0xa2c7,0xaaa6,0xab07,0xb369,0x9ae8,0x4901,0x4984,0xb4f2,0xb512,0xbd73,
  0xcdf5,0xcdb4,0xcdd4,0x8bed,0x4a06,0x83ce,0xc5b5,0xd657,0xe6d9,0xcdf5,0x942e,0x83cd,0x6b0a,0x2902,0x3123,0x5a88,
  0x734b,0xa4b1,0xa4f2,0xbd94,0xacf2,0xb4d1,0xac6f,0xac90,0xac90,0x9c2e,0xa44f,0x6aa9,0x72e9,0x7b4b,0x49c5,0x5a47,
  0x28e2,0x1000,0x3102,0x8309,0x82c7,0x9348,0x9327,0xa369,0x9307,0x6182,0x5982,0x59c4,0x38c1,0x38c2,0x6227,0x6a47,
  0x4963,0x2840,0x2880,0x4164,0x4985,0x3944,0x3964,0x3923,0x3944,0x3123,0x3123,0x3965,0x2923,0x28e3,0x1881,0x20e2,
  0x20e2,0x20c2,0x6b2b,0x62eb,0x0840,0x0020,0x0020,0x0020,0x0000,0x0020,0x0000,0x0020,0x0000,0x0000,0x0000,0x0020,
  0x0000,0x0000,0x0861,0x18c2,0x0841,0x0000,0x0000,0x0820,0x0020,0x0821,0x0020,0x0040,0x0020,0x0020,0x0020,0x0840,
  0x0020,0x0820,0x0020,0x0840,0x0020,0x0820,0x0000,0x0020,0x0020,0x0020,0x0000,0x0000,0x0000,0x0000,0x0000,0x0820,
  0x0020,0x0840,0x0861,0x1081,0x0860,0x18a1,0x18c2,0x2103,0x2123,0x2103,0x2102,0x2943,0x20e2,0x3164,0x2943,0x20e2,
  0x18e2,0x18a1,0x18a1,0x18c2,0x18c1,0x18c2,0x18c1,0x18e2,0x0841,0x0841,0x0861,0x0861,0x0862,0x0861,0x0861,0x0040,
  0x0861,0x0040,0x1082,0x0841,0x0841,0x0040,0x0841,0x0020,0x0841,0x0840,0x0841,0x0020,0x0841,0x0840,0x0841,0x0020,
  0x0841,0x0840,0x0840,0x0020,0x0841,0x0020,0x0841,0x0000,0x0820,0x0820,0x0800,0x8c4f,0xa4d2,0x9c90,0x9cb0,0x9cb0,
  0xcdf6,0xe6d9,0xef1a,0xce36,0x5248,0x734b,0x7bad,0x9470,0x9470,0xc5f5,0x9c90,0xb593,0xdeb9,0xd677,0xde98,0xde98,
  0xde78,0xd657,0xce56,0xce36,0xc615,0xbdd4,0xc615,0xc5f5,0xc5f5,0xbdd4,0xb594,0xad53,0xad53,0xa512,0x9cf2,0x94d1,
  0xa512,0x9d12,0xa532,0x9d12,0xa533,0xa533,0xa553,0x9d12,0xa512,0xad54,0xb594,0xb594,0x94b1,0x7bce,0x5ac9,0x6b4b,
  0x6b4c,0x738c,0xad13,0xd6b9,0xded9,0xd698,0xe6f9,0xded9,0xeefa,0xded9,0xc5f5,0x944f,0xad33,0xa4f2,0x41e6,0x1060,
  0x5289,0x6b6c,0x9c91,0x9cb1,0x732b,0x20c1,0x9c4f,0xe677,0xde15,0xe676,0xe676,0xde34,0xe675,0xe655,0xee76,0xe655,
  0xe656,0xe635,0xe635,0xe655,0xee56,0xee55,0xd5b3,0xac6d,0xc511,0xcd31,0xc4f0,0xcd30,0xdd72,0xccf0,0xac0d,0xdd72,
  0xc4af,0xbc4d,0xccef,0xc48e,0xc46e,0xcccf,0xc44d,0xc46d,0xc48e,0xbc4d,0xb40c,0xabcb,0xc48e,0xccef,0x9328,0xbc4c,
  0xcccf,0xb40c,0x8aa7,0x92e7,0x8266,0x8ac7,0x7a25,0x71c4,0x8246,0x8a87,0x8a87,0x8266,0x8a87,0x7a25,0x8225,0x71a3,
  0x71a3,0x8a66,0x8a46,0x8a66,0xa2c8,0x9266,0xb349,0xbbcb,0xc3ec,0xb349,0xb36a,0xb38a,0xab28,0xa2e7,0xb349,0xb368,
  0xbb69,0xc3aa,0xbbaa,0xab07,0xb349,0xb348,0xb308,0xc3aa,0xc389,0xbb48,0xbb68,0xaae6,0xaac6,0xb327,0xbb89,0xa2c6,
  0xb308,0xb347,0xbb66,0xb367,0xa307,0xa38a,0x8ac9,0x48e2,0x2800,0x61a4,0x8ac8,0x9b09,0x9a87,0xa2a6,0xbb49,0xb308,
  0xab07,0xb389,0x8aa8,0x2820,0x7288,0xbd53,0xc574,0xcdf5,0xeeb8,0xeed8,0xe6b8,0xd636,0xb553,0x8c0e,0x9cb0,0xdeb8,
  0xce16,0xa4f1,0x7b6c,0x4a06,0x62a9,0x8bee,0xad12,0xacf2,0xad13,0xc5b5,0xb513,0xa491,0xacb1,0xac4f,0xac6f,0xac6f,
  0xac90,0xa44f,0x8bad,0x730a,0x7b2b,0x6aea,0x51e6,0x3963,0x2881,0x28a1,0x6227,0x8308,0x9328,0x9348,0xa38a,0x8ae7,
  0x6162,0x5121,0x5143,0x40e1,0x4102,0x6a68,0x6227,0x4943,0x2861,0x30a1,0x51c6,0x4164,0x49a5,0x4985,0x49c6,0x3923,
  0x3924,0x3944,0x3124,0x3144,0x3124,0x2903,0x20a2,0x20e3,0x2903,0x20c2,0x6b2c,0x5aca,0x0821,0x0000,0x0840,0x0020,
  0x0821,0x0020,0x0040,0x0020,0x0820,0x0000,0x0020,0x0000,0x0820,0x0840,0x1082,0x1061,0x0820,0x0000,0x0820,0x0020,
  0x0841,0x0841,0x0841,0x0020,0x0841,0x0020,0x0840,0x0020,0x0841,0x0020,0x0841,0x0040,0x0841,0x0020,0x0020,0x0020,
  0x0820,0x0020,0x0020,0x0000,0x0000,0x0000,0x0820,0x0840,0x1061,0x0861,0x1081,0x1081,0x1081,0x18a1,0x2944,0x2923,
  0x2923,0x2923,0x2103,0x2103,0x3185,0x2923,0x2944,0x2943,0x18c2,0x18a1,0x18c2,0x18c2,0x20e2,0x18c2,0x20e2,0x18c2,
  0x0040,0x0861,0x0861,0x0861,0x0861,0x0861,0x0040,0x0841,0x0041,0x0040,0x0841,0x0841,0x0020,0x0040,0x0020,0x0840,
  0x0020,0x0840,0x0020,0x0820,0x0020,0x0840,0x0020,0x0820,0x0020,0x0840,0x0020,0x0840,0x0020,0x0020,0x0040,0x0000,
  0x0020,0x0840,0x0000,0x8c2f,0x9cb1,0xa4f2,0x83cd,0x944f,0xc5f5,0xde98,0xef1a,0xd637,0x4a27,0x6b0a,0x83cd,0x9cb1,
  0x9cb0,0xc5d5,0x946f,0xbd94,0xded8,0xde98,0xde98,0xde98,0xd677,0xd677,0xce36,0xce36,0xc615,0xc5f5,0xbdb4,0xc5f5,
  0xbdf5,0xbdb4,0xb5b4,0xbdd4,0xb5b4,0xb594,0xa512,0x9cf2,0x9d11,0x9d12,0x9d12,0xa512,0x9d12,0xa532,0x9d12,0xa533,
  0x9d12,0xa533,0x9d12,0xad53,0xad94,0xbdd5,0xbdd5,0xad74,0x9490,0x7bcd,0x4a47,0x5288,0xb594,0xded9,0xded9,0xe6fa,
  0xe6f9,0xe6f9,0xdeb8,0xc5d5,0x62e9,0x3144,0x3164,0x5a88,0x6b4b,0x8c2f,0x8c4f,0xad33,0x83ee,0x41a4,0x7b6b,0xde77,
  0xd5f4,0xe676,0xe676,0xe635,0xde34,0xe655,0xe675,0xee76,0xe655,0xe635,0xe655,0xe635,0xe655,0xe655,0xf696,0xd5b3,
  0xa42c,0xc530,0xd551,0xc4cf,0xcd10,0xd551,0xbc8e,0xc4af,0xc4cf,0xbc6e,0xc4ae,0xbc6d,0xb42c,0xc4ae,0xccce,0xbc4d,
  0xb40b,0xccce,0xc48d,0xabcb,0x9b69,0xc48e,0xbc4c,0xbc4d,0xc4ae,0xc44d,0xa369,0xa369,0x9b28,0xa369,0x92e8,0x8246,
  0x8a86,0x71c3,0x69a3,0x71c3,0x7a45,0x7a04,0x8245,0x9287,0x8a45,0x8204,0xa308,0xa2c8,0xa328,0xb36a,0xa2c7,0xbbab,
  0xc3eb,0xab08,0xab28,0xbbaa,0xbbaa,0xab08,0xb348,0xb349,0xc3ca,0xcbeb,0xbb89,0xb349,0xb348,0xbbaa,0xab28,0xb348,
  0xbb89,0xc3a9,0xb348,0xbb68,0xab07,0xb307,0xb348,0xbb69,0xa2e6,0xab06,0xab06,0xb348,0x9b07,0x82a7,0x40c2,0x2800,
  0x7a46,0xab8b,0x9ac7,0xb328,0xb328,0xaac6,0xa2a6,0xb328,0xa307,0xb3aa,0x8288,0x2820,0x836b,0xbd53,0xcdd5,0xd616,
  0xe697,0xeed8,0xf739,0xeef9,0xef1a,0xef1a,0xd677,0xe6d9,0x9c90,0x8bed,0x8bee,0xb553,0xbd73,0xc5b4,0xc5b4,0xbd53,
  0xacf1,0xacd1,0xacd1,0x9c4f,0xacb0,0xac4e,0xac6e,0xac90,0xa46f,0xa46f,0x6ac9,0x838d,0x732b,0x6288,0x5a26,0x2040,
  0x30a0,0x6226,0x8309,0x8b08,0x9348,0x9b69,0x8b08,0x69e4,0x5162,0x4901,0x3080,0x5184,0x6226,0x6226,0x5184,0x2020,
  0x3102,0x59e6,0x51e6,0x4144,0x4164,0x49c6,0x4184,0x4164,0x4164,0x3964,0x3123,0x3944,0x2923,0x2903,0x20a2,0x2903,
  0x20e2,0x20c2,0x6b2b,0x62ca,0x0820,0x0020,0x0020,0x0821,0x0020,0x0020,0x0020,0x0020,0x0000,0x0000,0x0000,0x0000,
  0x0020,0x0861,0x0820,0x0000,0x0000,0x0020,0x0000,0x0820,0x0020,0x0841,0x0020,0x0840,0x0020,0x0020,0x0020,0x0820,
  0x0020,0x0840,0x0020,0x0840,0x0020,0x0020,0x0020,0x0820,0x0000,0x0020,0x0000,0x0000,0x0000,0x0820,0x0840,0x0861,
  0x0840,0x1081,0x0860,0x10a1,0x18c2,0x2103,0x2944,0x2923,0x2102,0x2923,0x2923,0x3185,0x2964,0x3164,0x2943,0x2923,
  0x2102,0x20e2,0x18c1,0x18c2,0x18c1,0x18e2,0x18c1,0x18c2,0x0861,0x0861,0x1082,0x0861,0x0861,0x0861,0x0841,0x0841,
  0x0861,0x0020,0x0841,0x0020,0x0020,0x0040,0x0841,0x0820,0x0841,0x0040,0x0841,0x0020,0x0820,0x0020,0x0841,0x0020,
  0x0841,0x0040,0x0841,0x0020,0x0841,0x0020,0x0841,0x0000,0x0840,0x0840,0x0800,0x83ee,0xa4d2,0xad12,0x6b0a,0x946f,
  0xce16,0xde98,0xe6f9,0xce37,0x5aa9,0x5ac9,0x83ce,0x9c90,0xad12,0xbd94,0xa4d1,0xbd94,0xe6d9,0xdeb8,0xde98,0xd677,
  0xd678,0xd698,0xd677,0xc615,0xce36,0xc636,0xc5f5,0xbdb4,0xc5f5,0xbdf4,0xbdd5,0xbdd4,0xbdf5,0xb5d4,0xbdb4,0xb5b4,
  0xad73,0xa532,0xa512,0x9d12,0xa533,0xa532,0xa533,0xa532,0xa533,0xa553,0xad53,0xa553,0xad74,0xa553,0xa533,0xb5b5,
  0xce57,0xbdf6,0xad33,0x62ea,0x5288,0xb594,0xdeb9,0xe6fa,0xef3a,0xe6d9,0xe6f9,0xce36,0x39a4,0x62c9,0x8bee,0x5a88,
  0x62ea,0x8c0f,0x942f,0x9cb1,0x9470,0x41c5,0x5a47,0xcdf5,0xe656,0xd5f4,0xe656,0xe635,0xe655,0xe675,0xee96,0xee76,
  0xee76,0xe655,0xe635,0xee96,0xe635,0xee75,0xddf4,0xee75,0xc531,0xa40c,0xdd72,0xdd72,0xbcaf,0xddb3,0xd552,0xac0d,
  0xd531,0xc4d0,0xbc8e,0xc48e,0xc48e,0xbc6d,0xd4ef,0xbc6d,0xccae,0xbc4c,0xc46d,0xbc2c,0xa38a,0xbc4d,0xd4ef,0xbc2c,
  0xcc8e,0xbc4d,0xbc2d,0xabaa,0xab8a,0xa389,0xb3cb,0xb38a,0xab6a,0xa349,0x92c7,0x92c7,0x8a86,0x92a6,0x9ac7,0x8a45,
  0xab29,0x9ae8,0xb34a,0xa2e8,0xab28,0xb38a,0xb349,0xab49,0xc3cb,0xbbcb,0xb349,0xbb8a,0xc3aa,0xbbaa,0xbb89,0xb348,
  0xb348,0xbb89,0xcbeb,0xc3cb,0xb349,0xab08,0xbb8a,0xab08,0xbb8a,0xbb89,0xc389,0xb327,0xb328,0xa2c6,0xbb48,0xbb48,
  0xab07,0xa2a6,0xbb69,0xa328,0x8245,0x4080,0x4060,0x7a26,0xa34a,0xab49,0xab08,0xaae7,0xb307,0xb327,0xb328,0xab27,
  0xab49,0xb3eb,0x7a68,0x2840,0x93ee,0xbd94,0xd616,0xde77,0xeed8,0xf6f8,0xe677,0xeef9,0xef1a,0xef1a,0xf75b,0x83cd,
  0x7b8c,0xb552,0xc594,0xce16,0xd616,0xc5b4,0xb532,0xb512,0xbd12,0xa4b0,0xb4f1,0xac90,0xa46f,0xac6e,0xac8f,0xac8f,
  0xa470,0x940e,0x836c,0x7b2b,0x7b2c,0x5a27,0x4123,0x2840,0x61e4,0x82e8,0x9b49,0x9308,0x9328,0x9328,0x6a25,0x5163,
  0x59a5,0x4922,0x59a4,0x6a26,0x6a06,0x4102,0x30a1,0x3923,0x5a27,0x49a5,0x51c6,0x4164,0x49c5,0x4185,0x49a5,0x49a5,
  0x41a5,0x3964,0x3944,0x3944,0x3944,0x2923,0x28c2,0x20c2,0x28e3,0x18a1,0x6b2c,0x62ea,0x1061,0x0000,0x0841,0x0020,
  0x0841,0x0020,0x0020,0x0000,0x0020,0x0000,0x0841,0x0020,0x0020,0x0020,0x0841,0x0000,0x0821,0x0020,0x0800,0x0820,
  0x0841,0x0040,0x0841,0x0020,0x0820,0x0020,0x0820,0x0020,0x0840,0x0020,0x0841,0x0020,0x0841,0x0040,0x0841,0x0020,
  0x0020,0x0000,0x0000,0x0000,0x0840,0x0840,0x1061,0x0840,0x1061,0x1081,0x1081,0x18c2,0x2923,0x2923,0x2924,0x18c2,
  0x20e2,0x2123,0x3185,0x3185,0x2944,0x2943,0x2944,0x2123,0x3164,0x2103,0x20e2,0x18a1,0x18c2,0x18e2,0x20e2,0x18a1,
  0x0040,0x0861,0x0861,0x0861,0x0861,0x0861,0x0040,0x0841,0x0041,0x0020,0x0040,0x0041,0x0020,0x0841,0x0020,0x0840,
  0x0020,0x0841,0x0040,0x0020,0x0020,0x0840,0x0020,0x0840,0x0020,0x0841,0x0020,0x0840,0x0020,0x0841,0x0040,0x0020,
  0x0000,0x0840,0x0000,0x738c,0xa4f2,0xad12,0x738b,0x9c90,0xbdb4,0xe6f9,0xe6d8,0xce37,0x6b2b,0x62c9,0x7bad,0x944f,
  0xa4f1,0xad33,0xad32,0xbdd5,0xd697,0xdeb8,0xd678,0xde98,0xd678,0xde98,0xce57,0xc616,0xc5f5,0xce36,0xbdf5,0xbdd4,
  0xbdb4,0xbdf5,0xb593,0xb593,0xb593,0xb5d4,0xb5d4,0xbdf5,0xb5b4,0xad73,0xa532,0xa532,0x9cf1,0x9d12,0x9d11,0x9d12,
  0x9d12,0xa553,0x9d32,0xa553,0xad74,0xad94,0xad94,0xb595,0xad94,0xb5b5,0xbdd5,0xb5b5,0x5ac9,0x5ac9,0xce77,0xef1a,
  0xe6f9,0xe6d9,0xef19,0xd657,0x6b0a,0xbd94,0x8c0e,0x736c,0x840e,0x83ee,0xa512,0x9cb1,0x9cb1,0x4a06,0x3983,0xc594,
  0xe697,0xde36,0xe656,0xe676,0xe675,0xee76,0xe675,0xee76,0xe655,0xe655,0xe655,0xee55,0xde14,0xee76,0xde34,0xe634,
  0xe634,0xcd10,0xc4cf,0xe5b3,0xd552,0xd531,0xd551,0xbc8f,0xc4f0,0xd531,0xbcae,0xccef,0xc4ae,0xccef,0xc4ad,0xccce,
  0xbc4c,0xc48e,0xb42c,0xc48e,0xc46d,0xb3eb,0xccae,0xcccf,0xabaa,0xc46e,0xccae,0xb3eb,0xb3cb,0xab8a,0xab8a,0xbbeb,
  0xb3aa,0xb3aa,0xbc0b,0xb3aa,0xab49,0xab49,0xb38a,0x9ac7,0x9ac7,0xab29,0xa2c7,0xbb8a,0xab08,0xab49,0xb38a,0xab29,
  0xab48,0xc3ec,0xb369,0xb369,0xbbaa,0xc3eb,0xab28,0xb369,0xb328,0xb349,0xbba9,0xc3cb,0xab49,0xa2e8,0xab28,0xbb89,
  0xb348,0xc389,0xbb89,0xb348,0xb327,0xb307,0xab07,0xbb48,0xbb68,0xa2a7,0xab4b,0x8a87,0x4040,0x6142,0x8a85,0xab48,
  0xa2e7,0xb307,0xb2e7,0xb308,0xb327,0xb348,0xab27,0xab47,0xa348,0xabab,0x5984,0x2041,0x8bcd,0xc5b5,0xce16,0xde77,
  0xeed7,0xee76,0xeeb7,0xf719,0xe6b8,0xff7c,0xa4f1,0x41a4,0xa4d1,0xde97,0xd656,0xcdf5,0xb532,0xbd32,0xb4f1,0xac8f,
  0xacb0,0xb4d0,0xac8f,0xb4d0,0xa46e,0xa46e,0xa44e,0xa46f,0x9c4f,0x8c0e,0x7b8c,0x730b,0x6289,0x3943,0x2860,0x59c4,
  0x8ae8,0x9328,0x92e7,0x9b07,0x9307,0x7a66,0x5183,0x4963,0x38c1,0x5164,0x6206,0x6a06,0x40c1,0x38a0,0x4142,0x5a27,
  0x4185,0x49a5,0x49a5,0x49a5,0x49c5,0x4985,0x49c5,0x51e6,0x3943,0x49a5,0x3944,0x3964,0x3144,0x3124,0x20a1,0x20c2,
  0x20c2,0x1861,0x630b,0x630b,0x1061,0x0000,0x0020,0x0841,0x0040,0x0041,0x0000,0x0000,0x0000,0x0020,0x0020,0x0020,
  0x0000,0x0021,0x0040,0x0841,0x0000,0x0000,0x0000,0x0840,0x0840,0x0841,0x0020,0x0020,0x0020,0x0841,0x0020,0x0020,
  0x0020,0x0841,0x0020,0x0020,0x0020,0x0841,0x0020,0x0020,0x0000,0x0000,0x0000,0x0840,0x0840,0x1061,0x0860,0x0861,
  0x0861,0x1082,0x10c1,0x18e2,0x2102,0x2944,0x18e2,0x18e2,0x2102,0x3184,0x2964,0x2944,0x2964,0x2103,0x2123,0x39a5,
  0x2944,0x2923,0x18e2,0x18c2,0x18c1,0x20e2,0x18c2,0x18c2,0x0841,0x0841,0x0861,0x0861,0x1082,0x0861,0x0861,0x0040,
  0x0861,0x0040,0x0882,0x0841,0x0841,0x0040,0x0841,0x0840,0x0841,0x0841,0x0841,0x0020,0x0841,0x0840,0x0841,0x0020,
  0x0841,0x0840,0x0841,0x0020,0x0841,0x0041,0x0841,0x0020,0x0820,0x0840,0x0820,0x6b2b,0xa4d2,0xad12,0x944f,0x946f,
  0xa4d1,0xe6f9,0xef1a,0xce37,0x83ae,0x62ea,0x83ee,0x8c0e,0xa4f2,0x9cd1,0xc5d5,0xce36,0xdeb9,0xe6d9,0xdeb9,0xd698,
  0xde99,0xd657,0xce36,0xce36,0xce16,0xbdd5,0xc5f5,0xbdd4,0xc5f5,0xbdd4,0xbdb4,0xb5b4,0xbdd5,0xb5d4,0xbdd4,0xb5d4,
  0xbdd5,0xb5b4,0xb5b4,0xad73,0xad33,0x9d11,0xa532,0x9cf1,0xa553,0xa553,0xa553,0xa573,0xb5b5,0xad94,0xad94,0xad94,
  0xb594,0xad74,0xb5b5,0xc636,0x9491,0x20e1,0x9c90,0xe6f9,0xef3a,0xef1a,0xf75b,0xe6b8,0xcdf6,0xd678,0xad33,0xad53,
  0xad13,0xb554,0xb574,0x9cb1,0xa4d2,0x5247,0x3984,0xb512,0xe697,0xe676,0xee97,0xe676,0xee96,0xee76,0xee76,0xe655,
  0xee76,0xe655,0xe655,0xe655,0xee76,0xde14,0xee55,0xe654,0xe634,0xf655,0xccf0,0xd531,0xe5b3,0xd552,0xddb3,0xd572,
  0xbc8f,0xcd31,0xd552,0xc4cf,0xd510,0xccef,0xd50f,0xd50f,0xc48e,0xc48e,0xbc4d,0xabcb,0xa36a,0xc48e,0xcc8e,0xd4ef,
  0xc46e,0xb3ec,0xccae,0xc46d,0xb3cb,0xabaa,0xab8a,0xbbaa,0xcc2d,0xb38a,0xbbcb,0xbbcb,0xbbeb,0xab69,0xb38a,0xb38a,
  0xa2e8,0xb369,0xab08,0xbb8a,0xbb8a,0xb369,0xbbaa,0xc3eb,0xab08,0xc3cb,0xcc0c,0xbbaa,0xb369,0xc3eb,0xc3eb,0xb369,
  0xbb6a,0xaae7,0xbb8a,0xbbaa,0xcc0c,0xab49,0xa2e7,0xbb89,0xbb49,0xb349,0xc389,0xbb69,0xbb48,0xbb48,0xa2a5,0xbb68,
  0xbb89,0xb36a,0x8207,0x4060,0x8205,0xb389,0xa327,0xb347,0xbb68,0xbb28,0xc369,0xb308,0xbb28,0xb348,0xb368,0xab47,
  0xb38a,0x9b29,0x40e2,0x2881,0x93ee,0xcdd6,0xde78,0xe6b8,0xeeb7,0xff19,0xf6d8,0xe697,0xf71a,0xe6fa,0x732b,0x41c4,
  0xc5b4,0xd656,0xc593,0xbd73,0xc573,0xb4f1,0xb511,0xb4f0,0xb4b0,0xac8f,0xac8f,0xa46e,0xac6f,0xa46e,0xac8f,0xa48f,
  0x9c70,0x944f,0x5a89,0x732b,0x4165,0x1820,0x51a4,0x8b29,0x9328,0x9b28,0xa328,0x9b27,0x7a25,0x4901,0x4902,0x4123,
  0x59e6,0x59e6,0x6206,0x38a1,0x40a1,0x59a4,0x6a47,0x51e6,0x41a6,0x49c6,0x49a5,0x49a5,0x5a07,0x4184,0x51c6,0x5206,
  0x49a5,0x49e6,0x4165,0x3144,0x3944,0x3103,0x28c2,0x20e2,0x2903,0x1861,0x6b2c,0x6b4c,0x18c2,0x0000,0x0841,0x0841,
  0x0861,0x0040,0x0020,0x0000,0x0020,0x0040,0x0020,0x0000,0x0841,0x0041,0x0841,0x0020,0x0000,0x0000,0x0841,0x0840,
  0x0841,0x0820,0x0820,0x0020,0x0840,0x0840,0x0841,0x0020,0x0841,0x0840,0x0841,0x0020,0x0841,0x0020,0x0020,0x0000,
  0x0000,0x0020,0x0861,0x0861,0x1061,0x0861,0x1081,0x1081,0x18a2,0x1081,0x2123,0x2103,0x2903,0x2943,0x2123,0x2123,
  0x3185,0x3184,0x39a5,0x3184,0x2944,0x3164,0x39a5,0x3185,0x39a5,0x2102,0x2103,0x18e2,0x20e3,0x20e2,0x20e2,0x18c2,
};
